address,network,entity,label,category,source,source_url,confidence,last_updated
0xe35e9842fceaca96570b734083f4a58e8f7c5f2a,arbitrum,Across Protocol,Across Protocol: Bridge,bridge,eth-labels,https://github.com/dawsbot/eth-labels,medium,2026-10-01
0x096760f208390250649e3e8763348e783aef5562,arbitrum,Arbitrum One,Arbitrum One: L2 Custom Gateway,bridge,eth-labels+etherscan-labels,https://github.com/dawsbot/eth-labels,medium,2026-10-01
0x09e9222e96e7b4ae2a407b98d48e330053351eee,arbitrum,Arbitrum One,Arbitrum One: L2 ERC20 Gateway,bridge,eth-labels+etherscan-labels,https://github.com/dawsbot/eth-labels,medium,2026-10-01
0x467194771dae2967aef3ecbedd3bf9a310c76c65,arbitrum,Arbitrum One,Arbitrum One: L2 DAI Gateway,bridge,eth-labels+etherscan-labels,https://github.com/dawsbot/eth-labels,medium,2026-10-01
0x5288c571fd7ad117bea99bf60fe0846c4e84f933,arbitrum,Arbitrum One,Arbitrum One: L2 Gateway Router,bridge,eth-labels+etherscan-labels,https://github.com/dawsbot/eth-labels,medium,2026-10-01
0x6c411ad3e74de3e7bd422b94a27770f5b86c623b,arbitrum,Arbitrum One,Arbitrum One: L2 WETH Gateway,bridge,eth-labels+etherscan-labels,https://github.com/dawsbot/eth-labels,medium,2026-10-01
0x1619de6b6b20ed217a58d00f37b9d47c7663feca,arbitrum,Celer Network,Celer Network: cBridge,bridge,eth-labels+etherscan-labels,https://github.com/dawsbot/eth-labels,medium,2026-10-01
0xdd90e5e87a2081dcf0391920868ebc2ffb81a1af,arbitrum,Celer Network,Celer Network: cBridge 2.0,bridge,eth-labels+etherscan-labels,https://github.com/dawsbot/eth-labels,medium,2026-10-01
0xe7351fd770a37282b91d153ee690b63579d6dd7f,arbitrum,Dln,Dln: Destination,bridge,eth-labels,https://github.com/dawsbot/eth-labels,medium,2026-10-01
0x3c2269811836af69497e5f486a85d7316753cf62,arbitrum,LayerZero,LayerZero: Arbitrum Endpoint,bridge,eth-labels+etherscan-labels,https://github.com/dawsbot/eth-labels,medium,2026-10-01
0x82e0b8cdd80af5930c4452c684e71c861148ec8a,arbitrum,Metamask,Metamask: Bridge 1,bridge,eth-labels,https://github.com/dawsbot/eth-labels,medium,2026-10-01
0x650af55d5877f289837c30b94af91538a7504b76,arbitrum,Multichain,Multichain: Router V6,bridge,eth-labels+etherscan-labels,https://github.com/dawsbot/eth-labels,medium,2026-10-01
0xc10ef9f491c9b59f936957026020c321651ac078,arbitrum,Multichain,Multichain: anyCall V6,bridge,eth-labels+etherscan-labels,https://github.com/dawsbot/eth-labels,medium,2026-10-01
0xc931f61b1534eb21d8c11b24f3f5ab2471d4ab50,arbitrum,Multichain,Multichain: Router V4,bridge,eth-labels+etherscan-labels,https://github.com/dawsbot/eth-labels,medium,2026-10-01
0x80c67432656d59144ceff962e8faf8926599bcf8,arbitrum,Orbiter Finance,Orbiter Finance: Bridge,bridge,eth-labels,https://github.com/dawsbot/eth-labels,medium,2026-10-01
0xe4edb277e41dc89ab076a1f049f4a3efa700bce8,arbitrum,Orbiter Finance,Orbiter Finance: Bridge 3,bridge,eth-labels,https://github.com/dawsbot/eth-labels,medium,2026-10-01
0x3a23f943181408eac424116af7b7790c94cb97a5,arbitrum,Socket,Socket: Gateway,bridge,eth-labels,https://github.com/dawsbot/eth-labels,medium,2026-10-01
0x375e9252625bdb10b457909157548e1d047089f9,arbitrum,Synapse,Synapse: Bridge Zap,bridge,eth-labels+etherscan-labels,https://github.com/dawsbot/eth-labels,medium,2026-10-01
0x6f4e8eba4d337f874ab57478acc2cb5bacdc19c9,arbitrum,Synapse,Synapse: Bridge,bridge,eth-labels+etherscan-labels,https://github.com/dawsbot/eth-labels,medium,2026-10-01
0x428ab2ba90eba0a4be7af34c9ac451ab061ac010,arbitrum,across-protocol,Across Protocol: Relayer,bridge,eth-labels,https://github.com/dawsbot/eth-labels,medium,2026-10-01
0x53691596d1bce8cea565b84d4915e69e03d9c99d,arbitrum,across-protocol,Across Protocol: ACX Token,bridge,eth-labels+etherscan-labels,https://github.com/dawsbot/eth-labels,medium,2026-10-01
0xb88690461ddbab6f04dfad7df66b7725942feb9c,arbitrum,across-protocol,Across Protocol: Arbitrum Spoke Pool V2,bridge,eth-labels,https://github.com/dawsbot/eth-labels,medium,2026-10-01
0xd8c6dd978a3768f7ddfe3a9aad2c3fd75fa9b6fd,arbitrum,across-protocol,Across Protocol: Deposit Box,bridge,eth-labels+etherscan-labels,https://github.com/dawsbot/eth-labels,medium,2026-10-01
0xdff384f754e854890e311e3280b767f80797291e,arbitrum,arbitrum,Arbitrum One: Bridge Executor 2,bridge,eth-labels,https://github.com/dawsbot/eth-labels,medium,2026-10-01
0xe4c6b60020504bc3489d6949d545893982ba4122,arbitrum,arbitrum,Arbitrum One: Bridge Executor 3,bridge,eth-labels,https://github.com/dawsbot/eth-labels,medium,2026-10-01
0xea3123e9d9911199a6711321d1277285e6d4f3ec,arbitrum,arbitrum,Arbitrum One: Bridge Executor,bridge,eth-labels,https://github.com/dawsbot/eth-labels,medium,2026-10-01
0x02db1d8f4ace29ef744e5b6a96a534732ab1f922,arbitrum,bridged-token,bridged-token,bridge,eth-labels+etherscan-labels,https://github.com/dawsbot/eth-labels,medium,2026-10-01
0x031d35296154279dc1984dcd93e392b1f946737b,arbitrum,bridged-token,CAP: CAP Token,bridge,eth-labels+etherscan-labels,https://github.com/dawsbot/eth-labels,medium,2026-10-01
0x040d1edc9569d4bab2d15287dc5a4f10f56a56b8,arbitrum,bridged-token,bridged-token,bridge,etherscan-labels+eth-labels,https://github.com/brianleect/etherscan-labels,medium,2026-10-01
0x04cb2d263a7489f02d813eaab9ba1bb8466347f2,arbitrum,bridged-token,bridged-token,bridge,etherscan-labels+eth-labels,https://github.com/brianleect/etherscan-labels,medium,2026-10-01
0x07e49d5de43dda6162fa28d24d5935c151875283,arbitrum,bridged-token,bridged-token,bridge,eth-labels+etherscan-labels,https://github.com/dawsbot/eth-labels,medium,2026-10-01
0x0d225f671221131dba93c05bf6be5d23160b5d3b,arbitrum,bridged-token,bridged-token,bridge,eth-labels+etherscan-labels,https://github.com/dawsbot/eth-labels,medium,2026-10-01
0x0d7d0efdcbfe5466b387e127709f24603920f671,arbitrum,bridged-token,bridged-token,bridge,eth-labels+etherscan-labels,https://github.com/dawsbot/eth-labels,medium,2026-10-01
0x0d81e50bc677fa67341c44d7eaa9228dee64a4e1,arbitrum,bridged-token,bridged-token,bridge,eth-labels+etherscan-labels,https://github.com/dawsbot/eth-labels,medium,2026-10-01
0x0e15258734300290a651fdbae8deb039a8e7a2fa,arbitrum,bridged-token,bridged-token,bridge,eth-labels+etherscan-labels,https://github.com/dawsbot/eth-labels,medium,2026-10-01
0x0f61b24272af65eacf6adfe507028957698e032f,arbitrum,bridged-token,bridged-token,bridge,eth-labels+etherscan-labels,https://github.com/dawsbot/eth-labels,medium,2026-10-01
0x11cdb42b0eb46d95f990bedd4695a6e3fa034978,arbitrum,bridged-token,bridged-token,bridge,eth-labels+etherscan-labels,https://github.com/dawsbot/eth-labels,medium,2026-10-01
0x1d54aa7e322e02a0453c0f2fa21505ce7f2e9e93,arbitrum,bridged-token,bridged-token,bridge,eth-labels+etherscan-labels,https://github.com/dawsbot/eth-labels,medium,2026-10-01
0x20865e63b111b2649ef829ec220536c82c58ad7b,arbitrum,bridged-token,bridged-token,bridge,eth-labels+etherscan-labels,https://github.com/dawsbot/eth-labels,medium,2026-10-01
0x20f9628a485ebcc566622314f6e07e7ee61ff332,arbitrum,bridged-token,bridged-token,bridge,eth-labels+etherscan-labels,https://github.com/dawsbot/eth-labels,medium,2026-10-01
0x2338a5d62e9a766289934e8d2e83a443e8065b83,arbitrum,bridged-token,bridged-token,bridge,eth-labels+etherscan-labels,https://github.com/dawsbot/eth-labels,medium,2026-10-01
0x250f471385894fc81183a99d6fde8ce9c5b142d6,arbitrum,bridged-token,bridged-token,bridge,eth-labels+etherscan-labels,https://github.com/dawsbot/eth-labels,medium,2026-10-01
0x2ad62674a64e698c24831faf824973c360430140,arbitrum,bridged-token,bridged-token,bridge,eth-labels+etherscan-labels,https://github.com/dawsbot/eth-labels,medium,2026-10-01
0x2ed14d1788dfb780fd216706096aed018514eccd,arbitrum,bridged-token,bridged-token,bridge,eth-labels+etherscan-labels,https://github.com/dawsbot/eth-labels,medium,2026-10-01
0x2f2a2543b76a4166549f7aab2e75bef0aefc5b0f,arbitrum,bridged-token,Wrapped BTC: WBTC Token,bridge,eth-labels+etherscan-labels,https://github.com/dawsbot/eth-labels,medium,2026-10-01
0x326c33fd1113c1f29b35b4407f3d6312a8518431,arbitrum,bridged-token,bridged-token,bridge,eth-labels+etherscan-labels,https://github.com/dawsbot/eth-labels,medium,2026-10-01
0x354a6da3fcde098f8389cad84b0182725c6c91de,arbitrum,bridged-token,Compound: COMP Token,bridge,eth-labels+etherscan-labels,https://github.com/dawsbot/eth-labels,medium,2026-10-01
0x3816e40c1eb106c8fb7c05f901cfd58c7292d051,arbitrum,bridged-token,bridged-token,bridge,eth-labels+etherscan-labels,https://github.com/dawsbot/eth-labels,medium,2026-10-01
0x391457f1e5300d3ca03f1620d404796cb440c5d5,arbitrum,bridged-token,bridged-token,bridge,eth-labels+etherscan-labels,https://github.com/dawsbot/eth-labels,medium,2026-10-01
0x3a8b787f78d775aecfeea15706d4221b40f345ab,arbitrum,bridged-token,bridged-token,bridge,eth-labels+etherscan-labels,https://github.com/dawsbot/eth-labels,medium,2026-10-01
0x3cd1833ce959e087d0ef0cb45ed06bffe60f23ba,arbitrum,bridged-token,Farmland: LAND Token,bridge,eth-labels,https://github.com/dawsbot/eth-labels,medium,2026-10-01
0x3e6648c5a70a150a88bce65f4ad4d506fe15d2af,arbitrum,bridged-token,bridged-token,bridge,eth-labels+etherscan-labels,https://github.com/dawsbot/eth-labels,medium,2026-10-01
0x4425742f1ec8d98779690b5a3a6276db85ddc01a,arbitrum,bridged-token,bridged-token,bridge,eth-labels+etherscan-labels,https://github.com/dawsbot/eth-labels,medium,2026-10-01
0x46d0ce7de6247b0a95f67b43b589b4041bae7fbe,arbitrum,bridged-token,bridged-token,bridge,eth-labels+etherscan-labels,https://github.com/dawsbot/eth-labels,medium,2026-10-01
0x488cc08935458403a0458e45e20c0159c8ab2c92,arbitrum,bridged-token,bridged-token,bridge,eth-labels+etherscan-labels,https://github.com/dawsbot/eth-labels,medium,2026-10-01
0x4d15a3a2286d883af0aa1b3f21367843fac63e07,arbitrum,bridged-token,bridged-token,bridge,eth-labels+etherscan-labels,https://github.com/dawsbot/eth-labels,medium,2026-10-01
0x4e352cf164e64adcbad318c3a1e222e9eba4ce42,arbitrum,bridged-token,MUX Protocol: MCB Token,bridge,eth-labels,https://github.com/dawsbot/eth-labels,medium,2026-10-01
0x4e91f2af1ee0f84b529478f19794f5afd423e4a6,arbitrum,bridged-token,bridged-token,bridge,eth-labels+etherscan-labels,https://github.com/dawsbot/eth-labels,medium,2026-10-01
0x4f947b40beeb9d8130437781a560e5c7d089730f,arbitrum,bridged-token,bridged-token,bridge,eth-labels+etherscan-labels,https://github.com/dawsbot/eth-labels,medium,2026-10-01
0x51fc0f6660482ea73330e414efd7808811a57fa2,arbitrum,bridged-token,Premia: PREMIA Token,bridge,eth-labels+etherscan-labels,https://github.com/dawsbot/eth-labels,medium,2026-10-01
0x5298060a95205be6dd4abc21910a4bb23d6dcd8b,arbitrum,bridged-token,bridged-token,bridge,eth-labels+etherscan-labels,https://github.com/dawsbot/eth-labels,medium,2026-10-01
0x5298ee77a8f9e226898403ebac33e68a62f770a0,arbitrum,bridged-token,bridged-token,bridge,eth-labels+etherscan-labels,https://github.com/dawsbot/eth-labels,medium,2026-10-01
0x52f5d9b3a2bb89d3aec5829a3415c21115acd633,arbitrum,bridged-token,bridged-token,bridge,eth-labels+etherscan-labels,https://github.com/dawsbot/eth-labels,medium,2026-10-01
0x53236015a675fcb937485f1ae58040e4fb920d5b,arbitrum,bridged-token,bridged-token,bridge,eth-labels+etherscan-labels,https://github.com/dawsbot/eth-labels,medium,2026-10-01
0x539bde0d7dbd336b79148aa742883198bbf60342,arbitrum,bridged-token,Treasure DAO: Magic Token,bridge,eth-labels,https://github.com/dawsbot/eth-labels,medium,2026-10-01
0x552e4e96a0ce6d36d161b63984848c8dac471ea2,arbitrum,bridged-token,bridged-token,bridge,eth-labels+etherscan-labels,https://github.com/dawsbot/eth-labels,medium,2026-10-01
0x55704a0e9e2eb59e176c5b69655dbd3dcdcfc0f0,arbitrum,bridged-token,bridged-token,bridge,eth-labels+etherscan-labels,https://github.com/dawsbot/eth-labels,medium,2026-10-01
0x55ff62567f09906a85183b866df84bf599a4bf70,arbitrum,bridged-token,bridged-token,bridge,eth-labels+etherscan-labels,https://github.com/dawsbot/eth-labels,medium,2026-10-01
0x68ead55c258d6fa5e46d67fc90f53211eab885be,arbitrum,bridged-token,Popcorn: POP Token,bridge,eth-labels,https://github.com/dawsbot/eth-labels,medium,2026-10-01
0x69eb4fa4a2fbd498c257c57ea8b7655a2559a581,arbitrum,bridged-token,bridged-token,bridge,eth-labels+etherscan-labels,https://github.com/dawsbot/eth-labels,medium,2026-10-01
0x6e6a3d8f1affac703b1aef1f43b8d2321be40043,arbitrum,bridged-token,bridged-token,bridge,eth-labels+etherscan-labels,https://github.com/dawsbot/eth-labels,medium,2026-10-01
0x6f67043201c903bbcbc129750cb3b328dd56a0a5,arbitrum,bridged-token,bridged-token,bridge,eth-labels+etherscan-labels,https://github.com/dawsbot/eth-labels,medium,2026-10-01
0x6fe14d3cc2f7bddffba5cdb3bbe7467dd81ea101,arbitrum,bridged-token,bridged-token,bridge,eth-labels+etherscan-labels,https://github.com/dawsbot/eth-labels,medium,2026-10-01
0x753d224bcf9aafacd81558c32341416df61d3dac,arbitrum,bridged-token,bridged-token,bridge,eth-labels+etherscan-labels,https://github.com/dawsbot/eth-labels,medium,2026-10-01
0x75c9bc761d88f70156daf83aa010e84680baf131,arbitrum,bridged-token,bridged-token,bridge,eth-labels+etherscan-labels,https://github.com/dawsbot/eth-labels,medium,2026-10-01
0x7ba4a00d54a07461d9db2aef539e91409943adc9,arbitrum,bridged-token,bridged-token,bridge,eth-labels+etherscan-labels,https://github.com/dawsbot/eth-labels,medium,2026-10-01
0x7cb16cb78ea464ad35c8a50abf95dff3c9e09d5d,arbitrum,bridged-token,bridged-token,bridge,eth-labels+etherscan-labels,https://github.com/dawsbot/eth-labels,medium,2026-10-01
0x8038f3c971414fd1fc220ba727f2d4a0fc98cb65,arbitrum,bridged-token,bridged-token,bridge,eth-labels+etherscan-labels,https://github.com/dawsbot/eth-labels,medium,2026-10-01
0x82155ab6b6c1113cfb352c7573b010a88f5974bd,arbitrum,bridged-token,bridged-token,bridge,eth-labels+etherscan-labels,https://github.com/dawsbot/eth-labels,medium,2026-10-01
0x82af49447d8a07e3bd95bd0d56f35241523fbab1,arbitrum,bridged-token,Wrapped Ether,bridge,eth-labels+etherscan-labels,https://github.com/dawsbot/eth-labels,medium,2026-10-01
0x82e3a8f066a6989666b031d916c43672085b1582,arbitrum,bridged-token,bridged-token,bridge,eth-labels+etherscan-labels,https://github.com/dawsbot/eth-labels,medium,2026-10-01
0x8d1c89dcf613e3e709afe9abecae591d0e2b64ca,arbitrum,bridged-token,bridged-token,bridge,eth-labels+etherscan-labels,https://github.com/dawsbot/eth-labels,medium,2026-10-01
0x91f5dc90979b058eba3be6b7b7e523df7e84e137,arbitrum,bridged-token,Dev Protocol: DEV Token,bridge,eth-labels+etherscan-labels,https://github.com/dawsbot/eth-labels,medium,2026-10-01
0x9623063377ad1b27544c965ccd7342f7ea7e88c7,arbitrum,bridged-token,The Graph: GRT Token,bridge,eth-labels,https://github.com/dawsbot/eth-labels,medium,2026-10-01
0x965772e0e9c84b6f359c8597c891108dcf1c5b1a,arbitrum,bridged-token,bridged-token,bridge,eth-labels+etherscan-labels,https://github.com/dawsbot/eth-labels,medium,2026-10-01
0x969131d8ddc06c2be11a13e6e7facf22cf57d95e,arbitrum,bridged-token,bridged-token,bridge,eth-labels+etherscan-labels,https://github.com/dawsbot/eth-labels,medium,2026-10-01
0x9892bc2df882275958c56827acdf98be4be57e9b,arbitrum,bridged-token,bridged-token,bridge,eth-labels+etherscan-labels,https://github.com/dawsbot/eth-labels,medium,2026-10-01
0x989d099d29f62b839c8cbd41c82c6554a5515752,arbitrum,bridged-token,bridged-token,bridge,eth-labels+etherscan-labels,https://github.com/dawsbot/eth-labels,medium,2026-10-01
0x995c235521820f2637303ca1970c7c044583df44,arbitrum,bridged-token,bridged-token,bridge,eth-labels+etherscan-labels,https://github.com/dawsbot/eth-labels,medium,2026-10-01
0x99f40b01ba9c469193b360f72740e416b17ac332,arbitrum,bridged-token,bridged-token,bridge,eth-labels+etherscan-labels,https://github.com/dawsbot/eth-labels,medium,2026-10-01
0x9ab3fd50fcae73a1aeda959468fd0d662c881b42,arbitrum,bridged-token,bridged-token,bridge,eth-labels+etherscan-labels,https://github.com/dawsbot/eth-labels,medium,2026-10-01
0x9b3fa2a7c3eb36d048a5d38d81e7fafc6bc47b25,arbitrum,bridged-token,bridged-token,bridge,eth-labels+etherscan-labels,https://github.com/dawsbot/eth-labels,medium,2026-10-01
0x9c67ee39e3c4954396b9142010653f17257dd39c,arbitrum,bridged-token,bridged-token,bridge,eth-labels+etherscan-labels,https://github.com/dawsbot/eth-labels,medium,2026-10-01
0x9d95795f33bc541620d073c2511ddfb95145aa41,arbitrum,bridged-token,bridged-token,bridge,eth-labels+etherscan-labels,https://github.com/dawsbot/eth-labels,medium,2026-10-01
0xa0459edcad5aac14dc32775d22ff7bd33027cac7,arbitrum,bridged-token,bridged-token,bridge,eth-labels+etherscan-labels,https://github.com/dawsbot/eth-labels,medium,2026-10-01
0xa0b862f60edef4452f25b4160f177db44deb6cf1,arbitrum,bridged-token,Gnosis: GNO Token,bridge,eth-labels+etherscan-labels,https://github.com/dawsbot/eth-labels,medium,2026-10-01
0xa5ec9d64b64b8b9e94feaa7538c084b38117e7ba,arbitrum,bridged-token,bridged-token,bridge,eth-labels+etherscan-labels,https://github.com/dawsbot/eth-labels,medium,2026-10-01
0xa72159fc390f0e3c6d415e658264c7c4051e9b87,arbitrum,bridged-token,bridged-token,bridge,eth-labels+etherscan-labels,https://github.com/dawsbot/eth-labels,medium,2026-10-01
0xa7aa2921618e3d63da433829d448b58c9445a4c3,arbitrum,bridged-token,DeversiFi: DVF Token,bridge,eth-labels+etherscan-labels,https://github.com/dawsbot/eth-labels,medium,2026-10-01
0xa970af1a584579b618be4d69ad6f73459d112f95,arbitrum,bridged-token,bridged-token,bridge,eth-labels+etherscan-labels,https://github.com/dawsbot/eth-labels,medium,2026-10-01
0xaaa62d9584cbe8e4d68a43ec91bff4ff1fadb202,arbitrum,bridged-token,bridged-token,bridge,eth-labels+etherscan-labels,https://github.com/dawsbot/eth-labels,medium,2026-10-01
0xac9ac2c17cdfed4abc80a53c5553388575714d03,arbitrum,bridged-token,bridged-token,bridge,eth-labels+etherscan-labels,https://github.com/dawsbot/eth-labels,medium,2026-10-01
0xae6aab43c4f3e0cea4ab83752c278f8debaba689,arbitrum,bridged-token,dForce: DF Token,bridge,eth-labels+etherscan-labels,https://github.com/dawsbot/eth-labels,medium,2026-10-01
0xae6e3540e97b0b9ea8797b157b510e133afb6282,arbitrum,bridged-token,bridged-token,bridge,eth-labels+etherscan-labels,https://github.com/dawsbot/eth-labels,medium,2026-10-01
0xaef5bbcbfa438519a5ea80b4c7181b4e78d419f2,arbitrum,bridged-token,bridged-token,bridge,eth-labels+etherscan-labels,https://github.com/dawsbot/eth-labels,medium,2026-10-01
0xb766039cc6db368759c1e56b79affe831d0cc507,arbitrum,bridged-token,Rocket Pool: RPL Token,bridge,eth-labels+etherscan-labels,https://github.com/dawsbot/eth-labels,medium,2026-10-01
0xb965029343d55189c25a7f3e0c9394dc0f5d41b1,arbitrum,bridged-token,bridged-token,bridge,eth-labels+etherscan-labels,https://github.com/dawsbot/eth-labels,medium,2026-10-01
0xba9a5dd807c9f072850be15a52df3408ba25fd18,arbitrum,bridged-token,bridged-token,bridge,eth-labels+etherscan-labels,https://github.com/dawsbot/eth-labels,medium,2026-10-01
0xbdef0e9ef12e689f366fe494a7a7d0dad25d9286,arbitrum,bridged-token,bridged-token,bridge,eth-labels+etherscan-labels,https://github.com/dawsbot/eth-labels,medium,2026-10-01
0xbfa641051ba0a0ad1b0acf549a89536a0d76472e,arbitrum,bridged-token,bridged-token,bridge,eth-labels+etherscan-labels,https://github.com/dawsbot/eth-labels,medium,2026-10-01
0xc3ae0333f0f34aa734d5493276223d95b8f9cb37,arbitrum,bridged-token,bridged-token,bridge,eth-labels+etherscan-labels,https://github.com/dawsbot/eth-labels,medium,2026-10-01
0xc9c2b86cd4cdbab70cd65d22eb044574c3539f6c,arbitrum,bridged-token,bridged-token,bridge,eth-labels+etherscan-labels,https://github.com/dawsbot/eth-labels,medium,2026-10-01
0xcafcd85d8ca7ad1e1c6f82f651fa15e33aefd07b,arbitrum,bridged-token,Woo: WOO Token,bridge,eth-labels+etherscan-labels,https://github.com/dawsbot/eth-labels,medium,2026-10-01
0xcd0bb43a0d0497db701c9147588a12666155010a,arbitrum,bridged-token,bridged-token,bridge,eth-labels+etherscan-labels,https://github.com/dawsbot/eth-labels,medium,2026-10-01
0xcd14c3a2ba27819b352aae73414a26e2b366dc50,arbitrum,bridged-token,bridged-token,bridge,eth-labels+etherscan-labels,https://github.com/dawsbot/eth-labels,medium,2026-10-01
0xce32aa8d60807182c0003ef9cc1976fa10e5d312,arbitrum,bridged-token,bridged-token,bridge,eth-labels+etherscan-labels,https://github.com/dawsbot/eth-labels,medium,2026-10-01
0xd44e8f8768d4ed25119921a53802d8758a5b20dd,arbitrum,bridged-token,bridged-token,bridge,eth-labels+etherscan-labels,https://github.com/dawsbot/eth-labels,medium,2026-10-01
0xd4d42f0b6def4ce0383636770ef773390d85c61a,arbitrum,bridged-token,SushiSwap: SushiToken,bridge,eth-labels,https://github.com/dawsbot/eth-labels,medium,2026-10-01
0xd5d3aa404d7562d09a848f96a8a8d5d65977bf90,arbitrum,bridged-token,bridged-token,bridge,eth-labels+etherscan-labels,https://github.com/dawsbot/eth-labels,medium,2026-10-01
0xda10009cbd5d07dd0cecc66161fc93d7c9000da1,arbitrum,bridged-token,Maker DAO: DAI Token,bridge,eth-labels,https://github.com/dawsbot/eth-labels,medium,2026-10-01
0xde903e2712288a1da82942dddf2c20529565ac30,arbitrum,bridged-token,bridged-token,bridge,eth-labels+etherscan-labels,https://github.com/dawsbot/eth-labels,medium,2026-10-01
0xdeba25af35e4097146d7629055e0ec3c71706324,arbitrum,bridged-token,bridged-token,bridge,eth-labels+etherscan-labels,https://github.com/dawsbot/eth-labels,medium,2026-10-01
0xe212f5e733257ed5628a2febcedbc9222e535f51,arbitrum,bridged-token,bridged-token,bridge,eth-labels+etherscan-labels,https://github.com/dawsbot/eth-labels,medium,2026-10-01
0xe71db7a96dab25cdb9f4cbc7f686da02192b0e88,arbitrum,bridged-token,bridged-token,bridge,eth-labels+etherscan-labels,https://github.com/dawsbot/eth-labels,medium,2026-10-01
0xea986d33ef8a20a96120ecc44dbdd49830192043,arbitrum,bridged-token,bridged-token,bridge,eth-labels+etherscan-labels,https://github.com/dawsbot/eth-labels,medium,2026-10-01
0xeb4f5c48cfe3795d4a1cf52aaee76a10d422dae1,arbitrum,bridged-token,bridged-token,bridge,eth-labels+etherscan-labels,https://github.com/dawsbot/eth-labels,medium,2026-10-01
0xec70dcb4a1efa46b8f2d97c310c9c4790ba5ffa8,arbitrum,bridged-token,Rocket Pool: rETH Token,bridge,eth-labels,https://github.com/dawsbot/eth-labels,medium,2026-10-01
0xef888bca6ab6b1d26dbec977c455388ecd794794,arbitrum,bridged-token,bridged-token,bridge,eth-labels+etherscan-labels,https://github.com/dawsbot/eth-labels,medium,2026-10-01
0xf0a5717ec0883ee56438932b0fe4a20822735fba,arbitrum,bridged-token,xToken: XTK Token,bridge,eth-labels,https://github.com/dawsbot/eth-labels,medium,2026-10-01
0xf4d48ce3ee1ac3651998971541badbb9a14d7234,arbitrum,bridged-token,bridged-token,bridge,eth-labels+etherscan-labels,https://github.com/dawsbot/eth-labels,medium,2026-10-01
0xf80d589b3dbe130c270a69f1a69d050f268786df,arbitrum,bridged-token,bridged-token,bridge,eth-labels+etherscan-labels,https://github.com/dawsbot/eth-labels,medium,2026-10-01
0xf97f4df75117a78c1a5a0dbb814af92458539fb4,arbitrum,bridged-token,Chainlink: LINK Token,bridge,eth-labels+etherscan-labels,https://github.com/dawsbot/eth-labels,medium,2026-10-01
0xfa51b42d4c9ea35f1758828226aaedbec50dd54e,arbitrum,bridged-token,bridged-token,bridge,eth-labels+etherscan-labels,https://github.com/dawsbot/eth-labels,medium,2026-10-01
0xfa7f8980b0f1e64a2062791cc3b0871572f1f7f0,arbitrum,bridged-token,Uniswap Protocol: UNI Token,bridge,eth-labels+etherscan-labels,https://github.com/dawsbot/eth-labels,medium,2026-10-01
0xfd086bc7cd5c481dcc9c85ebe478a1c0b69fcbb9,arbitrum,bridged-token,Tether: USDT Token,bridge,eth-labels,https://github.com/dawsbot/eth-labels,medium,2026-10-01
0xfea31d704deb0975da8e77bf13e04239e70d7c28,arbitrum,bridged-token,bridged-token,bridge,eth-labels+etherscan-labels,https://github.com/dawsbot/eth-labels,medium,2026-10-01
0xff970a61a04b1ca14834a43f5de4533ebddb5cc8,arbitrum,bridged-token,Arbitrum: USDC Token,bridge,eth-labels+etherscan-labels,https://github.com/dawsbot/eth-labels,medium,2026-10-01
0xbfa2f68bf9ad60dc3cfb1cef04730eb7fa251424,arbitrum,celer-network,Celer Network,bridge,eth-labels,https://github.com/dawsbot/eth-labels,medium,2026-10-01
0xfe0401bffbeece5d9fae7f1b9a8f1e03fa1c3184,arbitrum,celer-network,Celer Network: WithdrawInbox,bridge,eth-labels,https://github.com/dawsbot/eth-labels,medium,2026-10-01
0x01c28a1b29098175fd5c74f6dd9225b0853325fe,arbitrum,contract-deployer,Bitcoin Avalanche Bridged: Deployer,bridge,eth-labels,https://github.com/dawsbot/eth-labels,medium,2026-10-01
0x198d3e137a75292d4929e2a7632d8b1a94495703,arbitrum,contract-deployer,Wormhole: Deployer,bridge,eth-labels,https://github.com/dawsbot/eth-labels,medium,2026-10-01
0x1d7c6783328c145393e84fb47a7f7c548f5ee28d,arbitrum,contract-deployer,Stargate Finance: Deployer,bridge,eth-labels,https://github.com/dawsbot/eth-labels,medium,2026-10-01
0x42f9d42b0ad323be203a56618d5053329cb2fb95,arbitrum,contract-deployer,Wormhole: Deployer 1,bridge,eth-labels,https://github.com/dawsbot/eth-labels,medium,2026-10-01
0x924ac9910c09a0215b06458653b30471a152022f,arbitrum,contract-deployer,Hop Protocol: Deployer,bridge,eth-labels,https://github.com/dawsbot/eth-labels,medium,2026-10-01
0xe752ab620d04357cff84c74028da4155521e0500,arbitrum,contract-deployer,Bridge: Deployer,bridge,eth-labels,https://github.com/dawsbot/eth-labels,medium,2026-10-01
0x43de2d77bf8027e25dbd179b491e8d64f38398aa,arbitrum,deBridgeGate,deBridgeGate,bridge,eth-labels+etherscan-labels,https://github.com/dawsbot/eth-labels,medium,2026-10-01
0x0ce6c85cf43553de10fc56ceca0aef6ff0dd444d,arbitrum,hop-protocol,Hop Protocol: hUSDC Token,bridge,eth-labels+etherscan-labels,https://github.com/dawsbot/eth-labels,medium,2026-10-01
0x0e0e3d2c5c292161999474247956ef542cabf8dd,arbitrum,hop-protocol,Hop Protocol: USDC Bridge,bridge,eth-labels+etherscan-labels,https://github.com/dawsbot/eth-labels,medium,2026-10-01
0x10541b07d8ad2647dc6cd67abd4c03575dade261,arbitrum,hop-protocol,Hop Protocol: USDC Liquidity Pool,bridge,eth-labels+etherscan-labels,https://github.com/dawsbot/eth-labels,medium,2026-10-01
0x12e59c59d282d2c00f3166915bed6dc2f5e2b5c7,arbitrum,hop-protocol,Hop Protocol: hUSDT Token,bridge,eth-labels+etherscan-labels,https://github.com/dawsbot/eth-labels,medium,2026-10-01
0x16e08c02e4b78b0a5b3a917ff5feaedd349a5a95,arbitrum,hop-protocol,Hop Protocol: rETH Wrapper,bridge,eth-labels,https://github.com/dawsbot/eth-labels,medium,2026-10-01
0x18f7402b673ba6fb5ea4b95768aabb8aad7ef18a,arbitrum,hop-protocol,Hop Protocol: USDT Liquidity Pool,bridge,eth-labels+etherscan-labels,https://github.com/dawsbot/eth-labels,medium,2026-10-01
0x25fb92e505f752f730cad0bd4fa17ece4a384266,arbitrum,hop-protocol,Hop Protocol: HOP Bridge,bridge,eth-labels+etherscan-labels,https://github.com/dawsbot/eth-labels,medium,2026-10-01
0x33ceb27b39d2bb7d2e61f7564d3df29344020417,arbitrum,hop-protocol,Hop Protocol: ETH Wrapper,bridge,eth-labels+etherscan-labels,https://github.com/dawsbot/eth-labels,medium,2026-10-01
0x3749c4f034022c39ecaffaba182555d4508caccc,arbitrum,hop-protocol,Hop Protocol: ETH Bridge,bridge,eth-labels+etherscan-labels,https://github.com/dawsbot/eth-labels,medium,2026-10-01
0x50a3a623d00fd8b8a4f3cbc5aa53d0bc6fa912dd,arbitrum,hop-protocol,Hop Protocol: MAGIC Wrapper,bridge,eth-labels,https://github.com/dawsbot/eth-labels,medium,2026-10-01
0x59745774ed5eff903e615f5a2282cae03484985a,arbitrum,hop-protocol,Hop Protocol: HOP - ETH Token,bridge,eth-labels+etherscan-labels,https://github.com/dawsbot/eth-labels,medium,2026-10-01
0x710bda329b2a6224e4b44833de30f38e7f81d564,arbitrum,hop-protocol,Hop Protocol: ETH Bonder,bridge,eth-labels+etherscan-labels,https://github.com/dawsbot/eth-labels,medium,2026-10-01
0x72209fe68386b37a40d6bca04f78356fd342491f,arbitrum,hop-protocol,Hop Protocol: USDT Bridge,bridge,eth-labels+etherscan-labels,https://github.com/dawsbot/eth-labels,medium,2026-10-01
0xb67c014fa700e69681a673876eb8bafaa36bff71,arbitrum,hop-protocol,Hop Protocol: HOP - USDC Token,bridge,eth-labels+etherscan-labels,https://github.com/dawsbot/eth-labels,medium,2026-10-01
0xcb0a4177e0a60247c0ad18be87f8edff6dd30283,arbitrum,hop-protocol,Hop Protocol: USDT Wrapper,bridge,eth-labels+etherscan-labels,https://github.com/dawsbot/eth-labels,medium,2026-10-01
0xce3b19d820cb8b9ae370e423b0a329c4314335fe,arbitrum,hop-protocol,Hop Protocol: HOP - USDT Token,bridge,eth-labels+etherscan-labels,https://github.com/dawsbot/eth-labels,medium,2026-10-01
0xda7c0de432a9346bb6e96ac74e3b61a36d8a77eb,arbitrum,hop-protocol,Hop Protocol: hETH Token,bridge,eth-labels+etherscan-labels,https://github.com/dawsbot/eth-labels,medium,2026-10-01
0xe22d2bedb3eca35e6397e0c6d62857094aa26f52,arbitrum,hop-protocol,Hop Protocol: USDC Wrapper,bridge,eth-labels+etherscan-labels,https://github.com/dawsbot/eth-labels,medium,2026-10-01
0x068def65b9dbaff02b4ee54572a9fa7dfb188ea3,arbitrum,token-contract,Pendle: SY-Stargate USDT Token,bridge,eth-labels,https://github.com/dawsbot/eth-labels,medium,2026-10-01
0x0a21291a184cf36ad3b0a0def4a17c12cbd66a14,arbitrum,token-contract,Pendle: PT-Stargate-USDT-27JUN24/SY-Stargate-USDT,bridge,eth-labels,https://github.com/dawsbot/eth-labels,medium,2026-10-01
0x0aded315d2e51f676a2aa8d2bc6a79c88e0f1c1a,arbitrum,token-contract,Pendle: YT-Stargate USDT-27JUN2024 Token,bridge,eth-labels,https://github.com/dawsbot/eth-labels,medium,2026-10-01
0x2297aebd383787a160dd0d9f71508148769342e3,arbitrum,token-contract,Bitcoin Avalanche Bridged: BTC.b Token,bridge,eth-labels,https://github.com/dawsbot/eth-labels,medium,2026-10-01
0x4e51ac49bc5e2d87e0ef713e9e5ab2d71ef4f336,arbitrum,token-contract,Wormhole: CELO Token,bridge,eth-labels,https://github.com/dawsbot/eth-labels,medium,2026-10-01
0x600e576f9d853c95d58029093a16ee49646f3ca5,arbitrum,token-contract,Stargate Finance: S*LUSD Token,bridge,eth-labels,https://github.com/dawsbot/eth-labels,medium,2026-10-01
0x6694340fc020c5e6b96567843da2df01b2ce1eb6,arbitrum,token-contract,Stargate Finance: STG Token,bridge,eth-labels,https://github.com/dawsbot/eth-labels,medium,2026-10-01
0x7d180a4f451fc15b543b5d1ba7dda6b3014a4c49,arbitrum,token-contract,Pendle: PT-Stargate USDT-27JUN2024 Token,bridge,eth-labels,https://github.com/dawsbot/eth-labels,medium,2026-10-01
0x82cbecf39bee528b5476fe6d1550af59a9db6fc0,arbitrum,token-contract,Stargate Finance: SGETH Token,bridge,eth-labels,https://github.com/dawsbot/eth-labels,medium,2026-10-01
0x892785f33cdee22a30aef750f285e18c18040c3e,arbitrum,token-contract,Stargate Finance: S*USDC Token,bridge,eth-labels,https://github.com/dawsbot/eth-labels,medium,2026-10-01
0x915a55e36a01285a14f05de6e81ed9ce89772f8e,arbitrum,token-contract,Stargate Finance: S*SGETH Token,bridge,eth-labels,https://github.com/dawsbot/eth-labels,medium,2026-10-01
0x9cfb13e6c11054ac9fcb92ba89644f30775436e4,arbitrum,token-contract,Bridged Wrapped stETH: axl-wstETH Token,bridge,eth-labels,https://github.com/dawsbot/eth-labels,medium,2026-10-01
0xaa4bf442f024820b2c28cd0fd72b82c63e66f56c,arbitrum,token-contract,Stargate Finance: S*FRAX Token,bridge,eth-labels,https://github.com/dawsbot/eth-labels,medium,2026-10-01
0xb0ffa8000886e57f86dd5264b9582b2ad87b2b91,arbitrum,token-contract,Wormhole: W Token,bridge,eth-labels,https://github.com/dawsbot/eth-labels,medium,2026-10-01
0xb6cfcf89a7b22988bfc96632ac2a9d6dab60d641,arbitrum,token-contract,Stargate Finance: S*USDT Token,bridge,eth-labels,https://github.com/dawsbot/eth-labels,medium,2026-10-01
0xc9c4fd7579133701fa2769b6955e7e56bb386db1,arbitrum,token-contract,Bridge: BRG Token,bridge,eth-labels,https://github.com/dawsbot/eth-labels,medium,2026-10-01
0xdd69db25f6d620a7bad3023c5d32761d353d3de9,arbitrum,token-contract,LayerZero: GETH Token,bridge,eth-labels,https://github.com/dawsbot/eth-labels,medium,2026-10-01
0xf39b7be294cb36de8c510e267b82bb588705d977,arbitrum,token-contract,Stargate Finance: S*MAI Token,bridge,eth-labels,https://github.com/dawsbot/eth-labels,medium,2026-10-01
0xcf4d2994088a8cde52fb584fe29608b63ec063b2,arbitrum,xPollinate,xPollinate: Transaction Manager,bridge,eth-labels+etherscan-labels,https://github.com/dawsbot/eth-labels,medium,2026-10-01
0x1fe80d5ad9464dba2d60b88e449305f184823f8a,arbitrum,0x-protocol,0x: Exchange Proxy Governor,defi,eth-labels+etherscan-labels,https://github.com/dawsbot/eth-labels,medium,2026-10-01
0x29f80c1f685e19ae1807063eda432f431ac623d0,arbitrum,0x-protocol,0x: Exchange Proxy Transformer Deployer,defi,eth-labels+etherscan-labels,https://github.com/dawsbot/eth-labels,medium,2026-10-01
0xdb6f1920a889355780af7570773609bd8cb1f498,arbitrum,0x-protocol,0x: Exchange Proxy Flash Wallet,defi,eth-labels+etherscan-labels,https://github.com/dawsbot/eth-labels,medium,2026-10-01
0xdef1c0ded9bec7f1a1670819833240f027b25eff,arbitrum,0x-protocol,0x: Exchange Proxy,defi,eth-labels+etherscan-labels,https://github.com/dawsbot/eth-labels,medium,2026-10-01
0x1a965fed6b135e3829ff2679d94a466eaafe2b3f,arbitrum,Arbidragon,Arbidragon: Project Development Fund,defi,eth-labels,https://github.com/dawsbot/eth-labels,medium,2026-10-01
0x91287315e52acaeeb2956359bed3c24682ede11f,arbitrum,Arbidragon,Arbidragon: SushiSwap LP Token,defi,eth-labels,https://github.com/dawsbot/eth-labels,medium,2026-10-01
0x72e6b59d4a90ab232e55d4bb7ed2dd17494d62fb,arbitrum,BOB,BOB: BobVault,defi,eth-labels+etherscan-labels,https://github.com/dawsbot/eth-labels,medium,2026-10-01
0xb9a0e80a704b92bda8dba37b9112f5570f32d6bc,arbitrum,CheckDot,CheckDot: Bridge,defi,eth-labels,https://github.com/dawsbot/eth-labels,medium,2026-10-01
0x750129c21c7846cfe0ce2c966d84c0bca5658497,arbitrum,Radiant,Radiant: DAO Treasury,defi,eth-labels+etherscan-labels,https://github.com/dawsbot/eth-labels,medium,2026-10-01
0xc32eb36f886f638fffd836df44c124074cfe3584,arbitrum,Shell Protocol,Shell Protocol,defi,eth-labels+etherscan-labels,https://github.com/dawsbot/eth-labels,medium,2026-10-01
0x1b02da8cb0d097eb8d57a175b88c7d8b47997506,arbitrum,SushiSwap,SushiSwap: Router,defi,eth-labels+etherscan-labels,https://github.com/dawsbot/eth-labels,medium,2026-10-01
0x68b3465833fb72a70ecdf485e0e4c7bd8665fc45,arbitrum,Uniswap V3,Uniswap V3: Router 2,defi,eth-labels+etherscan-labels,https://github.com/dawsbot/eth-labels,medium,2026-10-01
0xe592427a0aece92de3edee1f18e0157c05861564,arbitrum,Uniswap V3,Uniswap V3: Router,defi,eth-labels+etherscan-labels,https://github.com/dawsbot/eth-labels,medium,2026-10-01
0x4c749d097832de2fecc989ce18fdc5f1bd76700c,arbitrum,XAI,XAI: esXAI Token,defi,eth-labels,https://github.com/dawsbot/eth-labels,medium,2026-10-01
0x40f5af7171b35963dba9cd9952d3f11f5e32dd30,arbitrum,Zyberswap,Zyberswap: Infinite Farm V3,defi,eth-labels+etherscan-labels,https://github.com/dawsbot/eth-labels,medium,2026-10-01
0x9ba666165867e916ee7ed3a3ae6c19415c2fbddd,arbitrum,Zyberswap,Zyberswap: MasterChef V1,defi,eth-labels+etherscan-labels,https://github.com/dawsbot/eth-labels,medium,2026-10-01
0x9cb8ed8102b6c65d8cae931394352d7a676ce12a,arbitrum,Zyberswap,Zyberswap: Vault V1,defi,eth-labels+etherscan-labels,https://github.com/dawsbot/eth-labels,medium,2026-10-01
0xeff77e179f6abb49a5bf0ec25c920b495e110c3b,arbitrum,Zyberswap,Zyberswap: Earn V1,defi,eth-labels+etherscan-labels,https://github.com/dawsbot/eth-labels,medium,2026-10-01
0xf69223b75d9cf7c454bb44e30a3772202bee72cf,arbitrum,Zyberswap,Zyberswap: ETH v2LP,defi,eth-labels+etherscan-labels,https://github.com/dawsbot/eth-labels,medium,2026-10-01
0x053d55f9b5af8694c503eb288a1b7e552f590710,arbitrum,aave,Aave: Treasury V3,defi,eth-labels+etherscan-labels,https://github.com/dawsbot/eth-labels,medium,2026-10-01
0x078f358208685046a11c85e8ad32895ded33a249,arbitrum,aave,Aave: aWBTC Token V3,defi,eth-labels+etherscan-labels,https://github.com/dawsbot/eth-labels,medium,2026-10-01
0x0c84331e39d6658cd6e6b9ba04736cc4c4734351,arbitrum,aave,Aave: vWETH Token V3,defi,eth-labels+etherscan-labels,https://github.com/dawsbot/eth-labels,medium,2026-10-01
0x145de30c929a065582da84cf96f88460db9745a7,arbitrum,aave,Aave: UiPool Data Provider V3,defi,eth-labels,https://github.com/dawsbot/eth-labels,medium,2026-10-01
0x191c10aa4af7c30e871e70c95db0e4eb77237530,arbitrum,aave,Aave: aLINK Token V3,defi,eth-labels+etherscan-labels,https://github.com/dawsbot/eth-labels,medium,2026-10-01
0x2bb52f7779fa2a77be64e199c18bd6437801caac,arbitrum,aave,Aave: Pull Rewards Transfer Strategy V3,defi,eth-labels+etherscan-labels,https://github.com/dawsbot/eth-labels,medium,2026-10-01
0x307ffe186f84a3bc2613d1ea417a5737d69a7007,arbitrum,aave,Aave: sUSDC Token V3,defi,eth-labels+etherscan-labels,https://github.com/dawsbot/eth-labels,medium,2026-10-01
0x32fdc26affa1eb331263bcdd59f2e46ecbcc2e24,arbitrum,aave,Aave: Paraswap Repay Adapter,defi,eth-labels,https://github.com/dawsbot/eth-labels,medium,2026-10-01
0x3f960bb91e85ae2db561bdd01b515c5a5c65802b,arbitrum,aave,Aave: Ui Pool Data Provider V3,defi,eth-labels+etherscan-labels,https://github.com/dawsbot/eth-labels,medium,2026-10-01
0x4a1c3ad6ed28a636ee1751c69071f6be75deb8b8,arbitrum,aave,Aave: vEURS Token V3,defi,eth-labels+etherscan-labels,https://github.com/dawsbot/eth-labels,medium,2026-10-01
0x625e7708f30ca75bfd92586e17077590c60eb4cd,arbitrum,aave,Aave: aUSDC Token V3,defi,eth-labels+etherscan-labels,https://github.com/dawsbot/eth-labels,medium,2026-10-01
0x633b207dd676331c413d4c013a6294b0fe47cd0e,arbitrum,aave,Aave: sWBTC Token V3,defi,eth-labels+etherscan-labels,https://github.com/dawsbot/eth-labels,medium,2026-10-01
0x69fa688f1dc47d4b5d8029d5a35fb7a548310654,arbitrum,aave,Aave: Pool Data Provider V3,defi,eth-labels+etherscan-labels,https://github.com/dawsbot/eth-labels,medium,2026-10-01
0x6ab707aca953edaefbc4fd23ba73294241490620,arbitrum,aave,Aave: aUSDT Token V3,defi,eth-labels+etherscan-labels,https://github.com/dawsbot/eth-labels,medium,2026-10-01
0x6d80113e533a2c0fe82eabd35f1875dcea89ea97,arbitrum,aave,Aave: aEURS Token V3,defi,eth-labels+etherscan-labels,https://github.com/dawsbot/eth-labels,medium,2026-10-01
0x70effc565db6eef7b927610155602d31b670e802,arbitrum,aave,aave,defi,eth-labels+etherscan-labels,https://github.com/dawsbot/eth-labels,medium,2026-10-01
0x770ef9f4fe897e59dacc474ef11238303f9552b6,arbitrum,aave,Aave: Pool Addresses Provider Registry V3,defi,eth-labels+etherscan-labels,https://github.com/dawsbot/eth-labels,medium,2026-10-01
0x794a61358d6845594f94dc1db02a252b5b4814ad,arbitrum,aave,Aave: Pool V3,defi,eth-labels+etherscan-labels,https://github.com/dawsbot/eth-labels,medium,2026-10-01
0x8145edddf43f50276641b55bd3ad95944510021e,arbitrum,aave,Aave: Pool Configurator V3,defi,eth-labels+etherscan-labels,https://github.com/dawsbot/eth-labels,medium,2026-10-01
0x82e64f49ed5ec1bc6e43dad4fc8af9bb3a2312ee,arbitrum,aave,Aave: aDAI Token V3,defi,eth-labels+etherscan-labels,https://github.com/dawsbot/eth-labels,medium,2026-10-01
0x8619d80fb0141ba7f184cbf22fd724116d9f7ffc,arbitrum,aave,Aave: vDAI Token V3,defi,eth-labels+etherscan-labels,https://github.com/dawsbot/eth-labels,medium,2026-10-01
0x89644ca1bb8064760312ae4f03ea41b05da3637c,arbitrum,aave,Aave:  Payloads Controller,defi,eth-labels,https://github.com/dawsbot/eth-labels,medium,2026-10-01
0x89d976629b7055ff1ca02b927ba3e020f22a44e4,arbitrum,aave,Aave: sLINK Token V3,defi,eth-labels+etherscan-labels,https://github.com/dawsbot/eth-labels,medium,2026-10-01
0x8aa68ca9e25aab6f9f41bf341d12ab407ae099e2,arbitrum,aave,Aave: Fallback Oracle V3,defi,eth-labels+etherscan-labels,https://github.com/dawsbot/eth-labels,medium,2026-10-01
0x929ec64c34a17401f460460d4b9390518e5b473e,arbitrum,aave,Aave: Incentives V3,defi,eth-labels+etherscan-labels,https://github.com/dawsbot/eth-labels,medium,2026-10-01
0x92b42c66840c7ad907b4bf74879ff3ef7c529473,arbitrum,aave,Aave: vWBTC Token V3,defi,eth-labels+etherscan-labels,https://github.com/dawsbot/eth-labels,medium,2026-10-01
0x953a573793604af8d41f306feb8274190db4ae0e,arbitrum,aave,Aave: vLINK Token V3,defi,eth-labels+etherscan-labels,https://github.com/dawsbot/eth-labels,medium,2026-10-01
0x9abadecd08572e0ea5af4d47a9c7984a5aa503dc,arbitrum,aave,Aave: L2 Encoder V3,defi,eth-labels+etherscan-labels,https://github.com/dawsbot/eth-labels,medium,2026-10-01
0xa72636cbcaa8f5ff95b2cc47f3cdee83f3294a0b,arbitrum,aave,Aave: ACL Manager V3,defi,eth-labels+etherscan-labels,https://github.com/dawsbot/eth-labels,medium,2026-10-01
0xa97684ead0e402dc232d5a977953df7ecbab3cdb,arbitrum,aave,Aave: Pool Addresses Provider V3,defi,eth-labels+etherscan-labels,https://github.com/dawsbot/eth-labels,medium,2026-10-01
0xae9f94bd98ec2831a1330e0418be0fdb5c95c2b9,arbitrum,aave,Aave: Paraswap Liquidity Swap Adapter V3,defi,eth-labels,https://github.com/dawsbot/eth-labels,medium,2026-10-01
0xb56c2f0b653b2e0b10c9b928c8580ac5df02c7c7,arbitrum,aave,Aave: Aave Oracle V3,defi,eth-labels+etherscan-labels,https://github.com/dawsbot/eth-labels,medium,2026-10-01
0xb5ee21786d28c5ba61661550879475976b707099,arbitrum,aave,Aave: Wrapped Token Gateway V3,defi,eth-labels,https://github.com/dawsbot/eth-labels,medium,2026-10-01
0xbc790382b3686abffe4be14a030a96ac6154023a,arbitrum,aave,Aave: Wallet Balance Provider V3,defi,eth-labels+etherscan-labels,https://github.com/dawsbot/eth-labels,medium,2026-10-01
0xc09e69e79106861df5d289da88349f10e2dc6b5c,arbitrum,aave,Aave: WETH Gateway V3,defi,eth-labels+etherscan-labels,https://github.com/dawsbot/eth-labels,medium,2026-10-01
0xc3301b30f4ecbfd59de0d74e89690c1a70c6f21b,arbitrum,aave,Aave: Treasury Controller V3,defi,eth-labels+etherscan-labels,https://github.com/dawsbot/eth-labels,medium,2026-10-01
0xd8ad37849950903571df17049516a5cd4cbe55f6,arbitrum,aave,Aave: sWETH Token V3,defi,eth-labels+etherscan-labels,https://github.com/dawsbot/eth-labels,medium,2026-10-01
0xd94112b5b62d53c9402e7a60289c6810def1dc9b,arbitrum,aave,Aave: sDAI Token V3,defi,eth-labels+etherscan-labels,https://github.com/dawsbot/eth-labels,medium,2026-10-01
0xda67af3403555ce0ae3ffc22fdb7354458277358,arbitrum,aave,Aave: UiIncentive Data Provider V3,defi,eth-labels,https://github.com/dawsbot/eth-labels,medium,2026-10-01
0xe50fa9b3c56ffb159cb0fca61f5c9d750e8128c8,arbitrum,aave,Aave: aWETH Token V3,defi,eth-labels+etherscan-labels,https://github.com/dawsbot/eth-labels,medium,2026-10-01
0xe80761ea617f66f96274ea5e8c37f03960ecc679,arbitrum,aave,Aave: vAAVE Token V3,defi,eth-labels+etherscan-labels,https://github.com/dawsbot/eth-labels,medium,2026-10-01
0xefdd7374551897b11a23ec7b5694c713dfda76f1,arbitrum,aave,Aave: Ui Incentive Data Provider V3,defi,eth-labels+etherscan-labels,https://github.com/dawsbot/eth-labels,medium,2026-10-01
0xf15f26710c827dde8acba678682f3ce24f2fb56e,arbitrum,aave,Aave: sEURS Token V3,defi,eth-labels+etherscan-labels,https://github.com/dawsbot/eth-labels,medium,2026-10-01
0xf329e36c7bf6e5e86ce2150875a84ce77f477375,arbitrum,aave,Aave: aAAVE Token V3,defi,eth-labels+etherscan-labels,https://github.com/dawsbot/eth-labels,medium,2026-10-01
0xfaef6a702d15428e588d4c0614aefb4348d83d48,arbitrum,aave,Aave: sAAVE Token V3,defi,eth-labels+etherscan-labels,https://github.com/dawsbot/eth-labels,medium,2026-10-01
0xfb00ac187a8eb5afae4eace434f493eb62672df7,arbitrum,aave,Aave: vUSDT Token V3,defi,eth-labels+etherscan-labels,https://github.com/dawsbot/eth-labels,medium,2026-10-01
0xfccf3cabbe80101232d343252614b6a3ee81c989,arbitrum,aave,Aave: vUSDC Token V3,defi,eth-labels+etherscan-labels,https://github.com/dawsbot/eth-labels,medium,2026-10-01
0xff1137243698caa18ee364cc966cf0e02a4e6327,arbitrum,aave,Aave : Executor Lvl1,defi,eth-labels,https://github.com/dawsbot/eth-labels,medium,2026-10-01
0x697a71353a4bc1eb1356763018a229c27a3fba0c,arbitrum,balancer,Balancer: Deployer,defi,eth-labels+etherscan-labels,https://github.com/dawsbot/eth-labels,medium,2026-10-01
0x751a0bc0e3f75b38e01cf25bfce7ff36de1c87de,arbitrum,balancer,Balancer: Merkle Orchard,defi,eth-labels,https://github.com/dawsbot/eth-labels,medium,2026-10-01
0x7c68c42de679ffb0f16216154c996c354cf1161b,arbitrum,balancer,Balancer: Protocol Fees Multisig,defi,eth-labels,https://github.com/dawsbot/eth-labels,medium,2026-10-01
0xaf23dc5983230e9eeaf93280e312e57539d098d0,arbitrum,balancer,Balancer: Arbitrum DAO Multisig,defi,eth-labels,https://github.com/dawsbot/eth-labels,medium,2026-10-01
0xba12222222228d8ba445958a75a0704d566bf2c8,arbitrum,balancer,Balancer: Vault,defi,eth-labels,https://github.com/dawsbot/eth-labels,medium,2026-10-01
0xc38c5f97b34e175ffd35407fc91a937300e33860,arbitrum,balancer,Balancer: Liquid Mining Safe,defi,eth-labels,https://github.com/dawsbot/eth-labels,medium,2026-10-01
0x246e20bf778b3e16cb71eca535f40f8c4e6c4185,arbitrum,contract-deployer,Aave: Deployer 3,defi,eth-labels,https://github.com/dawsbot/eth-labels,medium,2026-10-01
0x4365f8e70cf38c6ca67de41448508f2da8825500,arbitrum,contract-deployer,Aave: Deployer,defi,eth-labels+etherscan-labels,https://github.com/dawsbot/eth-labels,medium,2026-10-01
0x512fce9b07ce64590849115ee6b32fd40ec0f5f3,arbitrum,contract-deployer,Balancer: Deployer 2,defi,eth-labels,https://github.com/dawsbot/eth-labels,medium,2026-10-01
0x5f799f365fa8a2b60ac0429c48b153ca5a6f0cf8,arbitrum,contract-deployer,GMX: Deployer,defi,eth-labels+etherscan-labels,https://github.com/dawsbot/eth-labels,medium,2026-10-01
0x663392b728ce212c50c92e5f4abb09395d4ec377,arbitrum,contract-deployer,Aave: Deployer 4,defi,eth-labels,https://github.com/dawsbot/eth-labels,medium,2026-10-01
0x6c9fc64a53c1b71fb3f9af64d1ae3a4931a5f4e9,arbitrum,contract-deployer,Uniswap V3: Deployer,defi,eth-labels,https://github.com/dawsbot/eth-labels,medium,2026-10-01
0x854b004700885a61107b458f11ecc169a019b764,arbitrum,contract-deployer,Balancer: Deployer 1,defi,eth-labels,https://github.com/dawsbot/eth-labels,medium,2026-10-01
0x9124b49270a464ddb6f36dc212eee5b1d69d5133,arbitrum,contract-deployer,Frax Finance: Deployer,defi,eth-labels+etherscan-labels,https://github.com/dawsbot/eth-labels,medium,2026-10-01
0x945d7a0fa3d7aa26ea977d0dedfbbd5aed55730c,arbitrum,contract-deployer,Balancer: Deployer 4,defi,eth-labels,https://github.com/dawsbot/eth-labels,medium,2026-10-01
0x976f07a571f9ab358c1e5f9bff5b4950dbeca327,arbitrum,contract-deployer,Aave: Deployer 1,defi,eth-labels,https://github.com/dawsbot/eth-labels,medium,2026-10-01
0xd131f1bcdd547e067af447dd3c36c99d6be9fdeb,arbitrum,contract-deployer,Balancer: Deployer 3,defi,eth-labels,https://github.com/dawsbot/eth-labels,medium,2026-10-01
0xd2361dc1334414c82add43a478c026770bc091d6,arbitrum,contract-deployer,DAO Maker: Deployer,defi,eth-labels,https://github.com/dawsbot/eth-labels,medium,2026-10-01
0xe1f695ae9e6056a97f1d17bb2c984bb8f4455bb0,arbitrum,contract-deployer,Aave: Deployer 2,defi,eth-labels,https://github.com/dawsbot/eth-labels,medium,2026-10-01
0xec576a26335de1c360d2fc9a68cba6ba37af4a13,arbitrum,contract-deployer,Lido: Deployer,defi,eth-labels,https://github.com/dawsbot/eth-labels,medium,2026-10-01
0x5ba1e12693dc8f9c48aad8770482f4739beed696,arbitrum,deprecated,Uniswap V3: Old Multicall 2,defi,eth-labels,https://github.com/dawsbot/eth-labels,medium,2026-10-01
0x5ca135cb8527d76e932f34b5145575f9d8cbe08e,arbitrum,deprecated,Fraxswap: Factory,defi,eth-labels+etherscan-labels,https://github.com/dawsbot/eth-labels,medium,2026-10-01
0xc2544a32872a91f4a553b404c6950e89de901fdb,arbitrum,deprecated,Fraxswap: Router,defi,eth-labels+etherscan-labels,https://github.com/dawsbot/eth-labels,medium,2026-10-01
0x0689640d190b10765f09310fcfe9c670ede4e25b,arbitrum,sushiswap,SushiSwap: FuroVesting,defi,eth-labels,https://github.com/dawsbot/eth-labels,medium,2026-10-01
0x0c1cf6883efa1b496b01f654e247b9b419873054,arbitrum,sushiswap,Sushiswap: DPX,defi,eth-labels+etherscan-labels,https://github.com/dawsbot/eth-labels,medium,2026-10-01
0x312a8e33d78d3ab79e62971e86e5e8c9c5e28d64,arbitrum,sushiswap,SushiSwap: Furo Vesting Router,defi,eth-labels,https://github.com/dawsbot/eth-labels,medium,2026-10-01
0x4ab2fc6e258a0ca7175d05ff10c5cf798a672cae,arbitrum,sushiswap,SushiSwap: FuroStream,defi,eth-labels,https://github.com/dawsbot/eth-labels,medium,2026-10-01
0x53b08dbd70327b7ba3b7886fc9987bc985d27262,arbitrum,sushiswap,SushiSwap: SushiXSwap,defi,eth-labels,https://github.com/dawsbot/eth-labels,medium,2026-10-01
0xc2fb256aba36852dccea92181ec6b355f09a0288,arbitrum,sushiswap,SushiSwap: Stable Pool Factory,defi,eth-labels,https://github.com/dawsbot/eth-labels,medium,2026-10-01
0xc79ae87e9f55761c08e346b98dddf070c9872787,arbitrum,sushiswap,SushiSwap: Constant Product Pool Factory,defi,eth-labels,https://github.com/dawsbot/eth-labels,medium,2026-10-01
0xd9988b4b5bbc53a794240496cfa9bf5b1f8e0523,arbitrum,sushiswap,SushiSwap: Trident Router,defi,eth-labels,https://github.com/dawsbot/eth-labels,medium,2026-10-01
0xf30cf8d373d78d7964a2f7793b730bf7ae0970a8,arbitrum,sushiswap,SushiSwap: Furo Stream Router,defi,eth-labels,https://github.com/dawsbot/eth-labels,medium,2026-10-01
0x13ad51ed4f1b7e9dc168d8a00cb3f4ddd85efa60,arbitrum,token-contract,Lido: LDO Token,defi,eth-labels,https://github.com/dawsbot/eth-labels,medium,2026-10-01
0x178412e79c25968a32e89b11f63b33f733770c2a,arbitrum,token-contract,Frax Finance: frxETH Token,defi,eth-labels,https://github.com/dawsbot/eth-labels,medium,2026-10-01
0x178e029173417b1f9c8bc16dcec6f697bc323746,arbitrum,token-contract,Lido: Balancer 50wstETH-50USDC,defi,eth-labels,https://github.com/dawsbot/eth-labels,medium,2026-10-01
0x17fc002b466eec40dae837fc4be5c67993ddbd6f,arbitrum,token-contract,Frax Finance: FRAX Token,defi,eth-labels,https://github.com/dawsbot/eth-labels,medium,2026-10-01
0x1b01514a2b3cdef16fd3c680a818a0ab97da8a09,arbitrum,token-contract,Frax Finance: FPI Token,defi,eth-labels,https://github.com/dawsbot/eth-labels,medium,2026-10-01
0x1d42783e7eeacae12ebc315d1d2d0e3c6230a068,arbitrum,token-contract,Rage Trade: Curve Yield Strategy,defi,eth-labels,https://github.com/dawsbot/eth-labels,medium,2026-10-01
0x1fd865a55eaf5333e6374fb3ad66d22e9885d3aa,arbitrum,token-contract,Notional Finance: pFrax Token,defi,eth-labels,https://github.com/dawsbot/eth-labels,medium,2026-10-01
0x2f546ad4edd93b956c8999be404cdcafde3e89ae,arbitrum,token-contract,GMX: sGLP Token,defi,eth-labels,https://github.com/dawsbot/eth-labels,medium,2026-10-01
0x3405e88af759992937b84e58f2fe691ef0eea320,arbitrum,token-contract,Frax Finance: FPIS Token,defi,eth-labels,https://github.com/dawsbot/eth-labels,medium,2026-10-01
0x38d693ce1df5aadf7bc62595a37d667ad57922e5,arbitrum,token-contract,Aave: aArbFRAX Token,defi,eth-labels,https://github.com/dawsbot/eth-labels,medium,2026-10-01
0x498bf2b1e120fed3ad3d42ea2165e9b73f99c1e5,arbitrum,token-contract,Curve.fi: crvUSD Token,defi,eth-labels,https://github.com/dawsbot/eth-labels,medium,2026-10-01
0x513c7e3a9c69ca3e22550ef58ac1c0088e918fff,arbitrum,token-contract,Aave: aArbwstETH Token,defi,eth-labels,https://github.com/dawsbot/eth-labels,medium,2026-10-01
0x5dcf474814515b58ca0ca5e80bbb00d18c5b5cf8,arbitrum,token-contract,Liquid Finance: SushiSwap LP Token,defi,eth-labels,https://github.com/dawsbot/eth-labels,medium,2026-10-01
0x6533afac2e7bccb20dca161449a13a32d391fb00,arbitrum,token-contract,Aave: aArbARB Token,defi,eth-labels,https://github.com/dawsbot/eth-labels,medium,2026-10-01
0x69633657acfb930d5a97a2662dd32ef1ac8a2f57,arbitrum,token-contract,Notional Finance: nFRAX Token,defi,eth-labels,https://github.com/dawsbot/eth-labels,medium,2026-10-01
0x8652de5310746e8de24cbe17ee8b5fe1e78febcc,arbitrum,token-contract,Notional Finance: pGMX Token,defi,eth-labels,https://github.com/dawsbot/eth-labels,medium,2026-10-01
0x8eb270e296023e9d92081fdf967ddd7878724424,arbitrum,token-contract,Aave: aArbrETH Token,defi,eth-labels,https://github.com/dawsbot/eth-labels,medium,2026-10-01
0x8ffdf2de812095b1d19cb146e4c004587c0a0692,arbitrum,token-contract,Aave: aArbLUSD Token,defi,eth-labels,https://github.com/dawsbot/eth-labels,medium,2026-10-01
0x95ab45875cffdba1e5f451b950bc2e42c0053f39,arbitrum,token-contract,Frax Finance: sfrxETH Token,defi,eth-labels,https://github.com/dawsbot/eth-labels,medium,2026-10-01
0x9873795f5dab11e1c0342c4a58904c59827ede0c,arbitrum,token-contract,Multichain: anySUSHI Token,defi,eth-labels,https://github.com/dawsbot/eth-labels,medium,2026-10-01
0x9d2f299715d94d8a7e6f5eaa8e654e8c74a988a7,arbitrum,token-contract,Frax Finance: FXS Token,defi,eth-labels,https://github.com/dawsbot/eth-labels,medium,2026-10-01
0xc36442b4a4522e871399cd717abdd847ab11fe88,arbitrum,token-contract,Uniswap V3: Positions NFT,defi,eth-labels,https://github.com/dawsbot/eth-labels,medium,2026-10-01
0xc4c98e6feccfc0f5dd8cbea9dcfedcfa8425ed97,arbitrum,token-contract,Frax Finance: FXB_20241231 Token,defi,eth-labels,https://github.com/dawsbot/eth-labels,medium,2026-10-01
0xcaa38bcc8fb3077975bbe217acfaa449e6596a84,arbitrum,token-contract,DAO Maker: DAO Token,defi,eth-labels,https://github.com/dawsbot/eth-labels,medium,2026-10-01
0xd2d1162512f927a7e282ef43a362659e4f2a728f,arbitrum,token-contract,GMX: Staked GMX,defi,eth-labels,https://github.com/dawsbot/eth-labels,medium,2026-10-01
0xe3f7c2e873d8f73bca7961e2d2e18bbde2bda7ec,arbitrum,token-contract,Frax Finance: FXB_20261231 Token,defi,eth-labels,https://github.com/dawsbot/eth-labels,medium,2026-10-01
0xfb5e6d0c1dfed2ba000fbc040ab8df3615ac329c,arbitrum,token-contract,Balancer: wstETH/WETH Pool,defi,eth-labels,https://github.com/dawsbot/eth-labels,medium,2026-10-01
0xfc5a1a6eb076a2c7ad06ed22c90d7e710e35ad0a,arbitrum,token-contract,GMX: GMX Token,defi,eth-labels,https://github.com/dawsbot/eth-labels,medium,2026-10-01
0x000000000022d473030f116ddee9f6b43ac78ba3,arbitrum,uniswap,Uniswap Protocol: Permit2,defi,eth-labels,https://github.com/dawsbot/eth-labels,medium,2026-10-01
0x1f98431c8ad98523631ae4a59f267346ea31f984,arbitrum,uniswap,Uniswap V3: Factory,defi,eth-labels,https://github.com/dawsbot/eth-labels,medium,2026-10-01
0x42b24a95702b9986e82d421cc3568932790a48ec,arbitrum,uniswap,Uniswap V3: NFT Descriptor,defi,eth-labels,https://github.com/dawsbot/eth-labels,medium,2026-10-01
0x4c60051384bd2d3c01bfc845cf5f4b44bcbe9de5,arbitrum,uniswap,Uniswap: Universal Router,defi,eth-labels,https://github.com/dawsbot/eth-labels,medium,2026-10-01
0x61ffe014ba17989e743c5f6cb21bf9697530b21e,arbitrum,uniswap,Uniswap: Quoter V2,defi,eth-labels,https://github.com/dawsbot/eth-labels,medium,2026-10-01
0x7bb5e71fab18feba077b28355f20f5643ceece28,arbitrum,uniswap,Uniswap V3: SPA-USDC,defi,eth-labels,https://github.com/dawsbot/eth-labels,medium,2026-10-01
0x91ae842a5ffd8d12023116943e72a606179294f3,arbitrum,uniswap,Uniswap V3: LP Descriptor NFT,defi,eth-labels,https://github.com/dawsbot/eth-labels,medium,2026-10-01
0xa5644e29708357803b5a882d272c41cc0df92b34,arbitrum,uniswap,Uniswap V3: Migrator,defi,eth-labels,https://github.com/dawsbot/eth-labels,medium,2026-10-01
0xb27308f9f90d607463bb33ea1bebb41c27ce5ab6,arbitrum,uniswap,Uniswap V3: Quoter,defi,eth-labels,https://github.com/dawsbot/eth-labels,medium,2026-10-01
0xb753548f6e010e7e680ba186f9ca1bdab2e90cf2,arbitrum,uniswap,Uniswap V3: Proxy Admin,defi,eth-labels,https://github.com/dawsbot/eth-labels,medium,2026-10-01
0xbf69a56d35b8d6f5a8e0e96b245a72f735751e54,arbitrum,uniswap,Uniswap V3: Multicall 2,defi,eth-labels,https://github.com/dawsbot/eth-labels,medium,2026-10-01
0xbfd8137f7d1516d3ea5ca83523914859ec47f573,arbitrum,uniswap,Uniswap V3: Tick Lens,defi,eth-labels,https://github.com/dawsbot/eth-labels,medium,2026-10-01
0xc94560e81ce1a78b2a5f686a9a913e8560c00234,arbitrum,uniswap,Uniswap V3: SPA-ETH,defi,eth-labels,https://github.com/dawsbot/eth-labels,medium,2026-10-01
0xee6a57ec80ea46401049e92587e52f5ec1c24785,arbitrum,uniswap,Uniswap V3: Transparent Upgradeable Proxy,defi,eth-labels,https://github.com/dawsbot/eth-labels,medium,2026-10-01
0xef1c6e67703c7bd7107eed8303fbe6ec2554bf6b,arbitrum,uniswap,Uniswap: Universal Router 2,defi,eth-labels,https://github.com/dawsbot/eth-labels,medium,2026-10-01
0x0000000000000000000000000000000000000064,arbitrum,arbitrum,Arbitrum: ArbSys,entity,eth-labels,https://github.com/dawsbot/eth-labels,medium,2026-10-01
0x0000000000000000000000000000000000000065,arbitrum,arbitrum,Arbitrum: ArbInfo,entity,eth-labels,https://github.com/dawsbot/eth-labels,medium,2026-10-01
0x0000000000000000000000000000000000000066,arbitrum,arbitrum,Arbitrum: ArbAddressTable,entity,eth-labels,https://github.com/dawsbot/eth-labels,medium,2026-10-01
0x0000000000000000000000000000000000000067,arbitrum,arbitrum,Arbitrum: ArbBLS,entity,eth-labels,https://github.com/dawsbot/eth-labels,medium,2026-10-01
0x0000000000000000000000000000000000000068,arbitrum,arbitrum,Arbitrum: ArbFunctionTable,entity,eth-labels,https://github.com/dawsbot/eth-labels,medium,2026-10-01
0x000000000000000000000000000000000000006c,arbitrum,arbitrum,Arbitrum: ArbGasInfo,entity,eth-labels,https://github.com/dawsbot/eth-labels,medium,2026-10-01
0x000000000000000000000000000000000000006d,arbitrum,arbitrum,Arbitrum: ArbAggregator,entity,eth-labels,https://github.com/dawsbot/eth-labels,medium,2026-10-01
0x000000000000000000000000000000000000006e,arbitrum,arbitrum,Arbitrum: ArbRetryableTx,entity,eth-labels,https://github.com/dawsbot/eth-labels,medium,2026-10-01
0x000000000000000000000000000000000000006f,arbitrum,arbitrum,Arbitrum: ArbStatistics,entity,eth-labels,https://github.com/dawsbot/eth-labels,medium,2026-10-01
0x00000000000000000000000000000000000000c8,arbitrum,arbitrum,Arbitrum: NodeInterface,entity,eth-labels,https://github.com/dawsbot/eth-labels,medium,2026-10-01
0x1d62ffeb72e4c360ccbbacf7c965153b00260417,arbitrum,arbitrum,Arbitrum Foundation: Constitution Hash,entity,eth-labels,https://github.com/dawsbot/eth-labels,medium,2026-10-01
0x2b9acfd85440b7828db8e54694ee07b2b056b30c,arbitrum,arbitrum,Arbitrum Foundation: Deployer,entity,eth-labels+etherscan-labels,https://github.com/dawsbot/eth-labels,medium,2026-10-01
0x34d45e99f7d8c45ed05b5ca72d54bbd1fb3f98f0,arbitrum,arbitrum,Arbitrum Foundation: L2 Timelock,entity,eth-labels,https://github.com/dawsbot/eth-labels,medium,2026-10-01
0x3568a44b3e72f5b17a0e14e53fdb7366b3b7ad13,arbitrum,arbitrum,Arbitrum Foundation: Old L2 Security Council 9,entity,eth-labels,https://github.com/dawsbot/eth-labels,medium,2026-10-01
0x423552c0f05baccac5bfa91c6dcf1dc53a0a1641,arbitrum,arbitrum,Arbitrum Foundation: L1 Security Council 9,entity,eth-labels,https://github.com/dawsbot/eth-labels,medium,2026-10-01
0x67a24ce4321ab3af51c2d0a4801c3e111d88c9d9,arbitrum,arbitrum,Arbitrum Foundation: Token Distributor,entity,eth-labels,https://github.com/dawsbot/eth-labels,medium,2026-10-01
0x789fc99093b09ad01c34dc7251d0c89ce743e5a4,arbitrum,arbitrum,Arbitrum Foundation: Treasury Governor,entity,eth-labels+etherscan-labels,https://github.com/dawsbot/eth-labels,medium,2026-10-01
0x7ecfbaa8742fdf5756dac92fbc8b90a19b8815bf,arbitrum,arbitrum,Arbitrum One: L2 Multicall,entity,eth-labels,https://github.com/dawsbot/eth-labels,medium,2026-10-01
0x842ec2c7d803033edf55e478f461fc547bc54eb2,arbitrum,arbitrum,Arbitrum: L2 Multicall,entity,eth-labels,https://github.com/dawsbot/eth-labels,medium,2026-10-01
0x895c9fc6bcf06e553b54a9fe11d948d67a9b76fa,arbitrum,arbitrum,Arbitrum Foundation: Old L2 Security Council 7,entity,eth-labels,https://github.com/dawsbot/eth-labels,medium,2026-10-01
0x912ce59144191c1204e64559fe8253a0e49e6548,arbitrum,arbitrum,Arbitrum Foundation: ARB Token,entity,eth-labels+etherscan-labels,https://github.com/dawsbot/eth-labels,medium,2026-10-01
0xadd68bcb0f66878ab9d37a447c7b9067c5dfa941,arbitrum,arbitrum,Arbitrum Foundation: L1 Security Council 7,entity,eth-labels,https://github.com/dawsbot/eth-labels,medium,2026-10-01
0xbb1a241dcbd6a3894cb61f659034874dc9cf65d4,arbitrum,arbitrum,Arbitrum: Deployer 1,entity,eth-labels+etherscan-labels,https://github.com/dawsbot/eth-labels,medium,2026-10-01
0xcad7828a19b363a2b44717afb1786b5196974d8e,arbitrum,arbitrum,Arbitrum Foundation: ARB Gateway,entity,eth-labels,https://github.com/dawsbot/eth-labels,medium,2026-10-01
0xcf57572261c7c2bcf21ffd220ea7d1a27d40a827,arbitrum,arbitrum,Arbitrum Foundation: Upgrade Executor,entity,eth-labels,https://github.com/dawsbot/eth-labels,medium,2026-10-01
0xf07ded9dc292157749b6fd268e37df6ea38395b9,arbitrum,arbitrum,Arbitrum Foundation: Core Governor,entity,eth-labels+etherscan-labels,https://github.com/dawsbot/eth-labels,medium,2026-10-01
0xf3fc178157fb3c87548baa86f9d24ba38e649b58,arbitrum,arbitrum,Arbitrum Foundation: DAO Treasury,entity,eth-labels,https://github.com/dawsbot/eth-labels,medium,2026-10-01
0x53c09096b1dc52e2ef223b2969a714ee75da364f,arbitrum,aura-finance,Aura: Create2Factory,entity,eth-labels,https://github.com/dawsbot/eth-labels,medium,2026-10-01
0x617963d46b882ece880ab18bc232f513e91fdd47,arbitrum,aura-finance,Aura: Claim Zap,entity,eth-labels,https://github.com/dawsbot/eth-labels,medium,2026-10-01
0xd1a6e8ca5d4d6c1fa0cd1f6937a49d3f380dac62,arbitrum,aura-finance,Aura: Protocol Multi-sig,entity,eth-labels,https://github.com/dawsbot/eth-labels,medium,2026-10-01
0x2102c32a09cbced4146c3db2d27ae21a185bda43,arbitrum,axelar,Axelar: Relayer 2,entity,eth-labels,https://github.com/dawsbot/eth-labels,medium,2026-10-01
0x26ff577818a40d1333944b7492e23619303f5d84,arbitrum,axelar,Axelar: Relayer 7,entity,eth-labels,https://github.com/dawsbot/eth-labels,medium,2026-10-01
0x345662abfe0e257e23552a434d02ef274ccb6a90,arbitrum,axelar,Axelar: Relayer 4,entity,eth-labels,https://github.com/dawsbot/eth-labels,medium,2026-10-01
0x9173cc813d2011a00c5a854514cd89a80eb704ff,arbitrum,axelar,Axelar: Relayer 1,entity,eth-labels,https://github.com/dawsbot/eth-labels,medium,2026-10-01
0xb28837949e7a3f1ac862036e8a0ae392c9ff9bb4,arbitrum,axelar,Axelar: Relayer 3,entity,eth-labels,https://github.com/dawsbot/eth-labels,medium,2026-10-01
0xb5796a24ededad76f4f4affa17b76aeb9a0da3bc,arbitrum,axelar,Axelar: Relayer (Legacy),entity,eth-labels+etherscan-labels,https://github.com/dawsbot/eth-labels,medium,2026-10-01
0xc77820eef59629fc8d88154977bc8de8a1b2f4ae,arbitrum,axelar,Axelar: Relayer 6,entity,eth-labels,https://github.com/dawsbot/eth-labels,medium,2026-10-01
0xd36aac0c9676e984d72823fb662ce94d3ab5e551,arbitrum,axelar,Axelar: Relayer 5,entity,eth-labels,https://github.com/dawsbot/eth-labels,medium,2026-10-01
0xe743a49f04f2f77eb2d3b753ae3ad599de8cea84,arbitrum,axelar,Axelar: Express Relayer 1,entity,eth-labels,https://github.com/dawsbot/eth-labels,medium,2026-10-01
0x3f5eddad52c665a4aa011cd11a21e1d5107d7862,arbitrum,beefy,Beefy: Multisig,entity,eth-labels,https://github.com/dawsbot/eth-labels,medium,2026-10-01
0x48f4634c8383af01bf71aefbc125eb582eb3c74d,arbitrum,beefy,Beefy: Reward Pool,entity,eth-labels,https://github.com/dawsbot/eth-labels,medium,2026-10-01
0xc3a4fdcba79db04b4c3e352b1c467b3ba909d84a,arbitrum,beefy,Beefy: Treasury,entity,eth-labels,https://github.com/dawsbot/eth-labels,medium,2026-10-01
0x000000f9ee1842bb72f6bbdd75e6d3d4e3e9594c,arbitrum,biconomy,Biconomy: ERC-4337 Factory 1,entity,eth-labels,https://github.com/dawsbot/eth-labels,medium,2026-10-01
0x000031dd6d9d3a133e663660b959162870d755d4,arbitrum,biconomy,Biconomy: ERC-4337 Paymaster 1,entity,eth-labels,https://github.com/dawsbot/eth-labels,medium,2026-10-01
0x125ad1988cf1ec8c2dd7357621ad825603768365,arbitrum,biconomy,Biconomy: ERC-4337 Bundler 6,entity,eth-labels,https://github.com/dawsbot/eth-labels,medium,2026-10-01
0x3540b9de3c81b87d565884d4b73e3a48465744e6,arbitrum,biconomy,Biconomy: ERC-4337 Bundler 7,entity,eth-labels,https://github.com/dawsbot/eth-labels,medium,2026-10-01
0x37f1e47461465fc5cffd6cf0cc0bad3214ff4d38,arbitrum,biconomy,Biconomy: ERC-4337 Bundler 1,entity,eth-labels,https://github.com/dawsbot/eth-labels,medium,2026-10-01
0x38de38e6c2140e7382f4cc473775e290bda1f7ec,arbitrum,biconomy,Biconomy: ERC-4337 Bundler 9,entity,eth-labels,https://github.com/dawsbot/eth-labels,medium,2026-10-01
0x42cd60db9fec81eeb6059c3a39c8c1411418896a,arbitrum,biconomy,Biconomy: ERC-4337 Bundler 13,entity,eth-labels,https://github.com/dawsbot/eth-labels,medium,2026-10-01
0x67b4a9832dfbec071319e492f70e582ee316afc0,arbitrum,biconomy,Biconomy: ERC-4337 Bundler 14,entity,eth-labels,https://github.com/dawsbot/eth-labels,medium,2026-10-01
0x6dcdd525084aef7ba3819ba819b3fbba0bf9af2e,arbitrum,biconomy,Biconomy: ERC-4337 Bundler 12,entity,eth-labels,https://github.com/dawsbot/eth-labels,medium,2026-10-01
0x80213f829c8543eda6b1f0f303e94b8e504b53d8,arbitrum,biconomy,Biconomy: ERC-4337 Bundler 15,entity,eth-labels,https://github.com/dawsbot/eth-labels,medium,2026-10-01
0x85ea2ed4e0ef2121b02a05c2da5ce5f4a7d6548d,arbitrum,biconomy,Biconomy: ERC-4337 Bundler 11,entity,eth-labels,https://github.com/dawsbot/eth-labels,medium,2026-10-01
0x931ea9c1f469c56481fa33c23d365092e3f473cb,arbitrum,biconomy,Biconomy: ERC-4337 Bundler 4,entity,eth-labels,https://github.com/dawsbot/eth-labels,medium,2026-10-01
0x962718024f19a40959dc25f1546216b3293f1da1,arbitrum,biconomy,Biconomy: ERC-4337 Bundler 10,entity,eth-labels,https://github.com/dawsbot/eth-labels,medium,2026-10-01
0xa0104fd8afbe3cf0b8b21ccf0890a8100941cf2d,arbitrum,biconomy,Biconomy: ERC-4337 Bundler 5,entity,eth-labels,https://github.com/dawsbot/eth-labels,medium,2026-10-01
0xbae8a5e668769ad612f45758306dc1961de9a645,arbitrum,biconomy,Biconomy: ERC-4337 Bundler 2,entity,eth-labels,https://github.com/dawsbot/eth-labels,medium,2026-10-01
0xc251a9fb38f6272813f7d8b50dfc1b68400764b4,arbitrum,biconomy,Biconomy: ERC-4337 Bundler 3,entity,eth-labels,https://github.com/dawsbot/eth-labels,medium,2026-10-01
0xf5e78bb0fae26ddf88b5cf36fe8be63a51d66b95,arbitrum,biconomy,Biconomy: ERC-4337 Bundler 8,entity,eth-labels,https://github.com/dawsbot/eth-labels,medium,2026-10-01
0xa312d8d37be746bd09cbd9e9ba2ef16bc7da48ff,arbitrum,blocto,Blocto: ERC-4337 Paymaster 1,entity,eth-labels,https://github.com/dawsbot/eth-labels,medium,2026-10-01
0xf7ccfaee69cd8a0b3a62c2a0f35f95cc7e588183,arbitrum,blocto,Blocto: ERC-4337 Factory 1,entity,eth-labels,https://github.com/dawsbot/eth-labels,medium,2026-10-01
0x0000000000000000000000000000000000000000,arbitrum,burn,Null: 0x000…000,entity,eth-labels+etherscan-labels,https://github.com/dawsbot/eth-labels,medium,2026-10-01
0x000000000000000000000000000000000000dead,arbitrum,burn,Null: 0x000...dEaD,entity,eth-labels+etherscan-labels,https://github.com/dawsbot/eth-labels,medium,2026-10-01
0x01bb7b44cc398aaa2b76ac6253f0f5634279db9d,arbitrum,camelot,Camelot: Deployer,entity,eth-labels+etherscan-labels,https://github.com/dawsbot/eth-labels,medium,2026-10-01
0x03ff2d78afb69e0859ec6beb4cf107d3741e97ab,arbitrum,camelot,Camelot: Ecosystem,entity,eth-labels,https://github.com/dawsbot/eth-labels,medium,2026-10-01
0x3b8c741651e2913c26fa926555a75f09f3255866,arbitrum,camelot,Camelot: Dividends treasury,entity,eth-labels,https://github.com/dawsbot/eth-labels,medium,2026-10-01
0x3caae25ee616f2c8e13c74da0813402eae3f496b,arbitrum,camelot,Camelot: xGRAIL Token,entity,eth-labels+etherscan-labels,https://github.com/dawsbot/eth-labels,medium,2026-10-01
0x3d9907f9a368ad0a51be60f7da3b97cf940982d8,arbitrum,camelot,Camelot: GRAIL Token,entity,eth-labels+etherscan-labels,https://github.com/dawsbot/eth-labels,medium,2026-10-01
0x48e365daebe55aa21bb39e4c2876661827d566c5,arbitrum,camelot,Camelot: Reserve funds,entity,eth-labels,https://github.com/dawsbot/eth-labels,medium,2026-10-01
0x5422aa06a38fd9875fc2501380b40659feebd3bb,arbitrum,camelot,Camelot: Dividends V2,entity,eth-labels,https://github.com/dawsbot/eth-labels,medium,2026-10-01
0x55401a4f396b3655f66bf6948a1a4dc61dfc21f4,arbitrum,camelot,Camelot: Master,entity,eth-labels,https://github.com/dawsbot/eth-labels,medium,2026-10-01
0x5a5a7c0108cef44549b7782495b1df2ad5294da3,arbitrum,camelot,Camelot: Team vesting,entity,eth-labels,https://github.com/dawsbot/eth-labels,medium,2026-10-01
0x5f3a574fb89022a417b3a169a720dc0d8fb1a3d3,arbitrum,camelot,Camelot: Buy back & Burn,entity,eth-labels,https://github.com/dawsbot/eth-labels,medium,2026-10-01
0x6a63830e24f9a2f9c295fb2150107d0390ed1448,arbitrum,camelot,Camelot: Protocol Earnings,entity,eth-labels,https://github.com/dawsbot/eth-labels,medium,2026-10-01
0x6db1ef0df42e30acf139a70c1ed0b7e6c51dbf6d,arbitrum,camelot,Camelot: NFT Pool Factory,entity,eth-labels,https://github.com/dawsbot/eth-labels,medium,2026-10-01
0x6eccab422d763ac031210895c81787e87b43a652,arbitrum,camelot,Camelot: Factory,entity,eth-labels,https://github.com/dawsbot/eth-labels,medium,2026-10-01
0x8b4ee9a030c50fd02c845a171064f8fca90cb155,arbitrum,camelot,Camelot: Advisors Vesting,entity,eth-labels,https://github.com/dawsbot/eth-labels,medium,2026-10-01
0x953bf6efe8f93c0fd615980a3af26be673683aaa,arbitrum,camelot,Camelot: Partnerships Vesting,entity,eth-labels,https://github.com/dawsbot/eth-labels,medium,2026-10-01
0xa47bee7c477d87431a701c7963065949b323bfe6,arbitrum,camelot,Camelot: Nitro Recovery,entity,eth-labels,https://github.com/dawsbot/eth-labels,medium,2026-10-01
0xc873fecbd354f5a56e00e710b90ef4201db2448d,arbitrum,camelot,Camelot: Router,entity,eth-labels,https://github.com/dawsbot/eth-labels,medium,2026-10-01
0xd27c373950e7466c53e5cd6ee3f70b240dc0b1b1,arbitrum,camelot,Camelot: Yield Booster,entity,eth-labels,https://github.com/dawsbot/eth-labels,medium,2026-10-01
0xe0a6b372ac6af4b37c7f3a989fe5d5b194c24569,arbitrum,camelot,Camelot: Nitro Pool Factory,entity,eth-labels,https://github.com/dawsbot/eth-labels,medium,2026-10-01
0xe31d786cc60f2e23ad65646d30546e46227af066,arbitrum,camelot,Camelot: Development funds,entity,eth-labels,https://github.com/dawsbot/eth-labels,medium,2026-10-01
0xe458018ad4283c90fb7f5460e24c4016f81b8175,arbitrum,camelot,Camelot: Position Helper,entity,eth-labels,https://github.com/dawsbot/eth-labels,medium,2026-10-01
0xf482881968d1f1d99397310636ff9fac070f63c6,arbitrum,camelot,Camelot: POL,entity,eth-labels,https://github.com/dawsbot/eth-labels,medium,2026-10-01
0x3cfdc212769c890907bce93d3d8c2c53de6a7a89,arbitrum,candide-wallet,Candide: ERC-4337 Bundler 1,entity,eth-labels,https://github.com/dawsbot/eth-labels,medium,2026-10-01
0x769f68e4ba8f53f3092eef34a42a811ab6365b05,arbitrum,candide-wallet,Candide: ERC-4337 Paymaster 2,entity,eth-labels,https://github.com/dawsbot/eth-labels,medium,2026-10-01
0xb73eb505abc30d0e7e15b73a492863235b3f4309,arbitrum,candide-wallet,Candide: ERC-4337 Factory 1,entity,eth-labels,https://github.com/dawsbot/eth-labels,medium,2026-10-01
0x02dc07c11f5260b1d38a3645dcf315c14a8391d1,arbitrum,cap-finance,CAP: Staking Store,entity,eth-labels,https://github.com/dawsbot/eth-labels,medium,2026-10-01
0x10f2f3b550d98b6e51461a83ad3fe27123391029,arbitrum,cap-finance,CAP Finance: USDC Rewards Pool,entity,eth-labels+etherscan-labels,https://github.com/dawsbot/eth-labels,medium,2026-10-01
0x1e91f67a5aa0137ad86eebad64e2c2a1b6ae30e5,arbitrum,cap-finance,CAP Finance: CAP Rewards ETH,entity,eth-labels+etherscan-labels,https://github.com/dawsbot/eth-labels,medium,2026-10-01
0x283c41b726634fbd6b72aa22741b202db7e56aac,arbitrum,cap-finance,CAP Finance: Treasury,entity,eth-labels+etherscan-labels,https://github.com/dawsbot/eth-labels,medium,2026-10-01
0x29087096c889fd7158cb6cba675ed561d36dbfa7,arbitrum,cap-finance,CAP: Position Store,entity,eth-labels,https://github.com/dawsbot/eth-labels,medium,2026-10-01
0x29163356bbaf0a3bfee9ba5a52a5c6463114cb5f,arbitrum,cap-finance,CAP Finance: ETH Rewards Pool,entity,eth-labels+etherscan-labels,https://github.com/dawsbot/eth-labels,medium,2026-10-01
0x328416146a3caa51bfd3f3e25c6f08784f03e276,arbitrum,cap-finance,CAP: Market Store,entity,eth-labels,https://github.com/dawsbot/eth-labels,medium,2026-10-01
0x32d6285bb79ebd74160787cb730ea2f4478c1ef6,arbitrum,cap-finance,CAP: Positions,entity,eth-labels,https://github.com/dawsbot/eth-labels,medium,2026-10-01
0x41dc0ea026cf7f54bea6053e3e9188fc4831d254,arbitrum,cap-finance,CAP: Staking,entity,eth-labels,https://github.com/dawsbot/eth-labels,medium,2026-10-01
0x59ee12714dfcfc300344f0256a4308c1c48e56ed,arbitrum,cap-finance,CAP Finance: Deployer,entity,eth-labels+etherscan-labels,https://github.com/dawsbot/eth-labels,medium,2026-10-01
0x5abff8f8d5b13253dcab1e427fdb3305ca620119,arbitrum,cap-finance,CAP Finance: Router,entity,eth-labels+etherscan-labels,https://github.com/dawsbot/eth-labels,medium,2026-10-01
0x764e7f8798d8193bed69030ae66eb304968c3f93,arbitrum,cap-finance,CAP: Treasury,entity,eth-labels,https://github.com/dawsbot/eth-labels,medium,2026-10-01
0x958cc92297e6f087f41a86125ba8e121f0fbecf2,arbitrum,cap-finance,CAP Finance: USDC Pool,entity,eth-labels+etherscan-labels,https://github.com/dawsbot/eth-labels,medium,2026-10-01
0x9bf72183e66c1a62f17b6aa68eb7648a04ae4bb1,arbitrum,cap-finance,CAP: Orders,entity,eth-labels,https://github.com/dawsbot/eth-labels,medium,2026-10-01
0xa64694e51b22a081ea1e4051ef4ea1b715b47026,arbitrum,cap-finance,CAP: Data Store,entity,eth-labels,https://github.com/dawsbot/eth-labels,medium,2026-10-01
0xb3463b8c598c3ad5051f4273272170bbdddb0ba9,arbitrum,cap-finance,CAP: Asset Store,entity,eth-labels,https://github.com/dawsbot/eth-labels,medium,2026-10-01
0xbdcd71007431db71a0605dda5ca30b2e635c0efc,arbitrum,cap-finance,CAP: Pool Store,entity,eth-labels,https://github.com/dawsbot/eth-labels,medium,2026-10-01
0xc8cdd2ea6a5149ced1f2d225d16a775ee081c67d,arbitrum,cap-finance,CAP Finance: CAP Pool,entity,eth-labels+etherscan-labels,https://github.com/dawsbot/eth-labels,medium,2026-10-01
0xcaec650502f15c1a6bff1c2288fc8f819776b2ec,arbitrum,cap-finance,CAP Finance: Trading,entity,eth-labels+etherscan-labels,https://github.com/dawsbot/eth-labels,medium,2026-10-01
0xceffac2522b837012b576770b6f5dd75a3f75c38,arbitrum,cap-finance,CAP Finance: CAP Rewards USDC,entity,eth-labels+etherscan-labels,https://github.com/dawsbot/eth-labels,medium,2026-10-01
0xd7731deac6595e7b84f96cf1f0e08f01ee39db50,arbitrum,cap-finance,CAP: Governable,entity,eth-labels,https://github.com/dawsbot/eth-labels,medium,2026-10-01
0xda813cc90041c9951ac7593252ba5a4ab70c14be,arbitrum,cap-finance,CAP: Processor,entity,eth-labels,https://github.com/dawsbot/eth-labels,medium,2026-10-01
0xdceae0877f2d722d1ebe26f117b44f0d6176046f,arbitrum,cap-finance,CAP: Pool,entity,eth-labels,https://github.com/dawsbot/eth-labels,medium,2026-10-01
0xe00975a0d7def3fae93832cc72d5ff50432fc857,arbitrum,cap-finance,CAP: Fund Store,entity,eth-labels,https://github.com/dawsbot/eth-labels,medium,2026-10-01
0xe09aeba82f5b497d5df38b4a36240937c5ac1673,arbitrum,cap-finance,CAP: Funding Store,entity,eth-labels,https://github.com/dawsbot/eth-labels,medium,2026-10-01
0xe0ccd451bb57851c1b2172c07d8b4a7c6952a54e,arbitrum,cap-finance,CAP Finance: ETH Pool,entity,eth-labels+etherscan-labels,https://github.com/dawsbot/eth-labels,medium,2026-10-01
0xe195a15533c01c8cd6b28f09066842486f80f8f2,arbitrum,cap-finance,CAP Finance: Oracle,entity,eth-labels+etherscan-labels,https://github.com/dawsbot/eth-labels,medium,2026-10-01
0xe5da4704a582fe799dcd1dff31dc2ed2e0bdc961,arbitrum,cap-finance,CAP: Role Store,entity,eth-labels,https://github.com/dawsbot/eth-labels,medium,2026-10-01
0xe73eccd1bbeed154d42731cd09552c6f2db42183,arbitrum,cap-finance,CAP: Chainlink,entity,eth-labels,https://github.com/dawsbot/eth-labels,medium,2026-10-01
0xf32f7045210913deae1df300abfa0f5f24f905f5,arbitrum,cap-finance,CAP: Funding,entity,eth-labels,https://github.com/dawsbot/eth-labels,medium,2026-10-01
0xf75efa4cb21529489877566ffe68229fff89f456,arbitrum,cap-finance,CAP: Order Store,entity,eth-labels,https://github.com/dawsbot/eth-labels,medium,2026-10-01
0xf7c9e1be73dd1a028bb45b86cfb78608c4ecb61c,arbitrum,cap-finance,CAP: Risk Store,entity,eth-labels,https://github.com/dawsbot/eth-labels,medium,2026-10-01
0x75237625cc7bdf0739cbb139b06484e05eee7878,arbitrum,circle,Circle: Deployer,entity,eth-labels,https://github.com/dawsbot/eth-labels,medium,2026-10-01
0xaf88d065e77c8cc2239327c5edb3a432268e5831,arbitrum,circle,Circle: USDC Token,entity,eth-labels,https://github.com/dawsbot/eth-labels,medium,2026-10-01
0x2983bf5c334743aa6657ad70a55041d720d225db,arbitrum,connext,Connext: nextWETH Token,entity,eth-labels+etherscan-labels,https://github.com/dawsbot/eth-labels,medium,2026-10-01
0x8c556cf37faa0eedac7ae665f1bb0fbd4b2eae36,arbitrum,connext,Connext: nextUSDC Token,entity,eth-labels+etherscan-labels,https://github.com/dawsbot/eth-labels,medium,2026-10-01
0xade09131c6f43fe22c2cbabb759636c43cfc181e,arbitrum,connext,Connext: Deployer,entity,eth-labels+etherscan-labels,https://github.com/dawsbot/eth-labels,medium,2026-10-01
0xee9dec2712cce65174b561151701bf54b99c24c8,arbitrum,connext,Connext,entity,eth-labels,https://github.com/dawsbot/eth-labels,medium,2026-10-01
0x000000b6887ae9706e5115db2ba8552c1f58b8e8,arbitrum,contract-deployer,Hepton: Deployer,entity,eth-labels,https://github.com/dawsbot/eth-labels,medium,2026-10-01
0x00000b827ad1750618cc47df895beaa1e1a1d6eb,arbitrum,contract-deployer,PEPEX: Deployer,entity,eth-labels,https://github.com/dawsbot/eth-labels,medium,2026-10-01
0x000057b10855dedd84ec8869dbd75f94fda098b4,arbitrum,contract-deployer,The Ennead: Deployer,entity,eth-labels,https://github.com/dawsbot/eth-labels,medium,2026-10-01
0x0000f2f41ee26f355747eda99e760064d9b30a16,arbitrum,contract-deployer,DefiTankLand: Deployer,entity,eth-labels,https://github.com/dawsbot/eth-labels,medium,2026-10-01
0x001467763a277fed2109b0d3129332441d7d238a,arbitrum,contract-deployer,AIMUSK: Deployer,entity,eth-labels,https://github.com/dawsbot/eth-labels,medium,2026-10-01
0x005c9e72662d71d0370c17650fd86f18910e869c,arbitrum,contract-deployer,SO3: Deployer,entity,eth-labels,https://github.com/dawsbot/eth-labels,medium,2026-10-01
0x00aa367b7692be05e47b9c461ff35410208158b0,arbitrum,contract-deployer,D2 Finance: Deployer,entity,eth-labels,https://github.com/dawsbot/eth-labels,medium,2026-10-01
0x018e427f52103851c9c0aaaad9394a06e1008a70,arbitrum,contract-deployer,Nitro Frens Army: Deployer,entity,eth-labels,https://github.com/dawsbot/eth-labels,medium,2026-10-01
0x020966d47d4cf21967ea56d533679aef1da42161,arbitrum,contract-deployer,NitroShiba: Deployer,entity,eth-labels,https://github.com/dawsbot/eth-labels,medium,2026-10-01
0x02a3babda298d348dea69da98b2f6a7f4df31e42,arbitrum,contract-deployer,Pana DAO: Deployer,entity,eth-labels,https://github.com/dawsbot/eth-labels,medium,2026-10-01
0x02a52dbc85ffcc15400ef80d8f67ea5923a7e67b,arbitrum,contract-deployer,Government Toucans: Deployer,entity,eth-labels,https://github.com/dawsbot/eth-labels,medium,2026-10-01
0x02d6da86409b0d87eb22fcf3b15aedf5b86719fa,arbitrum,contract-deployer,Lady Pepe: Deployer,entity,eth-labels,https://github.com/dawsbot/eth-labels,medium,2026-10-01
0x02ef67fc4c983e33ede836bf5aee3d92423501d9,arbitrum,contract-deployer,Trader Joe: Deployer,entity,eth-labels,https://github.com/dawsbot/eth-labels,medium,2026-10-01
0x032f84aeff59ddebc55797f321624826d873bf65,arbitrum,contract-deployer,Smolverse: Deployer,entity,eth-labels,https://github.com/dawsbot/eth-labels,medium,2026-10-01
0x034ac085e8cadefa66684f94d224e8bce25b9813,arbitrum,contract-deployer,Decentralized Derivatives Index: Deployer,entity,eth-labels,https://github.com/dawsbot/eth-labels,medium,2026-10-01
0x0381b2fc1be83891520c0c374eae05d9448fdaf9,arbitrum,contract-deployer,Digital Files: Deployer,entity,eth-labels+etherscan-labels,https://github.com/dawsbot/eth-labels,medium,2026-10-01
0x03851f30cc29d86ee87a492f037b16642838a357,arbitrum,contract-deployer,Ghast: Deployer,entity,eth-labels,https://github.com/dawsbot/eth-labels,medium,2026-10-01
0x04b709e34c46c9622eb2f509c9256dc15142923d,arbitrum,contract-deployer,Meticulous: Deployer,entity,eth-labels,https://github.com/dawsbot/eth-labels,medium,2026-10-01
0x05f192b7115e2733d81d5be16f06cb798b0e9fc8,arbitrum,contract-deployer,Maydeline: Deployer,entity,eth-labels,https://github.com/dawsbot/eth-labels,medium,2026-10-01
0x074a2bb7686da8dacad178aece2ad280b8d4c25d,arbitrum,contract-deployer,Minereum: Deployer,entity,eth-labels,https://github.com/dawsbot/eth-labels,medium,2026-10-01
0x075da589886ba445d7c7e81c472059de7ae65250,arbitrum,contract-deployer,Maker DAO: Deployer,entity,eth-labels,https://github.com/dawsbot/eth-labels,medium,2026-10-01
0x078271ebfc5580acb102e9acb0b384edfe42406c,arbitrum,contract-deployer,Second City 1,entity,eth-labels,https://github.com/dawsbot/eth-labels,medium,2026-10-01
0x07c648648a6bd4ab688a1995fc049285f541fe20,arbitrum,contract-deployer,Bro Kwon's Booty: Deployer,entity,eth-labels+etherscan-labels,https://github.com/dawsbot/eth-labels,medium,2026-10-01
0x08239dd20bebe65777e94571b44d5e047e3fbe27,arbitrum,contract-deployer,Lotto: Deployer,entity,eth-labels,https://github.com/dawsbot/eth-labels,medium,2026-10-01
0x0911c4b338ce1c2e6457f664be60edc76b050cbb,arbitrum,contract-deployer,GenomicDAO: Deployer,entity,eth-labels,https://github.com/dawsbot/eth-labels,medium,2026-10-01
0x0937132a9ee246fe9f41bebf585c270399afc201,arbitrum,contract-deployer,Base Jumper: Deployer,entity,eth-labels+etherscan-labels,https://github.com/dawsbot/eth-labels,medium,2026-10-01
0x0ae6af9c58d2830c2721ebd06f89a73bff19fb26,arbitrum,contract-deployer,Jarvis Network: Deployer,entity,eth-labels,https://github.com/dawsbot/eth-labels,medium,2026-10-01
0x0af91fa049a7e1894f480bfe5bba20142c6c29a9,arbitrum,contract-deployer,OlympusDAO: Deployer,entity,eth-labels,https://github.com/dawsbot/eth-labels,medium,2026-10-01
0x0b3d7b3f149214f8f5281b5ae613b090fd39bd3f,arbitrum,contract-deployer,Crypto Volatility Index: Deployer,entity,eth-labels+etherscan-labels,https://github.com/dawsbot/eth-labels,medium,2026-10-01
0x0b506f915f4f610bb086db9e45d34408bfdb9add,arbitrum,contract-deployer,Mountain Protocol: Deployer,entity,eth-labels,https://github.com/dawsbot/eth-labels,medium,2026-10-01
0x0bb3a32722b4cd85f06f8f57aaa4a579d5de88c6,arbitrum,contract-deployer,Lybra Finance: Deployer,entity,eth-labels,https://github.com/dawsbot/eth-labels,medium,2026-10-01
0x0cdb34e6a4d635142bb92fe403d38f636bbb77b8,arbitrum,contract-deployer,Magpie WOM: Deployer,entity,eth-labels,https://github.com/dawsbot/eth-labels,medium,2026-10-01
0x0cddb5176a1a92401ffe165d8a29c1bc08379025,arbitrum,contract-deployer,PEPER: Deployer,entity,eth-labels,https://github.com/dawsbot/eth-labels,medium,2026-10-01
0x0ce5bd06d3bfc2a25d5407980d06e6e0e23f29f0,arbitrum,contract-deployer,Naiad Water Investment Coin: Deployer,entity,eth-labels,https://github.com/dawsbot/eth-labels,medium,2026-10-01
0x0d1f232bc1fb21f9647750d65a70b17ee9ce31fb,arbitrum,contract-deployer,pNetwork: Deployer,entity,eth-labels,https://github.com/dawsbot/eth-labels,medium,2026-10-01
0x0dffa1306738ec9000ad103c5f2c0b2abea98ce0,arbitrum,contract-deployer,Taikula Coin: Deployer,entity,eth-labels,https://github.com/dawsbot/eth-labels,medium,2026-10-01
0x0e2e2fd2c1249b32328553157ee1d63352da1c27,arbitrum,contract-deployer,YOGI: Deployer,entity,eth-labels,https://github.com/dawsbot/eth-labels,medium,2026-10-01
0x0ffc5a81f38d5b6ac15edacdd35a76578f59bbf2,arbitrum,contract-deployer,Chronos: Deployer,entity,eth-labels,https://github.com/dawsbot/eth-labels,medium,2026-10-01
0x10850762bac0dc6660630c1effe188a7cbfddc88,arbitrum,contract-deployer,ArbiBabes: Deployer,entity,eth-labels,https://github.com/dawsbot/eth-labels,medium,2026-10-01
0x108fddbe2d0f79ce0937ec4709e659f81933672a,arbitrum,contract-deployer,AiShiba: Deployer,entity,eth-labels,https://github.com/dawsbot/eth-labels,medium,2026-10-01
0x10df08c7265ebba82bd0619aa3f2c2b5621e140c,arbitrum,contract-deployer,Torque: Deployer,entity,eth-labels,https://github.com/dawsbot/eth-labels,medium,2026-10-01
0x1162f324d80ad5e37e23b3d363c89abfc6f31339,arbitrum,contract-deployer,Vovo Finance: Deployer,entity,eth-labels,https://github.com/dawsbot/eth-labels,medium,2026-10-01
0x11e9c2575a8afdb96a8adc3a928cb6f970734b70,arbitrum,contract-deployer,0xACID: Deployer,entity,eth-labels+etherscan-labels,https://github.com/dawsbot/eth-labels,medium,2026-10-01
0x12130988f282527dc3530e68cf5ada8fba1d3445,arbitrum,contract-deployer,CatKing: Deployer,entity,eth-labels,https://github.com/dawsbot/eth-labels,medium,2026-10-01
0x121c2e98703f8b820d18c19453d660f617c1152e,arbitrum,contract-deployer,CAPCAP: Deployer,entity,eth-labels,https://github.com/dawsbot/eth-labels,medium,2026-10-01
0x122a53cd6b4eb261b71ec6d1a8dfcb9e6b236438,arbitrum,contract-deployer,Urdex Finance: Deployer,entity,eth-labels,https://github.com/dawsbot/eth-labels,medium,2026-10-01
0x123694886dbf5ac94dda07135349534536d14caf,arbitrum,contract-deployer,Threshold Network: Deployer,entity,eth-labels,https://github.com/dawsbot/eth-labels,medium,2026-10-01
0x123e587f469fcb3c5992793d081be8d643fd78e1,arbitrum,contract-deployer,TIME Token 1,entity,eth-labels,https://github.com/dawsbot/eth-labels,medium,2026-10-01
0x12459bf66c5c067e8a1fddc5584123afd70e59ef,arbitrum,contract-deployer,AITOMCAT: Deployer,entity,eth-labels,https://github.com/dawsbot/eth-labels,medium,2026-10-01
0x1272c99befa7a70f935edca81bf9a6e85c6d9d59,arbitrum,contract-deployer,Fiat24: Deployer,entity,eth-labels+etherscan-labels,https://github.com/dawsbot/eth-labels,medium,2026-10-01
0x12dca78b3fc7d15dfd0bc87954c9b53b96ec2352,arbitrum,contract-deployer,BLOB: Deployer,entity,eth-labels,https://github.com/dawsbot/eth-labels,medium,2026-10-01
0x12e49d93588e0056bd25530c3b1e8aac68f4b70a,arbitrum,contract-deployer,Fuzz.Fi: Deployer,entity,eth-labels,https://github.com/dawsbot/eth-labels,medium,2026-10-01
0x12f98098e691a6bf2182f8c02f6031346de900cb,arbitrum,contract-deployer,Minati: Deployer,entity,eth-labels,https://github.com/dawsbot/eth-labels,medium,2026-10-01
0x136a640bccfbed27edd9948ae79ceb390128d555,arbitrum,contract-deployer,Post.Tech: Deployer,entity,eth-labels,https://github.com/dawsbot/eth-labels,medium,2026-10-01
0x13973fbeb2ffc5ae867e91bcf7aaefcd7a416821,arbitrum,contract-deployer,Xend Finance: Deployer,entity,eth-labels,https://github.com/dawsbot/eth-labels,medium,2026-10-01
0x13b0d85ccb8bf860b6b79af3029fca081ae9bef2,arbitrum,contract-deployer,xdeployer: Deployer,entity,eth-labels,https://github.com/dawsbot/eth-labels,medium,2026-10-01
0x14bb36c28b453e0404b4ab471d90a06e86bba64c,arbitrum,contract-deployer,Rosnet: Deployer,entity,eth-labels,https://github.com/dawsbot/eth-labels,medium,2026-10-01
0x14ca188d4acf70bf7d9927a09454753d9aceb001,arbitrum,contract-deployer,Knights Of The Ether: Deployer,entity,eth-labels,https://github.com/dawsbot/eth-labels,medium,2026-10-01
0x152eebe6ecd6c1479f5cf55a1a01cd41d2e4a0f1,arbitrum,contract-deployer,JW Network: Deployer,entity,eth-labels,https://github.com/dawsbot/eth-labels,medium,2026-10-01
0x156918382d531c9f4e9228a7914c8296cf2bba15,arbitrum,contract-deployer,Smart Aliens: Deployer,entity,eth-labels,https://github.com/dawsbot/eth-labels,medium,2026-10-01
0x156d8fac8cd3deb51ab194d906abfc81cf323c11,arbitrum,contract-deployer,Sterling Finance: Deployer,entity,eth-labels,https://github.com/dawsbot/eth-labels,medium,2026-10-01
0x16a522067b5d88a803dd43f64dea23d28a5d3cc9,arbitrum,contract-deployer,Arable USD: Deployer,entity,eth-labels,https://github.com/dawsbot/eth-labels,medium,2026-10-01
0x172f0ccbc9134e8d539dd0a2ddd562e743ac7440,arbitrum,contract-deployer,Funarcade: Deployer,entity,eth-labels,https://github.com/dawsbot/eth-labels,medium,2026-10-01
0x174ae6ebff5e678a1bee298e1ff7df799c7c1a08,arbitrum,contract-deployer,Swell Ethereum: Deployer,entity,eth-labels,https://github.com/dawsbot/eth-labels,medium,2026-10-01
0x17565eab834087ac27fcbe76f9cd7006f185f014,arbitrum,contract-deployer,Realm: Deployer 1,entity,eth-labels,https://github.com/dawsbot/eth-labels,medium,2026-10-01
0x1756968b96d7ad6ba0333045109004c67b1e4edf,arbitrum,contract-deployer,PlutusDAO: Deployer,entity,eth-labels,https://github.com/dawsbot/eth-labels,medium,2026-10-01
0x17605410ed1db3543dccf3bf58c4d16178cd17f7,arbitrum,contract-deployer,GameSwift: Deployer,entity,eth-labels,https://github.com/dawsbot/eth-labels,medium,2026-10-01
0x17eca3a2afdff586e5d66c992554ea29ff9cb11d,arbitrum,contract-deployer,Libera: Deployer,entity,eth-labels,https://github.com/dawsbot/eth-labels,medium,2026-10-01
0x17f1395b3705a9c925af7a999f062e41fa72f6fb,arbitrum,contract-deployer,Zyberswap: Deployer,entity,eth-labels,https://github.com/dawsbot/eth-labels,medium,2026-10-01
0x1824988af7a12c339784a171a514e20609896321,arbitrum,contract-deployer,Wrapped stETH: Deployer,entity,eth-labels,https://github.com/dawsbot/eth-labels,medium,2026-10-01
0x18b4287fa4155efd149aece678a75bbd69ede0b8,arbitrum,contract-deployer,Deus Finance: Deployer,entity,eth-labels+etherscan-labels,https://github.com/dawsbot/eth-labels,medium,2026-10-01
0x19ad618cf506a791d0bbb31d8bd307af830b5004,arbitrum,contract-deployer,contract-deployer,entity,eth-labels,https://github.com/dawsbot/eth-labels,medium,2026-10-01
0x1a0aec0fc48f1b5cc538be74a90e340b278189e4,arbitrum,contract-deployer,Starfish Finance: Deployer,entity,eth-labels,https://github.com/dawsbot/eth-labels,medium,2026-10-01
0x1a5309f208f161a393e8b5a253de8ab894a67188,arbitrum,contract-deployer,Olympus: Deployer,entity,eth-labels,https://github.com/dawsbot/eth-labels,medium,2026-10-01
0x1a776c84d64ecada985c968c3589b3c8615a1e7c,arbitrum,contract-deployer,Stabilize Protocol: Deployer,entity,eth-labels,https://github.com/dawsbot/eth-labels,medium,2026-10-01
0x1b9e10cd268c411d4225935d98e15e6c2b0e11f9,arbitrum,contract-deployer,Gridex: Deployer,entity,eth-labels,https://github.com/dawsbot/eth-labels,medium,2026-10-01
0x1c52c8c78b7311dcb42ebb8cd788028fa12d9484,arbitrum,contract-deployer,AidogeFanclub: Deployer,entity,eth-labels,https://github.com/dawsbot/eth-labels,medium,2026-10-01
0x1cc639099905051fc4c8d33bdd74c91028f8790f,arbitrum,contract-deployer,Pampa Claus: Deployer,entity,eth-labels,https://github.com/dawsbot/eth-labels,medium,2026-10-01
0x1d427f8f08cd8b40bf07f58f11acf39cf45504b0,arbitrum,contract-deployer,ArbiRise Finance: Deployer,entity,eth-labels+etherscan-labels,https://github.com/dawsbot/eth-labels,medium,2026-10-01
0x1d5e0a703f60866955cc2fc58e26d38c078de6bb,arbitrum,contract-deployer,The Bet: Deployer,entity,eth-labels,https://github.com/dawsbot/eth-labels,medium,2026-10-01
0x1d8cf1c5735b92c52cad6f9ce61fd3a7eccf5f79,arbitrum,contract-deployer,Doora Inu: Deployer,entity,eth-labels+etherscan-labels,https://github.com/dawsbot/eth-labels,medium,2026-10-01
0x1de89bbb2a41ead44b94556b8798471bd9ff4add,arbitrum,contract-deployer,Subsquid: Deployer,entity,eth-labels,https://github.com/dawsbot/eth-labels,medium,2026-10-01
0x1e7b390149abb3b891e0a7027e111188032d4540,arbitrum,contract-deployer,RadioShack: Deployer,entity,eth-labels,https://github.com/dawsbot/eth-labels,medium,2026-10-01
0x1e84d80fd80dba8972d4e773e9bbaadf24748ed1,arbitrum,contract-deployer,A3S Protocol: Deployer,entity,eth-labels,https://github.com/dawsbot/eth-labels,medium,2026-10-01
0x1f9d367d68fc68a30062166f73512e06840ab4a4,arbitrum,contract-deployer,RoyalCrows: Deployer,entity,eth-labels,https://github.com/dawsbot/eth-labels,medium,2026-10-01
0x1fccc097db89a86bfc474a1028f93958295b1fb7,arbitrum,contract-deployer,Pendle: Deployer,entity,eth-labels,https://github.com/dawsbot/eth-labels,medium,2026-10-01
0x1fdef055e84187bb9116dba72ec92e53bd382771,arbitrum,contract-deployer,YouWho: Deployer,entity,eth-labels,https://github.com/dawsbot/eth-labels,medium,2026-10-01
0x2007cef1f79bd13cc432fe08eb4ae15e61696937,arbitrum,contract-deployer,Mumu The Bull: Deployer,entity,eth-labels,https://github.com/dawsbot/eth-labels,medium,2026-10-01
0x20226d66e3b084289d5eb1eb6c7d49262a43e15d,arbitrum,contract-deployer,Risedle: Deployer,entity,eth-labels,https://github.com/dawsbot/eth-labels,medium,2026-10-01
0x205c28c53e4cac3fdecff597708c4f4d36ab5ebf,arbitrum,contract-deployer,Sharky Swap: Deployer,entity,eth-labels,https://github.com/dawsbot/eth-labels,medium,2026-10-01
0x2084e8ecdca037e4751a8ead62ebd324425ff3f8,arbitrum,contract-deployer,Arbidex: Deployer,entity,eth-labels,https://github.com/dawsbot/eth-labels,medium,2026-10-01
0x20a1493d292fd4e7e70593e3621968171ea7d9b8,arbitrum,contract-deployer,FTDex: Deployer,entity,eth-labels,https://github.com/dawsbot/eth-labels,medium,2026-10-01
0x20de070f1887f82fce2bdcf5d6d9874091e6fae9,arbitrum,contract-deployer,Rodeo Finance: Deployer,entity,eth-labels,https://github.com/dawsbot/eth-labels,medium,2026-10-01
0x2158f9040fd1a42a11bacb1f1270c36e17b45d3f,arbitrum,contract-deployer,Shiba Cartel: Deployer,entity,eth-labels,https://github.com/dawsbot/eth-labels,medium,2026-10-01
0x21673dbcc43160a4ad730ecdef738904a97eee73,arbitrum,contract-deployer,VITALTALE: Deployer,entity,eth-labels,https://github.com/dawsbot/eth-labels,medium,2026-10-01
0x219f2e46d9db1fde009282cfd7de61aa01632fab,arbitrum,contract-deployer,Parallax Finance: Deployer,entity,eth-labels,https://github.com/dawsbot/eth-labels,medium,2026-10-01
0x2202a7fe406ddab2f85af596d4f4818a903cb85e,arbitrum,contract-deployer,Pyth Network: Deployer,entity,eth-labels,https://github.com/dawsbot/eth-labels,medium,2026-10-01
0x221211264a3c7dde2f687cbdd7e348586bdd0000,arbitrum,contract-deployer,Volta Club: Deployer,entity,eth-labels,https://github.com/dawsbot/eth-labels,medium,2026-10-01
0x225114369fa6b133400a4bb86d08c62044387266,arbitrum,contract-deployer,HashDAO: Deployer,entity,eth-labels,https://github.com/dawsbot/eth-labels,medium,2026-10-01
0x235fa3edea3558682b87ae38f00d1b4a56074bec,arbitrum,contract-deployer,Goat.Tech: Deployer,entity,eth-labels,https://github.com/dawsbot/eth-labels,medium,2026-10-01
0x236a264214e8cecd84b4a4c758a4d03888e9478a,arbitrum,contract-deployer,Kostren Finance: Deployer,entity,eth-labels,https://github.com/dawsbot/eth-labels,medium,2026-10-01
0x23afaba6def569254b0dcff25ade29e0528a5ab4,arbitrum,contract-deployer,Elfswap: Deployer,entity,eth-labels+etherscan-labels,https://github.com/dawsbot/eth-labels,medium,2026-10-01
0x257748e62b44406b7347cb1ab43d337210a34815,arbitrum,contract-deployer,Modular Wallet: Deployer,entity,eth-labels,https://github.com/dawsbot/eth-labels,medium,2026-10-01
0x261108c4043aafe9e67159458bba22a1759d59d1,arbitrum,contract-deployer,Rabbit Wallet: Deployer,entity,eth-labels,https://github.com/dawsbot/eth-labels,medium,2026-10-01
0x261b70d12aefb2e8ab0ad1ca82cb5f50412e1030,arbitrum,contract-deployer,ArbiGoat: Deployer,entity,eth-labels,https://github.com/dawsbot/eth-labels,medium,2026-10-01
0x26adb982d061b5e667d75f9dec1360cc671007f3,arbitrum,contract-deployer,Hedgey Finance: Deployer,entity,eth-labels,https://github.com/dawsbot/eth-labels,medium,2026-10-01
0x26b5a4c280f140344e84d7f32de63958f6ed5760,arbitrum,contract-deployer,OnyxDAO: Deployer,entity,eth-labels,https://github.com/dawsbot/eth-labels,medium,2026-10-01
0x26c14016a38fc25d5773db2ad814ae1215096123,arbitrum,contract-deployer,Yachting Verse: Deployer,entity,eth-labels,https://github.com/dawsbot/eth-labels,medium,2026-10-01
0x26cc971b8f506a06e19be51364d40881ac6b9873,arbitrum,contract-deployer,CharacterAI: Deployer,entity,eth-labels,https://github.com/dawsbot/eth-labels,medium,2026-10-01
0x288e6e57cd18b775792c3c73943e124e3135cfa6,arbitrum,contract-deployer,Crab: Deployer,entity,eth-labels,https://github.com/dawsbot/eth-labels,medium,2026-10-01
0x291837c764993cd0684f3e2c17921196d93e0458,arbitrum,contract-deployer,Web3 WorkRoom: Deployer,entity,eth-labels,https://github.com/dawsbot/eth-labels,medium,2026-10-01
0x2940108780b870ae8f1509be95fdf2b6fb066e41,arbitrum,contract-deployer,Treasure DAO: Deployer,entity,eth-labels,https://github.com/dawsbot/eth-labels,medium,2026-10-01
0x295e9e22614ff4c0505e23062d9207f2a0d6bb7b,arbitrum,contract-deployer,Basket: Deployer,entity,eth-labels,https://github.com/dawsbot/eth-labels,medium,2026-10-01
0x2a2479e8b4b4ec443794aafa137878b8650f6165,arbitrum,contract-deployer,Arbi Wiz: Deployer,entity,eth-labels,https://github.com/dawsbot/eth-labels,medium,2026-10-01
0x2aa2eaff74e3004672a5fdbfdbe3cd7b6ed69df2,arbitrum,contract-deployer,Enter The Garden: Deployer,entity,eth-labels,https://github.com/dawsbot/eth-labels,medium,2026-10-01
0x2abe3fc24e45966d995a19d15621d8d5bbf2a180,arbitrum,contract-deployer,Floor: Deployer,entity,eth-labels,https://github.com/dawsbot/eth-labels,medium,2026-10-01
0x2add64a6077aa946282da263a839dd0caa0d1668,arbitrum,contract-deployer,Area 51: Deployer,entity,eth-labels+etherscan-labels,https://github.com/dawsbot/eth-labels,medium,2026-10-01
0x2b1f9db113f4c132a79a49f688736efacae4f802,arbitrum,contract-deployer,Surge Ape Reborn: Deployer,entity,eth-labels,https://github.com/dawsbot/eth-labels,medium,2026-10-01
0x2b32c0ee9e5e4fa00ff49c6202a5f37047ba03ce,arbitrum,contract-deployer,CyOp: Deployer,entity,eth-labels,https://github.com/dawsbot/eth-labels,medium,2026-10-01
0x2bbbc2ed1431c61ca3b0f27fa9832036522bb324,arbitrum,contract-deployer,Kunji Finance: Deployer,entity,eth-labels,https://github.com/dawsbot/eth-labels,medium,2026-10-01
0x2c305888a456e7004663bc12a74395e637eabcbc,arbitrum,contract-deployer,BetSwirl: Deployer,entity,eth-labels,https://github.com/dawsbot/eth-labels,medium,2026-10-01
0x2c3e0099045c5802cbf7182a22047c3cb8fc51e0,arbitrum,contract-deployer,Orso Finance: Deployer,entity,eth-labels,https://github.com/dawsbot/eth-labels,medium,2026-10-01
0x2ca2584f1565489ef9598a2c8610ed40f06f251f,arbitrum,contract-deployer,WaweSwaps Global: Deployer,entity,eth-labels,https://github.com/dawsbot/eth-labels,medium,2026-10-01
0x2e29304769e5fdd0bf4f6eb3174afa6a08b5ac75,arbitrum,contract-deployer,ununx: Deployer,entity,eth-labels,https://github.com/dawsbot/eth-labels,medium,2026-10-01
0x2ef0e3f9fb346745352f83287f6996930ad9edb4,arbitrum,contract-deployer,Action Coin: Deployer,entity,eth-labels,https://github.com/dawsbot/eth-labels,medium,2026-10-01
0x2f5ebbc43c3e40f5b9e36264c8f0edd0caeebaf3,arbitrum,contract-deployer,OX.FUN: Deployer,entity,eth-labels,https://github.com/dawsbot/eth-labels,medium,2026-10-01
0x2f9d614f002dddc1ec8b06dc21569d8156943f84,arbitrum,contract-deployer,Embrace the Chaos: Deployer,entity,eth-labels,https://github.com/dawsbot/eth-labels,medium,2026-10-01
0x3000f1fc84ccd8e3edd6eb058e5aa6b90123f166,arbitrum,contract-deployer,ROOO Space: Deployer,entity,eth-labels,https://github.com/dawsbot/eth-labels,medium,2026-10-01
0x30019eb135532bddf2da17659101cc000c73c8e4,arbitrum,contract-deployer,Aura: Deployer,entity,eth-labels,https://github.com/dawsbot/eth-labels,medium,2026-10-01
0x3003b44711ea6284fd4453a331b647afa0ca4e86,arbitrum,contract-deployer,Roller: Deployer,entity,eth-labels,https://github.com/dawsbot/eth-labels,medium,2026-10-01
0x30109f25428cbe2aa7fd33646a097bfbecf17365,arbitrum,contract-deployer,Verified USD: Deployer,entity,eth-labels,https://github.com/dawsbot/eth-labels,medium,2026-10-01
0x30d5d30e43b6167a345f3d71d61673464e16d711,arbitrum,contract-deployer,Brinc Finance: Deployer,entity,eth-labels+etherscan-labels,https://github.com/dawsbot/eth-labels,medium,2026-10-01
0x30d8ffa39cf00c5bc3441584b794cd837df1457d,arbitrum,contract-deployer,Magic Fox: Deployer,entity,eth-labels,https://github.com/dawsbot/eth-labels,medium,2026-10-01
0x313cabb0c9afc2855f21e32f1277371070bcac4b,arbitrum,contract-deployer,Carbon Utility: Deployer,entity,eth-labels,https://github.com/dawsbot/eth-labels,medium,2026-10-01
0x316273e46952e80f49e27ada03feb10c6ac0c9f8,arbitrum,contract-deployer,DIB Yield: Deployer,entity,eth-labels,https://github.com/dawsbot/eth-labels,medium,2026-10-01
0x3187d7b392f74388f5dd17525beff8a6f7bcb11e,arbitrum,contract-deployer,ExxPad: Deployer,entity,eth-labels,https://github.com/dawsbot/eth-labels,medium,2026-10-01
0x31c796907b87ac8291b0ffdd0a0dd7c7c4ba7251,arbitrum,contract-deployer,Relay Chain: Deployer,entity,eth-labels,https://github.com/dawsbot/eth-labels,medium,2026-10-01
0x322520845d8d28f4ffd08676ecc05c33c40ac4cf,arbitrum,contract-deployer,Speculate DAO: Deployer,entity,eth-labels,https://github.com/dawsbot/eth-labels,medium,2026-10-01
0x32ae316a8e4649e3a8225aa892e28184a488949c,arbitrum,contract-deployer,AiBabyShiba: Deployer,entity,eth-labels,https://github.com/dawsbot/eth-labels,medium,2026-10-01
0x331626d097cc466f6544257c2dc18f60f6382414,arbitrum,contract-deployer,EthereumMax: Deployer,entity,eth-labels+etherscan-labels,https://github.com/dawsbot/eth-labels,medium,2026-10-01
0x33676adf2f164e32a1b3d4533c620fe5d7f7c5cf,arbitrum,contract-deployer,Mayfair: Deployer,entity,eth-labels,https://github.com/dawsbot/eth-labels,medium,2026-10-01
0x33723811b0fca2a751f3912b80603fe11499d894,arbitrum,contract-deployer,Wall Street Games: Deployer,entity,eth-labels,https://github.com/dawsbot/eth-labels,medium,2026-10-01
0x33c78a4ebe7950277b0ba8b8f4c66526db73c502,arbitrum,contract-deployer,TaoBank: Deployer,entity,eth-labels,https://github.com/dawsbot/eth-labels,medium,2026-10-01
0x341a38b69a6b8f00fad4eed3a2b8528e3fed07ff,arbitrum,contract-deployer,Rhino.fi: Deployer,entity,eth-labels,https://github.com/dawsbot/eth-labels,medium,2026-10-01
0x3425a1ad6dbc0f4507b88beeda22d58b9653c1c1,arbitrum,contract-deployer,HeartGames: Deployer,entity,eth-labels,https://github.com/dawsbot/eth-labels,medium,2026-10-01
0x342a9e9eb6ba23e78f43f9fb99426e5f06feeeee,arbitrum,contract-deployer,KeplerHomes: Deployer,entity,eth-labels,https://github.com/dawsbot/eth-labels,medium,2026-10-01
0x344a0ed7e7dba0894abc4927e80951d508bb0a05,arbitrum,contract-deployer,Sundae: Deployer,entity,eth-labels,https://github.com/dawsbot/eth-labels,medium,2026-10-01
0x369d1c11b4e520223eb8694961c9d11dc423dd45,arbitrum,contract-deployer,Ascension Protocol: Deployer,entity,eth-labels+etherscan-labels,https://github.com/dawsbot/eth-labels,medium,2026-10-01
0x369d2959438e1a9bd7a1662bc3e08070640aa997,arbitrum,contract-deployer,3xcalibur: Deployer,entity,eth-labels+etherscan-labels,https://github.com/dawsbot/eth-labels,medium,2026-10-01
0x37e6365d4f6ae378467b0e24c9065ce5f06d70bf,arbitrum,contract-deployer,Index Protocol: Deployer,entity,eth-labels,https://github.com/dawsbot/eth-labels,medium,2026-10-01
0x3882fdf273c497a6256e41c85485ed806eae9bbf,arbitrum,contract-deployer,Factor: Deployer,entity,eth-labels+etherscan-labels,https://github.com/dawsbot/eth-labels,medium,2026-10-01
0x393248ae29a7c2128e8e27d23330b1f87e0600fc,arbitrum,contract-deployer,Smol Brains: Deployer,entity,eth-labels,https://github.com/dawsbot/eth-labels,medium,2026-10-01
0x3999ec8dc239df7e3b91f8557a492ed95133b807,arbitrum,contract-deployer,Evil Kongs: Deployer,entity,eth-labels,https://github.com/dawsbot/eth-labels,medium,2026-10-01
0x39dcbb3929844aad5675984924a33b07a5fa2835,arbitrum,contract-deployer,st0ked: Deployer,entity,eth-labels,https://github.com/dawsbot/eth-labels,medium,2026-10-01
0x39ebe1509cd461cc1553b19ff0105ea936a1b638,arbitrum,contract-deployer,Stably USDS: Deployer,entity,eth-labels,https://github.com/dawsbot/eth-labels,medium,2026-10-01
0x3a9f192de54d904e9cab0f7b63492147f73c2408,arbitrum,contract-deployer,Roseon: Deployer 1,entity,eth-labels,https://github.com/dawsbot/eth-labels,medium,2026-10-01
0x3aa908e3b9341162621c689588cbbb57bdeedbea,arbitrum,contract-deployer,QukaDAO: Deployer,entity,eth-labels,https://github.com/dawsbot/eth-labels,medium,2026-10-01
0x3c2eb4b00a31286200de5ca26118c771f1a209c5,arbitrum,contract-deployer,Izumi Finance: Deployer,entity,eth-labels,https://github.com/dawsbot/eth-labels,medium,2026-10-01
0x3c7006c71dea1e44d4506b35afdf54e723885df2,arbitrum,contract-deployer,Dogmusk: Deployer,entity,eth-labels,https://github.com/dawsbot/eth-labels,medium,2026-10-01
0x3d02160edbf6a6cfa624f3cb4855d1bbe3b728f8,arbitrum,contract-deployer,Ouroboros: Deployer,entity,eth-labels,https://github.com/dawsbot/eth-labels,medium,2026-10-01
0x3d2e04fbb833a5b27e7f91e14fb444e101aa861e,arbitrum,contract-deployer,Warren: Deployer,entity,eth-labels,https://github.com/dawsbot/eth-labels,medium,2026-10-01
0x3d4072fb966229344da0acb60655dd96bd5a877b,arbitrum,contract-deployer,KERC: Deployer,entity,eth-labels,https://github.com/dawsbot/eth-labels,medium,2026-10-01
0x3d9807e4c453222059358b046056934e22ef19c1,arbitrum,contract-deployer,Carbon Linked: Deployer,entity,eth-labels+etherscan-labels,https://github.com/dawsbot/eth-labels,medium,2026-10-01
0x3def1aca122af41d805caf91f958da7cb8260c5e,arbitrum,contract-deployer,Scalene: Deployer,entity,eth-labels,https://github.com/dawsbot/eth-labels,medium,2026-10-01
0x3df3c01b72dc5d63565af0bcb20d847227c2201a,arbitrum,contract-deployer,BitKeep: Deployer,entity,eth-labels+etherscan-labels,https://github.com/dawsbot/eth-labels,medium,2026-10-01
0x3e1f952c0167305996105df78c4d84afbca0e51a,arbitrum,contract-deployer,Captain & Company: Deployer,entity,eth-labels,https://github.com/dawsbot/eth-labels,medium,2026-10-01
0x3ebd1783cb0eb9214f252a6a068ea74970c30ee8,arbitrum,contract-deployer,Hashgold: Deployer,entity,eth-labels,https://github.com/dawsbot/eth-labels,medium,2026-10-01
0x3f238fbb7c9e79c31a1c15ecdc2a49d14cdd09d3,arbitrum,contract-deployer,Wombex: Deployer,entity,eth-labels,https://github.com/dawsbot/eth-labels,medium,2026-10-01
0x400348d0db7e757277a0a06fc68b5da038973c15,arbitrum,contract-deployer,Rage Trade: Deployer,entity,eth-labels,https://github.com/dawsbot/eth-labels,medium,2026-10-01
0x402fdb1a672166ac3e40ce6b491869e8fe408e34,arbitrum,contract-deployer,Ankr Staked ETH: Deployer,entity,eth-labels,https://github.com/dawsbot/eth-labels,medium,2026-10-01
0x4151860b461be67d48f5fc76585d98c452c2e309,arbitrum,contract-deployer,HYDREN: Deployer,entity,eth-labels,https://github.com/dawsbot/eth-labels,medium,2026-10-01
0x415f25ffd0d122f1dc093dc9bcc843798bef7917,arbitrum,contract-deployer,OpenbetAI: Deployer,entity,eth-labels,https://github.com/dawsbot/eth-labels,medium,2026-10-01
0x41648da735250fadc0dd42685162a45bb5af4bbf,arbitrum,contract-deployer,CryptoFixe: Deployer,entity,eth-labels,https://github.com/dawsbot/eth-labels,medium,2026-10-01
0x41d630a3bdfaa9745c5c9a165859dbf0bfb0e2a9,arbitrum,contract-deployer,Cats in masks: Deployer,entity,eth-labels,https://github.com/dawsbot/eth-labels,medium,2026-10-01
0x41daae55daa97e631c2e1c6c3bfd18a46905f040,arbitrum,contract-deployer,DonkeyCoin: Deployer,entity,eth-labels,https://github.com/dawsbot/eth-labels,medium,2026-10-01
0x420210355c1917eb89d8e77c5717b725689e7fd3,arbitrum,contract-deployer,handle.fi: Deployer,entity,eth-labels,https://github.com/dawsbot/eth-labels,medium,2026-10-01
0x4283b3469a9edce1fda34ec6e8a453cf82b9cab7,arbitrum,contract-deployer,O3 Swap: Deployer,entity,eth-labels,https://github.com/dawsbot/eth-labels,medium,2026-10-01
0x42d2f9f84eeb86574aa4e9fcccfd74066d809600,arbitrum,contract-deployer,Sperax: Deployer,entity,eth-labels,https://github.com/dawsbot/eth-labels,medium,2026-10-01
0x436a148338ef614ee1a05a370f7cfd71f326d54c,arbitrum,contract-deployer,Locker Token: Deployer,entity,eth-labels,https://github.com/dawsbot/eth-labels,medium,2026-10-01
0x43834c6a65c64a4529e048ba55a685ff5aa43cb4,arbitrum,contract-deployer,Fantom Bomb: Deployer,entity,eth-labels,https://github.com/dawsbot/eth-labels,medium,2026-10-01
0x43aa90c66b88ff904adc195987c0f3e3b09be0f1,arbitrum,contract-deployer,Radiant: Deployer 1,entity,eth-labels,https://github.com/dawsbot/eth-labels,medium,2026-10-01
0x446eb204c624fbca56d36c73fd3079b024387ef6,arbitrum,contract-deployer,MIND Games: Deployer,entity,eth-labels,https://github.com/dawsbot/eth-labels,medium,2026-10-01
0x44d8d7bc810ccf504f5d8e5060084780d4c33977,arbitrum,contract-deployer,HarambeCoin: Deployer,entity,eth-labels,https://github.com/dawsbot/eth-labels,medium,2026-10-01
0x44daeede4418ef0a5c774df0bdab4d8b985b6d41,arbitrum,contract-deployer,K-Protocol: Deployer,entity,eth-labels,https://github.com/dawsbot/eth-labels,medium,2026-10-01
0x44ef116bf808ed0dff1e719a591c95206c0eb2a9,arbitrum,contract-deployer,Love Cheese: Deployer,entity,eth-labels,https://github.com/dawsbot/eth-labels,medium,2026-10-01
0x4519bf32c981d933311c7bf519c5385de204a376,arbitrum,contract-deployer,Fluid Trade: Deployer,entity,eth-labels,https://github.com/dawsbot/eth-labels,medium,2026-10-01
0x4528fd7868c91ef64b9907450ee8d82dc639612c,arbitrum,contract-deployer,contract-deployer,entity,eth-labels+etherscan-labels,https://github.com/dawsbot/eth-labels,medium,2026-10-01
0x45601efffbff9626d9f52b5e8a2a34d03bd1f809,arbitrum,contract-deployer,Legends:Deployer,entity,eth-labels,https://github.com/dawsbot/eth-labels,medium,2026-10-01
0x45674ba3c6a1db3ca72be592a2f91b23e8009fcb,arbitrum,contract-deployer,Uranium3o8: Deployer,entity,eth-labels,https://github.com/dawsbot/eth-labels,medium,2026-10-01
0x45c75bd8bb9cf5263539b914925eabbf0441eb14,arbitrum,contract-deployer,SmarDex: Deployer,entity,eth-labels,https://github.com/dawsbot/eth-labels,medium,2026-10-01
0x4600d3b12c39af925c2c07c487d31d17c1e32a35,arbitrum,contract-deployer,contract-deployer,entity,eth-labels+etherscan-labels,https://github.com/dawsbot/eth-labels,medium,2026-10-01
0x465056e94010554aaf8b933486176e6ab86923c4,arbitrum,contract-deployer,President of Cryptocurrency: Deployer,entity,eth-labels,https://github.com/dawsbot/eth-labels,medium,2026-10-01
0x467d8b5401296194c60fdd978a293ec09e431228,arbitrum,contract-deployer,Opulous: Deployer,entity,eth-labels,https://github.com/dawsbot/eth-labels,medium,2026-10-01
0x4691be523491241a779670207a5d89811600f2b6,arbitrum,contract-deployer,Astralix VMS: Deployer,entity,eth-labels,https://github.com/dawsbot/eth-labels,medium,2026-10-01
0x47399364835b6c58191f6350bf63a755f80b0ffb,arbitrum,contract-deployer,Radiant: Deployer,entity,eth-labels,https://github.com/dawsbot/eth-labels,medium,2026-10-01
0x47786ac88f8cdb8d3a5fe956e51f95b4ae9636fa,arbitrum,contract-deployer,Numa: Deployer,entity,eth-labels,https://github.com/dawsbot/eth-labels,medium,2026-10-01
0x47d978969fbfa4f41801c12c31e23ddf9158a307,arbitrum,contract-deployer,RocketVerse: Deployer,entity,eth-labels,https://github.com/dawsbot/eth-labels,medium,2026-10-01
0x4817ca4df701d554d78aa3d142b62c162c682ee1,arbitrum,contract-deployer,Jones DAO: Deployer,entity,eth-labels,https://github.com/dawsbot/eth-labels,medium,2026-10-01
0x482c7e72fc4f1796ed0f48799e645c1149e05b94,arbitrum,contract-deployer,contract-deployer,entity,eth-labels,https://github.com/dawsbot/eth-labels,medium,2026-10-01
0x487e00ae15a8314cc579e79ff21f816d9bfe7fb4,arbitrum,contract-deployer,Turismo AI: Deployer,entity,eth-labels,https://github.com/dawsbot/eth-labels,medium,2026-10-01
0x48b01866cad90bbd4c22a18576921a97739bf8a4,arbitrum,contract-deployer,FOXAI: Deployer,entity,eth-labels,https://github.com/dawsbot/eth-labels,medium,2026-10-01
0x49f65a076d08ea053a8609236e8158384dc3e82d,arbitrum,contract-deployer,Adv3nture.xyz Gold: Deployer,entity,eth-labels,https://github.com/dawsbot/eth-labels,medium,2026-10-01
0x4a1c492205abf98f4a6f00726581eaf5185d9eed,arbitrum,contract-deployer,Chatmint: Deployer,entity,eth-labels,https://github.com/dawsbot/eth-labels,medium,2026-10-01
0x4ac486ad8241cd0ed5defab6b8fafb99e8e99d1d,arbitrum,contract-deployer,Auragi Finance: Deployer,entity,eth-labels,https://github.com/dawsbot/eth-labels,medium,2026-10-01
0x4acb2e195f3fedac62499351f534ed795a320c12,arbitrum,contract-deployer,Bitcointry: Deployer,entity,eth-labels+etherscan-labels,https://github.com/dawsbot/eth-labels,medium,2026-10-01
0x4af7f86c70a6fba4ed9d49074d0805a3c63b1e5b,arbitrum,contract-deployer,ShibaZilla: Deployer,entity,eth-labels,https://github.com/dawsbot/eth-labels,medium,2026-10-01
0x4b5922abf25858d012d12bb1184e5d3d0b6d6be4,arbitrum,contract-deployer,CUDL Finance: Deployer,entity,eth-labels+etherscan-labels,https://github.com/dawsbot/eth-labels,medium,2026-10-01
0x4bf7a0c21660879fdd051f5ee92cd2936779ec57,arbitrum,contract-deployer,GMD Protocol: Deployer,entity,eth-labels+etherscan-labels,https://github.com/dawsbot/eth-labels,medium,2026-10-01
0x4c2ee9f0aac0a97c6ff9991a89c2f48e0cd40757,arbitrum,contract-deployer,Birdie: Deployer,entity,eth-labels,https://github.com/dawsbot/eth-labels,medium,2026-10-01
0x4c3c736793bca31e89273c6c5dcf6331fc613697,arbitrum,contract-deployer,Schrodi: Deployer,entity,eth-labels,https://github.com/dawsbot/eth-labels,medium,2026-10-01
0x4c5439333bb9bfe7ac86b6c69a4a69f3451ffe98,arbitrum,contract-deployer,Grimace: Deployer,entity,eth-labels,https://github.com/dawsbot/eth-labels,medium,2026-10-01
0x4c6ca73420362c521a05aac7eef12f2ea9eb8c5d,arbitrum,contract-deployer,GamblerShiba: Deployer,entity,eth-labels+etherscan-labels,https://github.com/dawsbot/eth-labels,medium,2026-10-01
0x4e59b44847b379578588920ca78fbf26c0b4956c,arbitrum,contract-deployer,contract-deployer,entity,eth-labels,https://github.com/dawsbot/eth-labels,medium,2026-10-01
0x4e5f2b51b57a2aefe543e0df4989eafd4b410d39,arbitrum,contract-deployer,Unibit: Deployer,entity,eth-labels,https://github.com/dawsbot/eth-labels,medium,2026-10-01
0x4ec77d7fe712f05b4a7c5d1a8736bdf781351c91,arbitrum,contract-deployer,Arbidoge: Deployer,entity,eth-labels+etherscan-labels,https://github.com/dawsbot/eth-labels,medium,2026-10-01
0x4f05cf239a8bc2bfda92673bc3c8a87e091b6d97,arbitrum,contract-deployer,prePO: Deployer,entity,eth-labels,https://github.com/dawsbot/eth-labels,medium,2026-10-01
0x4fdbc784f09beacefcbdcbd7c724015416edce53,arbitrum,contract-deployer,Kenshi: Deployer,entity,eth-labels,https://github.com/dawsbot/eth-labels,medium,2026-10-01
0x5030f4e0645bc3282b0838bc58c15289d66cd8ad,arbitrum,contract-deployer,RunBlox: Deployer,entity,eth-labels,https://github.com/dawsbot/eth-labels,medium,2026-10-01
0x50c7f9164b527341e0e72439d27bbfcc63bf9381,arbitrum,contract-deployer,Nitro Floki: Deployer,entity,eth-labels,https://github.com/dawsbot/eth-labels,medium,2026-10-01
0x5102c279e0865275bfbc04354a4c92f23c1a0d10,arbitrum,contract-deployer,Arbinaut: Deployer,entity,eth-labels,https://github.com/dawsbot/eth-labels,medium,2026-10-01
0x510a881ad2224ad8b60ed3bce2026863cfb71acf,arbitrum,contract-deployer,ARBMonster.fun: Deployer,entity,eth-labels,https://github.com/dawsbot/eth-labels,medium,2026-10-01
0x5191d8ceb410d47e26f43e9482939cac8d48374c,arbitrum,contract-deployer,Plenny: Deployer,entity,eth-labels,https://github.com/dawsbot/eth-labels,medium,2026-10-01
0x51c417aeb25219bccd78370173c7bf72244c410e,arbitrum,contract-deployer,Perpy Finance: Deployer,entity,eth-labels,https://github.com/dawsbot/eth-labels,medium,2026-10-01
0x526dda09de718a7cc285605339536576e83e0135,arbitrum,contract-deployer,MOMO: Deployer,entity,eth-labels,https://github.com/dawsbot/eth-labels,medium,2026-10-01
0x526f174484412b6e3023bf407d2a4d2a3676f720,arbitrum,contract-deployer,Arbitrumium: Deployer,entity,eth-labels+etherscan-labels,https://github.com/dawsbot/eth-labels,medium,2026-10-01
0x52ae39cedb89fad082c5dce93a838f1c1c5d1a07,arbitrum,contract-deployer,KittySwap: Deployer,entity,eth-labels,https://github.com/dawsbot/eth-labels,medium,2026-10-01
0x52b50644a9fef330ffc7a93d92a4b7591d5a3903,arbitrum,contract-deployer,Marlin: Deployer,entity,eth-labels,https://github.com/dawsbot/eth-labels,medium,2026-10-01
0x52b8d50b50a7eb198cec50b126ff9d741b394c1c,arbitrum,contract-deployer,StarHeroes: Deployer,entity,eth-labels,https://github.com/dawsbot/eth-labels,medium,2026-10-01
0x53395dc915ea8aa874fdfd2d7c1db49ea9154c3d,arbitrum,contract-deployer,Neutra Finance: Deployer,entity,eth-labels,https://github.com/dawsbot/eth-labels,medium,2026-10-01
0x547283f06b4479fa8bf641caa2ddc7276d4899bf,arbitrum,contract-deployer,MahaDao: Deployer,entity,eth-labels,https://github.com/dawsbot/eth-labels,medium,2026-10-01
0x54812dbab593674cd4f1216264895be48b55c5e3,arbitrum,contract-deployer,Cask Protocol: Deployer,entity,eth-labels+etherscan-labels,https://github.com/dawsbot/eth-labels,medium,2026-10-01
0x54aaa2e0c296008e992897979078f66ddf876b85,arbitrum,contract-deployer,Quick Intel: Deployer,entity,eth-labels,https://github.com/dawsbot/eth-labels,medium,2026-10-01
0x54c38b78e5b58f374aa37d9bf11281f1dca83b80,arbitrum,contract-deployer,EvoliaProtocol: Deployer,entity,eth-labels,https://github.com/dawsbot/eth-labels,medium,2026-10-01
0x5503e1185c486c327b999b094b151474c1b9bb1f,arbitrum,contract-deployer,Accumulated Finance: Deployer,entity,eth-labels,https://github.com/dawsbot/eth-labels,medium,2026-10-01
0x55040a56478afa87b6e416fbf87438ff55e292e4,arbitrum,contract-deployer,AutoDCA: Deployer,entity,eth-labels,https://github.com/dawsbot/eth-labels,medium,2026-10-01
0x554a45ea949851f4b4047ab958a985b4d4884ddd,arbitrum,contract-deployer,Impossible Finance: Deployer,entity,eth-labels,https://github.com/dawsbot/eth-labels,medium,2026-10-01
0x55507d81f85f5c0a80469e3483e716915716d212,arbitrum,contract-deployer,Kyber Network: Deployer,entity,eth-labels,https://github.com/dawsbot/eth-labels,medium,2026-10-01
0x55638a11757cea2dd6130aa42ddc09149bdcaf84,arbitrum,contract-deployer,unshETH: Deployer,entity,eth-labels,https://github.com/dawsbot/eth-labels,medium,2026-10-01
0x55638a37d2c29a1c602dc0e3f81751a54dc504f0,arbitrum,contract-deployer,contract-deployer,entity,eth-labels,https://github.com/dawsbot/eth-labels,medium,2026-10-01
0x5581cc2531a3f747b2fe9b197bea6ad85237bffd,arbitrum,contract-deployer,MyMetaTrader: Deployer,entity,eth-labels,https://github.com/dawsbot/eth-labels,medium,2026-10-01
0x55986cc9eb57e29875a80a7f70b9abcef063cfaf,arbitrum,contract-deployer,BitcoinBR: Deployer,entity,eth-labels+etherscan-labels,https://github.com/dawsbot/eth-labels,medium,2026-10-01
0x5612de655956236284963d7d99653354a09cfd39,arbitrum,contract-deployer,GoldenBoys: Deployer,entity,eth-labels,https://github.com/dawsbot/eth-labels,medium,2026-10-01
0x562937835cdd5c92f54b94df658fd3b50a68ecd5,arbitrum,contract-deployer,You Donate Protocol: Deployer,entity,eth-labels,https://github.com/dawsbot/eth-labels,medium,2026-10-01
0x5678917ffeb77827aafc33419e99dacd707313a9,arbitrum,contract-deployer,OpenWorld: Deployer,entity,eth-labels,https://github.com/dawsbot/eth-labels,medium,2026-10-01
0x5737bf56559dd32d8880cfa236fe613e2162e157,arbitrum,contract-deployer,DIA Data: Deployer,entity,eth-labels+etherscan-labels,https://github.com/dawsbot/eth-labels,medium,2026-10-01
0x57ade3e57afd0e86795366143f62af999999991c,arbitrum,contract-deployer,ArbDuckAI: Deployer,entity,eth-labels,https://github.com/dawsbot/eth-labels,medium,2026-10-01
0x57c6c137aab8f8b1eea9c9b107a987a2b66493b6,arbitrum,contract-deployer,BullBear AI: Deployer,entity,eth-labels,https://github.com/dawsbot/eth-labels,medium,2026-10-01
0x58922222bb0b8c7c17d8b30eaac306d8b0fb1483,arbitrum,contract-deployer,SmartAI: Deployer,entity,eth-labels,https://github.com/dawsbot/eth-labels,medium,2026-10-01
0x58b529f9084d7eaa598eb3477fe36064c5b7bbc1,arbitrum,contract-deployer,Flourishing AI: Deployer,entity,eth-labels,https://github.com/dawsbot/eth-labels,medium,2026-10-01
0x58e0bc787f7e2924063e206cda344a974e9d2adc,arbitrum,contract-deployer,Pepe: Deployer,entity,eth-labels,https://github.com/dawsbot/eth-labels,medium,2026-10-01
0x593cd91b1bd88579840b3c8dedad7d3c2f47cdeb,arbitrum,contract-deployer,CrescentSwap: Deployer 1,entity,eth-labels,https://github.com/dawsbot/eth-labels,medium,2026-10-01
0x5985a78e447adf6bcd38541f364475d97613148c,arbitrum,contract-deployer,AutoEarn: Deployer,entity,eth-labels,https://github.com/dawsbot/eth-labels,medium,2026-10-01
0x5989995fb52181bde824dcf8530521aae3b9dff1,arbitrum,contract-deployer,Liquidify: Deployer,entity,eth-labels,https://github.com/dawsbot/eth-labels,medium,2026-10-01
0x599bc88e8f837a821a9ed6c133a4932c39552342,arbitrum,contract-deployer,Promethios: Deployer,entity,eth-labels,https://github.com/dawsbot/eth-labels,medium,2026-10-01
0x5a087b3ccc89a74082cc0dbeedb5f899275385a8,arbitrum,contract-deployer,DAU: Deployer,entity,eth-labels,https://github.com/dawsbot/eth-labels,medium,2026-10-01
0x5a09ebd97d1f2a9b313ccfafb0e2cb6e54c13c4d,arbitrum,contract-deployer,Arbidragon: Deployer,entity,eth-labels,https://github.com/dawsbot/eth-labels,medium,2026-10-01
0x5a33b47507e5225fcd7df11de06c84680ea5db87,arbitrum,contract-deployer,Follow Me: Deployer,entity,eth-labels+etherscan-labels,https://github.com/dawsbot/eth-labels,medium,2026-10-01
0x5a3e0da4bdb1ed012bc68c3b7075162e79e7ef15,arbitrum,contract-deployer,TurboGlobal: Deployer,entity,eth-labels,https://github.com/dawsbot/eth-labels,medium,2026-10-01
0x5afae3d2b0dcee1833bb947fac15d4f2d2d5d523,arbitrum,contract-deployer,Ax Protocol: Deployer,entity,eth-labels,https://github.com/dawsbot/eth-labels,medium,2026-10-01
0x5b698a5235759320b138d50f8cd4a6e7b266f127,arbitrum,contract-deployer,Magpie: Deployer,entity,eth-labels,https://github.com/dawsbot/eth-labels,medium,2026-10-01
0x5be6b0245f423b12a72330cb85c0fa5484c23ba9,arbitrum,contract-deployer,Vaultka: Deployer 1,entity,eth-labels,https://github.com/dawsbot/eth-labels,medium,2026-10-01
0x5befa2d163e40e148df83921e1cc59e044df5471,arbitrum,contract-deployer,XDAO: Deployer,entity,eth-labels,https://github.com/dawsbot/eth-labels,medium,2026-10-01
0x5bffd59217c3c1de7d422ce4f0d87ce97df8395c,arbitrum,contract-deployer,Tender Finance: Deployer,entity,eth-labels,https://github.com/dawsbot/eth-labels,medium,2026-10-01
0x5cb01385d3097b6a189d1ac8ba3364d900666445,arbitrum,contract-deployer,Overnight Finance: Deployer,entity,eth-labels,https://github.com/dawsbot/eth-labels,medium,2026-10-01
0x5d11253a91c25a70c9eb3bd4991639287c590766,arbitrum,contract-deployer,LLamiFi: Deployer,entity,eth-labels,https://github.com/dawsbot/eth-labels,medium,2026-10-01
0x5d1401887bf6f2f04462611d9644e3dcdfb02bbc,arbitrum,contract-deployer,Stake.link: Deployer,entity,eth-labels,https://github.com/dawsbot/eth-labels,medium,2026-10-01
0x5d22512ba8e5682d159040597e400b2b2415ac28,arbitrum,contract-deployer,Zoci: Deployer,entity,eth-labels,https://github.com/dawsbot/eth-labels,medium,2026-10-01
0x5d75d6a019deeab32cc2af685900f4a96af22852,arbitrum,contract-deployer,Shogun War: Deployer,entity,eth-labels,https://github.com/dawsbot/eth-labels,medium,2026-10-01
0x5d88de8a0bd4bc6d82b719b2ce15e3d14a9b8034,arbitrum,contract-deployer,Uramaki: Deployer,entity,eth-labels,https://github.com/dawsbot/eth-labels,medium,2026-10-01
0x5de82f8d08d5aef31ef5f70e6bb3726c440fcdb9,arbitrum,contract-deployer,The Beacon: Deployer,entity,eth-labels,https://github.com/dawsbot/eth-labels,medium,2026-10-01
0x5e95454f33f9c88c9a967531cd48192deb2fd4fd,arbitrum,contract-deployer,Accumulate: Deployer,entity,eth-labels,https://github.com/dawsbot/eth-labels,medium,2026-10-01
0x5e9bf1dd74b4d25b7009af11582f537b08ea3d3c,arbitrum,contract-deployer,Layer Zero: Deployer,entity,eth-labels,https://github.com/dawsbot/eth-labels,medium,2026-10-01
0x5f0a4fc44db3bcf8008051ed00a5ef9137333bf7,arbitrum,contract-deployer,Bored Arb Yacht Club: Deployer,entity,eth-labels,https://github.com/dawsbot/eth-labels,medium,2026-10-01
0x5f2eb2c90d5e4240d86f48a21d0ea72414f0841e,arbitrum,contract-deployer,Moon Pepe: Deployer,entity,eth-labels,https://github.com/dawsbot/eth-labels,medium,2026-10-01
0x5f7a4c11bde4f218f0025ef444c369d838ffa2ad,arbitrum,contract-deployer,Backed: Deployer,entity,eth-labels,https://github.com/dawsbot/eth-labels,medium,2026-10-01
0x5fdc879d4414b449efaaa372e25e61eef25c0d90,arbitrum,contract-deployer,Hamachi Finance: Deployer,entity,eth-labels,https://github.com/dawsbot/eth-labels,medium,2026-10-01
0x5ffb4e4f4b28f55b74096158e7d3811a567184eb,arbitrum,contract-deployer,FrozenAi: Deployer,entity,eth-labels,https://github.com/dawsbot/eth-labels,medium,2026-10-01
0x5ffc120734ce00002b43919d27e70d881f02f8ef,arbitrum,contract-deployer,Galxe: NFT Deployer,entity,eth-labels+etherscan-labels,https://github.com/dawsbot/eth-labels,medium,2026-10-01
0x604034d192e67ee62bf32c29790b78a24ad43121,arbitrum,contract-deployer,The Forgotten Runiverse: Deployer,entity,eth-labels,https://github.com/dawsbot/eth-labels,medium,2026-10-01
0x60585facacfe9296ed51819b54cadb1ae398f74a,arbitrum,contract-deployer,Uniperp: Deployer,entity,eth-labels,https://github.com/dawsbot/eth-labels,medium,2026-10-01
0x60a3d336c39e8fac40647142d3068780b4bc4c93,arbitrum,contract-deployer,Archi: Deployer,entity,eth-labels,https://github.com/dawsbot/eth-labels,medium,2026-10-01
0x6182c765ca896ddd1117b28addbb0b3b06c76b91,arbitrum,contract-deployer,X Blue Finance: Deployer,entity,eth-labels,https://github.com/dawsbot/eth-labels,medium,2026-10-01
0x61da869d8eb130cb3d2ba5bbd57c4a53ff534cb4,arbitrum,contract-deployer,Seneca: Deployer,entity,eth-labels,https://github.com/dawsbot/eth-labels,medium,2026-10-01
0x62e2cb8503dd2d74a7e0ef513a80ab3929e0c095,arbitrum,contract-deployer,SpinaqDex: Deployer,entity,eth-labels,https://github.com/dawsbot/eth-labels,medium,2026-10-01
0x63a0704e005776b153248a500dfd950873afb186,arbitrum,contract-deployer,Darwin Protocol: Deployer,entity,eth-labels,https://github.com/dawsbot/eth-labels,medium,2026-10-01
0x6431532d8eaa743ad383452806d772b6d8ad202c,arbitrum,contract-deployer,ARUKU: Deployer,entity,eth-labels,https://github.com/dawsbot/eth-labels,medium,2026-10-01
0x643a18b434be18ada135073edef33163e091bfb0,arbitrum,contract-deployer,Chatmint: Deployer 1,entity,eth-labels,https://github.com/dawsbot/eth-labels,medium,2026-10-01
0x6442b001c5acce8cb71986ad65b22684821a927a,arbitrum,contract-deployer,Level Finance: Deployer,entity,eth-labels,https://github.com/dawsbot/eth-labels,medium,2026-10-01
0x64aba23de520e217d8124b7e42b0e7135c768c9c,arbitrum,contract-deployer,Neptune Mutual: Deployer,entity,eth-labels,https://github.com/dawsbot/eth-labels,medium,2026-10-01
0x6513b19f08881400f180cba0aa175627e99e4aa5,arbitrum,contract-deployer,Pegged Finance: Deployer,entity,eth-labels,https://github.com/dawsbot/eth-labels,medium,2026-10-01
0x652bfd562a1fa6cf6c6aaa2a79b8fd165ee8544d,arbitrum,contract-deployer,Arbitama: Deployer,entity,eth-labels+etherscan-labels,https://github.com/dawsbot/eth-labels,medium,2026-10-01
0x65425fa9be33916cb49490302bbdd5a965587d7b,arbitrum,contract-deployer,BlueSale Finance: Deployer,entity,eth-labels,https://github.com/dawsbot/eth-labels,medium,2026-10-01
0x6547b9c39f806c972bcb6eb96c5620dbae2ab507,arbitrum,contract-deployer,Forge: Deployer,entity,eth-labels,https://github.com/dawsbot/eth-labels,medium,2026-10-01
0x65b7a5aa6924b62b9cd72aa96baada2b1b28b67e,arbitrum,contract-deployer,Chunks: Deployer,entity,eth-labels,https://github.com/dawsbot/eth-labels,medium,2026-10-01
0x6609e9deeeef63e7fba2fcd643818dcec8a08a58,arbitrum,contract-deployer,Times SquareC: Deployer,entity,eth-labels,https://github.com/dawsbot/eth-labels,medium,2026-10-01
0x663190d2e1cb42db59d91de85df40b27a510bbf0,arbitrum,contract-deployer,Bitago: Deployer,entity,eth-labels,https://github.com/dawsbot/eth-labels,medium,2026-10-01
0x66d0487cfc925b526ecdd28202f7b7feac8210a5,arbitrum,contract-deployer,Weave Name: Deployer,entity,eth-labels,https://github.com/dawsbot/eth-labels,medium,2026-10-01
0x66ec0da50b1b54a52817417fe1a92df7a961d149,arbitrum,contract-deployer,CygnusDAO: Deployer,entity,eth-labels,https://github.com/dawsbot/eth-labels,medium,2026-10-01
0x67b17e633f2934818fb068a4211d802e8f88417e,arbitrum,contract-deployer,USDLR by Stable: Deployer,entity,eth-labels,https://github.com/dawsbot/eth-labels,medium,2026-10-01
0x67e57a0ec37768eaf99a364975ec4e1f98920d01,arbitrum,contract-deployer,Lodestar Finance: Deployer,entity,eth-labels,https://github.com/dawsbot/eth-labels,medium,2026-10-01
0x68d7aec353e28d8953a59829332f684c4ecf0da6,arbitrum,contract-deployer,The Knowers: Deployer,entity,eth-labels,https://github.com/dawsbot/eth-labels,medium,2026-10-01
0x69c863b5cc675240c4cc02a8174e0b58599d8f67,arbitrum,contract-deployer,Safety Bank: Deployer,entity,eth-labels,https://github.com/dawsbot/eth-labels,medium,2026-10-01
0x69f74d7dd69251255853509a5f3cb53fcb20f716,arbitrum,contract-deployer,ArbDoge AI: Deployer,entity,eth-labels,https://github.com/dawsbot/eth-labels,medium,2026-10-01
0x6a1b373fd991c4195ef508536b6fb68f6da6a88d,arbitrum,contract-deployer,PetAI: Deployer,entity,eth-labels,https://github.com/dawsbot/eth-labels,medium,2026-10-01
0x6a5d2bf8ba767f7763cd342cb62c5076f9924872,arbitrum,contract-deployer,HMX: Deployer,entity,eth-labels,https://github.com/dawsbot/eth-labels,medium,2026-10-01
0x6a70c42cf31275bddf9522b61109faadbf8cf228,arbitrum,contract-deployer,SteakHut Finance: Deployer,entity,eth-labels,https://github.com/dawsbot/eth-labels,medium,2026-10-01
0x6a73ca645f755dbd6794e7d28e0fa9e439491c7f,arbitrum,contract-deployer,Meta Theft Auto: Deployer,entity,eth-labels,https://github.com/dawsbot/eth-labels,medium,2026-10-01
0x6a963573b9a7aaef9cb9eee747e1b6b2c21b0520,arbitrum,contract-deployer,THOREUM: Deployer,entity,eth-labels,https://github.com/dawsbot/eth-labels,medium,2026-10-01
0x6b46abc2f562b510911ed402acb22651367581af,arbitrum,contract-deployer,Goblin: Deployer,entity,eth-labels+etherscan-labels,https://github.com/dawsbot/eth-labels,medium,2026-10-01
0x6b6cdb40ea76dca168d77c2225782fdaa83212a1,arbitrum,contract-deployer,Alt Markets: Deployer,entity,eth-labels+etherscan-labels,https://github.com/dawsbot/eth-labels,medium,2026-10-01
0x6bc5fc9d0d908ef8444a7d8f6a7e1a7050a82084,arbitrum,contract-deployer,Elk Finance: Deployer,entity,eth-labels+etherscan-labels,https://github.com/dawsbot/eth-labels,medium,2026-10-01
0x6bce94043eeebf0ec23c9b3d1238819eecefe278,arbitrum,contract-deployer,SpartaDex: Deployer,entity,eth-labels,https://github.com/dawsbot/eth-labels,medium,2026-10-01
0x6c2cd686746cea0773633d27eb7944c28da3d432,arbitrum,contract-deployer,Codyfight: Deployer,entity,eth-labels,https://github.com/dawsbot/eth-labels,medium,2026-10-01
0x6c31eb825b69185dddbe101a241d2f771329a440,arbitrum,contract-deployer,deUSDC: Deployer,entity,eth-labels+etherscan-labels,https://github.com/dawsbot/eth-labels,medium,2026-10-01
0x6c7ac154ad78a8b5e38a96cdeda8daf1bc959669,arbitrum,contract-deployer,StakeLounge: Deployer,entity,eth-labels,https://github.com/dawsbot/eth-labels,medium,2026-10-01
0x6cb6d9fb673cfbf31b3a432f6316fe3196efd4aa,arbitrum,contract-deployer,Mugen Finance: Deployer,entity,eth-labels,https://github.com/dawsbot/eth-labels,medium,2026-10-01
0x6cdd678f3054dc72e2be03a46ac5295a12a8ae65,arbitrum,contract-deployer,Twoge Inu: Deployer,entity,eth-labels,https://github.com/dawsbot/eth-labels,medium,2026-10-01
0x6cf5f94d8efb67af2fbaa33f89981f47b7e7685e,arbitrum,contract-deployer,Hydranet: Deployer 1,entity,eth-labels,https://github.com/dawsbot/eth-labels,medium,2026-10-01
0x6d356e6085769f4a1c755703a59e087b55da51a9,arbitrum,contract-deployer,Savvy: Deployer,entity,eth-labels,https://github.com/dawsbot/eth-labels,medium,2026-10-01
0x6ed08fc35dd2411dd6f99f5608881a15b30e48c9,arbitrum,contract-deployer,PonySwap: Deployer,entity,eth-labels,https://github.com/dawsbot/eth-labels,medium,2026-10-01
0x6faeb7c2a9c2bf2d4da601227a023ecc8fbac0e6,arbitrum,contract-deployer,ZTX: Deployer,entity,eth-labels,https://github.com/dawsbot/eth-labels,medium,2026-10-01
0x70a0d319c76b0a99be5e8cd2685219aea9406845,arbitrum,contract-deployer,dForce: Deployer 2,entity,eth-labels+etherscan-labels,https://github.com/dawsbot/eth-labels,medium,2026-10-01
0x70ae1a02a86f576fa7dfc0287ab3c8c65280d367,arbitrum,contract-deployer,888ALIEN: Deployer,entity,eth-labels,https://github.com/dawsbot/eth-labels,medium,2026-10-01
0x718c68764b0aecd0f2314dca536c633a5577498a,arbitrum,contract-deployer,Dsquared.finance: Deployer,entity,eth-labels,https://github.com/dawsbot/eth-labels,medium,2026-10-01
0x72cce9d17ce88bf1dd9823c9d2916df90385226f,arbitrum,contract-deployer,Aethir: Deployer,entity,eth-labels,https://github.com/dawsbot/eth-labels,medium,2026-10-01
0x734601d2179f740e936b4bf7522444dee4c7c145,arbitrum,contract-deployer,Arbitrove Governance: Deployer,entity,eth-labels,https://github.com/dawsbot/eth-labels,medium,2026-10-01
0x73493071436d2dcffac5a73922440d460cafde73,arbitrum,contract-deployer,Fugazi Ai: Deployer,entity,eth-labels,https://github.com/dawsbot/eth-labels,medium,2026-10-01
0x7380f025df0aab71ae0fc9024163833e8976eee4,arbitrum,contract-deployer,Whitehole Finance: Deployer,entity,eth-labels,https://github.com/dawsbot/eth-labels,medium,2026-10-01
0x7396f133baa2543ea7917ba3254e61fea3028288,arbitrum,contract-deployer,Fuse: Deployer,entity,eth-labels,https://github.com/dawsbot/eth-labels,medium,2026-10-01
0x73f4c1a9aa2ff2b60158eff9c9695963d3bf1aaa,arbitrum,contract-deployer,Liquid Finance: Deployer,entity,eth-labels,https://github.com/dawsbot/eth-labels,medium,2026-10-01
0x73f6d60439046681f4ce35665583a39f25e138b0,arbitrum,contract-deployer,ZooDAO: Deployer,entity,eth-labels,https://github.com/dawsbot/eth-labels,medium,2026-10-01
0x7434fa7b25e601f8543c691b11259ae7548b5cd3,arbitrum,contract-deployer,The Game DAO: Deployer,entity,eth-labels,https://github.com/dawsbot/eth-labels,medium,2026-10-01
0x743f8f5301c9ddf4eb8aff0a3dff880efd6c5fac,arbitrum,contract-deployer,REKT: Deployer,entity,eth-labels,https://github.com/dawsbot/eth-labels,medium,2026-10-01
0x75365ddb02bc316748fb9a2dc5a33b42f1fba2e7,arbitrum,contract-deployer,Partyhat: Deployer,entity,eth-labels,https://github.com/dawsbot/eth-labels,medium,2026-10-01
0x7583e1324a35b4c528b4665f8f0177a6eb34fc3a,arbitrum,contract-deployer,Klover Network: Deployer,entity,eth-labels,https://github.com/dawsbot/eth-labels,medium,2026-10-01
0x75c6e6038e7826747b25906ae89d7c5be54f67c3,arbitrum,contract-deployer,pogai: Deployer,entity,eth-labels,https://github.com/dawsbot/eth-labels,medium,2026-10-01
0x7638ef9741105778facaa6210ca6828904258477,arbitrum,contract-deployer,Twizzler: Deployer 1,entity,eth-labels,https://github.com/dawsbot/eth-labels,medium,2026-10-01
0x76975bd7c484fcacd9507feb67a1394701d4335c,arbitrum,contract-deployer,Mobox: Deployer,entity,eth-labels,https://github.com/dawsbot/eth-labels,medium,2026-10-01
0x76c011dd875f4a0d03bc118bab076c82826c7e67,arbitrum,contract-deployer,USDLR by 1,entity,eth-labels,https://github.com/dawsbot/eth-labels,medium,2026-10-01
0x76d7a03ffdb95f335476fe7bf01e0b618d98fd19,arbitrum,contract-deployer,NitroDino: Deployer,entity,eth-labels,https://github.com/dawsbot/eth-labels,medium,2026-10-01
0x7732cd8bbcb88f018f846e20375905e8c197df2d,arbitrum,contract-deployer,Zeleboba: Deployer,entity,eth-labels,https://github.com/dawsbot/eth-labels,medium,2026-10-01
0x775590f0cf2c435f8bb2e4e16e9250cd34443bc1,arbitrum,contract-deployer,CreDA: Deployer,entity,eth-labels+etherscan-labels,https://github.com/dawsbot/eth-labels,medium,2026-10-01
0x7759124915160e94c77ece5b96e8a7fcec44aa19,arbitrum,contract-deployer,Radiant Capital: Deployer,entity,eth-labels,https://github.com/dawsbot/eth-labels,medium,2026-10-01
0x77777eef36045851c3e1832ac0815d0c894ce09f,arbitrum,contract-deployer,Arken Finance: Deployer,entity,eth-labels+etherscan-labels,https://github.com/dawsbot/eth-labels,medium,2026-10-01
0x77d68b7db9aab15baf4729e4642abff31e49a306,arbitrum,contract-deployer,VIRUS WORLD: Deployer,entity,eth-labels,https://github.com/dawsbot/eth-labels,medium,2026-10-01
0x78ad0ac10ad5fa1381c34e6c46692662805a1118,arbitrum,contract-deployer,Roseon: Deployer,entity,eth-labels,https://github.com/dawsbot/eth-labels,medium,2026-10-01
0x78c05c429f314c50ee1ff9849664c9b9153608b1,arbitrum,contract-deployer,OtterHome: Deployer,entity,eth-labels,https://github.com/dawsbot/eth-labels,medium,2026-10-01
0x7915e6bb15f6b1f18fac513b53bffd2d35f6c3ae,arbitrum,contract-deployer,MetaCity: Deployer,entity,eth-labels,https://github.com/dawsbot/eth-labels,medium,2026-10-01
0x793287a04002f8efced0f0a1deaa197723dc5993,arbitrum,contract-deployer,Arbalest Finance: Deployer,entity,eth-labels,https://github.com/dawsbot/eth-labels,medium,2026-10-01
0x79b637fbd0b628a2889e2208af9d4a764b263b47,arbitrum,contract-deployer,Kabosu: Deployer,entity,eth-labels,https://github.com/dawsbot/eth-labels,medium,2026-10-01
0x79e2b9c1f6c9ed1375c93aaf139e6c4537f48523,arbitrum,contract-deployer,contract-deployer,entity,eth-labels+etherscan-labels,https://github.com/dawsbot/eth-labels,medium,2026-10-01
0x7a2e81e359aa7112b0d4bd7a830fd8d061618c62,arbitrum,contract-deployer,xHero: Deployer,entity,eth-labels,https://github.com/dawsbot/eth-labels,medium,2026-10-01
0x7ae55f6b4858ebabfd7e9321e32478566e03ac75,arbitrum,contract-deployer,ETHxCAT: Deployer,entity,eth-labels,https://github.com/dawsbot/eth-labels,medium,2026-10-01
0x7b6fa491b2b9a734766a23648b8f02add266559e,arbitrum,contract-deployer,NitroShiba: Deployer 1,entity,eth-labels,https://github.com/dawsbot/eth-labels,medium,2026-10-01
0x7bbcda156e32a05cb907c707381c36f7f4190393,arbitrum,contract-deployer,ARB-20: Deployer,entity,eth-labels,https://github.com/dawsbot/eth-labels,medium,2026-10-01
0x7c2998db7fc8f12e43d283c3bc8caa85b91353bd,arbitrum,contract-deployer,PigsCanFly: Deployer,entity,eth-labels,https://github.com/dawsbot/eth-labels,medium,2026-10-01
0x7c94e07bbf73518b0e25d1be200a5b58f46f9dc7,arbitrum,contract-deployer,XAI: Deployer,entity,eth-labels,https://github.com/dawsbot/eth-labels,medium,2026-10-01
0x7d30d1fb803fb0ca73728fc80471be0960a77240,arbitrum,contract-deployer,1minBET: Deployer,entity,eth-labels,https://github.com/dawsbot/eth-labels,medium,2026-10-01
0x7d7935edd4b6cdb5f34b0e1cceaf85a3c4a11254,arbitrum,contract-deployer,contract-deployer,entity,eth-labels,https://github.com/dawsbot/eth-labels,medium,2026-10-01
0x7d921516f5400a2c13fc129424e7707b51ad7cc3,arbitrum,contract-deployer,ZTX: Deployer 1,entity,eth-labels,https://github.com/dawsbot/eth-labels,medium,2026-10-01
0x7e9da0832bdb880a2663203c212d933f4c3668c6,arbitrum,contract-deployer,Bitindi Chain: Deployer,entity,eth-labels+etherscan-labels,https://github.com/dawsbot/eth-labels,medium,2026-10-01
0x7eeaad9c49c5422ea6b65665146187a66f22c48e,arbitrum,contract-deployer,Tamagosan: Deployer,entity,eth-labels,https://github.com/dawsbot/eth-labels,medium,2026-10-01
0x7f57388a12d4ed6b5f9ed39ba200be465fc3010a,arbitrum,contract-deployer,ZYX NETWORK: Deployer,entity,eth-labels,https://github.com/dawsbot/eth-labels,medium,2026-10-01
0x7f943e801244ddea5dc3536ae15e8adc218e8b1d,arbitrum,contract-deployer,Pepes Game: Deployer,entity,eth-labels,https://github.com/dawsbot/eth-labels,medium,2026-10-01
0x7f9c490a04f7c5c9267618d9d261efaf36f9b9f7,arbitrum,contract-deployer,Duke of Arbitrum: Deployer,entity,eth-labels,https://github.com/dawsbot/eth-labels,medium,2026-10-01
0x7fcfc04cc6cc89def9a9f46fab7784131b12699c,arbitrum,contract-deployer,Tenderize: Deployer,entity,eth-labels,https://github.com/dawsbot/eth-labels,medium,2026-10-01
0x8134b687be5752eff8361b663030420d47648bff,arbitrum,contract-deployer,Dominator Domains: Deployer,entity,eth-labels,https://github.com/dawsbot/eth-labels,medium,2026-10-01
0x81a7c42a45763cc3e6eab38d314e2676eb9506e3,arbitrum,contract-deployer,Rabbit: Deployer,entity,eth-labels,https://github.com/dawsbot/eth-labels,medium,2026-10-01
0x8255352322c301c076cb2e2a1c63772ffa0ba829,arbitrum,contract-deployer,Jito Network: Deployer,entity,eth-labels,https://github.com/dawsbot/eth-labels,medium,2026-10-01
0x828514e0ffd7f0fa34f7affb0563a20f9e4a044a,arbitrum,contract-deployer,Magicland: Deployer,entity,eth-labels,https://github.com/dawsbot/eth-labels,medium,2026-10-01
0x82b7aaab1f90f1658c76ccb79209ccf895acd32a,arbitrum,contract-deployer,Primex Finance: Deployer,entity,eth-labels,https://github.com/dawsbot/eth-labels,medium,2026-10-01
0x82d55e9d2307a6e7f7318963661779ea8dce87bf,arbitrum,contract-deployer,CrescentSwap: Deployer,entity,eth-labels,https://github.com/dawsbot/eth-labels,medium,2026-10-01
0x83924e2572ef462a42d8027041808d85fdde0ffc,arbitrum,contract-deployer,DeFIL: Deployer,entity,eth-labels+etherscan-labels,https://github.com/dawsbot/eth-labels,medium,2026-10-01
0x83a15cb9781458b421ad11def469586242cd06cb,arbitrum,contract-deployer,contract-deployer,entity,eth-labels+etherscan-labels,https://github.com/dawsbot/eth-labels,medium,2026-10-01
0x83cb2b3d5de9ecf5c7aedbb45d9883d9b7a6ed36,arbitrum,contract-deployer,Realm: Deployer,entity,eth-labels,https://github.com/dawsbot/eth-labels,medium,2026-10-01
0x8408d3f403c65b226bcb274af0dcd75a6b4c178a,arbitrum,contract-deployer,Nutcash: Deployer,entity,eth-labels,https://github.com/dawsbot/eth-labels,medium,2026-10-01
0x843279c7f253167c1dd08d9befc7d4ecb8b5042d,arbitrum,contract-deployer,LSDoge: Deployer,entity,eth-labels,https://github.com/dawsbot/eth-labels,medium,2026-10-01
0x845f67df76391f91a2d378d3c13006456592c939,arbitrum,contract-deployer,ApeX Protocol: Deployer,entity,eth-labels+etherscan-labels,https://github.com/dawsbot/eth-labels,medium,2026-10-01
0x84c8bd99df40626f6d9cb9a1e71d2f65278d75fa,arbitrum,contract-deployer,ELLERIUM: Deployer,entity,eth-labels+etherscan-labels,https://github.com/dawsbot/eth-labels,medium,2026-10-01
0x8567def8234e873fe415fe2614205b3f48841b73,arbitrum,contract-deployer,CanaBoyz: Deployer,entity,eth-labels,https://github.com/dawsbot/eth-labels,medium,2026-10-01
0x85b6d0a0623e3ec7dde67e2274baa74d553ec5e8,arbitrum,contract-deployer,ArbiRoul: Deployer,entity,eth-labels+etherscan-labels,https://github.com/dawsbot/eth-labels,medium,2026-10-01
0x8602ee2f8aaeb671e409b26d48e36dd8cc3b7ed7,arbitrum,contract-deployer,ArbiNYAN: Deployer,entity,eth-labels+etherscan-labels,https://github.com/dawsbot/eth-labels,medium,2026-10-01
0x87209dc4b76b14b67bc5e5e5c0737e7d002a219c,arbitrum,contract-deployer,Vesta Finance: Deployer,entity,eth-labels,https://github.com/dawsbot/eth-labels,medium,2026-10-01
0x8749c817e138a8c0244cf45ca6db684669b8c2ff,arbitrum,contract-deployer,AlienFi: Deployer,entity,eth-labels+etherscan-labels,https://github.com/dawsbot/eth-labels,medium,2026-10-01
0x879e48db77771e1cf6b7f1c70edcc85788d7b8f9,arbitrum,contract-deployer,ENO: Deployer,entity,eth-labels,https://github.com/dawsbot/eth-labels,medium,2026-10-01
0x881ce8b7bf9a290063533cbce5b428af2d90032b,arbitrum,contract-deployer,Era Of Explorers: Deployer,entity,eth-labels,https://github.com/dawsbot/eth-labels,medium,2026-10-01
0x89a8225ca49aae301797ee5ba662a175cf77525e,arbitrum,contract-deployer,HedgeFarm: Deployer,entity,eth-labels,https://github.com/dawsbot/eth-labels,medium,2026-10-01
0x89d761935ca2d85e3a6f8d917751133ec00167c3,arbitrum,contract-deployer,Reunit Wallet: Deployer,entity,eth-labels,https://github.com/dawsbot/eth-labels,medium,2026-10-01
0x8a3e5364d3662e941183810543d03d6156b5f982,arbitrum,contract-deployer,AsgardX: Deployer,entity,eth-labels+etherscan-labels,https://github.com/dawsbot/eth-labels,medium,2026-10-01
0x8a5d257c261f8b3c410db0943a79e3840b501278,arbitrum,contract-deployer,aiPX: Deployer,entity,eth-labels,https://github.com/dawsbot/eth-labels,medium,2026-10-01
0x8acbc4a734f494935fec9d03b975f5b9a5b9c8ca,arbitrum,contract-deployer,xDollar Space: Deployer,entity,eth-labels,https://github.com/dawsbot/eth-labels,medium,2026-10-01
0x8adfb55cabab56babffd7f20f89db404c86f9d7e,arbitrum,contract-deployer,Astra DAO: Deployer,entity,eth-labels,https://github.com/dawsbot/eth-labels,medium,2026-10-01
0x8b08d16f8ed6d00e539a4da896bd124828615a96,arbitrum,contract-deployer,Polyhedra 2024: Deployer,entity,eth-labels,https://github.com/dawsbot/eth-labels,medium,2026-10-01
0x8b64fa5fd129df9c755eb82db1e16d6d0bdf5bc3,arbitrum,contract-deployer,Notional Finance: Deployer,entity,eth-labels,https://github.com/dawsbot/eth-labels,medium,2026-10-01
0x8bb5f94299a99f764de038402d1a86e24d4cb676,arbitrum,contract-deployer,Hamburglar: Deployer,entity,eth-labels,https://github.com/dawsbot/eth-labels,medium,2026-10-01
0x8bc920001949589258557412a32f8d297a74f244,arbitrum,contract-deployer,Gyroscope: Deployer,entity,eth-labels,https://github.com/dawsbot/eth-labels,medium,2026-10-01
0x8c70fabc218191f673b54bdc982abca4df5bcbf3,arbitrum,contract-deployer,Mchain Network: Deployer,entity,eth-labels,https://github.com/dawsbot/eth-labels,medium,2026-10-01
0x8c807cddb6faadf96956353f70ea60d63fab69d5,arbitrum,contract-deployer,Tigris: Deployer,entity,eth-labels,https://github.com/dawsbot/eth-labels,medium,2026-10-01
0x8c9b789d4e6892e207e8123059cb986694f75390,arbitrum,contract-deployer,Xenify: Deployer,entity,eth-labels,https://github.com/dawsbot/eth-labels,medium,2026-10-01
0x8dc8d1f1fab806a6c1c571ab4722dfde8abd0e1b,arbitrum,contract-deployer,TronAI: Deployer,entity,eth-labels,https://github.com/dawsbot/eth-labels,medium,2026-10-01
0x8dd7c4be122b747e4b3448e3dbdd6011fd645744,arbitrum,contract-deployer,Omicron DAO: Deployer,entity,eth-labels,https://github.com/dawsbot/eth-labels,medium,2026-10-01
0x8e0a2c383a9f5edf5f04948a2966999666341670,arbitrum,contract-deployer,FonAI: Deployer,entity,eth-labels+etherscan-labels,https://github.com/dawsbot/eth-labels,medium,2026-10-01
0x8f0ffa3214a1c77dc95edd29b6fb36c54186968f,arbitrum,contract-deployer,Onchain Trade: Deployer,entity,eth-labels,https://github.com/dawsbot/eth-labels,medium,2026-10-01
0x8fcba7279af1d5d12c77e7062caf1e09a0623f97,arbitrum,contract-deployer,Hundred Finance: Deployer,entity,eth-labels,https://github.com/dawsbot/eth-labels,medium,2026-10-01
0x902f6bfeca88e7ed58bb0f669901c482571ae0c7,arbitrum,contract-deployer,BattleFly: Deployer,entity,eth-labels+etherscan-labels,https://github.com/dawsbot/eth-labels,medium,2026-10-01
0x904b5993fc92979eeedc19ccc58bed6b7216667c,arbitrum,contract-deployer,MUX Protocol: Deployer,entity,eth-labels,https://github.com/dawsbot/eth-labels,medium,2026-10-01
0x91d9edee7f6bebcc8ce12f6cd438e40994e87528,arbitrum,contract-deployer,ArbZilla: Deployer,entity,eth-labels+etherscan-labels,https://github.com/dawsbot/eth-labels,medium,2026-10-01
0x920fae61b835bbcc50f0e8883f7de26ce9a2047b,arbitrum,contract-deployer,OpenOcean: Deployer,entity,eth-labels,https://github.com/dawsbot/eth-labels,medium,2026-10-01
0x9268a7101650c740c5f4c107ebcebacd7f87786c,arbitrum,contract-deployer,LYS Capital: Deployer,entity,eth-labels,https://github.com/dawsbot/eth-labels,medium,2026-10-01
0x92f49d951d1eea03df811e15ba8016e153d96f84,arbitrum,contract-deployer,Open Meta Trade: Deployer,entity,eth-labels,https://github.com/dawsbot/eth-labels,medium,2026-10-01
0x935967fad7ebe3e686cf3d835defeba6b5a70cdc,arbitrum,contract-deployer,Orivium: Deployer,entity,eth-labels,https://github.com/dawsbot/eth-labels,medium,2026-10-01
0x93875c22102dd86a38d5bb94e91caafa5b1e5410,arbitrum,contract-deployer,Garbi Protocol: Deployer,entity,eth-labels+etherscan-labels,https://github.com/dawsbot/eth-labels,medium,2026-10-01
0x9394719516a0b271653104179396a5c9cc4ccf7e,arbitrum,contract-deployer,ETHforestAI: Deployer,entity,eth-labels,https://github.com/dawsbot/eth-labels,medium,2026-10-01
0x93fff98cb63bef479603271344b3df66beb6f4cf,arbitrum,contract-deployer,Exponential Capital: Deployer,entity,eth-labels,https://github.com/dawsbot/eth-labels,medium,2026-10-01
0x941b773872f333c494717731de50bde84f41df79,arbitrum,contract-deployer,Second City Studio: Deployer,entity,eth-labels,https://github.com/dawsbot/eth-labels,medium,2026-10-01
0x9506ea24038609679732855f757041a3c1c06623,arbitrum,contract-deployer,DLC.Link: Deployer,entity,eth-labels,https://github.com/dawsbot/eth-labels,medium,2026-10-01
0x9511956626883403933e46bc8ca6e37c57718e63,arbitrum,contract-deployer,Kagedo: Deployer,entity,eth-labels,https://github.com/dawsbot/eth-labels,medium,2026-10-01
0x9544e0500407dad0765b11c67d6c94645cf343ca,arbitrum,contract-deployer,USDEX+: Deployer,entity,eth-labels,https://github.com/dawsbot/eth-labels,medium,2026-10-01
0x9549ed3894ba6b69986efa9f3f325813c7bb8c41,arbitrum,contract-deployer,TUXC: Deployer,entity,eth-labels,https://github.com/dawsbot/eth-labels,medium,2026-10-01
0x961a14beabd590229b1c68a21d7068c8233c8542,arbitrum,contract-deployer,CheckDot: Deployer,entity,eth-labels+etherscan-labels,https://github.com/dawsbot/eth-labels,medium,2026-10-01
0x9644ffce92ff305f14af9acd71c7ccbbe6478023,arbitrum,contract-deployer,Ledgity Yield: Deployer,entity,eth-labels,https://github.com/dawsbot/eth-labels,medium,2026-10-01
0x966aff92b93db46f65ac7a2831228d3fb9aee376,arbitrum,contract-deployer,Arb Furbo: Deployer,entity,eth-labels,https://github.com/dawsbot/eth-labels,medium,2026-10-01
0x96fea8a29077c80894b0701e0c7b966a60778b80,arbitrum,contract-deployer,Twister Finance: Deployer,entity,eth-labels,https://github.com/dawsbot/eth-labels,medium,2026-10-01
0x97f351c6e87af8941ae6caf0465254c14ac65ffb,arbitrum,contract-deployer,YieldTopia: Deployer,entity,eth-labels,https://github.com/dawsbot/eth-labels,medium,2026-10-01
0x9852d6d1384837f7e0e3f39f28a1ce8ef444908a,arbitrum,contract-deployer,TraderDAO Proof Of Trade: Deployer,entity,eth-labels,https://github.com/dawsbot/eth-labels,medium,2026-10-01
0x98b82c57e75abab340eb77c7460cadb863808bac,arbitrum,contract-deployer,Chromium Dollar: Deployer,entity,eth-labels+etherscan-labels,https://github.com/dawsbot/eth-labels,medium,2026-10-01
0x993b131bdbf49c5e6e5f8c722d65d35e4a9887b7,arbitrum,contract-deployer,Universal Stable Protocol: Deployer,entity,eth-labels,https://github.com/dawsbot/eth-labels,medium,2026-10-01
0x9980fedf494f722887dd5d7eaee55efe354789c6,arbitrum,contract-deployer,Reboot: Deployer,entity,eth-labels,https://github.com/dawsbot/eth-labels,medium,2026-10-01
0x99844e58e16ff482f6d9749e6fc793957ab31338,arbitrum,contract-deployer,Vaultka: Deployer,entity,eth-labels,https://github.com/dawsbot/eth-labels,medium,2026-10-01
0x9986ee0c3eea15dcf8642b56179652f9589b95db,arbitrum,contract-deployer,OpenOcean: Deployer 1,entity,eth-labels,https://github.com/dawsbot/eth-labels,medium,2026-10-01
0x99988d4ee69783443791974caebd6060f9940f77,arbitrum,contract-deployer,Bagelbank: Deployer,entity,eth-labels,https://github.com/dawsbot/eth-labels,medium,2026-10-01
0x99c2edd6581d211cf2697751467c8bcc34bf1f0a,arbitrum,contract-deployer,Nuon: Deployer,entity,eth-labels,https://github.com/dawsbot/eth-labels,medium,2026-10-01
0x99de25dd595ea941632eb4ba5faad8fc2700fc38,arbitrum,contract-deployer,TIME Token Finance: Deployer,entity,eth-labels,https://github.com/dawsbot/eth-labels,medium,2026-10-01
0x99e63ee099d5b762643d20b642508349de179cc7,arbitrum,contract-deployer,Kortana: Deployer,entity,eth-labels,https://github.com/dawsbot/eth-labels,medium,2026-10-01
0x9a9d8832534a9dc2efcf99b5f14c8c66f6317027,arbitrum,contract-deployer,MetaLine: Deployer,entity,eth-labels,https://github.com/dawsbot/eth-labels,medium,2026-10-01
0x9aa99c23f67c81701c772b106b4f83f6e858dd2e,arbitrum,contract-deployer,Hop: Deployer,entity,eth-labels,https://github.com/dawsbot/eth-labels,medium,2026-10-01
0x9ad2fd279ff72f8b7c167118dd0e077050d3027d,arbitrum,contract-deployer,Multichain: Deployer 1,entity,eth-labels,https://github.com/dawsbot/eth-labels,medium,2026-10-01
0x9b438bfe5122f4cf52547886d344a6611f1fec20,arbitrum,contract-deployer,contract-deployer,entity,eth-labels,https://github.com/dawsbot/eth-labels,medium,2026-10-01
0x9ba7e8a1ef2cb8151be2297809fc780a0c3f3b28,arbitrum,contract-deployer,KEK AI: Deployer,entity,eth-labels,https://github.com/dawsbot/eth-labels,medium,2026-10-01
0x9cf91d36146ab033bf0f6a605c8951527a22f8ba,arbitrum,contract-deployer,RAMSES: Deployer,entity,eth-labels,https://github.com/dawsbot/eth-labels,medium,2026-10-01
0x9d1a807355056442f878f3bbc22054a0677e7995,arbitrum,contract-deployer,Cryptex Finance: Deployer,entity,eth-labels+etherscan-labels,https://github.com/dawsbot/eth-labels,medium,2026-10-01
0x9d297670d4cb420677ec78fa3c6c99aae7c2b3c5,arbitrum,contract-deployer,Pogai Baby: Deployer,entity,eth-labels,https://github.com/dawsbot/eth-labels,medium,2026-10-01
0x9de2b19deadbeefb821d00c39289919dd5313566,arbitrum,contract-deployer,Tangle: Deployer,entity,eth-labels,https://github.com/dawsbot/eth-labels,medium,2026-10-01
0x9e247ce1bbe983a490abdf298074a884bfb58f3c,arbitrum,contract-deployer,AIENGLISH: Deployer,entity,eth-labels,https://github.com/dawsbot/eth-labels,medium,2026-10-01
0x9e4e7f827cddb6d7f8cb52016359ce73b5a8e41e,arbitrum,contract-deployer,OpenBlox: Deployer,entity,eth-labels,https://github.com/dawsbot/eth-labels,medium,2026-10-01
0x9e59386f2910dc220b381f2bc3b90d74568b1ede,arbitrum,contract-deployer,Grail Inu: Deployer,entity,eth-labels,https://github.com/dawsbot/eth-labels,medium,2026-10-01
0x9f7b83619a9d10e03743e2e4fde8508346f7cfbc,arbitrum,contract-deployer,PoSH4D: Deployer,entity,eth-labels,https://github.com/dawsbot/eth-labels,medium,2026-10-01
0x9fa048388a6241e0404c1146f6face256701fd45,arbitrum,contract-deployer,Mineable: Deployer,entity,eth-labels,https://github.com/dawsbot/eth-labels,medium,2026-10-01
0x9fbb2427d91600c85e008cf5377f240338700155,arbitrum,contract-deployer,Scattering: Deployer,entity,eth-labels,https://github.com/dawsbot/eth-labels,medium,2026-10-01
0x9fcaa8b8fd3f99d22212997e0649c489a26ab843,arbitrum,contract-deployer,Aspida: Deployer,entity,eth-labels,https://github.com/dawsbot/eth-labels,medium,2026-10-01
0x9fe28cd334e7f0d17817cd80eb47e953eca06042,arbitrum,contract-deployer,TridentDAO: Deployer,entity,eth-labels,https://github.com/dawsbot/eth-labels,medium,2026-10-01
0x9ff78c671613147a2d67273d17aacaafad37a5ff,arbitrum,contract-deployer,Cats: Deployer,entity,eth-labels,https://github.com/dawsbot/eth-labels,medium,2026-10-01
0xa12b74d649b48d46e3beab3bc81229cd9e44bf09,arbitrum,contract-deployer,USDARBI: Deployer,entity,eth-labels,https://github.com/dawsbot/eth-labels,medium,2026-10-01
0xa135d1959fbba5e8b20c4f0c0baca7621ea6bfd7,arbitrum,contract-deployer,MemePad: Deployer,entity,eth-labels,https://github.com/dawsbot/eth-labels,medium,2026-10-01
0xa1835130e053d71de8a3afa3ce475028dd2e28aa,arbitrum,contract-deployer,AIPEOPLE: Deployer,entity,eth-labels,https://github.com/dawsbot/eth-labels,medium,2026-10-01
0xa1aed6f3b7c8f871b4ac27144ade9fda6fbcd639,arbitrum,contract-deployer,Axolittles: Deployer,entity,eth-labels+etherscan-labels,https://github.com/dawsbot/eth-labels,medium,2026-10-01
0xa1efda57fff5bde3e74c10e2e14154eb0277ad80,arbitrum,contract-deployer,Dream Machine Token: Deployer,entity,eth-labels,https://github.com/dawsbot/eth-labels,medium,2026-10-01
0xa21ff368fe504eb266ab34f346ee821994fc0410,arbitrum,contract-deployer,Black Rabbit AI: Deployer,entity,eth-labels+etherscan-labels,https://github.com/dawsbot/eth-labels,medium,2026-10-01
0xa2438524d704232d610af0aeb27a790ce59f86ea,arbitrum,contract-deployer,Fluid Finance SA: Deployer,entity,eth-labels+etherscan-labels,https://github.com/dawsbot/eth-labels,medium,2026-10-01
0xa2b7e1adb1bc16ba6f70b9552cec3c69a655a5b5,arbitrum,contract-deployer,DOGESHIT: Deployer,entity,eth-labels,https://github.com/dawsbot/eth-labels,medium,2026-10-01
0xa2ec022d89b0a80012c2446b0e8e5ff12f88dfc1,arbitrum,contract-deployer,Wagmi: Deployer,entity,eth-labels,https://github.com/dawsbot/eth-labels,medium,2026-10-01
0xa2fd20106c9b1f2b8267e38e43a9bd3faed32c66,arbitrum,contract-deployer,Artichoke: Deployer,entity,eth-labels,https://github.com/dawsbot/eth-labels,medium,2026-10-01
0xa39cf0f4a519f9c29d0e866452ecead7b203b22d,arbitrum,contract-deployer,ACE Poker Defi: Deployer,entity,eth-labels,https://github.com/dawsbot/eth-labels,medium,2026-10-01
0xa3a7b6f88361f48403514059f1f16c8e78d60eec,arbitrum,contract-deployer,The Graph: Deployer,entity,eth-labels,https://github.com/dawsbot/eth-labels,medium,2026-10-01
0xa3ad82700bb8ec60ee26374745c5d3f8d526dee5,arbitrum,contract-deployer,Panaroma Finance: Deployer,entity,eth-labels,https://github.com/dawsbot/eth-labels,medium,2026-10-01
0xa3b113fba39133b7a9d544a45713a296945ff7b4,arbitrum,contract-deployer,Arbucks: Deployer,entity,eth-labels+etherscan-labels,https://github.com/dawsbot/eth-labels,medium,2026-10-01
0xa3daa0c5c645d188d4971788eb97e5d75b8993dc,arbitrum,contract-deployer,Vocus and Friends: Deployer,entity,eth-labels,https://github.com/dawsbot/eth-labels,medium,2026-10-01
0xa48174ed840010fbd9aa3fd8bdb6f38834258c88,arbitrum,contract-deployer,Poison Finance: Deployer,entity,eth-labels,https://github.com/dawsbot/eth-labels,medium,2026-10-01
0xa50fc8fc0b7845b07dcd00ef6bde46e5160e3835,arbitrum,contract-deployer,Radiate Protocol: Deployer,entity,eth-labels,https://github.com/dawsbot/eth-labels,medium,2026-10-01
0xa562151f8325edc3fe16f963a45bea2adfe5cba5,arbitrum,contract-deployer,LilAI: Deployer,entity,eth-labels,https://github.com/dawsbot/eth-labels,medium,2026-10-01
0xa5674071fae436b646a6f9823f17fe4db2661054,arbitrum,contract-deployer,Umami: Deployer,entity,eth-labels,https://github.com/dawsbot/eth-labels,medium,2026-10-01
0xa5b34197b0ea6d23792a527172806f32d18ed712,arbitrum,contract-deployer,Cloudbit Classic: Deployer,entity,eth-labels,https://github.com/dawsbot/eth-labels,medium,2026-10-01
0xa5eda11368fbc67239d36a670415ec63f0438ff3,arbitrum,contract-deployer,hypeboy: Deployer,entity,eth-labels,https://github.com/dawsbot/eth-labels,medium,2026-10-01
0xa654bf9f6f5a84eb3ab38d84af253a1f75f2e57f,arbitrum,contract-deployer,Monopoly Finance: Deployer,entity,eth-labels,https://github.com/dawsbot/eth-labels,medium,2026-10-01
0xa6cbb287369240d7d8e71feaf91b726cb921a805,arbitrum,contract-deployer,Fortune Cookie: Deployer,entity,eth-labels,https://github.com/dawsbot/eth-labels,medium,2026-10-01
0xa715056fafe90c7adff0a41086e2d3fe68bd9f94,arbitrum,contract-deployer,Overlay Protocol: Deployer,entity,eth-labels,https://github.com/dawsbot/eth-labels,medium,2026-10-01
0xa79cbebc2c730203e85cd0f1f83a83fbc8ca7ece,arbitrum,contract-deployer,Opulous: Deployer 1,entity,eth-labels,https://github.com/dawsbot/eth-labels,medium,2026-10-01
0xa804dfe4b06607f379e0a788c856f1edda9b65c2,arbitrum,contract-deployer,Divitrend: Deployer,entity,eth-labels,https://github.com/dawsbot/eth-labels,medium,2026-10-01
0xa85ec1cffa40e30aae77d252bdf9b3fd9189b6bd,arbitrum,contract-deployer,ArbSHIB: Deployer,entity,eth-labels,https://github.com/dawsbot/eth-labels,medium,2026-10-01
0xa89824f5b96cfbb97fa2a5b52d77244cddcfaaa8,arbitrum,contract-deployer,Goldbank Finance: Deployer,entity,eth-labels,https://github.com/dawsbot/eth-labels,medium,2026-10-01
0xa8f024801aed8d0f2012791e7ed7bca89091d8f8,arbitrum,contract-deployer,Luneko: Deployer,entity,eth-labels,https://github.com/dawsbot/eth-labels,medium,2026-10-01
0xa976754653f31886cd0778efe1485706230dcb21,arbitrum,contract-deployer,Narwhal Finance: Deployer,entity,eth-labels,https://github.com/dawsbot/eth-labels,medium,2026-10-01
0xa984f00690ac3d79d07400a4bd065c15d91816df,arbitrum,contract-deployer,AITom: Deployer,entity,eth-labels,https://github.com/dawsbot/eth-labels,medium,2026-10-01
0xaa07ee0f7e16cde3bdcb446ccc6900191976b020,arbitrum,contract-deployer,Redacted: Deployer,entity,eth-labels,https://github.com/dawsbot/eth-labels,medium,2026-10-01
0xaa5ed848b15c4c146aa4c97dc74d0ec1438af844,arbitrum,contract-deployer,Checkamigos: Deployer,entity,eth-labels,https://github.com/dawsbot/eth-labels,medium,2026-10-01
0xaa9ed2d5297da24b3e9b3dd2f86d176b38f0f867,arbitrum,contract-deployer,Makx: Deployer,entity,eth-labels,https://github.com/dawsbot/eth-labels,medium,2026-10-01
0xaadcc13071fdf9c73cfbb8d97639ea68aa6fd1d2,arbitrum,contract-deployer,Izumi Finance: Deployer 2,entity,eth-labels,https://github.com/dawsbot/eth-labels,medium,2026-10-01
0xab41a5d36d6b15d011ccc9c2316239788e9dd4a3,arbitrum,contract-deployer,Bolt: Deployer,entity,eth-labels,https://github.com/dawsbot/eth-labels,medium,2026-10-01
0xabcdbc2ecb47642ee8cf52fd7b88fa42fbb69f98,arbitrum,contract-deployer,Ithil: Deployer,entity,eth-labels,https://github.com/dawsbot/eth-labels,medium,2026-10-01
0xabcde00a45f99fe9917439ef3b0e791906b075f7,arbitrum,contract-deployer,Generic Coin: Deployer,entity,eth-labels,https://github.com/dawsbot/eth-labels,medium,2026-10-01
0xacc02044176851b0b57c9ec5987f9d8bbba4d4ad,arbitrum,contract-deployer,Sensay: Deployer,entity,eth-labels,https://github.com/dawsbot/eth-labels,medium,2026-10-01
0xacda3e5b34f574ed962659518ec2973c69dda9dd,arbitrum,contract-deployer,1912: Deployer,entity,eth-labels+etherscan-labels,https://github.com/dawsbot/eth-labels,medium,2026-10-01
0xacda407506a4f5d07c8229f2c64b458ceb4ae8a8,arbitrum,contract-deployer,Ether Wars: Deployer,entity,eth-labels,https://github.com/dawsbot/eth-labels,medium,2026-10-01
0xadef586efb3287da4d7d1cbe15f12e0be69e0df0,arbitrum,contract-deployer,Renzo Protocol: Deployer,entity,eth-labels,https://github.com/dawsbot/eth-labels,medium,2026-10-01
0xae7b63dad95581947d2925a9e62e57ccbb2da046,arbitrum,contract-deployer,Locus Finance: Deployer,entity,eth-labels,https://github.com/dawsbot/eth-labels,medium,2026-10-01
0xae837fd1c51705f3f8f232910dfecb9180541b27,arbitrum,contract-deployer,Funicular: Deployer,entity,eth-labels,https://github.com/dawsbot/eth-labels,medium,2026-10-01
0xaf814e11a8b89ff8204d25ff4f55603a9e43f38a,arbitrum,contract-deployer,RB Share: Deployer,entity,eth-labels,https://github.com/dawsbot/eth-labels,medium,2026-10-01
0xb005b4c53342543db39d2f6670ea1fe190f938e6,arbitrum,contract-deployer,DELI: Deployer,entity,eth-labels,https://github.com/dawsbot/eth-labels,medium,2026-10-01
0xb05252570e48638430945b12251fdcd30ea56f6b,arbitrum,contract-deployer,Perp Inu: Deployer,entity,eth-labels,https://github.com/dawsbot/eth-labels,medium,2026-10-01
0xb1712a2b9dfcf6ecdab302c1bcfda9cff91a5b5a,arbitrum,contract-deployer,Sharbi: Deployer,entity,eth-labels,https://github.com/dawsbot/eth-labels,medium,2026-10-01
0xb1bef51ebca01eb12001a639bdbbff6eeca12b9f,arbitrum,contract-deployer,Sablier: Deployer,entity,eth-labels,https://github.com/dawsbot/eth-labels,medium,2026-10-01
0xb1d446dc6b9fe7ffdb9983b0e91fc253e75a9b4f,arbitrum,contract-deployer,ETF Rocks: Deployer,entity,eth-labels,https://github.com/dawsbot/eth-labels,medium,2026-10-01
0xb1d7db9998356e876e44538d6372a8c94a6c6571,arbitrum,contract-deployer,RAMSES: Deployer 3,entity,eth-labels,https://github.com/dawsbot/eth-labels,medium,2026-10-01
0xb221a35c395de61a78e4d9b5025504489bd330b7,arbitrum,contract-deployer,contract-deployer,entity,eth-labels,https://github.com/dawsbot/eth-labels,medium,2026-10-01
0xb26f9e92d66e1e46b918aa1dfc3b3b5945673d90,arbitrum,contract-deployer,Hamburger Finance: Deployer,entity,eth-labels,https://github.com/dawsbot/eth-labels,medium,2026-10-01
0xb2f73fbc67434ed1261dee7fc96d4d001a7ca9ab,arbitrum,contract-deployer,DFund AI: Deployer,entity,eth-labels,https://github.com/dawsbot/eth-labels,medium,2026-10-01
0xb316e70c5ae4b7a5f404bc1ca729eca3af5087b0,arbitrum,contract-deployer,AIFIN: Deployer,entity,eth-labels,https://github.com/dawsbot/eth-labels,medium,2026-10-01
0xb3650f404dd488510a0649387db37502b64d44c0,arbitrum,contract-deployer,SVP Academy: Deployer,entity,eth-labels,https://github.com/dawsbot/eth-labels,medium,2026-10-01
0xb36c15f1ed5cedb9e913218219016d8cf5ac864f,arbitrum,contract-deployer,Mineral Token: Deployer,entity,eth-labels,https://github.com/dawsbot/eth-labels,medium,2026-10-01
0xb3f4366f15ad3c48c2b234d168d2c86e32267722,arbitrum,contract-deployer,NoriGO!: Deployer,entity,eth-labels,https://github.com/dawsbot/eth-labels,medium,2026-10-01
0xb40416d8196d1a404407c7295ed506133023b7b7,arbitrum,contract-deployer,Pepe Rew: Deployer,entity,eth-labels,https://github.com/dawsbot/eth-labels,medium,2026-10-01
0xb4b8b6f88361f48403514059f1f16c8e78d61ffd,arbitrum,contract-deployer,Aliased L1 ERC20 Gateway,entity,eth-labels+etherscan-labels,https://github.com/dawsbot/eth-labels,medium,2026-10-01
0xb4ba87fce253070c7ae3f0f7dfa25e7f4995b587,arbitrum,contract-deployer,Arbisphere Launchpad: Deployer,entity,eth-labels,https://github.com/dawsbot/eth-labels,medium,2026-10-01
0xb4e4dd051162e567336ddae9e86eb03c1f8d5c04,arbitrum,contract-deployer,Honey Money Finance: Deployer,entity,eth-labels,https://github.com/dawsbot/eth-labels,medium,2026-10-01
0xb522e32b6b49363f420d2546e13479c05ff27201,arbitrum,contract-deployer,SPACE ID .arb Name Service: Deployer,entity,eth-labels,https://github.com/dawsbot/eth-labels,medium,2026-10-01
0xb562fea71360e87d77207774776f6a3045afec65,arbitrum,contract-deployer,ZenithSwap: Deployer,entity,eth-labels,https://github.com/dawsbot/eth-labels,medium,2026-10-01
0xb5af4138f0f33be0d6414eb25271b9c2dc245fb5,arbitrum,contract-deployer,Livepeer: Deployer,entity,eth-labels,https://github.com/dawsbot/eth-labels,medium,2026-10-01
0xb61ac32dcc163b3904cb246120c1830196c27e5f,arbitrum,contract-deployer,18/02/23 - Token update (Afiq): Deployer,entity,eth-labels+etherscan-labels,https://github.com/dawsbot/eth-labels,medium,2026-10-01
0xb748910bf3926dc2ee18ddb7c8b279ee9331955c,arbitrum,contract-deployer,GAM3S.GG: Deployer,entity,eth-labels,https://github.com/dawsbot/eth-labels,medium,2026-10-01
0xb76bf9af1519fce41afa4eda5f4ece88cfe1bac8,arbitrum,contract-deployer,Planet IX: Deployer,entity,eth-labels,https://github.com/dawsbot/eth-labels,medium,2026-10-01
0xb7ff4d46e372951c2f9f07e143f8a06e5ced97e3,arbitrum,contract-deployer,Parifi: Deployer,entity,eth-labels,https://github.com/dawsbot/eth-labels,medium,2026-10-01
0xb82a6d0c805f33c665ae2733599469b2f41a4bc3,arbitrum,contract-deployer,OmniCat: Deployer,entity,eth-labels,https://github.com/dawsbot/eth-labels,medium,2026-10-01
0xbad2b4d2b1c511ea60a7a5dbb483856921c93238,arbitrum,contract-deployer,Plunge Pad: Deployer,entity,eth-labels,https://github.com/dawsbot/eth-labels,medium,2026-10-01
0xbb9119e0f037c9716d09e3bf021a3836b94ff67f,arbitrum,contract-deployer,Crypto Royale: Deployer,entity,eth-labels+etherscan-labels,https://github.com/dawsbot/eth-labels,medium,2026-10-01
0xbbade6662e6b8971ef9c906eda6bf2cf49854a90,arbitrum,contract-deployer,Subsmate: Deployer,entity,eth-labels,https://github.com/dawsbot/eth-labels,medium,2026-10-01
0xbbe2dc01b5f65ae53e8c497c9147fa1cb236de53,arbitrum,contract-deployer,Launchy: Deployer,entity,eth-labels,https://github.com/dawsbot/eth-labels,medium,2026-10-01
0xbc0f98422d979f701f8074c8492632ea9f1c39ba,arbitrum,contract-deployer,Zeeverse: Deployer,entity,eth-labels,https://github.com/dawsbot/eth-labels,medium,2026-10-01
0xbc2beee86f74fe7e86f58d46d2a6c09019be0c3c,arbitrum,contract-deployer,OpenLeverage: Deployer,entity,eth-labels,https://github.com/dawsbot/eth-labels,medium,2026-10-01
0xbc3a51a469b83f3f1720ebb0209278710b781e1b,arbitrum,contract-deployer,LIULIU: Deployer,entity,eth-labels,https://github.com/dawsbot/eth-labels,medium,2026-10-01
0xbc44469ab048768091522f1b1a0184fc62541f6f,arbitrum,contract-deployer,ArbNothing: Deployer,entity,eth-labels,https://github.com/dawsbot/eth-labels,medium,2026-10-01
0xbc89cfb2bea3ce544974850198913a3f38fa7c0a,arbitrum,contract-deployer,Nulswap: Deployer,entity,eth-labels,https://github.com/dawsbot/eth-labels,medium,2026-10-01
0xbcb900aa5a6750aac347ed11870471966bf4f669,arbitrum,contract-deployer,Parrot Defi: Deployer,entity,eth-labels,https://github.com/dawsbot/eth-labels,medium,2026-10-01
0xbd5db4c7d55c086107f4e9d17c4c34395d1b1e1e,arbitrum,contract-deployer,Poolshark: Deployer,entity,eth-labels,https://github.com/dawsbot/eth-labels,medium,2026-10-01
0xbd7081fc3bc1c1086f45d963720b110e67d936c5,arbitrum,contract-deployer,Sanctum Coin: Deployer,entity,eth-labels,https://github.com/dawsbot/eth-labels,medium,2026-10-01
0xbd85483f2a6c2d239dff6bc773f22b4458eb43c0,arbitrum,contract-deployer,X-travel Space: Deployer,entity,eth-labels,https://github.com/dawsbot/eth-labels,medium,2026-10-01
0xbdc149340cc73b38aebde5f67bae146a1af9e0d6,arbitrum,contract-deployer,SEX: Deployer,entity,eth-labels,https://github.com/dawsbot/eth-labels,medium,2026-10-01
0xbe8770603daf200b1fa136ad354ba854928e602b,arbitrum,contract-deployer,Livepeer Titan Node: Deployer,entity,eth-labels,https://github.com/dawsbot/eth-labels,medium,2026-10-01
0xbea9419e51bbd1b7f564c9f0891187a5822974ab,arbitrum,contract-deployer,Legends of Barcraft: Deployer,entity,eth-labels,https://github.com/dawsbot/eth-labels,medium,2026-10-01
0xbefea6dd6a4d30b23559caec15125798ae914a26,arbitrum,contract-deployer,UNITS LIMITED SUPPLY: Deployer,entity,eth-labels,https://github.com/dawsbot/eth-labels,medium,2026-10-01
0xbf0d63df0e2edb4669315f157fc298907c59bc22,arbitrum,contract-deployer,Space AI Finance: Deployer,entity,eth-labels,https://github.com/dawsbot/eth-labels,medium,2026-10-01
0xbf42f27077014b91031c54751baaacf1d6e79e8e,arbitrum,contract-deployer,ArbiFLUX: Deployer,entity,eth-labels+etherscan-labels,https://github.com/dawsbot/eth-labels,medium,2026-10-01
0xbf4388f9eb20c5926aa3ad4cff306932a428ddb4,arbitrum,contract-deployer,Smol Age: Deployer,entity,eth-labels,https://github.com/dawsbot/eth-labels,medium,2026-10-01
0xbf73371a46995007c99cfea9edae7d7801f37013,arbitrum,contract-deployer,BlackHat: Deployer,entity,eth-labels,https://github.com/dawsbot/eth-labels,medium,2026-10-01
0xbfefc3c8024d1854e41ce310c5c6805b338d071f,arbitrum,contract-deployer,PooChain: Deployer,entity,eth-labels,https://github.com/dawsbot/eth-labels,medium,2026-10-01
0xc04cc5eb8da82e63b5988d056728d71ebd431b74,arbitrum,contract-deployer,HOOPX: Deployer,entity,eth-labels,https://github.com/dawsbot/eth-labels,medium,2026-10-01
0xc0d33a65d7a2d2069f4f53adbf79699652349ff8,arbitrum,contract-deployer,Mizar: Deployer,entity,eth-labels,https://github.com/dawsbot/eth-labels,medium,2026-10-01
0xc11d810c4c07fec47db0ad5466ec6fc4542d7d0d,arbitrum,contract-deployer,Kewl: Deployer,entity,eth-labels,https://github.com/dawsbot/eth-labels,medium,2026-10-01
0xc120fee4140a9e82943d87d81b2dbafa728d8317,arbitrum,contract-deployer,Carbon: Deployer,entity,eth-labels+etherscan-labels,https://github.com/dawsbot/eth-labels,medium,2026-10-01
0xc1b3c3e86c9986934d46cbdc7992ccc11e217076,arbitrum,contract-deployer,Florence Finance: Deployer,entity,eth-labels,https://github.com/dawsbot/eth-labels,medium,2026-10-01
0xc1bb9ac2f713ec3e6ac25a08f016f3ab0e3028c2,arbitrum,contract-deployer,Find: Deployer,entity,eth-labels,https://github.com/dawsbot/eth-labels,medium,2026-10-01
0xc207cd3f61da958aa6f4209c5f0a145c056b576f,arbitrum,contract-deployer,SURGE: Deployer,entity,eth-labels,https://github.com/dawsbot/eth-labels,medium,2026-10-01
0xc28c6970d8a345988e8335b1c229dea3c802e0a6,arbitrum,contract-deployer,Sperax: Deployer 1,entity,eth-labels,https://github.com/dawsbot/eth-labels,medium,2026-10-01
0xc31249ba48763df46388ba5c4e7565d62ed4801c,arbitrum,contract-deployer,Jarvis Network: Liquidity Provision,entity,eth-labels,https://github.com/dawsbot/eth-labels,medium,2026-10-01
0xc36f5dc9c384f0ca4c4c51dc1d5746581108c6ca,arbitrum,contract-deployer,Alph Network: Deployer,entity,eth-labels,https://github.com/dawsbot/eth-labels,medium,2026-10-01
0xc3f7d86ce42a08b4af7b0fdd962998c9c9be70fd,arbitrum,contract-deployer,Xfish: Deployer,entity,eth-labels,https://github.com/dawsbot/eth-labels,medium,2026-10-01
0xc4109e427a149239e6c1e35bb2ecd0015b6500b8,arbitrum,contract-deployer,OpenEden: Deployer,entity,eth-labels,https://github.com/dawsbot/eth-labels,medium,2026-10-01
0xc4ad9f58c4c7cba47191be635ecf40b4515cf6cf,arbitrum,contract-deployer,Stable Coin: Deployer,entity,eth-labels,https://github.com/dawsbot/eth-labels,medium,2026-10-01
0xc4b853f10f8fff315f21c6f9d1a1cea8fbf0df01,arbitrum,contract-deployer,Torque: Deployer 1,entity,eth-labels,https://github.com/dawsbot/eth-labels,medium,2026-10-01
0xc692d583567cda0fde14cd3d6136c2623202ed68,arbitrum,contract-deployer,Fractal Protocol: Deployer,entity,eth-labels,https://github.com/dawsbot/eth-labels,medium,2026-10-01
0xc694c44a735935564defc2303f13b007c015c2b5,arbitrum,contract-deployer,Arbi Shib: Deployer,entity,eth-labels+etherscan-labels,https://github.com/dawsbot/eth-labels,medium,2026-10-01
0xc6d7522f7b012b22bc365c9c43b3dbf13b9aaff9,arbitrum,contract-deployer,MXC: Deployer,entity,eth-labels,https://github.com/dawsbot/eth-labels,medium,2026-10-01
0xc71d166c73320ab2889beb8f7357dd44f1631d36,arbitrum,contract-deployer,Pacman Native Token: Deployer,entity,eth-labels,https://github.com/dawsbot/eth-labels,medium,2026-10-01
0xc75a8fee658d7728fc2789fe9611de796a12bd1d,arbitrum,contract-deployer,EdgeMatrix Computing: Deployer,entity,eth-labels,https://github.com/dawsbot/eth-labels,medium,2026-10-01
0xc773006d1e940157b4b3afabe3ccc165c6253049,arbitrum,contract-deployer,Edgeware: Deployer 1,entity,eth-labels,https://github.com/dawsbot/eth-labels,medium,2026-10-01
0xc7f73196a301948866f457add5eadb961fe05fb3,arbitrum,contract-deployer,YIN Finance: Deployer,entity,eth-labels,https://github.com/dawsbot/eth-labels,medium,2026-10-01
0xc877af078cdd6904dcad875e15388be0d18cbfe4,arbitrum,contract-deployer,Amy Finance: Deployer,entity,eth-labels+etherscan-labels,https://github.com/dawsbot/eth-labels,medium,2026-10-01
0xc8ce0ac725f914dbf1d743d51b6e222b79f479f1,arbitrum,contract-deployer,Jones GLP: Deployer,entity,eth-labels,https://github.com/dawsbot/eth-labels,medium,2026-10-01
0xc8f543e9ce8fe21d35642123556c2555c2794255,arbitrum,contract-deployer,ACE Poker: Deployer,entity,eth-labels,https://github.com/dawsbot/eth-labels,medium,2026-10-01
0xc9a3430605fa3d9777ffc4e7a87a040422a8ae13,arbitrum,contract-deployer,Smol Sharks: Deployer,entity,eth-labels,https://github.com/dawsbot/eth-labels,medium,2026-10-01
0xc9a63acf8e25d3bb93d621b4eae93241a883a59d,arbitrum,contract-deployer,Lucky Bubble: Deployer,entity,eth-labels,https://github.com/dawsbot/eth-labels,medium,2026-10-01
0xc9fa3c41f6c5b59182c082a3edd39054ebe3a949,arbitrum,contract-deployer,TIME: Deployer,entity,eth-labels,https://github.com/dawsbot/eth-labels,medium,2026-10-01
0xca009c35626cb7a175a15638a998aeabb1d1d97d,arbitrum,contract-deployer,GMCash: Deployer,entity,eth-labels,https://github.com/dawsbot/eth-labels,medium,2026-10-01
0xca01a7d566d244369aa2c68fe9599d1778888888,arbitrum,contract-deployer,Cradles Crystal Pass: Deployer,entity,eth-labels,https://github.com/dawsbot/eth-labels,medium,2026-10-01
0xca3db2f394bff76a5d8bfb134692abb6d8ab4def,arbitrum,contract-deployer,TotalAI: Deployer,entity,eth-labels,https://github.com/dawsbot/eth-labels,medium,2026-10-01
0xcad522a8f2d3a99d97d5f26f465e217e6842b70c,arbitrum,contract-deployer,Milady: Deployer,entity,eth-labels,https://github.com/dawsbot/eth-labels,medium,2026-10-01
0xcbb0e900ad6391cf3383950d71c35d183142fd10,arbitrum,contract-deployer,Hextopus: Deployer,entity,eth-labels,https://github.com/dawsbot/eth-labels,medium,2026-10-01
0xcc2e3fa6a5aac2e12f230b1e8185c4795864363b,arbitrum,contract-deployer,HARRAMBAE: Deployer,entity,eth-labels,https://github.com/dawsbot/eth-labels,medium,2026-10-01
0xcc97eb5651e05d5a0ae8bcd2813b9dfdad6f92a5,arbitrum,contract-deployer,Mycelium: Deployer,entity,eth-labels,https://github.com/dawsbot/eth-labels,medium,2026-10-01
0xcc9c4c61710b4ed873208393b8ea7a7b5da4ab13,arbitrum,contract-deployer,AI Arena: Deployer,entity,eth-labels,https://github.com/dawsbot/eth-labels,medium,2026-10-01
0xcca090fd60d405a10b786559933daeec4e2053af,arbitrum,contract-deployer,Superfluid Finance: Deployer,entity,eth-labels,https://github.com/dawsbot/eth-labels,medium,2026-10-01
0xccad6fbec3814458ad88734cdc397b075e0d7ba0,arbitrum,contract-deployer,Farmland: Deployer,entity,eth-labels+etherscan-labels,https://github.com/dawsbot/eth-labels,medium,2026-10-01
0xccca257bf5059294098f5a2549e4bb2ee5fcc82b,arbitrum,contract-deployer,Avive: Deployer,entity,eth-labels,https://github.com/dawsbot/eth-labels,medium,2026-10-01
0xccf44ae9dcac2efdba8dd8552ff848a4d64e71c1,arbitrum,contract-deployer,AuradX: Deployer,entity,eth-labels,https://github.com/dawsbot/eth-labels,medium,2026-10-01
0xcd0b087e113152324fca962488b4d9beb6f4caf6,arbitrum,contract-deployer,NFTEarth: Deployer,entity,eth-labels,https://github.com/dawsbot/eth-labels,medium,2026-10-01
0xcd5fb17a72e42f2e6d101eeecbfd401ad127d2a5,arbitrum,contract-deployer,Epic Level: Deployer,entity,eth-labels,https://github.com/dawsbot/eth-labels,medium,2026-10-01
0xcd8d26bfad8c80008865f1807823672855dbb854,arbitrum,contract-deployer,ArbiPad: Deployer,entity,eth-labels,https://github.com/dawsbot/eth-labels,medium,2026-10-01
0xce0042b868300000d44a59004da54a005ffdcf9f,arbitrum,contract-deployer,BOB: Deployer,entity,etherscan-labels,https://github.com/brianleect/etherscan-labels,medium,2026-10-01
0xce47297e40d72066f04cdf5f1d4da4ba76c7405e,arbitrum,contract-deployer,SHE PROTOCOL: Deployer,entity,eth-labels,https://github.com/dawsbot/eth-labels,medium,2026-10-01
0xce8282076e552294f464b8ed836d0025edd96f6a,arbitrum,contract-deployer,Banana: Deployer,entity,eth-labels,https://github.com/dawsbot/eth-labels,medium,2026-10-01
0xce89acf189a266ed6d0e027bf505e52e89c16d91,arbitrum,contract-deployer,Carbon Finance: Deployer,entity,eth-labels+etherscan-labels,https://github.com/dawsbot/eth-labels,medium,2026-10-01
0xced088f8e01dc2f104247ed46f60fc80ba22bf94,arbitrum,contract-deployer,Yieldification: Deployer,entity,eth-labels,https://github.com/dawsbot/eth-labels,medium,2026-10-01
0xcee1486a6adb8de859fdd7a8b9412b92ffb3ade3,arbitrum,contract-deployer,Array: Deployer,entity,eth-labels,https://github.com/dawsbot/eth-labels,medium,2026-10-01
0xcf25e3df8f448b91fa4520b9ee4182b0919f26f6,arbitrum,contract-deployer,Yieldification: Deployer 1,entity,eth-labels,https://github.com/dawsbot/eth-labels,medium,2026-10-01
0xd287e4b2781c683f4a723b508c65b6212431ff17,arbitrum,contract-deployer,Warp Drive Finance: Deployer,entity,eth-labels,https://github.com/dawsbot/eth-labels,medium,2026-10-01
0xd30c61dd6e2673a2765c0dd47a3e13041e2cafd5,arbitrum,contract-deployer,ArbInu: Deployer,entity,eth-labels+etherscan-labels,https://github.com/dawsbot/eth-labels,medium,2026-10-01
0xd37af52c1d214027582eac330ab9854d9f62f8cb,arbitrum,contract-deployer,Intelligent Monsters: Deployer,entity,eth-labels,https://github.com/dawsbot/eth-labels,medium,2026-10-01
0xd3ba61f2d0ea3ec2677620e2b084f1aa602bd835,arbitrum,contract-deployer,ShareFi: Deployer,entity,eth-labels,https://github.com/dawsbot/eth-labels,medium,2026-10-01
0xd46ac85c5d497417b3d69528f3db16931b388a3b,arbitrum,contract-deployer,Printarb: Deployer,entity,eth-labels,https://github.com/dawsbot/eth-labels,medium,2026-10-01
0xd5213a900cc842fb0f57b582c603a7d77a6fe43a,arbitrum,contract-deployer,DATA2073: Deployer,entity,eth-labels,https://github.com/dawsbot/eth-labels,medium,2026-10-01
0xd54790451558007d9bc8616248416c43c45bca9e,arbitrum,contract-deployer,Okcash: Deployer,entity,eth-labels,https://github.com/dawsbot/eth-labels,medium,2026-10-01
0xd5a47bccc1631692c1f5c94f71904f3cd18b7d66,arbitrum,contract-deployer,Mozaic Finance: Deployer,entity,eth-labels,https://github.com/dawsbot/eth-labels,medium,2026-10-01
0xd6bbb052a941b21d0cf84e6ab9b45f755ed10f79,arbitrum,contract-deployer,Magikal: Deployer,entity,eth-labels,https://github.com/dawsbot/eth-labels,medium,2026-10-01
0xd6cb50081a0087be91066723211b50ee3753f0da,arbitrum,contract-deployer,TimeswapV2: Deployer,entity,eth-labels,https://github.com/dawsbot/eth-labels,medium,2026-10-01
0xd70811f1e4992aa051d54e29a04c8925b32fba7d,arbitrum,contract-deployer,GND Protocol: Deployer,entity,eth-labels,https://github.com/dawsbot/eth-labels,medium,2026-10-01
0xd73e6b7c844d8e92e5444ca89dc938a64227751a,arbitrum,contract-deployer,xPet.tech: Deployer,entity,eth-labels,https://github.com/dawsbot/eth-labels,medium,2026-10-01
0xd7878bdcb6aae569dcd19bda1b29ca3ae4516e04,arbitrum,contract-deployer,Arbswap: Deployer,entity,eth-labels,https://github.com/dawsbot/eth-labels,medium,2026-10-01
0xd7ec70a520323c4ebfa45f7f29e415de758b0b26,arbitrum,contract-deployer,WINR Protocol: Deployer,entity,eth-labels,https://github.com/dawsbot/eth-labels,medium,2026-10-01
0xd81aeab3430c60ee978b29a54cf64bf78c6c1dba,arbitrum,contract-deployer,Dinosaur. Finance: Deployer,entity,eth-labels+etherscan-labels,https://github.com/dawsbot/eth-labels,medium,2026-10-01
0xd83282d91fd4c9fed01b860896cea395b85118db,arbitrum,contract-deployer,Gud Guess: Deployer,entity,eth-labels,https://github.com/dawsbot/eth-labels,medium,2026-10-01
0xd8a3275740b49015e5cdff7904a200ee4c851cbb,arbitrum,contract-deployer,SwapFish: Deployer,entity,eth-labels,https://github.com/dawsbot/eth-labels,medium,2026-10-01
0xd956554dd19296c82977cd0484af1e2300aac5de,arbitrum,contract-deployer,LabraLOL: Deployer,entity,eth-labels,https://github.com/dawsbot/eth-labels,medium,2026-10-01
0xd9670f367b34cc7b6f0560af346ab6635c5291ad,arbitrum,contract-deployer,BonusBlock: Deployer,entity,eth-labels,https://github.com/dawsbot/eth-labels,medium,2026-10-01
0xd9df2f01183ea1738f7c9a5314440f04e4b28b21,arbitrum,contract-deployer,contract-deployer,entity,eth-labels,https://github.com/dawsbot/eth-labels,medium,2026-10-01
0xda2d96eadab3671d9dfc6b2901aa85e99f8f0eb3,arbitrum,contract-deployer,pETH: Deployer,entity,eth-labels,https://github.com/dawsbot/eth-labels,medium,2026-10-01
0xda3ad846a89d6e7cd9c5f6e5a9f11adbe2da6e7b,arbitrum,contract-deployer,DTRUMP INU: Deployer,entity,eth-labels+etherscan-labels,https://github.com/dawsbot/eth-labels,medium,2026-10-01
0xdae4932503ae971ba466a66e2ad896176ac9e09e,arbitrum,contract-deployer,Malaysian Ringgit Coin: Deployer,entity,eth-labels,https://github.com/dawsbot/eth-labels,medium,2026-10-01
0xdaeccd2283045da07c402e68e55efeb0b9305bea,arbitrum,contract-deployer,Derived Finance: Deployer,entity,eth-labels,https://github.com/dawsbot/eth-labels,medium,2026-10-01
0xdb44cec77bc03dbc57fa6a6a6bdc4476e98fa31c,arbitrum,contract-deployer,Vox Finance: Deployer,entity,eth-labels,https://github.com/dawsbot/eth-labels,medium,2026-10-01
0xdb5ef7d9f4292764558b3d813f389a3a0aa29280,arbitrum,contract-deployer,Hold VIP: Deployer,entity,eth-labels,https://github.com/dawsbot/eth-labels,medium,2026-10-01
0xdb6741fa2c0f5726d7168e36c5420fc44edc9386,arbitrum,contract-deployer,contract-deployer,entity,eth-labels,https://github.com/dawsbot/eth-labels,medium,2026-10-01
0xdb79b27e7f87d62bef538a1d7964691236f2e5d5,arbitrum,contract-deployer,Baby Arbitrum: Deployer,entity,eth-labels,https://github.com/dawsbot/eth-labels,medium,2026-10-01
0xdbac2e689ae50c7fea1b4af234f35a2255cc888d,arbitrum,contract-deployer,Honor World: Deployer,entity,eth-labels,https://github.com/dawsbot/eth-labels,medium,2026-10-01
0xdc3de1ff6d1ab258945aae0465392a2448d56b66,arbitrum,contract-deployer,Hydranet: Deployer,entity,eth-labels,https://github.com/dawsbot/eth-labels,medium,2026-10-01
0xdc9bef318b9eb31da40a1a09a0c4feee65289469,arbitrum,contract-deployer,GMO Trust: Deployer,entity,eth-labels,https://github.com/dawsbot/eth-labels,medium,2026-10-01
0xdca400bf674bccbdfc8d850749bc27d0785846d0,arbitrum,contract-deployer,QIAN Labs: Deployer,entity,eth-labels,https://github.com/dawsbot/eth-labels,medium,2026-10-01
0xdd561195aa0f719de3735568c3cd46d8836c6b35,arbitrum,contract-deployer,WeFi: Deployer,entity,eth-labels,https://github.com/dawsbot/eth-labels,medium,2026-10-01
0xdd78fb113e070f81837a50c58d54ef13ed03d990,arbitrum,contract-deployer,EUROe: Deployer,entity,eth-labels,https://github.com/dawsbot/eth-labels,medium,2026-10-01
0xde485812e28824e542b9c2270b6b8ed9232b7d0b,arbitrum,contract-deployer,Dopex: Deployer,entity,eth-labels,https://github.com/dawsbot/eth-labels,medium,2026-10-01
0xde6d6f23aabbdc9469c8907ece7c379f98e4cb75,arbitrum,contract-deployer,dForce Network: Deployer,entity,eth-labels+etherscan-labels,https://github.com/dawsbot/eth-labels,medium,2026-10-01
0xdec0ded0606b7d0560adebd6c3a919a671db4d66,arbitrum,contract-deployer,Agave: Deployer,entity,eth-labels+etherscan-labels,https://github.com/dawsbot/eth-labels,medium,2026-10-01
0xdf38fe49c269ba4870e905be53d943a933db0225,arbitrum,contract-deployer,LionDEX: Deployer,entity,eth-labels,https://github.com/dawsbot/eth-labels,medium,2026-10-01
0xe00eaa2787a8830a485153b7bf508bc781e4a220,arbitrum,contract-deployer,contract-deployer,entity,eth-labels,https://github.com/dawsbot/eth-labels,medium,2026-10-01
0xe027880ceb8114f2e367211df977899d00e66138,arbitrum,contract-deployer,Granary: Deployer,entity,eth-labels,https://github.com/dawsbot/eth-labels,medium,2026-10-01
0xe0769afdae719046fd2342403d77d1eaf0740596,arbitrum,contract-deployer,Backed: Deployer 1,entity,eth-labels,https://github.com/dawsbot/eth-labels,medium,2026-10-01
0xe0e8dfae0f6ae9cc6a447a3808cd005b3b2029d4,arbitrum,contract-deployer,Pepe CPT: Deployer,entity,eth-labels,https://github.com/dawsbot/eth-labels,medium,2026-10-01
0xe0ea673bd14d7488f03eebb2d6bf43eafd4e02f7,arbitrum,contract-deployer,SolidLizard: Deployer,entity,eth-labels,https://github.com/dawsbot/eth-labels,medium,2026-10-01
0xe17f3fcc2043c34acd07ddccfda67f1792e78df0,arbitrum,contract-deployer,XLSD: Deployer,entity,eth-labels,https://github.com/dawsbot/eth-labels,medium,2026-10-01
0xe264a7be6d0d961cb3a5bf92854a7703580dd031,arbitrum,contract-deployer,Volta Finance: Deployer,entity,eth-labels,https://github.com/dawsbot/eth-labels,medium,2026-10-01
0xe279bfa51a7388adfb07851ef98fbc70311bdc0b,arbitrum,contract-deployer,Crypto Index Pool: Deployer,entity,eth-labels,https://github.com/dawsbot/eth-labels,medium,2026-10-01
0xe347bb3e2a2a978799fd6b614067ab4858a614bd,arbitrum,contract-deployer,XShares: Deployer,entity,eth-labels,https://github.com/dawsbot/eth-labels,medium,2026-10-01
0xe3f641ad659249a020e2af63c3f9abd6cffb668b,arbitrum,contract-deployer,Alta Finance: Deployer,entity,eth-labels+etherscan-labels,https://github.com/dawsbot/eth-labels,medium,2026-10-01
0xe42e56cf9fdbe26da63689b2748c15c848d0bad4,arbitrum,contract-deployer,Equation: Deployer,entity,eth-labels,https://github.com/dawsbot/eth-labels,medium,2026-10-01
0xe47ee43a410ac220162701e0dbaf2db9552d09d4,arbitrum,contract-deployer,Astra DAO: Deployer 2,entity,eth-labels,https://github.com/dawsbot/eth-labels,medium,2026-10-01
0xe52d74ecf476dadd993ef3ad42b46360ded8cda0,arbitrum,contract-deployer,Etherberry: Deployer,entity,eth-labels,https://github.com/dawsbot/eth-labels,medium,2026-10-01
0xe5d516ccb1cc32f4a8b03c010d8cde831d7382e7,arbitrum,contract-deployer,zkAI: Deployer,entity,eth-labels,https://github.com/dawsbot/eth-labels,medium,2026-10-01
0xe5df114758a9beb76050754e35766191c0976a6a,arbitrum,contract-deployer,contract-deployer,entity,eth-labels,https://github.com/dawsbot/eth-labels,medium,2026-10-01
0xe6125cbe0ed62ac22986b31580d6ec4bd4810e7b,arbitrum,contract-deployer,EVIL: Deployer,entity,eth-labels,https://github.com/dawsbot/eth-labels,medium,2026-10-01
0xe63ba9c74c5bf26bc446e3faa3c4f9ccea3ecf9b,arbitrum,contract-deployer,SERAPH: Deployer,entity,eth-labels,https://github.com/dawsbot/eth-labels,medium,2026-10-01
0xe67e7a46df17a361c3261ca3dee176cc765e9f1c,arbitrum,contract-deployer,DFX Finance: Deployer,entity,eth-labels,https://github.com/dawsbot/eth-labels,medium,2026-10-01
0xe75133f652642adbf1dceb0c01aeaa3cccb12629,arbitrum,contract-deployer,AIEmoji: Deployer,entity,eth-labels,https://github.com/dawsbot/eth-labels,medium,2026-10-01
0xe77b1452900b92a9d43cf87a079fe59c31b3f5ab,arbitrum,contract-deployer,Quoll Finance: Deployer,entity,eth-labels,https://github.com/dawsbot/eth-labels,medium,2026-10-01
0xe805a485ac69d013c403f021bbaee4827ade3190,arbitrum,contract-deployer,Arb Poppy AI: Deployer,entity,eth-labels,https://github.com/dawsbot/eth-labels,medium,2026-10-01
0xe83de7de49d5a0e0e9e71ecfd8990e894005d2e4,arbitrum,contract-deployer,contract-deployer,entity,eth-labels+etherscan-labels,https://github.com/dawsbot/eth-labels,medium,2026-10-01
0xe8f6996d649e06ff2d50fa728906339f7116d191,arbitrum,contract-deployer,Wheat: Deployer,entity,eth-labels,https://github.com/dawsbot/eth-labels,medium,2026-10-01
0xe9b3c292904114e6e6f04a363ae4c0f800f3236d,arbitrum,contract-deployer,Ideamarket: Deployer,entity,eth-labels,https://github.com/dawsbot/eth-labels,medium,2026-10-01
0xe9ec891ead0e2a4bd3b14f86b9b4ab8efd1d5180,arbitrum,contract-deployer,BRAIN CODE: Deployer,entity,eth-labels,https://github.com/dawsbot/eth-labels,medium,2026-10-01
0xea64d0cbea417b6fb8bafc32165b9ac2bdb74aad,arbitrum,contract-deployer,GameSwift DAO: Deployer,entity,eth-labels,https://github.com/dawsbot/eth-labels,medium,2026-10-01
0xea6875b055be9dadda39679e4f18ef7d8b904b60,arbitrum,contract-deployer,SafeSurge: Deployer,entity,eth-labels,https://github.com/dawsbot/eth-labels,medium,2026-10-01
0xeaf6e2a3d22a9775a1cc692b207b7d8dd6a4944c,arbitrum,contract-deployer,Concentric.fi: Deployer,entity,eth-labels,https://github.com/dawsbot/eth-labels,medium,2026-10-01
0xeb2201be755923670c4863bb3f5f799fa7df9f51,arbitrum,contract-deployer,Bonk: Deployer,entity,eth-labels,https://github.com/dawsbot/eth-labels,medium,2026-10-01
0xeb7d0be769cf857afa5626b5f8208528f034b1da,arbitrum,contract-deployer,Arbys Token: Deployer,entity,eth-labels+etherscan-labels,https://github.com/dawsbot/eth-labels,medium,2026-10-01
0xebe8078f9bb79f8c90c1a8dcfc6a830ab75a6b33,arbitrum,contract-deployer,Lyra Finance: Deployer,entity,eth-labels,https://github.com/dawsbot/eth-labels,medium,2026-10-01
0xec36df3f0fe20317d83425b0c34534350e84ec4e,arbitrum,contract-deployer,XEX Labs: Deployer,entity,eth-labels,https://github.com/dawsbot/eth-labels,medium,2026-10-01
0xec9581354f7750bc8194e3e801f8ee1d91e2a8ac,arbitrum,contract-deployer,Gains Network: Deployer,entity,eth-labels+etherscan-labels,https://github.com/dawsbot/eth-labels,medium,2026-10-01
0xed6e07ea474e549631667ac4a60e92eaa57771d3,arbitrum,contract-deployer,Edgeware: Deployer,entity,eth-labels+etherscan-labels,https://github.com/dawsbot/eth-labels,medium,2026-10-01
0xeddf9d75b0794d1ae55b50bb7a8eebda72cd2fee,arbitrum,contract-deployer,AI Supreme: Deployer,entity,eth-labels,https://github.com/dawsbot/eth-labels,medium,2026-10-01
0xee67b218b1f98bd2ec181479ff5eb7e0331b6531,arbitrum,contract-deployer,Hush Doge: Deployer,entity,eth-labels,https://github.com/dawsbot/eth-labels,medium,2026-10-01
0xeebf7b8225037a74f75d89d5c4981d9df33a3251,arbitrum,contract-deployer,ArbiTen: Deployer,entity,eth-labels,https://github.com/dawsbot/eth-labels,medium,2026-10-01
0xeed6a1c89fe2ae650413285364ced58a26674f86,arbitrum,contract-deployer,Dotlab: Deployer,entity,eth-labels,https://github.com/dawsbot/eth-labels,medium,2026-10-01
0xeefbe1e438696a729f1d387986665c3cdc3b6fda,arbitrum,contract-deployer,LeverageInu: Deployer,entity,eth-labels,https://github.com/dawsbot/eth-labels,medium,2026-10-01
0xf06a38607d8c5af33d4290e5d4a6a22dd59ff440,arbitrum,contract-deployer,LuxWorld: Deployer,entity,eth-labels,https://github.com/dawsbot/eth-labels,medium,2026-10-01
0xf0ceeb80b320ead1fee5e6b6d2c66403d88c9d2d,arbitrum,contract-deployer,ArbCate: Deployer,entity,eth-labels+etherscan-labels,https://github.com/dawsbot/eth-labels,medium,2026-10-01
0xf0e83453135c9a664cecf905987677d962002901,arbitrum,contract-deployer,ZenPandaCoin: Deployer,entity,eth-labels,https://github.com/dawsbot/eth-labels,medium,2026-10-01
0xf1002495eb5d95801227046a0908c140e4b13a54,arbitrum,contract-deployer,Dragon City Miner: Deployer,entity,eth-labels,https://github.com/dawsbot/eth-labels,medium,2026-10-01
0xf13da118551a3d038e3863b8fd76424335ab3e34,arbitrum,contract-deployer,Arbitrove ALP: Deployer,entity,eth-labels,https://github.com/dawsbot/eth-labels,medium,2026-10-01
0xf233d122f96ffb3a283e712b4c439cba176c548d,arbitrum,contract-deployer,Burnitrum: Deployer,entity,eth-labels+etherscan-labels,https://github.com/dawsbot/eth-labels,medium,2026-10-01
0xf2744e1fe488748e6a550677670265f664d96627,arbitrum,contract-deployer,Swaprum: Deployer,entity,eth-labels,https://github.com/dawsbot/eth-labels,medium,2026-10-01
0xf285e70ca2002b796a575e473285282bbf39d790,arbitrum,contract-deployer,Omnisea: Deployer,entity,eth-labels,https://github.com/dawsbot/eth-labels,medium,2026-10-01
0xf29b6cfd7019df58267fbcba3c0915f66baca08e,arbitrum,contract-deployer,YFDAI: Deployer,entity,eth-labels,https://github.com/dawsbot/eth-labels,medium,2026-10-01
0xf2a4148c89ff0099ff5aa6a1c57bf17a400ffb72,arbitrum,contract-deployer,PLEXUS: Deployer,entity,eth-labels,https://github.com/dawsbot/eth-labels,medium,2026-10-01
0xf323933d3f592fed98198366ee45489ebcd02759,arbitrum,contract-deployer,Xenify: Deployer 1,entity,eth-labels,https://github.com/dawsbot/eth-labels,medium,2026-10-01
0xf32d5db0b04e251a85590a4e865be91a001f1937,arbitrum,contract-deployer,Fluidity Money: Deployer,entity,eth-labels+etherscan-labels,https://github.com/dawsbot/eth-labels,medium,2026-10-01
0xf350b42041b1655f089ae08c6bab2cffa4292969,arbitrum,contract-deployer,OVAULT: Deployer,entity,eth-labels,https://github.com/dawsbot/eth-labels,medium,2026-10-01
0xf3d3e1a5de63afc7576d6a047e3501ef42608966,arbitrum,contract-deployer,Golden Ball: Deployer,entity,eth-labels,https://github.com/dawsbot/eth-labels,medium,2026-10-01
0xf44e40882f3536edfea032530213c7fcf146b269,arbitrum,contract-deployer,YieldFarming Index: Deployer,entity,eth-labels,https://github.com/dawsbot/eth-labels,medium,2026-10-01
0xf45d7e5067c199d8089fc996730896fe053ee44c,arbitrum,contract-deployer,Petroleum Finance: Deployer,entity,eth-labels,https://github.com/dawsbot/eth-labels,medium,2026-10-01
0xf46c5b26e50e763f6727c08380ecb4fdd73ff4f7,arbitrum,contract-deployer,RepubliK: Deployer,entity,eth-labels,https://github.com/dawsbot/eth-labels,medium,2026-10-01
0xf4866ff3bb1740a756ba4451b538107f28475683,arbitrum,contract-deployer,LEXER Markets: Deployer,entity,eth-labels,https://github.com/dawsbot/eth-labels,medium,2026-10-01
0xf49d3da88cafdf6929f4097d834429e2019be55f,arbitrum,contract-deployer,Arbitrum Games: Deployer,entity,eth-labels+etherscan-labels,https://github.com/dawsbot/eth-labels,medium,2026-10-01
0xf520283e10c7c631739aeca83af2bf0e0fc02119,arbitrum,contract-deployer,contract-deployer,entity,eth-labels,https://github.com/dawsbot/eth-labels,medium,2026-10-01
0xf5262b7050f25b80ae6aed647ba824906b821d39,arbitrum,contract-deployer,GoSleep ZZZ: Deployer,entity,eth-labels,https://github.com/dawsbot/eth-labels,medium,2026-10-01
0xf5b68d87799d0c6d9ebb5b29e06bbb736d5e89b6,arbitrum,contract-deployer,OreoSwap: Deployer,entity,eth-labels,https://github.com/dawsbot/eth-labels,medium,2026-10-01
0xf5bcd6bef04a6d6c5643b16d8e00d2ea42956f81,arbitrum,contract-deployer,aEGGS: Deployer,entity,eth-labels,https://github.com/dawsbot/eth-labels,medium,2026-10-01
0xf6341e5f50483dcf9d5a65784d8d95a45868d89c,arbitrum,contract-deployer,Beluga Protocol: Deployer,entity,eth-labels,https://github.com/dawsbot/eth-labels,medium,2026-10-01
0xf78da2a37049627636546e0cfaab2ad664950917,arbitrum,contract-deployer,Open Dollar: Deployer,entity,eth-labels,https://github.com/dawsbot/eth-labels,medium,2026-10-01
0xf8014e2456dbdb4da143ed7d7e640be969faf9ac,arbitrum,contract-deployer,Satoshi Airlines: Deployer,entity,eth-labels,https://github.com/dawsbot/eth-labels,medium,2026-10-01
0xf864a676410775d57b64bac19a7eb18d32300070,arbitrum,contract-deployer,Cash Cow: Deployer,entity,eth-labels,https://github.com/dawsbot/eth-labels,medium,2026-10-01
0xf883a7e88e7a19ac6f658e08268542aba6f84eeb,arbitrum,contract-deployer,Cwin Capital: Deployer,entity,eth-labels,https://github.com/dawsbot/eth-labels,medium,2026-10-01
0xf885390b75035e94ac72aef3e0d0ed5ec3b85d37,arbitrum,contract-deployer,Stryke: Deployer,entity,eth-labels,https://github.com/dawsbot/eth-labels,medium,2026-10-01
0xf8f2e4d25793b18d48bba863686e2344c32947a8,arbitrum,contract-deployer,Pizon: Deployer,entity,eth-labels,https://github.com/dawsbot/eth-labels,medium,2026-10-01
0xf9867138d682651e827d875567c03c4d959418c7,arbitrum,contract-deployer,Osaka Protocol: Deployer,entity,eth-labels,https://github.com/dawsbot/eth-labels,medium,2026-10-01
0xf9d85965c6a40d0c029471d758850e4b4c0d5b17,arbitrum,contract-deployer,Standard Euro: Deployer,entity,eth-labels,https://github.com/dawsbot/eth-labels,medium,2026-10-01
0xfa1e2dd94d6665bb964192debac09c16242f8a48,arbitrum,contract-deployer,Buffer Finance: Deployer,entity,eth-labels+etherscan-labels,https://github.com/dawsbot/eth-labels,medium,2026-10-01
0xfa38a8732e002103c2800fc940feafd4821c11cd,arbitrum,contract-deployer,Aegis: Deployer,entity,eth-labels,https://github.com/dawsbot/eth-labels,medium,2026-10-01
0xfa9da51631268a30ec3ddd1ccbf46c65fad99251,arbitrum,contract-deployer,Multichain: Deployer,entity,eth-labels,https://github.com/dawsbot/eth-labels,medium,2026-10-01
0xfadede2cfbfa7443497acacf76cfc4fe59112dbb,arbitrum,contract-deployer,Zoomer Coin: Deployer,entity,eth-labels,https://github.com/dawsbot/eth-labels,medium,2026-10-01
0xfb3485c2e209a5cfbdc1447674256578f1a80ee3,arbitrum,contract-deployer,Magic Internet Money: Deployer,entity,eth-labels,https://github.com/dawsbot/eth-labels,medium,2026-10-01
0xfb68b2f9a0274cb651479447fc9a8f86baf53302,arbitrum,contract-deployer,Pegasus: Deployer,entity,eth-labels,https://github.com/dawsbot/eth-labels,medium,2026-10-01
0xfbe7c9aaa86e0d18c59510a4249ca4251ab4aff2,arbitrum,contract-deployer,BlocKombat: Deployer,entity,eth-labels,https://github.com/dawsbot/eth-labels,medium,2026-10-01
0xfc2ec93a918b44e30a163e7daeb02f62595407f3,arbitrum,contract-deployer,arcadeum: Deployer,entity,eth-labels+etherscan-labels,https://github.com/dawsbot/eth-labels,medium,2026-10-01
0xfc4bcb1bbd09fef946a18f695135a641980161be,arbitrum,contract-deployer,Unstoppable: Deployer,entity,eth-labels,https://github.com/dawsbot/eth-labels,medium,2026-10-01
0xfc8367ef6bcfc10746e5b9b034314812db8d7213,arbitrum,contract-deployer,opxSliz: Deployer,entity,eth-labels,https://github.com/dawsbot/eth-labels,medium,2026-10-01
0xfc8d2f6d1937cd4ccaad5c26fbb42a3dfc9dac85,arbitrum,contract-deployer,Gravita Protocol: Deployer,entity,eth-labels,https://github.com/dawsbot/eth-labels,medium,2026-10-01
0xfd0bd19e849493f77d8f77ed026520c1368102bd,arbitrum,contract-deployer,Layer2DAO: Deployer,entity,eth-labels,https://github.com/dawsbot/eth-labels,medium,2026-10-01
0xfd1dc8bf39bc0e373068746787c1296a5aef31ee,arbitrum,contract-deployer,Banano: Deployer,entity,eth-labels+etherscan-labels,https://github.com/dawsbot/eth-labels,medium,2026-10-01
0xfd3606ab839301cd289208c288319e0c31eaf9b7,arbitrum,contract-deployer,Green Chain: Deployer,entity,eth-labels,https://github.com/dawsbot/eth-labels,medium,2026-10-01
0xfda462548ce04282f4b6d6619823a7c64fdc0185,arbitrum,contract-deployer,Angle Protocol: Deployer,entity,eth-labels+etherscan-labels,https://github.com/dawsbot/eth-labels,medium,2026-10-01
0xfdb736b1793a96f70b1b361225a3ccfb7e112cab,arbitrum,contract-deployer,wocao: Deployer,entity,eth-labels,https://github.com/dawsbot/eth-labels,medium,2026-10-01
0xfe07d499e17482e5c4f40783ece3135dbdfe5d37,arbitrum,contract-deployer,Connect Financial: Deployer,entity,eth-labels+etherscan-labels,https://github.com/dawsbot/eth-labels,medium,2026-10-01
0xfe18c11c5d74fc4684bd82b91501b38e2676dd4f,arbitrum,contract-deployer,Hood AI: Deployer,entity,eth-labels,https://github.com/dawsbot/eth-labels,medium,2026-10-01
0xfe2450bfc2c338bef8f8eb91f5fa5abefe5e09e6,arbitrum,contract-deployer,ArbitrumPad: Deployer,entity,eth-labels,https://github.com/dawsbot/eth-labels,medium,2026-10-01
0xfe60d1e7e4acabf742c08eb6d49b1fe317ed3b54,arbitrum,contract-deployer,SpaceCatch: Deployer,entity,eth-labels,https://github.com/dawsbot/eth-labels,medium,2026-10-01
0xfe83475880d3592833249baaacfec5ed51e29d82,arbitrum,contract-deployer,ChainPort: Deployer,entity,eth-labels,https://github.com/dawsbot/eth-labels,medium,2026-10-01
0xff11944301f6cb410c14d7c9a05a12648ec529b4,arbitrum,contract-deployer,Arbitrum Museum: Deployer,entity,eth-labels,https://github.com/dawsbot/eth-labels,medium,2026-10-01
0xffff9ba0244e04c90170f0c0fc61aa4368e2dddd,arbitrum,contract-deployer,CatMouseWorld: Deployer,entity,eth-labels,https://github.com/dawsbot/eth-labels,medium,2026-10-01
0x085817a06f3feb3388a01557205d9f4967cd5d8a,arbitrum,deprecated,CAP: Pool 1,entity,eth-labels,https://github.com/dawsbot/eth-labels,medium,2026-10-01
0xc6d714170fe766691670f12c2b45c1f34405aab6,arbitrum,deprecated,Dopex: Retired DPX Farm,entity,eth-labels+etherscan-labels,https://github.com/dawsbot/eth-labels,medium,2026-10-01
0x641441c631e2f909700d2f41fd87f0aa6a6b4edb,arbitrum,dforce,dForce: USX Token,entity,eth-labels+etherscan-labels,https://github.com/dawsbot/eth-labels,medium,2026-10-01
0xc2125882318d04d266720b598d620f28222f3abd,arbitrum,dforce,dForce: EUX Token,entity,eth-labels+etherscan-labels,https://github.com/dawsbot/eth-labels,medium,2026-10-01
0x41626ba92c0c2a1ad38fc83920300434082b1870,arbitrum,donate,L2BEAT: Donate,entity,eth-labels+etherscan-labels,https://github.com/dawsbot/eth-labels,medium,2026-10-01
0x71c7656ec7ab88b098defb751b7401b5f6d8976f,arbitrum,donate,Arbiscan: Donate,entity,eth-labels+etherscan-labels,https://github.com/dawsbot/eth-labels,medium,2026-10-01
0xfb925186f787694009ab6404b9caab95bc7ae377,arbitrum,etherspot,Etherspot: ERC-4337 Bundler 1,entity,eth-labels,https://github.com/dawsbot/eth-labels,medium,2026-10-01
0xde1c04855c2828431ba637675b6929a684f84c7f,arbitrum,factory-contract,LlamaPay: Factory,entity,eth-labels+etherscan-labels,https://github.com/dawsbot/eth-labels,medium,2026-10-01
0xa60113f7d43130919802b0863abdcdb956664fd5,arbitrum,fund,Fund: 0xa60...fd5,entity,eth-labels+etherscan-labels,https://github.com/dawsbot/eth-labels,medium,2026-10-01
0x4cb9a7ae498cedcbb5eae9f25736ae7d428c9d66,arbitrum,gaming,XAI: XAI Token,entity,eth-labels,https://github.com/dawsbot/eth-labels,medium,2026-10-01
0xbc14d8563b248b79689ecbc43bba53290e0b6b66,arbitrum,gaming,XAI: Node License Address,entity,eth-labels,https://github.com/dawsbot/eth-labels,medium,2026-10-01
0xc5102fe9359fd9a28f877a67e36b0f050d81a3cc,arbitrum,hop-protocol,Hop: HOP Token,entity,eth-labels+etherscan-labels,https://github.com/dawsbot/eth-labels,medium,2026-10-01
0x2c7941a0fe9c52223b229747322af16160161c98,arbitrum,jarvis-network,Jarvis Network: JARVIS Token 2,entity,eth-labels,https://github.com/dawsbot/eth-labels,medium,2026-10-01
0x4e770ab9df7905649441bb4254c33b4b2b8d0a83,arbitrum,jarvis-network,Jarvis Network: JARVIS Token,entity,eth-labels,https://github.com/dawsbot/eth-labels,medium,2026-10-01
0x6aa395f06986ea4efe0a4630c7865c1eb08d5e7e,arbitrum,jarvis-network,Jarvis Network: JRT Token,entity,eth-labels+etherscan-labels,https://github.com/dawsbot/eth-labels,medium,2026-10-01
0x6fc6dd0ced22982d6a3b3b4789de959a08563a26,arbitrum,jarvis-network,Jarvis Network: jUSD Token,entity,eth-labels+etherscan-labels,https://github.com/dawsbot/eth-labels,medium,2026-10-01
0xad435674417520aeeed6b504bbe654d4f556182f,arbitrum,jarvis-network,Jarvis Network: jEUR Token,entity,eth-labels+etherscan-labels,https://github.com/dawsbot/eth-labels,medium,2026-10-01
0x10393c20975cf177a3513071bc110f7962cd67da,arbitrum,jones-dao,Jones DAO: JONES Token,entity,eth-labels+etherscan-labels,https://github.com/dawsbot/eth-labels,medium,2026-10-01
0x13f6a63867046107780bc3febdee90e7afcdfd99,arbitrum,jones-dao,Jones DAO: JONES-USDC LP Staking Rewards,entity,eth-labels+etherscan-labels,https://github.com/dawsbot/eth-labels,medium,2026-10-01
0x2c2082e4062bfd02141adc86cbd5e437201a1cf3,arbitrum,jones-dao,Jones DAO: Staking Rewards Factory,entity,eth-labels+etherscan-labels,https://github.com/dawsbot/eth-labels,medium,2026-10-01
0x360a766f30f0ba57d2865efb32502fb800b14dd3,arbitrum,jones-dao,Jones DAO: JONES-ETH LP Staking Rewards,entity,eth-labels+etherscan-labels,https://github.com/dawsbot/eth-labels,medium,2026-10-01
0x39c1442223a30e14066302b2c80aa660ab007ddb,arbitrum,jones-dao,Jones DAO: Guarded Launch Epoch Claim,entity,eth-labels+etherscan-labels,https://github.com/dawsbot/eth-labels,medium,2026-10-01
0x5375616bb6c52a90439ff96882a986d8fcdce421,arbitrum,jones-dao,Jones DAO: jgOHM Token,entity,eth-labels+etherscan-labels,https://github.com/dawsbot/eth-labels,medium,2026-10-01
0x5444c71cdd5ed85b6d51a297175bf71914e7944d,arbitrum,jones-dao,Jones DAO: Airdrop,entity,eth-labels+etherscan-labels,https://github.com/dawsbot/eth-labels,medium,2026-10-01
0x5723be83199c9ec68ed0ac979e98381224870e7f,arbitrum,jones-dao,Jones DAO: jDPX-DPX LP Staking Rewards,entity,eth-labels+etherscan-labels,https://github.com/dawsbot/eth-labels,medium,2026-10-01
0x5a81abb52d96241d15d8b2bdcd76034e4119829b,arbitrum,jones-dao,Jones DAO: Token Sale Relaunch Claim,entity,eth-labels+etherscan-labels,https://github.com/dawsbot/eth-labels,medium,2026-10-01
0x6580f41efc34e6d49ab692bd338d2a0e0636f79a,arbitrum,jones-dao,Jones DAO: Token Sale 1,entity,eth-labels+etherscan-labels,https://github.com/dawsbot/eth-labels,medium,2026-10-01
0x6be861aa87009331bf62e22d418ab666e88b1354,arbitrum,jones-dao,Jones DAO: ETH Vault,entity,eth-labels+etherscan-labels,https://github.com/dawsbot/eth-labels,medium,2026-10-01
0x7ece38dbe9d61d0d9bf2d804a87a7d21b5937a56,arbitrum,jones-dao,Jones DAO: jgOHM-gOHM LP Staking Rewards,entity,eth-labels+etherscan-labels,https://github.com/dawsbot/eth-labels,medium,2026-10-01
0x8a0027152ad2781c0cbabda0cc53290bf04f1cf5,arbitrum,jones-dao,Jones DAO: Token Sale Relaunch,entity,eth-labels+etherscan-labels,https://github.com/dawsbot/eth-labels,medium,2026-10-01
0x9a62e407028961eac4538453cb5d97038b69c814,arbitrum,jones-dao,Jones DAO: gOHM Vault,entity,eth-labels+etherscan-labels,https://github.com/dawsbot/eth-labels,medium,2026-10-01
0x9e74c867198e2c46bc3f365ac3b401d67cb9e307,arbitrum,jones-dao,Jones DAO: Token Sale Refund,entity,eth-labels+etherscan-labels,https://github.com/dawsbot/eth-labels,medium,2026-10-01
0xa99096428f1bd2065dcaa141c59c46729cce68c8,arbitrum,jones-dao,Jones DAO: Contributor Vesting 2,entity,eth-labels+etherscan-labels,https://github.com/dawsbot/eth-labels,medium,2026-10-01
0xba3386d94fc593a1e9a5b57ff02524396080f7b4,arbitrum,jones-dao,Jones DAO: DPX Vault,entity,eth-labels+etherscan-labels,https://github.com/dawsbot/eth-labels,medium,2026-10-01
0xbac58e8b57935a0b60d5cb4cd9f6c21049595f04,arbitrum,jones-dao,Jones DAO: jETH-ETH LP StakingRewards,entity,eth-labels+etherscan-labels,https://github.com/dawsbot/eth-labels,medium,2026-10-01
0xc1d9682db60955d64f263025b282acbf8cda55b7,arbitrum,jones-dao,Jones DAO: Contributor Vesting,entity,eth-labels+etherscan-labels,https://github.com/dawsbot/eth-labels,medium,2026-10-01
0xdd0556ddcfe7cdab3540e7f09cb366f498d90774,arbitrum,jones-dao,Jones DAO: Vault Multisig,entity,eth-labels+etherscan-labels,https://github.com/dawsbot/eth-labels,medium,2026-10-01
0xf018865b26ffab9cd1735dcca549d95b0cb9ea19,arbitrum,jones-dao,Jones DAO: jDPX Token,entity,eth-labels+etherscan-labels,https://github.com/dawsbot/eth-labels,medium,2026-10-01
0xf164acdb5dcf5f855b98f9ba8ca73ca300c63d4c,arbitrum,jones-dao,Jones DAO: Private Vesting,entity,eth-labels+etherscan-labels,https://github.com/dawsbot/eth-labels,medium,2026-10-01
0xf1a26cf6309a59794da29b5b2e6fabd3070d470f,arbitrum,jones-dao,Jones DAO: JONES Staking Rewards,entity,eth-labels+etherscan-labels,https://github.com/dawsbot/eth-labels,medium,2026-10-01
0xfa82f1ba00b0697227e2ad6c668abb4c50ca0b1f,arbitrum,jones-dao,Jones DAO: Protocol Operational Treasury Multisig,entity,eth-labels+etherscan-labels,https://github.com/dawsbot/eth-labels,medium,2026-10-01
0x049beffdb026d6d1d64cfc8fe29bd12142967b09,arbitrum,kyberswap,KyberSwap: Elastic Pool Oracle,entity,eth-labels,https://github.com/dawsbot/eth-labels,medium,2026-10-01
0x0d125c15d54ca1f8a813c74a81aee34ebb508c1f,arbitrum,kyberswap,KyberSwap: Elastic Legacy Quoter V2,entity,eth-labels,https://github.com/dawsbot/eth-labels,medium,2026-10-01
0x165c68077ac06c83800d19200e6e2b08d02de75d,arbitrum,kyberswap,KyberSwap: Elastic Legacy Ticks Fees Reader,entity,eth-labels,https://github.com/dawsbot/eth-labels,medium,2026-10-01
0x1c758af0688502e49140230f6b0ebd376d429be5,arbitrum,kyberswap,KyberSwap: KSFactory,entity,eth-labels,https://github.com/dawsbot/eth-labels,medium,2026-10-01
0x2abe8750e4a65584d7452316356128c936273e0d,arbitrum,kyberswap,KyberSwap: ZapIn V2,entity,eth-labels,https://github.com/dawsbot/eth-labels,medium,2026-10-01
0x2b1c7b41f6a8f2b2bc45c3233a5d5fb3cd6dc9a8,arbitrum,kyberswap,KyberSwap: Elastic Legacy Position Manager,entity,eth-labels,https://github.com/dawsbot/eth-labels,medium,2026-10-01
0x30c5322e4e08ad500c348007f92f120ab4e2b79e,arbitrum,kyberswap,KyberSwap: Zap In Router,entity,eth-labels,https://github.com/dawsbot/eth-labels,medium,2026-10-01
0x35be3f4fd8239a35a7f120756d4d69e5c5e10870,arbitrum,kyberswap,KyberSwap: ElasticLM Helper,entity,eth-labels,https://github.com/dawsbot/eth-labels,medium,2026-10-01
0x3d6afe2fb73ffed2e3dd00c501a174554e147a43,arbitrum,kyberswap,KyberSwap: Elastic Static Farm 3,entity,eth-labels,https://github.com/dawsbot/eth-labels,medium,2026-10-01
0x4d47fd5a29904dae0ef51b1c450c9750f15d7856,arbitrum,kyberswap,KyberSwap: Elastic Quoter V2,entity,eth-labels,https://github.com/dawsbot/eth-labels,medium,2026-10-01
0x51e8d106c646ca58caf32a47812e95887c071a62,arbitrum,kyberswap,KyberSwap:  KSFactory,entity,eth-labels,https://github.com/dawsbot/eth-labels,medium,2026-10-01
0x5649b4dd00780e99bab7abb4a3d581ea1aeb23d0,arbitrum,kyberswap,KyberSwap: KSRouter,entity,eth-labels,https://github.com/dawsbot/eth-labels,medium,2026-10-01
0x58f1d0f9bff9d695010c92fb93d100cef5113f3e,arbitrum,kyberswap,KyberSwap: Elastic Position Desc Proxy,entity,eth-labels,https://github.com/dawsbot/eth-labels,medium,2026-10-01
0x5f1dddbf348ac2fbe22a163e30f99f9ece3dd50a,arbitrum,kyberswap,KyberSwap: Elastic Legacy Factory,entity,eth-labels,https://github.com/dawsbot/eth-labels,medium,2026-10-01
0x617dee16b86534a5d792a4d7a62fb491b544111e,arbitrum,kyberswap,KyberSwap: Meta Aggregation Router,entity,eth-labels,https://github.com/dawsbot/eth-labels,medium,2026-10-01
0x6a4c79289fb5b7a7ddb71f7eff6a2cbe59be5e60,arbitrum,kyberswap,KyberSwap: Reward Distributor,entity,eth-labels,https://github.com/dawsbot/eth-labels,medium,2026-10-01
0x7d5ba536ab244aaa1ea42ab88428847f25e3e676,arbitrum,kyberswap,KyberSwap: ElasticLMv1,entity,eth-labels,https://github.com/dawsbot/eth-labels,medium,2026-10-01
0x8180a5ca4e3b94045e05a9313777955f7518d757,arbitrum,kyberswap,KyberSwap: Deployer,entity,eth-labels,https://github.com/dawsbot/eth-labels,medium,2026-10-01
0x8abd8c92f1901cf204590c16b5ef690a35b3741e,arbitrum,kyberswap,KyberSwap: Elastic Legacy Position Desc Proxy,entity,eth-labels,https://github.com/dawsbot/eth-labels,medium,2026-10-01
0x8fd8cb948965d9305999d767a02bf79833eadbb3,arbitrum,kyberswap,KyberSwap: Elastic Ticks Fees Reader,entity,eth-labels,https://github.com/dawsbot/eth-labels,medium,2026-10-01
0x98565fcad2080c5c19c3136fa367ce371cd40bd6,arbitrum,kyberswap,KyberSwap: Elastic Position Desc,entity,eth-labels,https://github.com/dawsbot/eth-labels,medium,2026-10-01
0xa70a1ad0f91c52c79e177c5a18a7c9e1c4360e0e,arbitrum,kyberswap,KyberSwap: Elastic Static Farm 2,entity,eth-labels,https://github.com/dawsbot/eth-labels,medium,2026-10-01
0xaa96267806d5be3941bf9d8e4efc3dc8eb2bda0f,arbitrum,kyberswap,KyberSwap: Operations,entity,eth-labels,https://github.com/dawsbot/eth-labels,medium,2026-10-01
0xc1e7dfe73e1598e3910ef4c7845b68a9ab6f4c83,arbitrum,kyberswap,KyberSwap: Elastic Legacy Router,entity,eth-labels,https://github.com/dawsbot/eth-labels,medium,2026-10-01
0xc7a590291e07b9fe9e64b86c58fd8fc764308c4a,arbitrum,kyberswap,KyberSwap: Elastic Factory,entity,eth-labels,https://github.com/dawsbot/eth-labels,medium,2026-10-01
0xcab2fa2eeab7065b45cbcf6e3936dde2506b4f6c,arbitrum,kyberswap,KyberSwap: Double Signatures Limit Order,entity,eth-labels,https://github.com/dawsbot/eth-labels,medium,2026-10-01
0xd8ac7f696ae99cd7b689726cf03c5711dd8dcdb4,arbitrum,kyberswap,KyberSwap: Elastic Pool Oracle Proxy,entity,eth-labels,https://github.com/dawsbot/eth-labels,medium,2026-10-01
0xd9bfe9979e9ca4b2fe84ba5d4cf963bbcb376974,arbitrum,kyberswap,KyberSwap:  DMM Factory,entity,eth-labels,https://github.com/dawsbot/eth-labels,medium,2026-10-01
0xda474537ce9b687b78b236452a05631f09b6eb6a,arbitrum,kyberswap,KyberSwap: Elastic Legacy Position Desc,entity,eth-labels,https://github.com/dawsbot/eth-labels,medium,2026-10-01
0xe222fbe074a436145b255442d919e4e3a6c6a480,arbitrum,kyberswap,KyberSwap: Elastic Anti-Snipping Position Manager,entity,eth-labels,https://github.com/dawsbot/eth-labels,medium,2026-10-01
0xe44ec65521b85612fa7bc45d842645fb4b690e4b,arbitrum,kyberswap,KyberSwap: Elastic Static Farm,entity,eth-labels,https://github.com/dawsbot/eth-labels,medium,2026-10-01
0xeae47c5d99f7b31165a7f0c5f7e0d6afa25cfd55,arbitrum,kyberswap,KyberSwap:  DMM Router,entity,eth-labels,https://github.com/dawsbot/eth-labels,medium,2026-10-01
0xf0096e5b4aafeea1df557264091569ba125c1172,arbitrum,kyberswap,KyberSwap: Zap In Validator,entity,eth-labels,https://github.com/dawsbot/eth-labels,medium,2026-10-01
0xf2bcdf38baa52f6b0c1db5b025dfff01ae1d6dbd,arbitrum,kyberswap,KyberSwap: Elastic Static Farm 4,entity,eth-labels,https://github.com/dawsbot/eth-labels,medium,2026-10-01
0xf530a090ef6481cfb33f98c63532e7745abab58a,arbitrum,kyberswap,KyberSwap:  ZapInV2,entity,eth-labels,https://github.com/dawsbot/eth-labels,medium,2026-10-01
0xf9c2b5746c946ef883ab2660bbbb1f10a5bdeab4,arbitrum,kyberswap,KyberSwap: Elastic Router,entity,eth-labels,https://github.com/dawsbot/eth-labels,medium,2026-10-01
0x0b9c254837e72ebe9fe04960c43b69782e68169a,arbitrum,livepeer,Livepeer: Proxy Bonding Votes,entity,eth-labels,https://github.com/dawsbot/eth-labels,medium,2026-10-01
0x0f9c425e7374602c20370d3fd263155b4c3bdc91,arbitrum,livepeer,Livepeer: Target Bonding Manager,entity,eth-labels+etherscan-labels,https://github.com/dawsbot/eth-labels,medium,2026-10-01
0x10736fface687658f88a46d042631d182c7757f7,arbitrum,livepeer,Livepeer: Merkle Snapshot,entity,eth-labels+etherscan-labels,https://github.com/dawsbot/eth-labels,medium,2026-10-01
0x148d5b6b4df9530c7c76a810bd1cdf69ec4c2085,arbitrum,livepeer,Livepeer: Proxy L2 Migrator,entity,eth-labels+etherscan-labels,https://github.com/dawsbot/eth-labels,medium,2026-10-01
0x1561fc5f7efc049476224005dff38256dccfc509,arbitrum,livepeer,Livepeer: Target Bonding Votes V1,entity,eth-labels,https://github.com/dawsbot/eth-labels,medium,2026-10-01
0x289ba1701c2f088cf0faf8b3705246331cb8a839,arbitrum,livepeer,Livepeer: LPT Token,entity,eth-labels+etherscan-labels,https://github.com/dawsbot/eth-labels,medium,2026-10-01
0x35bcf3c30594191d53231e4ff333e8a770453e40,arbitrum,livepeer,Livepeer: Proxy Bonding Manager,entity,eth-labels+etherscan-labels,https://github.com/dawsbot/eth-labels,medium,2026-10-01
0x363cdb9bae210ef182c60b5a496139e980330127,arbitrum,livepeer,Livepeer: Target Bonding Manager V7,entity,eth-labels,https://github.com/dawsbot/eth-labels,medium,2026-10-01
0x38093cdca43aecd7bb474983519a246e93a3b0a7,arbitrum,livepeer,Livepeer: Target Service Registry,entity,eth-labels+etherscan-labels,https://github.com/dawsbot/eth-labels,medium,2026-10-01
0x6d2457a4ad276000a615295f7a80f79e48ccd318,arbitrum,livepeer,Livepeer: L2 LPT Gateway,entity,eth-labels+etherscan-labels,https://github.com/dawsbot/eth-labels,medium,2026-10-01
0x8bb50806d60c492c0004dad5d9627daa2d9732e6,arbitrum,livepeer,Livepeer: Poll Creator,entity,eth-labels+etherscan-labels,https://github.com/dawsbot/eth-labels,medium,2026-10-01
0x92d804ed49d92438aea6fe552bd9163aacb7e841,arbitrum,livepeer,Livepeer: Target Rounds Manager,entity,eth-labels+etherscan-labels,https://github.com/dawsbot/eth-labels,medium,2026-10-01
0x93bb030735747708b4d33093a98d4c804cd6b58c,arbitrum,livepeer,Livepeer: Target L2 Migrator,entity,eth-labels+etherscan-labels,https://github.com/dawsbot/eth-labels,medium,2026-10-01
0xa8bb618b1520e284046f3dfc448851a1ff26e41b,arbitrum,livepeer,Livepeer: Proxy Ticket Broker,entity,eth-labels+etherscan-labels,https://github.com/dawsbot/eth-labels,medium,2026-10-01
0xc20de37170b45774e6cd3d2304017fc962f27252,arbitrum,livepeer,Livepeer: Minter,entity,eth-labels+etherscan-labels,https://github.com/dawsbot/eth-labels,medium,2026-10-01
0xc45f6918f7bcac7abc8fe05302b3cdf39776cdeb,arbitrum,livepeer,Livepeer: Sorted Doubly LL,entity,eth-labels+etherscan-labels,https://github.com/dawsbot/eth-labels,medium,2026-10-01
0xc92d3a360b8f9e083ba64de15d95cf8180897431,arbitrum,livepeer,Livepeer: Proxy Service Registry,entity,eth-labels+etherscan-labels,https://github.com/dawsbot/eth-labels,medium,2026-10-01
0xcfe4e2879b786c3aa075813f0e364bb5accb6aa0,arbitrum,livepeer,Livepeer: Proxy Livepeer Governor,entity,eth-labels,https://github.com/dawsbot/eth-labels,medium,2026-10-01
0xd2ce37bcb287cadc40647f567c2d3c4220901634,arbitrum,livepeer,Livepeer: Target Livepeer Governor,entity,eth-labels,https://github.com/dawsbot/eth-labels,medium,2026-10-01
0xd78b6bd09cd28a83cfb21afa0da95c685a6bb0b1,arbitrum,livepeer,Livepeer: L2 LPT Data Cache,entity,eth-labels+etherscan-labels,https://github.com/dawsbot/eth-labels,medium,2026-10-01
0xd8e8328501e9645d16cf49539efc04f734606ee4,arbitrum,livepeer,Livepeer: Controller,entity,eth-labels+etherscan-labels,https://github.com/dawsbot/eth-labels,medium,2026-10-01
0xd906d192e2503aafd1bc5f5fc4163e842d5b1d6e,arbitrum,livepeer,Livepeer: Target Ticket Broker,entity,eth-labels+etherscan-labels,https://github.com/dawsbot/eth-labels,medium,2026-10-01
0xd9ded6f9959176f0a04dcf88a0d2306178a736a6,arbitrum,livepeer,Livepeer: Governor,entity,eth-labels+etherscan-labels,https://github.com/dawsbot/eth-labels,medium,2026-10-01
0xdd6f56dcc28d3f5f27084381fe8df634985cc39f,arbitrum,livepeer,Livepeer: Proxy Rounds Manager,entity,eth-labels+etherscan-labels,https://github.com/dawsbot/eth-labels,medium,2026-10-01
0xf82c1ff415f1fcf582554fdba790e27019c8e8c4,arbitrum,livepeer,Livepeer: Treasury,entity,eth-labels,https://github.com/dawsbot/eth-labels,medium,2026-10-01
0xfdb06109032ad3671a8f14f5f2e78f4b9e81b567,arbitrum,livepeer,Livepeer: Delegator Pool,entity,eth-labels+etherscan-labels,https://github.com/dawsbot/eth-labels,medium,2026-10-01
0x316772cfec9a3e976fde42c3ba21f5a13aaaff12,arbitrum,multichain,Multichain: KNC Token,entity,eth-labels,https://github.com/dawsbot/eth-labels,medium,2026-10-01
0x46f74778b265df3a15ec9695ccd2fd3869ca848c,arbitrum,multichain,Multichain: ANKR Token,entity,eth-labels,https://github.com/dawsbot/eth-labels,medium,2026-10-01
0xdae6c2a48bfaa66b43815c5548b10800919c993e,arbitrum,multichain,Multichain: anyHND Token,entity,eth-labels+etherscan-labels,https://github.com/dawsbot/eth-labels,medium,2026-10-01
0x00000000000000adc04c56bf30ac9d3c0aaf14dc,arbitrum,nft,Seaport 1.5,entity,eth-labels,https://github.com/dawsbot/eth-labels,medium,2026-10-01
0x0b60c3f7c9e0620b9ffc8f0b58339bda5b2fdfd4,arbitrum,old-contract,Second City Studio: Old $CITY Token,entity,eth-labels,https://github.com/dawsbot/eth-labels,medium,2026-10-01
0x13799128815a55f4df67392d714cf5cb9caf60f4,arbitrum,old-contract,Darwin Protocol: Old DARWIN Token,entity,eth-labels,https://github.com/dawsbot/eth-labels,medium,2026-10-01
0x1c7f32699ff9163f928089c0a4d6ee5ad5885c6f,arbitrum,old-contract,GamblerShiba: Old AGS Token,entity,eth-labels+etherscan-labels,https://github.com/dawsbot/eth-labels,medium,2026-10-01
0x23a941036ae778ac51ab04cea08ed6e2fe103614,arbitrum,old-contract,The Graph: Old GRT Token,entity,eth-labels+etherscan-labels,https://github.com/dawsbot/eth-labels,medium,2026-10-01
0x30424981429c8b944e9d44d5bd992ee874f1b188,arbitrum,old-contract,OpenOcean: Old OOE Token,entity,eth-labels,https://github.com/dawsbot/eth-labels,medium,2026-10-01
0x32eb7902d4134bf98a28b963d26de779af92a212,arbitrum,old-contract,Dopex: Old rDPX Token,entity,eth-labels,https://github.com/dawsbot/eth-labels,medium,2026-10-01
0x3d5ba97fa90647b5dd6824e845ad4e505f91ac69,arbitrum,old-contract,ACE Poker: Old ACE Token,entity,eth-labels,https://github.com/dawsbot/eth-labels,medium,2026-10-01
0x45d55eadf0ed5495b369e040af0717eafae3b731,arbitrum,old-contract,ELLERIUM: Old ELM Token,entity,eth-labels,https://github.com/dawsbot/eth-labels,medium,2026-10-01
0x4b2c16bf8e7b4977343b5fc85c8384cb674d9091,arbitrum,old-contract,Astra DAO: Old ASTRA Token,entity,eth-labels,https://github.com/dawsbot/eth-labels,medium,2026-10-01
0x4dad357726b41bb8932764340ee9108cc5ad33a0,arbitrum,old-contract,NitroShiba: Old NISHIB Token,entity,eth-labels,https://github.com/dawsbot/eth-labels,medium,2026-10-01
0x5ecc0446e8aa72b9bd74b8935687e1e4ca3478d3,arbitrum,old-contract,Lodestar Finance: Old LODE Token,entity,eth-labels+etherscan-labels,https://github.com/dawsbot/eth-labels,medium,2026-10-01
0x6419ed7e537bc48bd567da36217e910fe4d5e6da,arbitrum,old-contract,Funarcade: Old FAT Token,entity,eth-labels,https://github.com/dawsbot/eth-labels,medium,2026-10-01
0x6c2c06790b3e3e3c38e12ee22f8183b37a13ee55,arbitrum,old-contract,Dopex: Old DPX Token,entity,eth-labels,https://github.com/dawsbot/eth-labels,medium,2026-10-01
0x6e7118b82fb9608342c288a90eeb5e614aaee2e9,arbitrum,old-contract,Edgeware: Old EDG Token,entity,eth-labels,https://github.com/dawsbot/eth-labels,medium,2026-10-01
0x700da1f391396e0f4bc0b6210833f8660570f673,arbitrum,old-contract,Goldbank Finance: Old GB Token,entity,eth-labels,https://github.com/dawsbot/eth-labels,medium,2026-10-01
0x7ca0b5ca80291b1feb2d45702ffe56a7a53e7a97,arbitrum,old-contract,Radiate Protocol: Old RADT Token,entity,eth-labels,https://github.com/dawsbot/eth-labels,medium,2026-10-01
0x9ca1babb22c9379fa6a1a966600cb1b9d1bd4a0c,arbitrum,old-contract,VITALTALE: Old VTTL Token,entity,eth-labels,https://github.com/dawsbot/eth-labels,medium,2026-10-01
0xa4914b824ef261d4ed0ccecec29500862d57c0a1,arbitrum,old-contract,DFX Finance: Old DFX Token,entity,eth-labels,https://github.com/dawsbot/eth-labels,medium,2026-10-01
0xa6d517da5bee47a286c66aae636fafee886d32e4,arbitrum,old-contract,Satoshi Airlines: Old SAT Token 2,entity,eth-labels,https://github.com/dawsbot/eth-labels,medium,2026-10-01
0xa74aa7dd87439dc8eb00e1ff6476d7d9b6989890,arbitrum,old-contract,Evil Kongs: Old AHEGAO Token,entity,eth-labels,https://github.com/dawsbot/eth-labels,medium,2026-10-01
0xb261104a83887ae92392fb5ce5899fcfe5481456,arbitrum,old-contract,NFTEarth: Old NFTE Token,entity,eth-labels,https://github.com/dawsbot/eth-labels,medium,2026-10-01
0xbcb90845614747e561ceb9e08a79e22c5d3555e1,arbitrum,old-contract,1minBET: Old 1MB Token,entity,eth-labels,https://github.com/dawsbot/eth-labels,medium,2026-10-01
0xd5a56b510247db33695b0bea29992ac6670081ea,arbitrum,old-contract,Goons of Balatroon: Old GOB Token,entity,eth-labels,https://github.com/dawsbot/eth-labels,medium,2026-10-01
0xd6c0156e85decdf2983c7a2c4a3015ed268d6f8a,arbitrum,old-contract,Roseon: Old ROSX Token,entity,eth-labels,https://github.com/dawsbot/eth-labels,medium,2026-10-01
0xde12c7959e1a72bbe8a5f7a1dc8f8eef9ab011b3,arbitrum,old-contract,Deus Finance: Old DEI Token,entity,eth-labels+etherscan-labels,https://github.com/dawsbot/eth-labels,medium,2026-10-01
0xec6d9337ba3971ce730f6bff1a8372ad91d2559b,arbitrum,old-contract,Satoshi Airlines: Old SAT Token,entity,eth-labels,https://github.com/dawsbot/eth-labels,medium,2026-10-01
0xecf2adaff1de8a512f6e8bfe67a2c836edb25da3,arbitrum,old-contract,Wonderful Memories: Old wMEMO Token,entity,eth-labels,https://github.com/dawsbot/eth-labels,medium,2026-10-01
0xf4fe727c855c2d395852ca43f645cab4b504af23,arbitrum,old-contract,Hydranet: Old HDX Token,entity,eth-labels,https://github.com/dawsbot/eth-labels,medium,2026-10-01
0x000000008924d42d98026c656545c3c1fb3ad31c,arbitrum,opensea,SeaDrop Factory,entity,eth-labels,https://github.com/dawsbot/eth-labels,medium,2026-10-01
0x00005ea00ac477b1030ce78506496e8c2de24bf5,arbitrum,opensea,SeaDrop,entity,eth-labels,https://github.com/dawsbot/eth-labels,medium,2026-10-01
0x2672a6a67c37c104db47d52baaa721c8eca39421,arbitrum,pimlico,Pimlico: ERC-4337 Paymaster 5,entity,eth-labels,https://github.com/dawsbot/eth-labels,medium,2026-10-01
0x4337001fff419768e088ce247456c1b892888084,arbitrum,pimlico,Pimlico: ERC-4337 Bundler 1,entity,eth-labels,https://github.com/dawsbot/eth-labels,medium,2026-10-01
0x4337002c5702ce424cb62a56ca038e31e1d4a93d,arbitrum,pimlico,Pimlico: ERC-4337 Bundler 2,entity,eth-labels,https://github.com/dawsbot/eth-labels,medium,2026-10-01
0x4337003fcd2f56de3977ccb806383e9161628d0e,arbitrum,pimlico,Pimlico: ERC-4337 Bundler 3,entity,eth-labels,https://github.com/dawsbot/eth-labels,medium,2026-10-01
0x4337004ec9c1417f1c7a26ebd4b4fbed6acf9e5d,arbitrum,pimlico,Pimlico: ERC-4337 Bundler 4,entity,eth-labels,https://github.com/dawsbot/eth-labels,medium,2026-10-01
0x4337005db25dbad41da5692ba1188751ee5d98b6,arbitrum,pimlico,Pimlico: ERC-4337 Bundler 5,entity,eth-labels,https://github.com/dawsbot/eth-labels,medium,2026-10-01
0x4337006f33e2940fcbebd899bf2396117e65df9b,arbitrum,pimlico,Pimlico: ERC-4337 Bundler 6,entity,eth-labels,https://github.com/dawsbot/eth-labels,medium,2026-10-01
0x4337007ab182ebe9cdb0bc4b96734c32176d44cc,arbitrum,pimlico,Pimlico: ERC-4337 Bundler 7,entity,eth-labels,https://github.com/dawsbot/eth-labels,medium,2026-10-01
0x433700890211c1c776c391d414cffd38efdd1811,arbitrum,pimlico,Pimlico: ERC-4337 Bundler 8,entity,eth-labels,https://github.com/dawsbot/eth-labels,medium,2026-10-01
0x4337009be43c7ecc9bfbde0f1780553aa065187e,arbitrum,pimlico,Pimlico: ERC-4337 Bundler 9,entity,eth-labels,https://github.com/dawsbot/eth-labels,medium,2026-10-01
0x43370108f30ee5ed54a9565f37af3be8502903f5,arbitrum,pimlico,Pimlico: ERC-4337 Bundler 10,entity,eth-labels,https://github.com/dawsbot/eth-labels,medium,2026-10-01
0x4337011463ef6bd863e47e7b5e743d2522261131,arbitrum,pimlico,Pimlico: ERC-4337 Bundler 11,entity,eth-labels,https://github.com/dawsbot/eth-labels,medium,2026-10-01
0x4337012eaf1f862b8dbdc6b62a01782ae01ef038,arbitrum,pimlico,Pimlico: ERC-4337 Bundler 12,entity,eth-labels,https://github.com/dawsbot/eth-labels,medium,2026-10-01
0x4337012ec8e3e13d3950f8f648540b5a75079cd8,arbitrum,pimlico,Pimlico: ERC-4337 Bundler 245,entity,eth-labels,https://github.com/dawsbot/eth-labels,medium,2026-10-01
0x4337013ef5cd421cef649fc58c1b0defd37bbeb1,arbitrum,pimlico,Pimlico: ERC-4337 Bundler 13,entity,eth-labels,https://github.com/dawsbot/eth-labels,medium,2026-10-01
0x43370146366cfea21302962ae3a558d72bbcc487,arbitrum,pimlico,Pimlico: ERC-4337 Bundler 14,entity,eth-labels,https://github.com/dawsbot/eth-labels,medium,2026-10-01
0x4337015333e7c8a3c5af4acd2c4aa4befb0d663c,arbitrum,pimlico,Pimlico: ERC-4337 Bundler 15,entity,eth-labels,https://github.com/dawsbot/eth-labels,medium,2026-10-01
0x4337016838785634c63fce393bfc6222564436c4,arbitrum,pimlico,Pimlico: ERC-4337 Bundler 16,entity,eth-labels,https://github.com/dawsbot/eth-labels,medium,2026-10-01
0x4337017d2e3f5e4160a27f6fdbdc38719343c62f,arbitrum,pimlico,Pimlico: ERC-4337 Bundler 17,entity,eth-labels,https://github.com/dawsbot/eth-labels,medium,2026-10-01
0x433701873ccc6c0b38282ce67d58bef4147376a5,arbitrum,pimlico,Pimlico: ERC-4337 Bundler 188,entity,eth-labels,https://github.com/dawsbot/eth-labels,medium,2026-10-01
0x43370188473a398394e4ba4a7c7cbb2c6265e22a,arbitrum,pimlico,Pimlico: ERC-4337 Bundler 18,entity,eth-labels,https://github.com/dawsbot/eth-labels,medium,2026-10-01
0x4337019d937ebcbd73dd750072d86c1ce664b350,arbitrum,pimlico,Pimlico: ERC-4337 Bundler 19,entity,eth-labels,https://github.com/dawsbot/eth-labels,medium,2026-10-01
0x433701eea505139a14cc37d8956658c632467ca5,arbitrum,pimlico,Pimlico: ERC-4337 Bundler 343,entity,eth-labels,https://github.com/dawsbot/eth-labels,medium,2026-10-01
0x433701ef95649a78f7a8c9609bf82fa169fd0f6b,arbitrum,pimlico,Pimlico: ERC-4337 Bundler 82,entity,eth-labels,https://github.com/dawsbot/eth-labels,medium,2026-10-01
0x4337020f43d3d7d2f5e4160397efea49aefa5e7d,arbitrum,pimlico,Pimlico: ERC-4337 Bundler 20,entity,eth-labels,https://github.com/dawsbot/eth-labels,medium,2026-10-01
0x4337021d22bcd0775a0fd1b4a6665051dc15d995,arbitrum,pimlico,Pimlico: ERC-4337 Bundler 21,entity,eth-labels,https://github.com/dawsbot/eth-labels,medium,2026-10-01
0x433702256b464248dcbe403c1334757be4ed9f26,arbitrum,pimlico,Pimlico: ERC-4337 Bundler 22,entity,eth-labels,https://github.com/dawsbot/eth-labels,medium,2026-10-01
0x4337023cce7419f20db4057b4dc3e2ea0c2151e0,arbitrum,pimlico,Pimlico: ERC-4337 Bundler 23,entity,eth-labels,https://github.com/dawsbot/eth-labels,medium,2026-10-01
0x43370240c309f6cc0815929a176609267971224f,arbitrum,pimlico,Pimlico: ERC-4337 Bundler 24,entity,eth-labels,https://github.com/dawsbot/eth-labels,medium,2026-10-01
0x43370250bfc02c7f085cb105558da41e9cdb2d79,arbitrum,pimlico,Pimlico: ERC-4337 Bundler 25,entity,eth-labels,https://github.com/dawsbot/eth-labels,medium,2026-10-01
0x4337026d731283f9917fa3c9194d74809bfbec26,arbitrum,pimlico,Pimlico: ERC-4337 Bundler 26,entity,eth-labels,https://github.com/dawsbot/eth-labels,medium,2026-10-01
0x43370277ecaab8cb1f98622138efc679f9ac3063,arbitrum,pimlico,Pimlico: ERC-4337 Bundler 27,entity,eth-labels,https://github.com/dawsbot/eth-labels,medium,2026-10-01
0x433702873e33d4846d399a75aaf96eacf181d0b2,arbitrum,pimlico,Pimlico: ERC-4337 Bundler 28,entity,eth-labels,https://github.com/dawsbot/eth-labels,medium,2026-10-01
0x433702948d7be4201a2bcee6c349ad807c547a5d,arbitrum,pimlico,Pimlico: ERC-4337 Bundler 29,entity,eth-labels,https://github.com/dawsbot/eth-labels,medium,2026-10-01
0x43370308b53e3611521ba48e2f7632a5644d7b1f,arbitrum,pimlico,Pimlico: ERC-4337 Bundler 30,entity,eth-labels,https://github.com/dawsbot/eth-labels,medium,2026-10-01
0x4337031ade3a53d10121f350369907076b6d32a4,arbitrum,pimlico,Pimlico: ERC-4337 Bundler 31,entity,eth-labels,https://github.com/dawsbot/eth-labels,medium,2026-10-01
0x4337032d9c9291f05bebded166d947f22b25fa00,arbitrum,pimlico,Pimlico: ERC-4337 Bundler 32,entity,eth-labels,https://github.com/dawsbot/eth-labels,medium,2026-10-01
0x43370330be39d388f6219d8241dc1f76fb9df268,arbitrum,pimlico,Pimlico: ERC-4337 Bundler 33,entity,eth-labels,https://github.com/dawsbot/eth-labels,medium,2026-10-01
0x4337034c17597470b36ce40a761f2e9f55a2df48,arbitrum,pimlico,Pimlico: ERC-4337 Bundler 34,entity,eth-labels,https://github.com/dawsbot/eth-labels,medium,2026-10-01
0x43370350f0a1c28aba50545fb34722b06ae25627,arbitrum,pimlico,Pimlico: ERC-4337 Bundler 69,entity,eth-labels,https://github.com/dawsbot/eth-labels,medium,2026-10-01
0x43370351c9a297bf8377ca1e46576401a9ac4bba,arbitrum,pimlico,Pimlico: ERC-4337 Bundler 35,entity,eth-labels,https://github.com/dawsbot/eth-labels,medium,2026-10-01
0x43370368dccceb147c89d1d78f14589225220290,arbitrum,pimlico,Pimlico: ERC-4337 Bundler 36,entity,eth-labels,https://github.com/dawsbot/eth-labels,medium,2026-10-01
0x4337036ebccfc588b7eabd32995f67f3afd30e20,arbitrum,pimlico,Pimlico: ERC-4337 Bundler 275,entity,eth-labels,https://github.com/dawsbot/eth-labels,medium,2026-10-01
0x43370371e0bb085d04d02a815230aaf67b35ef25,arbitrum,pimlico,Pimlico: ERC-4337 Bundler 37,entity,eth-labels,https://github.com/dawsbot/eth-labels,medium,2026-10-01
0x4337038429b76948ee97eb2d8115513277c3abf5,arbitrum,pimlico,Pimlico: ERC-4337 Bundler 38,entity,eth-labels,https://github.com/dawsbot/eth-labels,medium,2026-10-01
0x43370398500dae4ba10669646a1fd1577407f637,arbitrum,pimlico,Pimlico: ERC-4337 Bundler 39,entity,eth-labels,https://github.com/dawsbot/eth-labels,medium,2026-10-01
0x433703e5a62864150debf90d3d4caa91b8793a10,arbitrum,pimlico,Pimlico: ERC-4337 Bundler 286,entity,eth-labels,https://github.com/dawsbot/eth-labels,medium,2026-10-01
0x43370402cbeba6ab53fbc8a52894537024a39269,arbitrum,pimlico,Pimlico: ERC-4337 Bundler 40,entity,eth-labels,https://github.com/dawsbot/eth-labels,medium,2026-10-01
0x4337041d8047569945950ec533e3f1af96d7be70,arbitrum,pimlico,Pimlico: ERC-4337 Bundler 41,entity,eth-labels,https://github.com/dawsbot/eth-labels,medium,2026-10-01
0x4337042d8a539c80c92d84e141271db09f9bec68,arbitrum,pimlico,Pimlico: ERC-4337 Bundler 42,entity,eth-labels,https://github.com/dawsbot/eth-labels,medium,2026-10-01
0x4337043aedb812f09b4eb3682be2cd510d38217c,arbitrum,pimlico,Pimlico: ERC-4337 Bundler 43,entity,eth-labels,https://github.com/dawsbot/eth-labels,medium,2026-10-01
0x4337044e8b7a221d141fe622eb2460f050a6b6c2,arbitrum,pimlico,Pimlico: ERC-4337 Bundler 44,entity,eth-labels,https://github.com/dawsbot/eth-labels,medium,2026-10-01
0x4337045b9bc98b68963633ae96b34446a0c8f965,arbitrum,pimlico,Pimlico: ERC-4337 Bundler 45,entity,eth-labels,https://github.com/dawsbot/eth-labels,medium,2026-10-01
0x43370460d26b10de805d4cdfe4d331adb7219ffe,arbitrum,pimlico,Pimlico: ERC-4337 Bundler 46,entity,eth-labels,https://github.com/dawsbot/eth-labels,medium,2026-10-01
0x43370473d8d9527c84d8cc9464dbbed89085dddf,arbitrum,pimlico,Pimlico: ERC-4337 Bundler 47,entity,eth-labels,https://github.com/dawsbot/eth-labels,medium,2026-10-01
0x43370483638fd43f9a9ed2884c028bfa4e546ca5,arbitrum,pimlico,Pimlico: ERC-4337 Bundler 48,entity,eth-labels,https://github.com/dawsbot/eth-labels,medium,2026-10-01
0x433704940ad127f33b441418a3c17e4c47e45393,arbitrum,pimlico,Pimlico: ERC-4337 Bundler 49,entity,eth-labels,https://github.com/dawsbot/eth-labels,medium,2026-10-01
0x433704f6c197ac13955baa5fc30b2ea7dcd163b8,arbitrum,pimlico,Pimlico: ERC-4337 Bundler 289,entity,eth-labels,https://github.com/dawsbot/eth-labels,medium,2026-10-01
0x4337050608d02173feea2e27ba65a1af0f948538,arbitrum,pimlico,Pimlico: ERC-4337 Bundler 50,entity,eth-labels,https://github.com/dawsbot/eth-labels,medium,2026-10-01
0x43370513f9a748ee8ee1cd856ea115756b8a7b5f,arbitrum,pimlico,Pimlico: ERC-4337 Bundler 51,entity,eth-labels,https://github.com/dawsbot/eth-labels,medium,2026-10-01
0x43370525d26c72e0a096e19cd4f45367b4b29369,arbitrum,pimlico,Pimlico: ERC-4337 Bundler 52,entity,eth-labels,https://github.com/dawsbot/eth-labels,medium,2026-10-01
0x4337053498bf3de9bab4d55a345f727dba05d6af,arbitrum,pimlico,Pimlico: ERC-4337 Bundler 53,entity,eth-labels,https://github.com/dawsbot/eth-labels,medium,2026-10-01
0x4337054681fb21ecd8576720eee873f5358ee061,arbitrum,pimlico,Pimlico: ERC-4337 Bundler 54,entity,eth-labels,https://github.com/dawsbot/eth-labels,medium,2026-10-01
0x4337055bca06a9d578086e56546ca214a64ac271,arbitrum,pimlico,Pimlico: ERC-4337 Bundler 55,entity,eth-labels,https://github.com/dawsbot/eth-labels,medium,2026-10-01
0x4337056764a16b490176ffb8df5027964a656ef9,arbitrum,pimlico,Pimlico: ERC-4337 Bundler 56,entity,eth-labels,https://github.com/dawsbot/eth-labels,medium,2026-10-01
0x433705768549b21d1e681fe454a7d2ff26a22e1c,arbitrum,pimlico,Pimlico: ERC-4337 Bundler 57,entity,eth-labels,https://github.com/dawsbot/eth-labels,medium,2026-10-01
0x4337057f10830bbc568a0ad9365efb9b93d8b382,arbitrum,pimlico,Pimlico: ERC-4337 Bundler 122,entity,eth-labels,https://github.com/dawsbot/eth-labels,medium,2026-10-01
0x43370589c7500e4bf597b3e620b094dc27ce3392,arbitrum,pimlico,Pimlico: ERC-4337 Bundler 58,entity,eth-labels,https://github.com/dawsbot/eth-labels,medium,2026-10-01
0x43370597af41d9345b1b91391849dcdb748c2838,arbitrum,pimlico,Pimlico: ERC-4337 Bundler 59,entity,eth-labels,https://github.com/dawsbot/eth-labels,medium,2026-10-01
0x433705f96d64df32a425607e7b087673ad9b9bf6,arbitrum,pimlico,Pimlico: ERC-4337 Bundler 200,entity,eth-labels,https://github.com/dawsbot/eth-labels,medium,2026-10-01
0x43370606d17d51d3c34c2319c5f8f1411e18a4ab,arbitrum,pimlico,Pimlico: ERC-4337 Bundler 60,entity,eth-labels,https://github.com/dawsbot/eth-labels,medium,2026-10-01
0x4337061fe1f4765c4a51c5f2eb7ae644f2456f8b,arbitrum,pimlico,Pimlico: ERC-4337 Bundler 61,entity,eth-labels,https://github.com/dawsbot/eth-labels,medium,2026-10-01
0x4337062690416e632d08d14e819892d6498f9ad4,arbitrum,pimlico,Pimlico: ERC-4337 Bundler 62,entity,eth-labels,https://github.com/dawsbot/eth-labels,medium,2026-10-01
0x4337063e01d266b3aea4a4e91053025cbc8e3a73,arbitrum,pimlico,Pimlico: ERC-4337 Bundler 63,entity,eth-labels,https://github.com/dawsbot/eth-labels,medium,2026-10-01
0x43370648aa914e8d3c0cf1c10b00f2a636ab6c92,arbitrum,pimlico,Pimlico: ERC-4337 Bundler 64,entity,eth-labels,https://github.com/dawsbot/eth-labels,medium,2026-10-01
0x433706cbe1f22abf0bbc99c0f79ff52ea50999b3,arbitrum,pimlico,Pimlico: ERC-4337 Bundler 229,entity,eth-labels,https://github.com/dawsbot/eth-labels,medium,2026-10-01
0x4337070ac081475a9a04143106893d2606da2eed,arbitrum,pimlico,Pimlico: ERC-4337 Bundler 88,entity,eth-labels,https://github.com/dawsbot/eth-labels,medium,2026-10-01
0x433707177eec628061e37777483a7fde7c0f403c,arbitrum,pimlico,Pimlico: ERC-4337 Bundler 74,entity,eth-labels,https://github.com/dawsbot/eth-labels,medium,2026-10-01
0x4337081c1d0a04ff6add4f72d585b2ac90dad53a,arbitrum,pimlico,Pimlico: ERC-4337 Bundler 242,entity,eth-labels,https://github.com/dawsbot/eth-labels,medium,2026-10-01
0x43370b0b6aeaacd7e387c16a6afd0b7a2b1c7f7b,arbitrum,pimlico,Pimlico: ERC-4337 Bundler 236,entity,eth-labels,https://github.com/dawsbot/eth-labels,medium,2026-10-01
0x43370bc2181f850ccf8b50401b5ab95672826619,arbitrum,pimlico,Pimlico: ERC-4337 Bundler 139,entity,eth-labels,https://github.com/dawsbot/eth-labels,medium,2026-10-01
0x43370c22dcc2cd3db13df3423916a3fc1014b240,arbitrum,pimlico,Pimlico: ERC-4337 Bundler 169,entity,eth-labels,https://github.com/dawsbot/eth-labels,medium,2026-10-01
0x43370c6bf10e765b7fbb43b8d821f564760df250,arbitrum,pimlico,Pimlico: ERC-4337 Bundler 230,entity,eth-labels,https://github.com/dawsbot/eth-labels,medium,2026-10-01
0x43370d5d089978e557447ffc11671adebbf6142e,arbitrum,pimlico,Pimlico: ERC-4337 Bundler 186,entity,eth-labels,https://github.com/dawsbot/eth-labels,medium,2026-10-01
0x43370e4568b959e26e8fafdbb1b9603d70a534ce,arbitrum,pimlico,Pimlico: ERC-4337 Bundler 135,entity,eth-labels,https://github.com/dawsbot/eth-labels,medium,2026-10-01
0x43370f08bce9bd56f347536c6fe7d73aa7c8b693,arbitrum,pimlico,Pimlico: ERC-4337 Bundler 159,entity,eth-labels,https://github.com/dawsbot/eth-labels,medium,2026-10-01
0x43370f20dd637b1dfe7236ea5823e422b1aea731,arbitrum,pimlico,Pimlico: ERC-4337 Bundler 168,entity,eth-labels,https://github.com/dawsbot/eth-labels,medium,2026-10-01
0x43370fe71ff5c66fcb0f8b28184203afa66b2550,arbitrum,pimlico,Pimlico: ERC-4337 Bundler 136,entity,eth-labels,https://github.com/dawsbot/eth-labels,medium,2026-10-01
0x4337114ece9f6de5eee053159c0e91dd5e43a36d,arbitrum,pimlico,Pimlico: ERC-4337 Bundler 152,entity,eth-labels,https://github.com/dawsbot/eth-labels,medium,2026-10-01
0x433711cda558c0fa32a4b8554939ab8740b9f5ac,arbitrum,pimlico,Pimlico: ERC-4337 Bundler 80,entity,eth-labels,https://github.com/dawsbot/eth-labels,medium,2026-10-01
0x433713cfee1e14a185e321a714a1c4691b80c712,arbitrum,pimlico,Pimlico: ERC-4337 Bundler 278,entity,eth-labels,https://github.com/dawsbot/eth-labels,medium,2026-10-01
0x433713df632ac453efd07f7ae750a5db9d5aabe6,arbitrum,pimlico,Pimlico: ERC-4337 Bundler 201,entity,eth-labels,https://github.com/dawsbot/eth-labels,medium,2026-10-01
0x4337140edcd1119df101f41bb887cf79766281f7,arbitrum,pimlico,Pimlico: ERC-4337 Bundler 160,entity,eth-labels,https://github.com/dawsbot/eth-labels,medium,2026-10-01
0x433714f773e0ac0a99151bfc7626948e64adaeb7,arbitrum,pimlico,Pimlico: ERC-4337 Bundler 258,entity,eth-labels,https://github.com/dawsbot/eth-labels,medium,2026-10-01
0x433715b851094440a2d5f13e9a8486b295203873,arbitrum,pimlico,Pimlico: ERC-4337 Bundler 208,entity,eth-labels,https://github.com/dawsbot/eth-labels,medium,2026-10-01
0x433715e7e8326926dda33234c6352d61a15e8e0d,arbitrum,pimlico,Pimlico: ERC-4337 Bundler 102,entity,eth-labels,https://github.com/dawsbot/eth-labels,medium,2026-10-01
0x433716da249841ff388a624123e1dd3fc4ddd648,arbitrum,pimlico,Pimlico: ERC-4337 Bundler 132,entity,eth-labels,https://github.com/dawsbot/eth-labels,medium,2026-10-01
0x4337175cd1d7d27e93f4269cdc7cbe6a6fbcca1b,arbitrum,pimlico,Pimlico: ERC-4337 Bundler 81,entity,eth-labels,https://github.com/dawsbot/eth-labels,medium,2026-10-01
0x43371a892ff1315ba26204f8bb7b096d4f897071,arbitrum,pimlico,Pimlico: ERC-4337 Bundler 244,entity,eth-labels,https://github.com/dawsbot/eth-labels,medium,2026-10-01
0x43371bf8c9701442ad5e97ebff025fbbbad7c021,arbitrum,pimlico,Pimlico: ERC-4337 Bundler 98,entity,eth-labels,https://github.com/dawsbot/eth-labels,medium,2026-10-01
0x43371d5ddb5c6450cb2f2c2b92d2e378932ebf00,arbitrum,pimlico,Pimlico: ERC-4337 Bundler 205,entity,eth-labels,https://github.com/dawsbot/eth-labels,medium,2026-10-01
0x43371e2af1e47a064b552e22670d68304c29b72f,arbitrum,pimlico,Pimlico: ERC-4337 Bundler 342,entity,eth-labels,https://github.com/dawsbot/eth-labels,medium,2026-10-01
0x43371ed0d8b4155e5107266d6076c644602870fa,arbitrum,pimlico,Pimlico: ERC-4337 Bundler 118,entity,eth-labels,https://github.com/dawsbot/eth-labels,medium,2026-10-01
0x43371f0250f080178a2194ec05ce319aa3fea5b2,arbitrum,pimlico,Pimlico: ERC-4337 Bundler 228,entity,eth-labels,https://github.com/dawsbot/eth-labels,medium,2026-10-01
0x43371f4b9078b59a8f793a12e02b52718c8711aa,arbitrum,pimlico,Pimlico: ERC-4337 Bundler 269,entity,eth-labels,https://github.com/dawsbot/eth-labels,medium,2026-10-01
0x43372043305f26e5f75c9eac020c2a835e6e528f,arbitrum,pimlico,Pimlico: ERC-4337 Bundler 123,entity,eth-labels,https://github.com/dawsbot/eth-labels,medium,2026-10-01
0x433720ad7e5b517d161bf064509fe9fb9c45ca81,arbitrum,pimlico,Pimlico: ERC-4337 Bundler 221,entity,eth-labels,https://github.com/dawsbot/eth-labels,medium,2026-10-01
0x4337215b160b4243dae6c0aa16b0e55748155dd5,arbitrum,pimlico,Pimlico: ERC-4337 Bundler 206,entity,eth-labels,https://github.com/dawsbot/eth-labels,medium,2026-10-01
0x4337216bf4d3ac20774edb6f9f6d8d81f0b2f1f1,arbitrum,pimlico,Pimlico: ERC-4337 Bundler 311,entity,eth-labels,https://github.com/dawsbot/eth-labels,medium,2026-10-01
0x4337216e7d0687bfccf868058e10c9685ba116bf,arbitrum,pimlico,Pimlico: ERC-4337 Bundler 96,entity,eth-labels,https://github.com/dawsbot/eth-labels,medium,2026-10-01
0x433721b74363ca3b43a8bb977c4ae8c990d7671f,arbitrum,pimlico,Pimlico: ERC-4337 Bundler 240,entity,eth-labels,https://github.com/dawsbot/eth-labels,medium,2026-10-01
0x433722bad7be7eaaaf262eb80f12197b0cc25eed,arbitrum,pimlico,Pimlico: ERC-4337 Bundler 339,entity,eth-labels,https://github.com/dawsbot/eth-labels,medium,2026-10-01
0x433722c8b8ff3507d2266b8d1a898450eaa7c356,arbitrum,pimlico,Pimlico: ERC-4337 Bundler 177,entity,eth-labels,https://github.com/dawsbot/eth-labels,medium,2026-10-01
0x433723207b17d40ecbf2832bab82111ea18cb61d,arbitrum,pimlico,Pimlico: ERC-4337 Bundler 164,entity,eth-labels,https://github.com/dawsbot/eth-labels,medium,2026-10-01
0x43372382a81898c4f8c4ab909c263da6c6a49a8a,arbitrum,pimlico,Pimlico: ERC-4337 Bundler 262,entity,eth-labels,https://github.com/dawsbot/eth-labels,medium,2026-10-01
0x433724866de8075dc1471000526d3ad2db30476d,arbitrum,pimlico,Pimlico: ERC-4337 Bundler 192,entity,eth-labels,https://github.com/dawsbot/eth-labels,medium,2026-10-01
0x4337249ee46820c70d3b3b311c3c30a4632e6df2,arbitrum,pimlico,Pimlico: ERC-4337 Bundler 155,entity,eth-labels,https://github.com/dawsbot/eth-labels,medium,2026-10-01
0x433724c5b59232b57b392cf11df2965f86f2029b,arbitrum,pimlico,Pimlico: ERC-4337 Bundler 335,entity,eth-labels,https://github.com/dawsbot/eth-labels,medium,2026-10-01
0x4337254674457cfa39a0bcb631e57d6cc6970ed7,arbitrum,pimlico,Pimlico: ERC-4337 Bundler 125,entity,eth-labels,https://github.com/dawsbot/eth-labels,medium,2026-10-01
0x433725bc8c9b72eafcf881fb8e0b8ea9aa93778c,arbitrum,pimlico,Pimlico: ERC-4337 Bundler 297,entity,eth-labels,https://github.com/dawsbot/eth-labels,medium,2026-10-01
0x433726e8f33760cf37ad41f565288b8fe5e61922,arbitrum,pimlico,Pimlico: ERC-4337 Bundler 247,entity,eth-labels,https://github.com/dawsbot/eth-labels,medium,2026-10-01
0x43372988af056806b0948e4ccbb5a9f37bab10c2,arbitrum,pimlico,Pimlico: ERC-4337 Bundler 282,entity,eth-labels,https://github.com/dawsbot/eth-labels,medium,2026-10-01
0x43372e2742e8abf66819416759e1d5349feed1e8,arbitrum,pimlico,Pimlico: ERC-4337 Bundler 184,entity,eth-labels,https://github.com/dawsbot/eth-labels,medium,2026-10-01
0x43372f7d6208a2b4f5a26863d2a5a84b2b0aa2b2,arbitrum,pimlico,Pimlico: ERC-4337 Bundler 210,entity,eth-labels,https://github.com/dawsbot/eth-labels,medium,2026-10-01
0x43373008077485193bb7bc36ac3ce0f5f315383c,arbitrum,pimlico,Pimlico: ERC-4337 Bundler 214,entity,eth-labels,https://github.com/dawsbot/eth-labels,medium,2026-10-01
0x4337317eec67be372839f5a30184f26dfbedafa0,arbitrum,pimlico,Pimlico: ERC-4337 Bundler 306,entity,eth-labels,https://github.com/dawsbot/eth-labels,medium,2026-10-01
0x433731e408ca604e9045a9676e8acde7fd4328e3,arbitrum,pimlico,Pimlico: ERC-4337 Bundler 330,entity,eth-labels,https://github.com/dawsbot/eth-labels,medium,2026-10-01
0x4337333fa6a3dd019116ddd884b3b55581897320,arbitrum,pimlico,Pimlico: ERC-4337 Bundler 156,entity,eth-labels,https://github.com/dawsbot/eth-labels,medium,2026-10-01
0x433733eb23a33f846cb8333833efacad08f13c42,arbitrum,pimlico,Pimlico: ERC-4337 Bundler 111,entity,eth-labels,https://github.com/dawsbot/eth-labels,medium,2026-10-01
0x4337348031587e90f7d93f825f4ee445eb4599d2,arbitrum,pimlico,Pimlico: ERC-4337 Bundler 305,entity,eth-labels,https://github.com/dawsbot/eth-labels,medium,2026-10-01
0x433735f12bc7c3729bee7b2338445d38fbb81b62,arbitrum,pimlico,Pimlico: ERC-4337 Bundler 67,entity,eth-labels,https://github.com/dawsbot/eth-labels,medium,2026-10-01
0x4337378f0b2165ddc704a94e8a4dddeece90ff2d,arbitrum,pimlico,Pimlico: ERC-4337 Bundler 175,entity,eth-labels,https://github.com/dawsbot/eth-labels,medium,2026-10-01
0x4337384d4658377492eb2db00090156838cdca7f,arbitrum,pimlico,Pimlico: ERC-4337 Bundler 212,entity,eth-labels,https://github.com/dawsbot/eth-labels,medium,2026-10-01
0x4337393c11b841e848507bd3f86add1bc793293a,arbitrum,pimlico,Pimlico: ERC-4337 Bundler 129,entity,eth-labels,https://github.com/dawsbot/eth-labels,medium,2026-10-01
0x43373a2784f999543d5189cee1d5982fc1f72381,arbitrum,pimlico,Pimlico: ERC-4337 Bundler 344,entity,eth-labels,https://github.com/dawsbot/eth-labels,medium,2026-10-01
0x43373a6f2eef7b71dfee604a39c058c8f5216d2e,arbitrum,pimlico,Pimlico: ERC-4337 Bundler 327,entity,eth-labels,https://github.com/dawsbot/eth-labels,medium,2026-10-01
0x43373a807075bfab3210914dd7b455b0520e82c6,arbitrum,pimlico,Pimlico: ERC-4337 Bundler 120,entity,eth-labels,https://github.com/dawsbot/eth-labels,medium,2026-10-01
0x43373a9a16ff5a0fe533d5ce4005d2625ab2d5cb,arbitrum,pimlico,Pimlico: ERC-4337 Bundler 288,entity,eth-labels,https://github.com/dawsbot/eth-labels,medium,2026-10-01
0x43373c042e4217e29b65c408857553f8e7e84b72,arbitrum,pimlico,Pimlico: ERC-4337 Bundler 84,entity,eth-labels,https://github.com/dawsbot/eth-labels,medium,2026-10-01
0x4337402acfbf3d3651e3df5897db333e8055a973,arbitrum,pimlico,Pimlico: ERC-4337 Bundler 241,entity,eth-labels,https://github.com/dawsbot/eth-labels,medium,2026-10-01
0x43374145c6b46daf643e7ac3ea3a172c859f4cc2,arbitrum,pimlico,Pimlico: ERC-4337 Bundler 110,entity,eth-labels,https://github.com/dawsbot/eth-labels,medium,2026-10-01
0x433741d15cdc82195ee1d02301c5928613c1919c,arbitrum,pimlico,Pimlico: ERC-4337 Bundler 104,entity,eth-labels,https://github.com/dawsbot/eth-labels,medium,2026-10-01
0x4337447808ddd7bdb0d29c7c193794688938ab4d,arbitrum,pimlico,Pimlico: ERC-4337 Bundler 197,entity,eth-labels,https://github.com/dawsbot/eth-labels,medium,2026-10-01
0x433745a2c43102c7064fa89ec7336bc38dc70391,arbitrum,pimlico,Pimlico: ERC-4337 Bundler 326,entity,eth-labels,https://github.com/dawsbot/eth-labels,medium,2026-10-01
0x43374836fb8893b3845412908e9866ff5eaa1d3f,arbitrum,pimlico,Pimlico: ERC-4337 Bundler 189,entity,eth-labels,https://github.com/dawsbot/eth-labels,medium,2026-10-01
0x433749549e9856f4864cfdd603021aa19679e553,arbitrum,pimlico,Pimlico: ERC-4337 Bundler 116,entity,eth-labels,https://github.com/dawsbot/eth-labels,medium,2026-10-01
0x43374a9f10343eb26469589f3376cc24d9cd12aa,arbitrum,pimlico,Pimlico: ERC-4337 Bundler 313,entity,eth-labels,https://github.com/dawsbot/eth-labels,medium,2026-10-01
0x43374b28011755e80f5ed85af4e667a2645597d9,arbitrum,pimlico,Pimlico: ERC-4337 Bundler 341,entity,eth-labels,https://github.com/dawsbot/eth-labels,medium,2026-10-01
0x43374b81fdc7c9e590bc3c00a485c8f791443969,arbitrum,pimlico,Pimlico: ERC-4337 Bundler 265,entity,eth-labels,https://github.com/dawsbot/eth-labels,medium,2026-10-01
0x43374b9b68204678b0de99b5b7632de0f37ff7d9,arbitrum,pimlico,Pimlico: ERC-4337 Bundler 138,entity,eth-labels,https://github.com/dawsbot/eth-labels,medium,2026-10-01
0x43374c000fb3fababe9ce17e87cb4895d3816e69,arbitrum,pimlico,Pimlico: ERC-4337 Bundler 325,entity,eth-labels,https://github.com/dawsbot/eth-labels,medium,2026-10-01
0x43374c5c0eaab6117e1ea97011bd3b38cbdc6666,arbitrum,pimlico,Pimlico: ERC-4337 Bundler 255,entity,eth-labels,https://github.com/dawsbot/eth-labels,medium,2026-10-01
0x43374cfecd4c8d10fd56841db4e070b729f15735,arbitrum,pimlico,Pimlico: ERC-4337 Bundler 303,entity,eth-labels,https://github.com/dawsbot/eth-labels,medium,2026-10-01
0x43374d0b12987a0d0e4dd368408d3ee7f3e42978,arbitrum,pimlico,Pimlico: ERC-4337 Bundler 199,entity,eth-labels,https://github.com/dawsbot/eth-labels,medium,2026-10-01
0x43374d1dc91939370ac6027125e9ae39954a1747,arbitrum,pimlico,Pimlico: ERC-4337 Bundler 232,entity,eth-labels,https://github.com/dawsbot/eth-labels,medium,2026-10-01
0x43374e9c51cebae929fff4b2c160fc178cfb9712,arbitrum,pimlico,Pimlico: ERC-4337 Bundler 140,entity,eth-labels,https://github.com/dawsbot/eth-labels,medium,2026-10-01
0x43374f0fac26fcbe41097ae60c331375f2ea2bf9,arbitrum,pimlico,Pimlico: ERC-4337 Bundler 213,entity,eth-labels,https://github.com/dawsbot/eth-labels,medium,2026-10-01
0x43374f1e320fd5246ff99cb06e0cad2a83d8a803,arbitrum,pimlico,Pimlico: ERC-4337 Bundler 113,entity,eth-labels,https://github.com/dawsbot/eth-labels,medium,2026-10-01
0x433750425627bd06a8d8ac164821ba5d8da14fd2,arbitrum,pimlico,Pimlico: ERC-4337 Bundler 194,entity,eth-labels,https://github.com/dawsbot/eth-labels,medium,2026-10-01
0x433750d8a408cb3cf51793798f1bbd0af6bdc4e0,arbitrum,pimlico,Pimlico: ERC-4337 Bundler 279,entity,eth-labels,https://github.com/dawsbot/eth-labels,medium,2026-10-01
0x4337514a2e7465669769461ff085adfe24a6022d,arbitrum,pimlico,Pimlico: ERC-4337 Bundler 217,entity,eth-labels,https://github.com/dawsbot/eth-labels,medium,2026-10-01
0x433752866252b4469c58044f5a409c775557047d,arbitrum,pimlico,Pimlico: ERC-4337 Bundler 121,entity,eth-labels,https://github.com/dawsbot/eth-labels,medium,2026-10-01
0x433752c5533707bb9b8e07112bc02f2ba1d573bf,arbitrum,pimlico,Pimlico: ERC-4337 Bundler 320,entity,eth-labels,https://github.com/dawsbot/eth-labels,medium,2026-10-01
0x433753a4158581b97dce4dce385a7350736a2c78,arbitrum,pimlico,Pimlico: ERC-4337 Bundler 256,entity,eth-labels,https://github.com/dawsbot/eth-labels,medium,2026-10-01
0x433756aed5593a2390ee10ef42927d48d69b37db,arbitrum,pimlico,Pimlico: ERC-4337 Bundler 165,entity,eth-labels,https://github.com/dawsbot/eth-labels,medium,2026-10-01
0x43375753eba3d85c9896d4855e210a0780ed11c2,arbitrum,pimlico,Pimlico: ERC-4337 Bundler 97,entity,eth-labels,https://github.com/dawsbot/eth-labels,medium,2026-10-01
0x4337578975f91369b2857148bdaf754abac57140,arbitrum,pimlico,Pimlico: ERC-4337 Bundler 223,entity,eth-labels,https://github.com/dawsbot/eth-labels,medium,2026-10-01
0x433757a8397645f9f97a11390d4e4f7a8770e783,arbitrum,pimlico,Pimlico: ERC-4337 Bundler 349,entity,eth-labels,https://github.com/dawsbot/eth-labels,medium,2026-10-01
0x433759328c12b9a2c177a9a1a621babb19d5e9f3,arbitrum,pimlico,Pimlico: ERC-4337 Bundler 347,entity,eth-labels,https://github.com/dawsbot/eth-labels,medium,2026-10-01
0x433759352ce2e7072c369516b698cc05ced151a8,arbitrum,pimlico,Pimlico: ERC-4337 Bundler 350,entity,eth-labels,https://github.com/dawsbot/eth-labels,medium,2026-10-01
0x43375944b79c21aa13a6f8527db0d9a4fe43fb64,arbitrum,pimlico,Pimlico: ERC-4337 Bundler 131,entity,eth-labels,https://github.com/dawsbot/eth-labels,medium,2026-10-01
0x433759e6339a9ae58603288affd066631aa1773e,arbitrum,pimlico,Pimlico: ERC-4337 Bundler 99,entity,eth-labels,https://github.com/dawsbot/eth-labels,medium,2026-10-01
0x43375c57ba6456937b88e036ac8e7a8c5bd95e89,arbitrum,pimlico,Pimlico: ERC-4337 Bundler 302,entity,eth-labels,https://github.com/dawsbot/eth-labels,medium,2026-10-01
0x43375c62236bc5524b02d388baaadc5bb5f56168,arbitrum,pimlico,Pimlico: ERC-4337 Bundler 87,entity,eth-labels,https://github.com/dawsbot/eth-labels,medium,2026-10-01
0x43375ce21e2c538a13bd3b46dd5c6001ca7c9b7c,arbitrum,pimlico,Pimlico: ERC-4337 Bundler 72,entity,eth-labels,https://github.com/dawsbot/eth-labels,medium,2026-10-01
0x43375ce534ea8d3b6b8876186084044f03578826,arbitrum,pimlico,Pimlico: ERC-4337 Bundler 75,entity,eth-labels,https://github.com/dawsbot/eth-labels,medium,2026-10-01
0x43375deb23045e8a2049b08394dc81b61000ad0a,arbitrum,pimlico,Pimlico: ERC-4337 Bundler 276,entity,eth-labels,https://github.com/dawsbot/eth-labels,medium,2026-10-01
0x43375e0c7878192a77809cdc484d5f28d9a3e174,arbitrum,pimlico,Pimlico: ERC-4337 Bundler 114,entity,eth-labels,https://github.com/dawsbot/eth-labels,medium,2026-10-01
0x43375fe14f8f400809b520914f68105efc2b7074,arbitrum,pimlico,Pimlico: ERC-4337 Bundler 173,entity,eth-labels,https://github.com/dawsbot/eth-labels,medium,2026-10-01
0x433760d5fb3dfe9a07c74ca6a57b93a66d5b3573,arbitrum,pimlico,Pimlico: ERC-4337 Bundler 178,entity,eth-labels,https://github.com/dawsbot/eth-labels,medium,2026-10-01
0x433761938f1945d3500efdbbb3e61a7e6507f632,arbitrum,pimlico,Pimlico: ERC-4337 Bundler 310,entity,eth-labels,https://github.com/dawsbot/eth-labels,medium,2026-10-01
0x43376486916e28b2a051d0f7d7fae9e5942bf96c,arbitrum,pimlico,Pimlico: ERC-4337 Bundler 354,entity,eth-labels,https://github.com/dawsbot/eth-labels,medium,2026-10-01
0x433765755d2408efec2a8dd419a50a90215920a7,arbitrum,pimlico,Pimlico: ERC-4337 Bundler 266,entity,eth-labels,https://github.com/dawsbot/eth-labels,medium,2026-10-01
0x4337664ec8b167ea88c726abbd935589962ca330,arbitrum,pimlico,Pimlico: ERC-4337 Bundler 238,entity,eth-labels,https://github.com/dawsbot/eth-labels,medium,2026-10-01
0x43376657d6d76ce37802cf1b693b2050ff8074de,arbitrum,pimlico,Pimlico: ERC-4337 Bundler 271,entity,eth-labels,https://github.com/dawsbot/eth-labels,medium,2026-10-01
0x4337671f140b431b68b39f80a0d4c3805a51911c,arbitrum,pimlico,Pimlico: ERC-4337 Bundler 308,entity,eth-labels,https://github.com/dawsbot/eth-labels,medium,2026-10-01
0x433767ac815728f1815701a85c70ab8bab8fe978,arbitrum,pimlico,Pimlico: ERC-4337 Bundler 323,entity,eth-labels,https://github.com/dawsbot/eth-labels,medium,2026-10-01
0x433767b0566842e97d53214c29e4c2bb096c71f8,arbitrum,pimlico,Pimlico: ERC-4337 Bundler 277,entity,eth-labels,https://github.com/dawsbot/eth-labels,medium,2026-10-01
0x43376838363fd3453472653994af7beee731eeb8,arbitrum,pimlico,Pimlico: ERC-4337 Bundler 109,entity,eth-labels,https://github.com/dawsbot/eth-labels,medium,2026-10-01
0x433768457671718ef79bfeb17d895a5e81c5015b,arbitrum,pimlico,Pimlico: ERC-4337 Bundler 300,entity,eth-labels,https://github.com/dawsbot/eth-labels,medium,2026-10-01
0x433768867635038eef028526125d551b580bbc7a,arbitrum,pimlico,Pimlico: ERC-4337 Bundler 86,entity,eth-labels,https://github.com/dawsbot/eth-labels,medium,2026-10-01
0x4337694b7cecdb471a7b01ebc68876c1cc9ca4a1,arbitrum,pimlico,Pimlico: ERC-4337 Bundler 309,entity,eth-labels,https://github.com/dawsbot/eth-labels,medium,2026-10-01
0x43376a775d2b9c54c7d9998da3d2f7a5db87a406,arbitrum,pimlico,Pimlico: ERC-4337 Bundler 317,entity,eth-labels,https://github.com/dawsbot/eth-labels,medium,2026-10-01
0x43376ac2eb82e4c49d31d6663e20da6db6ac3dde,arbitrum,pimlico,Pimlico: ERC-4337 Bundler 68,entity,eth-labels,https://github.com/dawsbot/eth-labels,medium,2026-10-01
0x43376bba18cf0b93c6596408b64683ce679eeeda,arbitrum,pimlico,Pimlico: ERC-4337 Bundler 119,entity,eth-labels,https://github.com/dawsbot/eth-labels,medium,2026-10-01
0x43376bd6305d088c18091e0e2a0b3db335fe4c7c,arbitrum,pimlico,Pimlico: ERC-4337 Bundler 268,entity,eth-labels,https://github.com/dawsbot/eth-labels,medium,2026-10-01
0x43376c8ed7fbd030475f9c72f55d8a2de6e949cf,arbitrum,pimlico,Pimlico: ERC-4337 Bundler 166,entity,eth-labels,https://github.com/dawsbot/eth-labels,medium,2026-10-01
0x43376cfdca6aa3795f0ed0210fd7a276e6015495,arbitrum,pimlico,Pimlico: ERC-4337 Bundler 290,entity,eth-labels,https://github.com/dawsbot/eth-labels,medium,2026-10-01
0x43376df0d0a57c4ee8c3328aafc2b7e7a5b81790,arbitrum,pimlico,Pimlico: ERC-4337 Bundler 321,entity,eth-labels,https://github.com/dawsbot/eth-labels,medium,2026-10-01
0x43376e27549a933636719a35d1b7b22a6f3f8fd1,arbitrum,pimlico,Pimlico: ERC-4337 Bundler 94,entity,eth-labels,https://github.com/dawsbot/eth-labels,medium,2026-10-01
0x43376e661d2dbff2756ce565bbcad5fe971995d6,arbitrum,pimlico,Pimlico: ERC-4337 Bundler 285,entity,eth-labels,https://github.com/dawsbot/eth-labels,medium,2026-10-01
0x43376eaf0ef5285be8b378f04c86d420c8c2f5fd,arbitrum,pimlico,Pimlico: ERC-4337 Bundler 227,entity,eth-labels,https://github.com/dawsbot/eth-labels,medium,2026-10-01
0x43376f699af50f62e157ffad4bc47ad7c33056c7,arbitrum,pimlico,Pimlico: ERC-4337 Bundler 73,entity,eth-labels,https://github.com/dawsbot/eth-labels,medium,2026-10-01
0x4337702d462cf9c998ee0606e267428ec0a290b4,arbitrum,pimlico,Pimlico: ERC-4337 Bundler 170,entity,eth-labels,https://github.com/dawsbot/eth-labels,medium,2026-10-01
0x433773987a85b825064882134bde0cde3bc856f9,arbitrum,pimlico,Pimlico: ERC-4337 Bundler 315,entity,eth-labels,https://github.com/dawsbot/eth-labels,medium,2026-10-01
0x43377416ea8221154e166c1b901095e2a52bb429,arbitrum,pimlico,Pimlico: ERC-4337 Bundler 157,entity,eth-labels,https://github.com/dawsbot/eth-labels,medium,2026-10-01
0x4337758e6f62d976206e7efe712e764f70e783e1,arbitrum,pimlico,Pimlico: ERC-4337 Bundler 108,entity,eth-labels,https://github.com/dawsbot/eth-labels,medium,2026-10-01
0x433775dfe8ab373f9c3934c19554c93ff56ce410,arbitrum,pimlico,Pimlico: ERC-4337 Bundler 252,entity,eth-labels,https://github.com/dawsbot/eth-labels,medium,2026-10-01
0x433777ca2303bbce42cec75876533b7866dc923e,arbitrum,pimlico,Pimlico: ERC-4337 Bundler 195,entity,eth-labels,https://github.com/dawsbot/eth-labels,medium,2026-10-01
0x43377a7dab4ad8bf278f67c038e912b25814d2cd,arbitrum,pimlico,Pimlico: ERC-4337 Bundler 145,entity,eth-labels,https://github.com/dawsbot/eth-labels,medium,2026-10-01
0x43377d5d96897e2acfeacda605474d2767cf8e25,arbitrum,pimlico,Pimlico: ERC-4337 Bundler 151,entity,eth-labels,https://github.com/dawsbot/eth-labels,medium,2026-10-01
0x43377eb5143966f6b0319b8bf503c30e07762094,arbitrum,pimlico,Pimlico: ERC-4337 Bundler 346,entity,eth-labels,https://github.com/dawsbot/eth-labels,medium,2026-10-01
0x43377ee3f223f8da22fcd2760d8e951c8f54a40d,arbitrum,pimlico,Pimlico: ERC-4337 Bundler 130,entity,eth-labels,https://github.com/dawsbot/eth-labels,medium,2026-10-01
0x43377fda4afe913e05b9768f4a99aa776c2e3bb0,arbitrum,pimlico,Pimlico: ERC-4337 Bundler 128,entity,eth-labels,https://github.com/dawsbot/eth-labels,medium,2026-10-01
0x43378321f15e94aeae0dab81c7d900cb81136052,arbitrum,pimlico,Pimlico: ERC-4337 Bundler 127,entity,eth-labels,https://github.com/dawsbot/eth-labels,medium,2026-10-01
0x4337853e661c5fbcab56f1a3d7e916bc71c4f46d,arbitrum,pimlico,Pimlico: ERC-4337 Bundler 353,entity,eth-labels,https://github.com/dawsbot/eth-labels,medium,2026-10-01
0x4337859ad033c96c44cf7d884eae88534ac78282,arbitrum,pimlico,Pimlico: ERC-4337 Bundler 319,entity,eth-labels,https://github.com/dawsbot/eth-labels,medium,2026-10-01
0x433785af3a50bb3d281d3d44dbd0391a30c6cd3e,arbitrum,pimlico,Pimlico: ERC-4337 Bundler 79,entity,eth-labels,https://github.com/dawsbot/eth-labels,medium,2026-10-01
0x433785dc2ddf41687437078d04f7d71db97629e6,arbitrum,pimlico,Pimlico: ERC-4337 Bundler 224,entity,eth-labels,https://github.com/dawsbot/eth-labels,medium,2026-10-01
0x433786778955d08acf8bbcc8ce307b4266923f4c,arbitrum,pimlico,Pimlico: ERC-4337 Bundler 283,entity,eth-labels,https://github.com/dawsbot/eth-labels,medium,2026-10-01
0x433787f4e09c49e8eb187d69bc7a32b01bdf60d6,arbitrum,pimlico,Pimlico: ERC-4337 Bundler 248,entity,eth-labels,https://github.com/dawsbot/eth-labels,medium,2026-10-01
0x433788b96183545247741b6eadd4f9e4db27a37f,arbitrum,pimlico,Pimlico: ERC-4337 Bundler 274,entity,eth-labels,https://github.com/dawsbot/eth-labels,medium,2026-10-01
0x43378942bec437ed9f4602b9e720d51cc80563bf,arbitrum,pimlico,Pimlico: ERC-4337 Bundler 179,entity,eth-labels,https://github.com/dawsbot/eth-labels,medium,2026-10-01
0x43378949f39d17930fecfaeb823b6a7573322cdf,arbitrum,pimlico,Pimlico: ERC-4337 Bundler 298,entity,eth-labels,https://github.com/dawsbot/eth-labels,medium,2026-10-01
0x43378c31cafde22607a938ad5214c0a65d09593d,arbitrum,pimlico,Pimlico: ERC-4337 Bundler 183,entity,eth-labels,https://github.com/dawsbot/eth-labels,medium,2026-10-01
0x43378de03f621668044cfc798b712a2fc2d991f2,arbitrum,pimlico,Pimlico: ERC-4337 Bundler 218,entity,eth-labels,https://github.com/dawsbot/eth-labels,medium,2026-10-01
0x43378e9b88da4d4e34056c975a689a626eff13f7,arbitrum,pimlico,Pimlico: ERC-4337 Bundler 83,entity,eth-labels,https://github.com/dawsbot/eth-labels,medium,2026-10-01
0x43378eebc955b8a0ea621ab4d1316cd8aa9a9ef6,arbitrum,pimlico,Pimlico: ERC-4337 Bundler 92,entity,eth-labels,https://github.com/dawsbot/eth-labels,medium,2026-10-01
0x43378f8a6678aba1eb54458ee3f98fc03ac9cbb9,arbitrum,pimlico,Pimlico: ERC-4337 Bundler 314,entity,eth-labels,https://github.com/dawsbot/eth-labels,medium,2026-10-01
0x43378ffa82ff367bc861b29df69fedd0c4bbbb9a,arbitrum,pimlico,Pimlico: ERC-4337 Bundler 239,entity,eth-labels,https://github.com/dawsbot/eth-labels,medium,2026-10-01
0x43379101d6ec33ae30a3170c0909c725e42d162c,arbitrum,pimlico,Pimlico: ERC-4337 Bundler 148,entity,eth-labels,https://github.com/dawsbot/eth-labels,medium,2026-10-01
0x43379206f4bba42b231450b533dac402f17215e5,arbitrum,pimlico,Pimlico: ERC-4337 Bundler 91,entity,eth-labels,https://github.com/dawsbot/eth-labels,medium,2026-10-01
0x433794b241dd82ffe5e5cd2f0aff466a34f4de03,arbitrum,pimlico,Pimlico: ERC-4337 Bundler 234,entity,eth-labels,https://github.com/dawsbot/eth-labels,medium,2026-10-01
0x433794fee19dafd0560a5ad9cb04df6bd2bdfaa1,arbitrum,pimlico,Pimlico: ERC-4337 Bundler 215,entity,eth-labels,https://github.com/dawsbot/eth-labels,medium,2026-10-01
0x43379742ed26f6e786ef287d4bfd7693241754e5,arbitrum,pimlico,Pimlico: ERC-4337 Bundler 304,entity,eth-labels,https://github.com/dawsbot/eth-labels,medium,2026-10-01
0x433799e6f0f7f87a53797c5bf592878bb0e17d6b,arbitrum,pimlico,Pimlico: ERC-4337 Bundler 235,entity,eth-labels,https://github.com/dawsbot/eth-labels,medium,2026-10-01
0x433799f40ba452e6933071b81c03b2f4c733eb5e,arbitrum,pimlico,Pimlico: ERC-4337 Bundler 253,entity,eth-labels,https://github.com/dawsbot/eth-labels,medium,2026-10-01
0x43379a313f01f8c945b196baaa6b7a3b32f28285,arbitrum,pimlico,Pimlico: ERC-4337 Bundler 103,entity,eth-labels,https://github.com/dawsbot/eth-labels,medium,2026-10-01
0x43379a3503e50ff5e5521c781fe2bffa0b739a5c,arbitrum,pimlico,Pimlico: ERC-4337 Bundler 352,entity,eth-labels,https://github.com/dawsbot/eth-labels,medium,2026-10-01
0x43379a6664b6bf03e65987e6edfc6ede6bff8b33,arbitrum,pimlico,Pimlico: ERC-4337 Bundler 117,entity,eth-labels,https://github.com/dawsbot/eth-labels,medium,2026-10-01
0x43379b04eef5fbfe3f17f2058570b09e5f84a97a,arbitrum,pimlico,Pimlico: ERC-4337 Bundler 101,entity,eth-labels,https://github.com/dawsbot/eth-labels,medium,2026-10-01
0x43379c46a4e11bbc714644074d9ee50e8bd2694d,arbitrum,pimlico,Pimlico: ERC-4337 Bundler 126,entity,eth-labels,https://github.com/dawsbot/eth-labels,medium,2026-10-01
0x43379cd97159e72048adb214805e9b7787aa12ba,arbitrum,pimlico,Pimlico: ERC-4337 Bundler 250,entity,eth-labels,https://github.com/dawsbot/eth-labels,medium,2026-10-01
0x43379d495837d29dfc0556630744e4048e6a804e,arbitrum,pimlico,Pimlico: ERC-4337 Bundler 180,entity,eth-labels,https://github.com/dawsbot/eth-labels,medium,2026-10-01
0x43379d617ab4d53f6d5d07d2b950b99774a6e35a,arbitrum,pimlico,Pimlico: ERC-4337 Bundler 105,entity,eth-labels,https://github.com/dawsbot/eth-labels,medium,2026-10-01
0x43379da1304724c21e26be03b2db9fce96e4464a,arbitrum,pimlico,Pimlico: ERC-4337 Bundler 190,entity,eth-labels,https://github.com/dawsbot/eth-labels,medium,2026-10-01
0x43379f4506abbaef155651431d91fd5cadbd144f,arbitrum,pimlico,Pimlico: ERC-4337 Bundler 299,entity,eth-labels,https://github.com/dawsbot/eth-labels,medium,2026-10-01
0x4337a0048fde170504edc471f8e016a570ce3125,arbitrum,pimlico,Pimlico: ERC-4337 Bundler 198,entity,eth-labels,https://github.com/dawsbot/eth-labels,medium,2026-10-01
0x4337a10434f284b583402514d8f4539bc89983d9,arbitrum,pimlico,Pimlico: ERC-4337 Bundler 78,entity,eth-labels,https://github.com/dawsbot/eth-labels,medium,2026-10-01
0x4337a1680b3b3915090efc7ad63c1ac705de6ed8,arbitrum,pimlico,Pimlico: ERC-4337 Bundler 149,entity,eth-labels,https://github.com/dawsbot/eth-labels,medium,2026-10-01
0x4337a234b9889de3e38eaff7c4badae4b38bb6c2,arbitrum,pimlico,Pimlico: ERC-4337 Bundler 133,entity,eth-labels,https://github.com/dawsbot/eth-labels,medium,2026-10-01
0x4337a2c79e9200719810ec46f69a240c2e6aaf6f,arbitrum,pimlico,Pimlico: ERC-4337 Bundler 295,entity,eth-labels,https://github.com/dawsbot/eth-labels,medium,2026-10-01
0x4337a367ac11af0186ba857b12ab159d9ec3ad76,arbitrum,pimlico,Pimlico: ERC-4337 Bundler 167,entity,eth-labels,https://github.com/dawsbot/eth-labels,medium,2026-10-01
0x4337a3a14ce61646b82fc8fa56ce61c84da2f173,arbitrum,pimlico,Pimlico: ERC-4337 Bundler 185,entity,eth-labels,https://github.com/dawsbot/eth-labels,medium,2026-10-01
0x4337a48230c4ab3e9a021ea82dabeeb02465ec06,arbitrum,pimlico,Pimlico: ERC-4337 Bundler 340,entity,eth-labels,https://github.com/dawsbot/eth-labels,medium,2026-10-01
0x4337a505b30885df32f2e89b347220317f790928,arbitrum,pimlico,Pimlico: ERC-4337 Bundler 147,entity,eth-labels,https://github.com/dawsbot/eth-labels,medium,2026-10-01
0x4337a622b56933ea0bc04a5a40408ef747d08da4,arbitrum,pimlico,Pimlico: ERC-4337 Bundler 280,entity,eth-labels,https://github.com/dawsbot/eth-labels,medium,2026-10-01
0x4337a69533843a903c43b3dcb3738da154fe6a47,arbitrum,pimlico,Pimlico: ERC-4337 Bundler 107,entity,eth-labels,https://github.com/dawsbot/eth-labels,medium,2026-10-01
0x4337a6b5bad5fd082dcdb565ddabeda516f82c6f,arbitrum,pimlico,Pimlico: ERC-4337 Bundler 287,entity,eth-labels,https://github.com/dawsbot/eth-labels,medium,2026-10-01
0x4337a78286c6662c1a3c66fc548ff9bef6afb8b2,arbitrum,pimlico,Pimlico: ERC-4337 Bundler 162,entity,eth-labels,https://github.com/dawsbot/eth-labels,medium,2026-10-01
0x4337a8c94b580a432c768ce8d8faec687091ecdf,arbitrum,pimlico,Pimlico: ERC-4337 Bundler 163,entity,eth-labels,https://github.com/dawsbot/eth-labels,medium,2026-10-01
0x4337aa1db309d1ed1db8663669413176e316971b,arbitrum,pimlico,Pimlico: ERC-4337 Bundler 137,entity,eth-labels,https://github.com/dawsbot/eth-labels,medium,2026-10-01
0x4337aae233ab2296062905cc256b180be20504fd,arbitrum,pimlico,Pimlico: ERC-4337 Bundler 351,entity,eth-labels,https://github.com/dawsbot/eth-labels,medium,2026-10-01
0x4337ab4ff1ae249f0fb4bed59662f20ee1764983,arbitrum,pimlico,Pimlico: ERC-4337 Bundler 76,entity,eth-labels,https://github.com/dawsbot/eth-labels,medium,2026-10-01
0x4337acae1c2f00a8e7f8c403483c985e51c8f163,arbitrum,pimlico,Pimlico: ERC-4337 Bundler 312,entity,eth-labels,https://github.com/dawsbot/eth-labels,medium,2026-10-01
0x4337ad0e1d76611821e6b679fa29d00e4e9ff0a2,arbitrum,pimlico,Pimlico: ERC-4337 Bundler 134,entity,eth-labels,https://github.com/dawsbot/eth-labels,medium,2026-10-01
0x4337afa2e9d34c6de1caf6312fbd3bc856f388a4,arbitrum,pimlico,Pimlico: ERC-4337 Bundler 141,entity,eth-labels,https://github.com/dawsbot/eth-labels,medium,2026-10-01
0x4337b107dce29550b2b85c1bcf9787d185e28968,arbitrum,pimlico,Pimlico: ERC-4337 Bundler 329,entity,eth-labels,https://github.com/dawsbot/eth-labels,medium,2026-10-01
0x4337b1621d018e5bfa5725c60f323b1fd1df4b8f,arbitrum,pimlico,Pimlico: ERC-4337 Bundler 307,entity,eth-labels,https://github.com/dawsbot/eth-labels,medium,2026-10-01
0x4337b26ca98c42cd74672e06a033ac8cd1cd5da8,arbitrum,pimlico,Pimlico: ERC-4337 Bundler 95,entity,eth-labels,https://github.com/dawsbot/eth-labels,medium,2026-10-01
0x4337b2dbc64c93b43ec9fb66e563b4da62cfc344,arbitrum,pimlico,Pimlico: ERC-4337 Bundler 231,entity,eth-labels,https://github.com/dawsbot/eth-labels,medium,2026-10-01
0x4337b345226925746cdff0f74521f26c1bc5fade,arbitrum,pimlico,Pimlico: ERC-4337 Bundler 284,entity,eth-labels,https://github.com/dawsbot/eth-labels,medium,2026-10-01
0x4337b658b8002f9a8a4ad18ba486afe351870274,arbitrum,pimlico,Pimlico: ERC-4337 Bundler 270,entity,eth-labels,https://github.com/dawsbot/eth-labels,medium,2026-10-01
0x4337b71c61e117e3ee144a4c714db81772d02d4d,arbitrum,pimlico,Pimlico: ERC-4337 Bundler 93,entity,eth-labels,https://github.com/dawsbot/eth-labels,medium,2026-10-01
0x4337b836e9237c6a7ae6343eefc74f7febff62cd,arbitrum,pimlico,Pimlico: ERC-4337 Bundler 150,entity,eth-labels,https://github.com/dawsbot/eth-labels,medium,2026-10-01
0x4337b8b14d6f72f1f2141589c97be2b07b85365f,arbitrum,pimlico,Pimlico: ERC-4337 Bundler 71,entity,eth-labels,https://github.com/dawsbot/eth-labels,medium,2026-10-01
0x4337b942db6071410d3412e7f6b631e66585001d,arbitrum,pimlico,Pimlico: ERC-4337 Bundler 220,entity,eth-labels,https://github.com/dawsbot/eth-labels,medium,2026-10-01
0x4337b957476da020c3ffebc8fb9537db241567f2,arbitrum,pimlico,Pimlico: ERC-4337 Bundler 233,entity,eth-labels,https://github.com/dawsbot/eth-labels,medium,2026-10-01
0x4337b97be43ed95bef34e91f9f6ec6c7f77b8239,arbitrum,pimlico,Pimlico: ERC-4337 Bundler 257,entity,eth-labels,https://github.com/dawsbot/eth-labels,medium,2026-10-01
0x4337bb3f3c9645a2a76b6652c7a9f6df25bc39a8,arbitrum,pimlico,Pimlico: ERC-4337 Bundler 65,entity,eth-labels,https://github.com/dawsbot/eth-labels,medium,2026-10-01
0x4337bc4c5c399dda9a4fca8347b2bef8e9052fff,arbitrum,pimlico,Pimlico: ERC-4337 Bundler 345,entity,eth-labels,https://github.com/dawsbot/eth-labels,medium,2026-10-01
0x4337bcdfc67b55e3f1739a95663130fff0222ba7,arbitrum,pimlico,Pimlico: ERC-4337 Bundler 243,entity,eth-labels,https://github.com/dawsbot/eth-labels,medium,2026-10-01
0x4337bd13646b1432a84287c1d6c3cd8fce633d9f,arbitrum,pimlico,Pimlico: ERC-4337 Bundler 207,entity,eth-labels,https://github.com/dawsbot/eth-labels,medium,2026-10-01
0x4337bdf513a241690fab7db462bbca42b6184a44,arbitrum,pimlico,Pimlico: ERC-4337 Bundler 273,entity,eth-labels,https://github.com/dawsbot/eth-labels,medium,2026-10-01
0x4337be1bdc886ceffdb777664a1a6b05382b50d3,arbitrum,pimlico,Pimlico: ERC-4337 Bundler 316,entity,eth-labels,https://github.com/dawsbot/eth-labels,medium,2026-10-01
0x4337beb74a1d6aa7a3a1672a6e636027ea1b7f45,arbitrum,pimlico,Pimlico: ERC-4337 Bundler 182,entity,eth-labels,https://github.com/dawsbot/eth-labels,medium,2026-10-01
0x4337bf7afceef9788a60c4cb98830ed6d8e79fb1,arbitrum,pimlico,Pimlico: ERC-4337 Bundler 66,entity,eth-labels,https://github.com/dawsbot/eth-labels,medium,2026-10-01
0x4337bf8f8006aa14c1bae739f3ead9b7fec7f2e1,arbitrum,pimlico,Pimlico: ERC-4337 Bundler 70,entity,eth-labels,https://github.com/dawsbot/eth-labels,medium,2026-10-01
0x4337c065b2fef9d9e907d6d54b49ad0606905e08,arbitrum,pimlico,Pimlico: ERC-4337 Bundler 237,entity,eth-labels,https://github.com/dawsbot/eth-labels,medium,2026-10-01
0x4337c0cbe2d202561b26389732ad3e4faf3f2c08,arbitrum,pimlico,Pimlico: ERC-4337 Bundler 338,entity,eth-labels,https://github.com/dawsbot/eth-labels,medium,2026-10-01
0x4337c0e89b0a7a74f363eb51073551bfb643f922,arbitrum,pimlico,Pimlico: ERC-4337 Bundler 293,entity,eth-labels,https://github.com/dawsbot/eth-labels,medium,2026-10-01
0x4337c17af5fbe4be4927f42495092a9e04133660,arbitrum,pimlico,Pimlico: ERC-4337 Bundler 272,entity,eth-labels,https://github.com/dawsbot/eth-labels,medium,2026-10-01
0x4337c1cb6b8a2393ce0a2bd4037c33ce2709ecbf,arbitrum,pimlico,Pimlico: ERC-4337 Bundler 171,entity,eth-labels,https://github.com/dawsbot/eth-labels,medium,2026-10-01
0x4337c1e9502cecc9d10c1a46e5db5c1618b003cf,arbitrum,pimlico,Pimlico: ERC-4337 Bundler 142,entity,eth-labels,https://github.com/dawsbot/eth-labels,medium,2026-10-01
0x4337c3727eccefe931939db018ca210f97f4c63c,arbitrum,pimlico,Pimlico: ERC-4337 Bundler 261,entity,eth-labels,https://github.com/dawsbot/eth-labels,medium,2026-10-01
0x4337c37c4ecd77d7a337954dd56b15dab5dacbbf,arbitrum,pimlico,Pimlico: ERC-4337 Bundler 337,entity,eth-labels,https://github.com/dawsbot/eth-labels,medium,2026-10-01
0x4337c5609da47a65c718e633f12c689371120967,arbitrum,pimlico,Pimlico: ERC-4337 Bundler 193,entity,eth-labels,https://github.com/dawsbot/eth-labels,medium,2026-10-01
0x4337c564389df4b2f7c15fcd55aa7de6e0911fff,arbitrum,pimlico,Pimlico: ERC-4337 Bundler 154,entity,eth-labels,https://github.com/dawsbot/eth-labels,medium,2026-10-01
0x4337c5f041b80fa1ec4647bb80b6677e01bfb2a9,arbitrum,pimlico,Pimlico: ERC-4337 Bundler 161,entity,eth-labels,https://github.com/dawsbot/eth-labels,medium,2026-10-01
0x4337c620018507e70db97178800a1e81a95d13e3,arbitrum,pimlico,Pimlico: ERC-4337 Bundler 146,entity,eth-labels,https://github.com/dawsbot/eth-labels,medium,2026-10-01
0x4337c70d5e9daa3a51eb082348be5d9b1c43bae4,arbitrum,pimlico,Pimlico: ERC-4337 Bundler 158,entity,eth-labels,https://github.com/dawsbot/eth-labels,medium,2026-10-01
0x4337c77c92876bcdcea93d0903e54ed8f6967a89,arbitrum,pimlico,Pimlico: ERC-4337 Bundler 211,entity,eth-labels,https://github.com/dawsbot/eth-labels,medium,2026-10-01
0x4337c8229635365723ab12fa5d33c29069251901,arbitrum,pimlico,Pimlico: ERC-4337 Bundler 296,entity,eth-labels,https://github.com/dawsbot/eth-labels,medium,2026-10-01
0x4337c8dd3597e8ce9865400394c40ed2b53f432d,arbitrum,pimlico,Pimlico: ERC-4337 Bundler 172,entity,eth-labels,https://github.com/dawsbot/eth-labels,medium,2026-10-01
0x4337caa58accd757d9cf51cbdda77f6494849177,arbitrum,pimlico,Pimlico: ERC-4337 Bundler 328,entity,eth-labels,https://github.com/dawsbot/eth-labels,medium,2026-10-01
0x4337cac1b868f71012b5cc5b9624de40b4f9e0cc,arbitrum,pimlico,Pimlico: ERC-4337 Bundler 336,entity,eth-labels,https://github.com/dawsbot/eth-labels,medium,2026-10-01
0x4337cb805306faab5378b44f9d18a08fa5384536,arbitrum,pimlico,Pimlico: ERC-4337 Bundler 294,entity,eth-labels,https://github.com/dawsbot/eth-labels,medium,2026-10-01
0x4337cc3bfc63a89599bf9b3b7271af7dc7183c3b,arbitrum,pimlico,Pimlico: ERC-4337 Bundler 77,entity,eth-labels,https://github.com/dawsbot/eth-labels,medium,2026-10-01
0x4337cc8381665a40e5260193905ebe1d720d5d4a,arbitrum,pimlico,Pimlico: ERC-4337 Bundler 187,entity,eth-labels,https://github.com/dawsbot/eth-labels,medium,2026-10-01
0x4337ccb347bcda77d667276415f220adf2718cbc,arbitrum,pimlico,Pimlico: ERC-4337 Bundler 202,entity,eth-labels,https://github.com/dawsbot/eth-labels,medium,2026-10-01
0x4337ced618d12c54bb1ab5db6ea819e541993a31,arbitrum,pimlico,Pimlico: ERC-4337 Bundler 334,entity,eth-labels,https://github.com/dawsbot/eth-labels,medium,2026-10-01
0x4337cf285a40cb767fdc6266b3caf8578f466e38,arbitrum,pimlico,Pimlico: ERC-4337 Bundler 203,entity,eth-labels,https://github.com/dawsbot/eth-labels,medium,2026-10-01
0x4337d32c506c1b4fd011b3827aa95f48954b5a73,arbitrum,pimlico,Pimlico: ERC-4337 Bundler 324,entity,eth-labels,https://github.com/dawsbot/eth-labels,medium,2026-10-01
0x4337d5d9d2c38b86c9176b8e112e6b011e29e191,arbitrum,pimlico,Pimlico: ERC-4337 Bundler 246,entity,eth-labels,https://github.com/dawsbot/eth-labels,medium,2026-10-01
0x4337d6b0f8ec01c463c9bd5b0c65dbe0973415e0,arbitrum,pimlico,Pimlico: ERC-4337 Bundler 144,entity,eth-labels,https://github.com/dawsbot/eth-labels,medium,2026-10-01
0x4337d6b68c8ce3a866a09ee1200eca9319b07d93,arbitrum,pimlico,Pimlico: ERC-4337 Bundler 222,entity,eth-labels,https://github.com/dawsbot/eth-labels,medium,2026-10-01
0x4337d7a34afaf815989cc60adaa11e8fd9ff5927,arbitrum,pimlico,Pimlico: ERC-4337 Bundler 216,entity,eth-labels,https://github.com/dawsbot/eth-labels,medium,2026-10-01
0x4337d952b09e9c0d28704f7291a6cd7972fe2db0,arbitrum,pimlico,Pimlico: ERC-4337 Bundler 264,entity,eth-labels,https://github.com/dawsbot/eth-labels,medium,2026-10-01
0x4337da24bf93f81870da9deac153b6b36f6120c6,arbitrum,pimlico,Pimlico: ERC-4337 Bundler 196,entity,eth-labels,https://github.com/dawsbot/eth-labels,medium,2026-10-01
0x4337dae0470bb8ce0702cbe6a9ba40024644a673,arbitrum,pimlico,Pimlico: ERC-4337 Bundler 301,entity,eth-labels,https://github.com/dawsbot/eth-labels,medium,2026-10-01
0x4337dae0fa4245a6890f98300ce1ef4601c1e5d3,arbitrum,pimlico,Pimlico: ERC-4337 Bundler 260,entity,eth-labels,https://github.com/dawsbot/eth-labels,medium,2026-10-01
0x4337dc152b42137f2fe9a118fc85df7ad9f60dc2,arbitrum,pimlico,Pimlico: ERC-4337 Bundler 318,entity,eth-labels,https://github.com/dawsbot/eth-labels,medium,2026-10-01
0x4337ddb42fb368d9984d133a9aabfd330763fa81,arbitrum,pimlico,Pimlico: ERC-4337 Bundler 267,entity,eth-labels,https://github.com/dawsbot/eth-labels,medium,2026-10-01
0x4337e0353ae3f7fa20c23beaace8422ff91519be,arbitrum,pimlico,Pimlico: ERC-4337 Bundler 333,entity,eth-labels,https://github.com/dawsbot/eth-labels,medium,2026-10-01
0x4337e1a2689cf73ecc12d798477e1ede4f4d56c6,arbitrum,pimlico,Pimlico: ERC-4337 Bundler 90,entity,eth-labels,https://github.com/dawsbot/eth-labels,medium,2026-10-01
0x4337e4c7e7b70e5d857278f1cc5f255fcd76b5e9,arbitrum,pimlico,Pimlico: ERC-4337 Bundler 254,entity,eth-labels,https://github.com/dawsbot/eth-labels,medium,2026-10-01
0x4337e6547acf4a8fe2a1076b57b0bbc2084b0901,arbitrum,pimlico,Pimlico: ERC-4337 Bundler 292,entity,eth-labels,https://github.com/dawsbot/eth-labels,medium,2026-10-01
0x4337e7ecf9fcb7a6080fb8b20673909a6fb39bed,arbitrum,pimlico,Pimlico: ERC-4337 Bundler 181,entity,eth-labels,https://github.com/dawsbot/eth-labels,medium,2026-10-01
0x4337ea3b91e0a62397f52e681cbde6d209d47d6b,arbitrum,pimlico,Pimlico: ERC-4337 Bundler 143,entity,eth-labels,https://github.com/dawsbot/eth-labels,medium,2026-10-01
0x4337eafe95b0ad93d5f3c7789141600a9b2331e3,arbitrum,pimlico,Pimlico: ERC-4337 Bundler 115,entity,eth-labels,https://github.com/dawsbot/eth-labels,medium,2026-10-01
0x4337eb57c1ab67f7ef38f6962547b1952dba00f7,arbitrum,pimlico,Pimlico: ERC-4337 Bundler 209,entity,eth-labels,https://github.com/dawsbot/eth-labels,medium,2026-10-01
0x4337ece2de793d20704684df0622e2cb36ba1d48,arbitrum,pimlico,Pimlico: ERC-4337 Bundler 322,entity,eth-labels,https://github.com/dawsbot/eth-labels,medium,2026-10-01
0x4337ed19cd9bc824338af0c54a910e7999e63e13,arbitrum,pimlico,Pimlico: ERC-4337 Bundler 259,entity,eth-labels,https://github.com/dawsbot/eth-labels,medium,2026-10-01
0x4337ee0dd2bb703bb7837959cb1f97933c780962,arbitrum,pimlico,Pimlico: ERC-4337 Bundler 124,entity,eth-labels,https://github.com/dawsbot/eth-labels,medium,2026-10-01
0x4337ef76c747916e9cb92b53b3a49d3906b8ab70,arbitrum,pimlico,Pimlico: ERC-4337 Bundler 281,entity,eth-labels,https://github.com/dawsbot/eth-labels,medium,2026-10-01
0x4337ef967baf31bbea758be0778aa9d95193d941,arbitrum,pimlico,Pimlico: ERC-4337 Bundler 191,entity,eth-labels,https://github.com/dawsbot/eth-labels,medium,2026-10-01
0x4337f02e39fc5559e3506639b1e8f68bc28145a5,arbitrum,pimlico,Pimlico: ERC-4337 Bundler 174,entity,eth-labels,https://github.com/dawsbot/eth-labels,medium,2026-10-01
0x4337f055e3c2d42b6feea84ccb0c7d3b984fff72,arbitrum,pimlico,Pimlico: ERC-4337 Bundler 106,entity,eth-labels,https://github.com/dawsbot/eth-labels,medium,2026-10-01
0x4337f0b2487914e9f28284b2a15320dad3fcd9e9,arbitrum,pimlico,Pimlico: ERC-4337 Bundler 112,entity,eth-labels,https://github.com/dawsbot/eth-labels,medium,2026-10-01
0x4337f12f15543fabf05d864a6a4b659dfb123192,arbitrum,pimlico,Pimlico: ERC-4337 Bundler 331,entity,eth-labels,https://github.com/dawsbot/eth-labels,medium,2026-10-01
0x4337f13364a5333103ffd93b173d352576edfdb9,arbitrum,pimlico,Pimlico: ERC-4337 Bundler 225,entity,eth-labels,https://github.com/dawsbot/eth-labels,medium,2026-10-01
0x4337f1e57afeed45a765216fc961f3dc1afae09f,arbitrum,pimlico,Pimlico: ERC-4337 Bundler 85,entity,eth-labels,https://github.com/dawsbot/eth-labels,medium,2026-10-01
0x4337f344d193bc506a6cf8769a45739ae81e55ff,arbitrum,pimlico,Pimlico: ERC-4337 Bundler 176,entity,eth-labels,https://github.com/dawsbot/eth-labels,medium,2026-10-01
0x4337f569900c6826ae5dfb35652d93c5bfa6e1e5,arbitrum,pimlico,Pimlico: ERC-4337 Bundler 251,entity,eth-labels,https://github.com/dawsbot/eth-labels,medium,2026-10-01
0x4337f61013aabc7b25e3b231db1d8b285c990317,arbitrum,pimlico,Pimlico: ERC-4337 Bundler 291,entity,eth-labels,https://github.com/dawsbot/eth-labels,medium,2026-10-01
0x4337f6a4f786754045407d5b1653becccf8d89d7,arbitrum,pimlico,Pimlico: ERC-4337 Bundler 204,entity,eth-labels,https://github.com/dawsbot/eth-labels,medium,2026-10-01
0x4337f6c155e3a7d60958d219c7ba2d7464a55a9d,arbitrum,pimlico,Pimlico: ERC-4337 Bundler 348,entity,eth-labels,https://github.com/dawsbot/eth-labels,medium,2026-10-01
0x4337f82a4dd60189f201648b0a5c7845df5de384,arbitrum,pimlico,Pimlico: ERC-4337 Bundler 219,entity,eth-labels,https://github.com/dawsbot/eth-labels,medium,2026-10-01
0x4337f86c9c904a1877ddf6e7325f8e83aa99a0ae,arbitrum,pimlico,Pimlico: ERC-4337 Bundler 249,entity,eth-labels,https://github.com/dawsbot/eth-labels,medium,2026-10-01
0x4337fa2e7b85b7840ccb979551800d90d717beb7,arbitrum,pimlico,Pimlico: ERC-4337 Bundler 263,entity,eth-labels,https://github.com/dawsbot/eth-labels,medium,2026-10-01
0x4337fa4d86d4b6a2634900effb713bf6fb685835,arbitrum,pimlico,Pimlico: ERC-4337 Bundler 100,entity,eth-labels,https://github.com/dawsbot/eth-labels,medium,2026-10-01
0x4337fb6cffa357bca7b5fcdc01c5882db54cddf2,arbitrum,pimlico,Pimlico: ERC-4337 Bundler 332,entity,eth-labels,https://github.com/dawsbot/eth-labels,medium,2026-10-01
0x4337fd1777aae06804a24959c48e8493554c7650,arbitrum,pimlico,Pimlico: ERC-4337 Bundler 226,entity,eth-labels,https://github.com/dawsbot/eth-labels,medium,2026-10-01
0x4337fd704a87fad273b75d770a9634bd6a2ab83a,arbitrum,pimlico,Pimlico: ERC-4337 Bundler 153,entity,eth-labels,https://github.com/dawsbot/eth-labels,medium,2026-10-01
0x4337fffb5082dea8b2e188e8288eafaa12f12f0f,arbitrum,pimlico,Pimlico: ERC-4337 Bundler 89,entity,eth-labels,https://github.com/dawsbot/eth-labels,medium,2026-10-01
0x4df91e173a6cdc74efef6fc72bb5df1e8a8d7582,arbitrum,pimlico,Pimlico: ERC-4337 Paymaster 4,entity,eth-labels,https://github.com/dawsbot/eth-labels,medium,2026-10-01
0x984e2abb41a6684e5e213ab61ad4c6c830585df9,arbitrum,pimlico,Pimlico: ERC-4337 Paymaster 3,entity,eth-labels,https://github.com/dawsbot/eth-labels,medium,2026-10-01
0x32248ec445d3c72b42f16b040e55bcd5cf5a8712,arbitrum,premia,Premia: Fee Collector Implementation,entity,eth-labels+etherscan-labels,https://github.com/dawsbot/eth-labels,medium,2026-10-01
0x657b70fe0b8d49e5af63b2f874e403a291358165,arbitrum,premia,Premia: Premia Mining Implementation,entity,eth-labels+etherscan-labels,https://github.com/dawsbot/eth-labels,medium,2026-10-01
0x6b2c4bbc7cd0938a3ee4361ad713155c663aacc2,arbitrum,premia,Premia: Pool Write Implementation,entity,eth-labels+etherscan-labels,https://github.com/dawsbot/eth-labels,medium,2026-10-01
0x7518ea3bc20474d4d9871f40e3ed4dc31ab2b48d,arbitrum,premia,Premia: PoolIO Implementation,entity,eth-labels+etherscan-labels,https://github.com/dawsbot/eth-labels,medium,2026-10-01
0x7bf2392bd078c8353069cffeacc67c094079be23,arbitrum,premia,Premia: Fee Collector Proxy,entity,eth-labels+etherscan-labels,https://github.com/dawsbot/eth-labels,medium,2026-10-01
0x7fa86681a7c19416950bae6c04a5116f3b07116d,arbitrum,premia,Premia: Fee Discount L2,entity,eth-labels+etherscan-labels,https://github.com/dawsbot/eth-labels,medium,2026-10-01
0x89b36ce3491f2258793c7408bd46aac725973ba2,arbitrum,premia,Premia: Premia Diamond,entity,eth-labels+etherscan-labels,https://github.com/dawsbot/eth-labels,medium,2026-10-01
0xa7fbba9bf51a3c4301580e355d9c21db3b89bddf,arbitrum,premia,Premia: Pool Exercise Implementation,entity,eth-labels+etherscan-labels,https://github.com/dawsbot/eth-labels,medium,2026-10-01
0xad74c7c6485b65dc1e38342d390f72d85dee3411,arbitrum,premia,Premia: Pool Diamond,entity,eth-labels+etherscan-labels,https://github.com/dawsbot/eth-labels,medium,2026-10-01
0xb5ab6ccd7cac6bba5dc31ece0845f282bcd7e527,arbitrum,premia,Premia: Pool View Implementation,entity,eth-labels+etherscan-labels,https://github.com/dawsbot/eth-labels,medium,2026-10-01
0xb5fe3bc2ef4c34cc233922dff2fcb1b1bf89a38e,arbitrum,premia,Premia: WBTC Pool,entity,eth-labels+etherscan-labels,https://github.com/dawsbot/eth-labels,medium,2026-10-01
0xbc3c01d954282eed8433da4359c1ac1443a7d09a,arbitrum,premia,Premia: Mining Proxy,entity,eth-labels+etherscan-labels,https://github.com/dawsbot/eth-labels,medium,2026-10-01
0xc4b2c51f969e0713e799de73b7f130fb7bb604cf,arbitrum,premia,Premia: IVOL Oracle Proxy,entity,eth-labels+etherscan-labels,https://github.com/dawsbot/eth-labels,medium,2026-10-01
0xe5dbc4edf467b609a063c7ea7fab976c6b9baa1a,arbitrum,premia,Premia: WETH Pool,entity,eth-labels+etherscan-labels,https://github.com/dawsbot/eth-labels,medium,2026-10-01
0xf87ca9eb60c2e40a6c5ab14ca291934a95f845ff,arbitrum,premia,Premia: LINK Pool,entity,eth-labels+etherscan-labels,https://github.com/dawsbot/eth-labels,medium,2026-10-01
0xf92b8ad7a62437142c4bf87d91e2be0fe1f44e9f,arbitrum,premia,Premia: IVOL Oracle Implementation,entity,eth-labels+etherscan-labels,https://github.com/dawsbot/eth-labels,medium,2026-10-01
0x76dd65529dc6c073c1e0af2a5ecc78434bdbf7d9,arbitrum,rabby,Rabby: Gas Fee Payer,entity,eth-labels,https://github.com/dawsbot/eth-labels,medium,2026-10-01
0x07660c06338b78eaa9e529fcef5e11ac56b25cdb,arbitrum,stackup,stackup,entity,eth-labels,https://github.com/dawsbot/eth-labels,medium,2026-10-01
0x20e9695f25413f14e5807b530d0698bd4f155074,arbitrum,stackup,stackup,entity,eth-labels,https://github.com/dawsbot/eth-labels,medium,2026-10-01
0x226a22889b7f842fb1426b3e81130b461abda8a5,arbitrum,stackup,stackup,entity,eth-labels,https://github.com/dawsbot/eth-labels,medium,2026-10-01
0x25df024637d4e56c1ae9563987bf3e92c9f534c0,arbitrum,stackup,Stackup: ERC-4337 Bundler 1,entity,eth-labels,https://github.com/dawsbot/eth-labels,medium,2026-10-01
0x474ea64bedde53aad1084210bd60eef2989bf80f,arbitrum,stackup,Stackup: ERC-4337 Paymaster 1,entity,eth-labels,https://github.com/dawsbot/eth-labels,medium,2026-10-01
0x4a28e5ec811a13a11f0a0e3f535472fbed0d4fea,arbitrum,stackup,stackup,entity,eth-labels,https://github.com/dawsbot/eth-labels,medium,2026-10-01
0x4a5f132a89f32cda81f3e8faac3c2d0f993effe2,arbitrum,stackup,stackup,entity,eth-labels,https://github.com/dawsbot/eth-labels,medium,2026-10-01
0x65c51459258464020e850fba27b427bd708da638,arbitrum,stackup,stackup,entity,eth-labels,https://github.com/dawsbot/eth-labels,medium,2026-10-01
0x6892bef4ae1b5cb33f9a175ab822518c9025fc3c,arbitrum,stackup,Stackup: ERC-4337 Bundler 2,entity,eth-labels,https://github.com/dawsbot/eth-labels,medium,2026-10-01
0x758ac3dc8fb6f939adf42bb83e717f94619052f5,arbitrum,stackup,stackup,entity,eth-labels,https://github.com/dawsbot/eth-labels,medium,2026-10-01
0x791b1689526b5560145f99cb9d3b7f24eca2591a,arbitrum,stackup,stackup,entity,eth-labels,https://github.com/dawsbot/eth-labels,medium,2026-10-01
0x81c99a7eb142f4e2d8f0681b777d14f65d7a7e53,arbitrum,stackup,Stackup: ERC-4337 Bundler 4,entity,eth-labels,https://github.com/dawsbot/eth-labels,medium,2026-10-01
0x8f508cef7c94883655751408b9ba80c94937288b,arbitrum,stackup,stackup,entity,eth-labels,https://github.com/dawsbot/eth-labels,medium,2026-10-01
0x9831d6f598729bf41055a0af96396cea91eab18b,arbitrum,stackup,stackup,entity,eth-labels,https://github.com/dawsbot/eth-labels,medium,2026-10-01
0x9c98b1528c26cf36e78527308c1b21d89baed700,arbitrum,stackup,Stackup: ERC-4337 Bundler 5,entity,eth-labels,https://github.com/dawsbot/eth-labels,medium,2026-10-01
0xa5fdfcbceeceb5741ef73f86cf3ed6e80e5e920d,arbitrum,stackup,stackup,entity,eth-labels,https://github.com/dawsbot/eth-labels,medium,2026-10-01
0xab97d6a3174b8bf60d0f017c8453f543ea835d36,arbitrum,stackup,stackup,entity,eth-labels,https://github.com/dawsbot/eth-labels,medium,2026-10-01
0xe93eca6595fe94091dc1af46aac2a8b5d7990770,arbitrum,stackup,Stackup: ERC-4337 Paymaster 2,entity,eth-labels,https://github.com/dawsbot/eth-labels,medium,2026-10-01
0xfd72ae8ff5cc18849d83f13a252a0d8fd99eb0ac,arbitrum,stackup,Stackup: ERC-4337 Bundler 3,entity,eth-labels,https://github.com/dawsbot/eth-labels,medium,2026-10-01
0x000000000026839b3f4181f2cf69336af6153b99,arbitrum,token-contract,Reboot: GG Token,entity,eth-labels,https://github.com/dawsbot/eth-labels,medium,2026-10-01
0x0000206329b97db379d5e1bf586bbdb969c63274,arbitrum,token-contract,Angle Protocol: USDA Token,entity,eth-labels,https://github.com/dawsbot/eth-labels,medium,2026-10-01
0x000d636bd52bfc1b3a699165ef5aa340bea8939c,arbitrum,token-contract,Open Dollar: ODG Token,entity,eth-labels,https://github.com/dawsbot/eth-labels,medium,2026-10-01
0x000f1720a263f96532d1ac2bb9cdc12b72c6f386,arbitrum,token-contract,Fluidity Money: FLY Token,entity,eth-labels,https://github.com/dawsbot/eth-labels,medium,2026-10-01
0x0022228a2cc5e7ef0274a7baa600d44da5ab5776,arbitrum,token-contract,Angle Protocol: stUSD Token,entity,eth-labels,https://github.com/dawsbot/eth-labels,medium,2026-10-01
0x004626a008b1acdc4c74ab51644093b155e59a23,arbitrum,token-contract,Angle Protocol: stEUR Token,entity,eth-labels,https://github.com/dawsbot/eth-labels,medium,2026-10-01
0x0052b6096f8c1dcbefb9ba381eb6b67479b5c56b,arbitrum,token-contract,Pendle: YT-wstETH-27JUN2024 Token,entity,eth-labels,https://github.com/dawsbot/eth-labels,medium,2026-10-01
0x0081772fd29e4838372cbccdd020f53954f5ecde,arbitrum,token-contract,Vaultka: VODKA Token,entity,eth-labels,https://github.com/dawsbot/eth-labels,medium,2026-10-01
0x00cbcf7b3d37844e44b888bc747bdd75fcf4e555,arbitrum,token-contract,xPet.tech: XPET Token,entity,eth-labels,https://github.com/dawsbot/eth-labels,medium,2026-10-01
0x00e1724885473b63bce08a9f0a52f35b0979e35a,arbitrum,token-contract,OATH Foundation: OATH Token,entity,eth-labels,https://github.com/dawsbot/eth-labels,medium,2026-10-01
0x010292d6de92d4fbcc110f277f55c143c023d723,arbitrum,token-contract,NFTEarth: LOWFEENFT Token,entity,eth-labels,https://github.com/dawsbot/eth-labels,medium,2026-10-01
0x0104a6fa30540dc1d9f45d2797f05eea79304525,arbitrum,token-contract,Index Protocol: MVI Token,entity,eth-labels,https://github.com/dawsbot/eth-labels,medium,2026-10-01
0x018ff5268ee4c05eb5d97741ce17e5a852356924,arbitrum,token-contract,Evil Kongs: EVILKONGS Token,entity,eth-labels,https://github.com/dawsbot/eth-labels,medium,2026-10-01
0x019be259bc299f3f653688c7655c87f998bc7bc1,arbitrum,token-contract,Notional Finance: NOTE Token,entity,eth-labels,https://github.com/dawsbot/eth-labels,medium,2026-10-01
0x01dc7c21d0bfcfecd310b3c9dde8819b1b2ec38b,arbitrum,token-contract,GamblerShiba: AGS Token,entity,eth-labels,https://github.com/dawsbot/eth-labels,medium,2026-10-01
0x02150e97271fdc0d6e3a16d9094a0948266f07dd,arbitrum,token-contract,Hamachi Finance: HAMI Token,entity,eth-labels,https://github.com/dawsbot/eth-labels,medium,2026-10-01
0x0240506d8be181480dee9b0b2983f76e535cd300,arbitrum,token-contract,Rabbit: RABBIT Token,entity,eth-labels,https://github.com/dawsbot/eth-labels,medium,2026-10-01
0x03229fb11e3d7e8aca8c758dbd0ea737950d6cd0,arbitrum,token-contract,LionDEX: LP Token,entity,eth-labels,https://github.com/dawsbot/eth-labels,medium,2026-10-01
0x033f193b3fceb22a440e89a2867e8fee181594d9,arbitrum,token-contract,Rodeo Finance: RDO Token,entity,eth-labels,https://github.com/dawsbot/eth-labels,medium,2026-10-01
0x0341c0c0ec423328621788d4854119b97f44e391,arbitrum,token-contract,Silo Finance: Silo Token,entity,eth-labels,https://github.com/dawsbot/eth-labels,medium,2026-10-01
0x0385f851060c09a552f1a28ea3f612660256cbaa,arbitrum,token-contract,dForce Network: iUSX Token,entity,eth-labels+etherscan-labels,https://github.com/dawsbot/eth-labels,medium,2026-10-01
0x03e3fa5c54ee6ae1a7a2843639bf179bc6f7b6bd,arbitrum,token-contract,KeplerHomes:  Token,entity,eth-labels,https://github.com/dawsbot/eth-labels,medium,2026-10-01
0x04e087d2ee6398375e04c7486c10bb8a2e199a6a,arbitrum,token-contract,Bored Arb Yacht Club: bAyc Token,entity,eth-labels,https://github.com/dawsbot/eth-labels,medium,2026-10-01
0x050c24dbf1eec17babe5fc585f06116a259cc77a,arbitrum,token-contract,DLC.Link: DLCBTC Token,entity,eth-labels,https://github.com/dawsbot/eth-labels,medium,2026-10-01
0x0519614643a019feb53b9f2c395b243253f75db7,arbitrum,token-contract,Notional Finance: pUNI Token,entity,eth-labels,https://github.com/dawsbot/eth-labels,medium,2026-10-01
0x05814372e9820c0ebdcba26d0a7c20655f4ff23f,arbitrum,token-contract,MemePad: MEPAD Token,entity,eth-labels,https://github.com/dawsbot/eth-labels,medium,2026-10-01
0x05cbef357cb14f9861c01f90ac7d5c90ce0ef05e,arbitrum,token-contract,TaoBank: TBANK Token,entity,eth-labels,https://github.com/dawsbot/eth-labels,medium,2026-10-01
0x05e481b19129b560e921e487adb281e70bdba463,arbitrum,token-contract,Multichain: anyUSDT Token,entity,eth-labels,https://github.com/dawsbot/eth-labels,medium,2026-10-01
0x05eaea39f69b24f8f2da13af2d8ee0853889f2a8,arbitrum,token-contract,CygnusDAO: CYG Token,entity,eth-labels,https://github.com/dawsbot/eth-labels,medium,2026-10-01
0x0611cfc667129d6e4b49c92c37184262acddafbc,arbitrum,token-contract,Open Contracts: OPN Token,entity,eth-labels,https://github.com/dawsbot/eth-labels,medium,2026-10-01
0x0640caba286730c60dd0177986801c9122e3a2f0,arbitrum,token-contract,Twizzler: TWZR Token,entity,eth-labels,https://github.com/dawsbot/eth-labels,medium,2026-10-01
0x064f8b858c2a603e1b106a2039f5446d32dc81c1,arbitrum,token-contract,Autonolas: OLAS Token,entity,eth-labels,https://github.com/dawsbot/eth-labels,medium,2026-10-01
0x06d45ef1f8b3c37b0de66f156b11f10b4837619a,arbitrum,token-contract,Notional Finance: nwstETH Token,entity,eth-labels,https://github.com/dawsbot/eth-labels,medium,2026-10-01
0x07721a8bd611f8ef681da34021d4da8a1c308954,arbitrum,token-contract,PetAI: PETA Token,entity,eth-labels,https://github.com/dawsbot/eth-labels,medium,2026-10-01
0x077794c30afeccdf5ad2abc0588e8cee7197b71a,arbitrum,token-contract,token-contract,entity,eth-labels,https://github.com/dawsbot/eth-labels,medium,2026-10-01
0x079504b86d38119f859c4194765029f692b7b7aa,arbitrum,token-contract,Lyra Finance: LYRA Token,entity,eth-labels,https://github.com/dawsbot/eth-labels,medium,2026-10-01
0x07dd5beaffb65b8ff2e575d500bdf324a05295dc,arbitrum,token-contract,ArbiPad: ARBI Token,entity,eth-labels,https://github.com/dawsbot/eth-labels,medium,2026-10-01
0x086bb1bccc2b4b0d2ea48d392f27d2c7b94ca9cd,arbitrum,token-contract,st0ked: st0ked Token,entity,eth-labels,https://github.com/dawsbot/eth-labels,medium,2026-10-01
0x08a0aa91e02a95735f7faa576d1553d7abf7ea33,arbitrum,token-contract,Minereum: MNEAR Token,entity,eth-labels,https://github.com/dawsbot/eth-labels,medium,2026-10-01
0x08a152834de126d2ef83d612ff36e4523fd0017f,arbitrum,token-contract,Pendle: PT-wstETH-26JUN25/SY-wstETH Market Token,entity,eth-labels,https://github.com/dawsbot/eth-labels,medium,2026-10-01
0x09090e22118b375f2c7b95420c04414e4bf68e1a,arbitrum,token-contract,Beluga Protocol: BELA Token,entity,eth-labels,https://github.com/dawsbot/eth-labels,medium,2026-10-01
0x09199d9a5f4448d0848e4395d065e1ad9c4a1f74,arbitrum,token-contract,Bonk: Bonk Token,entity,eth-labels,https://github.com/dawsbot/eth-labels,medium,2026-10-01
0x094fa8ae08426ab180e71e60fa253b079e13b9fe,arbitrum,token-contract,Zeeverse: ZEE Token,entity,eth-labels,https://github.com/dawsbot/eth-labels,medium,2026-10-01
0x097bf766e427f5ccd306f21ba05632e0be849b0e,arbitrum,token-contract,Stably USDS: USDS Token,entity,eth-labels,https://github.com/dawsbot/eth-labels,medium,2026-10-01
0x09e18590e8f76b6cf471b3cd75fe1a1a9d2b2c2b,arbitrum,token-contract,ArbDoge AI: AIDOGE Token,entity,eth-labels,https://github.com/dawsbot/eth-labels,medium,2026-10-01
0x0a1694716de67c98f61942b2cab7df7fe659c87a,arbitrum,token-contract,CrescentSwap: MNLT Token,entity,eth-labels,https://github.com/dawsbot/eth-labels,medium,2026-10-01
0x0a3bb08b3a15a19b4de82f8acfc862606fb69a2d,arbitrum,token-contract,Izumi Finance: iUSD Token,entity,eth-labels,https://github.com/dawsbot/eth-labels,medium,2026-10-01
0x0aa3e3ca21c4d444ac3f8063cc5617569e03c558,arbitrum,token-contract,ACE Poker Defi: ACE Token,entity,eth-labels,https://github.com/dawsbot/eth-labels,medium,2026-10-01
0x0ace2dc3995acd739ae5e0599e71a5524b93b886,arbitrum,token-contract,Notional Finance: pDai Stablecoin Token,entity,eth-labels,https://github.com/dawsbot/eth-labels,medium,2026-10-01
0x0ae38f7e10a43b5b2fb064b42a2f4514cba909ef,arbitrum,token-contract,unshETH: unshETH Token,entity,eth-labels,https://github.com/dawsbot/eth-labels,medium,2026-10-01
0x0b63c61bba4a876a6eb8b5e596800f7649a9b71e,arbitrum,token-contract,Sector Finance: SECT Token,entity,eth-labels,https://github.com/dawsbot/eth-labels,medium,2026-10-01
0x0bde03e456b924e41cfe558d14af7a4d6d98be8c,arbitrum,token-contract,xHero: XHST Token,entity,eth-labels,https://github.com/dawsbot/eth-labels,medium,2026-10-01
0x0bef95cc308027c9a754d7674de0844ae1dcd5b1,arbitrum,token-contract,Index Protocol: ETH3X Token,entity,eth-labels,https://github.com/dawsbot/eth-labels,medium,2026-10-01
0x0c3455fecdf7b73d75efe832beaaa32ce55dd5db,arbitrum,token-contract,ArbNothing: Nothing Token,entity,eth-labels,https://github.com/dawsbot/eth-labels,medium,2026-10-01
0x0c5fa0e07949f941a6c2c29a008252db1527d6ee,arbitrum,token-contract,Opulous: OPUL Token,entity,eth-labels,https://github.com/dawsbot/eth-labels,medium,2026-10-01
0x0c880f6761f1af8d9aa9c466984b80dab9a8c9e8,arbitrum,token-contract,Pendle: PENDLE Token,entity,eth-labels,https://github.com/dawsbot/eth-labels,medium,2026-10-01
0x0cbd6fadcf8096cc9a43d90b45f65826102e3ece,arbitrum,token-contract,CheckDot: CDT Token,entity,eth-labels+etherscan-labels,https://github.com/dawsbot/eth-labels,medium,2026-10-01
0x0cdbbc7fe1c8da0cc41ba96d7edb4cce5982f23f,arbitrum,token-contract,UNITS LIMITED SUPPLY: ULS Token,entity,eth-labels,https://github.com/dawsbot/eth-labels,medium,2026-10-01
0x0d111e482146fe9ac9ca3a65d92e65610bbc1ba6,arbitrum,token-contract,PlutusDAO: plsSPA Token,entity,eth-labels,https://github.com/dawsbot/eth-labels,medium,2026-10-01
0x0d8f04522c5792c7378e39c92ab348f315f4fc4f,arbitrum,token-contract,AIENGLISH: AIEN Token,entity,eth-labels,https://github.com/dawsbot/eth-labels,medium,2026-10-01
0x0e97498f3d91756ec7f2d244ac97f6ea9f4ebbc3,arbitrum,token-contract,Lyra Finance: BTC Option Token,entity,eth-labels,https://github.com/dawsbot/eth-labels,medium,2026-10-01
0x0ebd9537a25f56713e34c45b38f421a1e7191469,arbitrum,token-contract,Multichain: anyQI Token,entity,eth-labels,https://github.com/dawsbot/eth-labels,medium,2026-10-01
0x0f13fb925edc3e1fe947209010d9c0e072986adc,arbitrum,token-contract,Notional Finance: nUSDC Token,entity,eth-labels,https://github.com/dawsbot/eth-labels,medium,2026-10-01
0x0f249f735647992572eea231fc24b35f7b6b34e1,arbitrum,token-contract,Pendle: PT-HLP-27JUN25/SY-HLP Market Token,entity,eth-labels,https://github.com/dawsbot/eth-labels,medium,2026-10-01
0x0f4676178b5c53ae0a655f1b19a96387e4b8b5f2,arbitrum,token-contract,CUDL Finance: CUDL Token,entity,eth-labels+etherscan-labels,https://github.com/dawsbot/eth-labels,medium,2026-10-01
0x0f8f39b92776d9136408280c7209bebe4351123b,arbitrum,token-contract,TIME: TIME Token,entity,eth-labels,https://github.com/dawsbot/eth-labels,medium,2026-10-01
0x0f96d8c1277bd75a251238af952a7a99db1320e3,arbitrum,token-contract,GMCash Share: GSHARE Token,entity,eth-labels,https://github.com/dawsbot/eth-labels,medium,2026-10-01
0x0fae768ef2191fdfcb2c698f691c49035a53ef0f,arbitrum,token-contract,Vovo Finance: vedGLP Token,entity,eth-labels,https://github.com/dawsbot/eth-labels,medium,2026-10-01
0x0fbcbaea96ce0cf7ee00a8c19c3ab6f5dc8e1921,arbitrum,token-contract,Wrapped stETH: wstETH Token Imp,entity,eth-labels,https://github.com/dawsbot/eth-labels,medium,2026-10-01
0x10010078a54396f62c96df8532dc2b4847d47ed3,arbitrum,token-contract,Hundred Finance: HND Token,entity,eth-labels,https://github.com/dawsbot/eth-labels,medium,2026-10-01
0x1001b80c06188bf49878be9bd206568cf82195b8,arbitrum,token-contract,Ithil: ITHIL Token,entity,eth-labels,https://github.com/dawsbot/eth-labels,medium,2026-10-01
0x10031e7cff689de64f1a5a8ecf4fbbc7aa068927,arbitrum,token-contract,Whitehole Finance: GRV Token,entity,eth-labels,https://github.com/dawsbot/eth-labels,medium,2026-10-01
0x1055f9956824c333ab52b6a87cc1feec8797e473,arbitrum,token-contract,Arcadeum: xARC Token,entity,eth-labels+etherscan-labels,https://github.com/dawsbot/eth-labels,medium,2026-10-01
0x10663b695b8f75647bd3ff0ff609e16d35bbd1ec,arbitrum,token-contract,AmpliFi DAO: $AGG Token,entity,eth-labels,https://github.com/dawsbot/eth-labels,medium,2026-10-01
0x10aaed289a7b1b0155bf4b86c862f297e84465e0,arbitrum,token-contract,Rubic: RBC Token,entity,eth-labels,https://github.com/dawsbot/eth-labels,medium,2026-10-01
0x10d2baeb37a4079fc62cc716b08e2452936424b1,arbitrum,token-contract,888ALIEN: 888 Alien Token,entity,eth-labels,https://github.com/dawsbot/eth-labels,medium,2026-10-01
0x1102fe0a9ae3b82e41b60f42201dbff466a9792c,arbitrum,token-contract,Pendle: PT-ARB-GRAIL_Camelot-27JUN2024 Token,entity,eth-labels,https://github.com/dawsbot/eth-labels,medium,2026-10-01
0x115d8bf0a53e751f8a472f88d587944ec1c8ca6d,arbitrum,token-contract,pNetwork: pBTC Token,entity,eth-labels,https://github.com/dawsbot/eth-labels,medium,2026-10-01
0x116172b2482c5dc3e6f445c16ac13367ac3fcd35,arbitrum,token-contract,handle.fi: fxEUR,entity,eth-labels,https://github.com/dawsbot/eth-labels,medium,2026-10-01
0x11e59635a8c6302902754ee41438932873d45ac7,arbitrum,token-contract,NitroDino: NINO Token,entity,eth-labels,https://github.com/dawsbot/eth-labels,medium,2026-10-01
0x11f98c7e42a367dab4f200d2fdc460fb445ce9a8,arbitrum,token-contract,SpartaDex: SPARTA Token,entity,eth-labels,https://github.com/dawsbot/eth-labels,medium,2026-10-01
0x123389c2f0e9194d9ba98c21e63c375b67614108,arbitrum,token-contract,EthereumMax: EMAX Token,entity,eth-labels,https://github.com/dawsbot/eth-labels,medium,2026-10-01
0x124b97a2310144c742104808743355202fd63e23,arbitrum,token-contract,Ouroboros Lifetime Access Pass: OURO Token,entity,eth-labels,https://github.com/dawsbot/eth-labels,medium,2026-10-01
0x1255638efeca62e12e344e0b6b22ea853ec6e2c7,arbitrum,token-contract,Pendle: PT-wstETH-26JUN2025 Token,entity,eth-labels,https://github.com/dawsbot/eth-labels,medium,2026-10-01
0x1266d582f65366b7cddc40f870593e31b31d8453,arbitrum,token-contract,ununx: UNX Token,entity,eth-labels,https://github.com/dawsbot/eth-labels,medium,2026-10-01
0x12f7cf4f2e3f87678ec5207fc920c815e31524df,arbitrum,token-contract,Dotlab: DTL Token,entity,eth-labels,https://github.com/dawsbot/eth-labels,medium,2026-10-01
0x1310952bc5594852459ee45bfd0df70b34ac5509,arbitrum,token-contract,Parifi: PRF Token,entity,eth-labels,https://github.com/dawsbot/eth-labels,medium,2026-10-01
0x1337420ded5adb9980cfc35f8f2b054ea86f8ab1,arbitrum,token-contract,Subsquid: SQD Token,entity,eth-labels,https://github.com/dawsbot/eth-labels,medium,2026-10-01
0x133caeeca096ca54889db71956c7f75862ead7a0,arbitrum,token-contract,Fiat24: Fiat24 Token,entity,eth-labels,https://github.com/dawsbot/eth-labels,medium,2026-10-01
0x13780e6d5696dd91454f6d3bbc2616687fea43d0,arbitrum,token-contract,Terra: UST Token,entity,eth-labels,https://github.com/dawsbot/eth-labels,medium,2026-10-01
0x13a78809528b02ad5e7c42f39232d332761dfb1d,arbitrum,token-contract,Parifi: pfWETH Token,entity,eth-labels,https://github.com/dawsbot/eth-labels,medium,2026-10-01
0x1426cf37caa89628c4da2864e40cf75e6d66ac6b,arbitrum,token-contract,Relay Chain: RELAY Token,entity,eth-labels,https://github.com/dawsbot/eth-labels,medium,2026-10-01
0x1459e51b1ada43aaabb7c22c262bdffd122e1296,arbitrum,token-contract,ArbiGoat: AGT Token,entity,eth-labels,https://github.com/dawsbot/eth-labels,medium,2026-10-01
0x1473bf0eda84f41f455d852df4e8878c268b6351,arbitrum,token-contract,Opulous: OPT Token,entity,eth-labels,https://github.com/dawsbot/eth-labels,medium,2026-10-01
0x14b0d1af06685eb82d043f3c80659ef74256c258,arbitrum,token-contract,Arbi Shib: Ashib Token,entity,eth-labels+etherscan-labels,https://github.com/dawsbot/eth-labels,medium,2026-10-01
0x14fbc760efaf36781cb0eb3cb255ad976117b9bd,arbitrum,token-contract,Pendle: PT-rETH-26JUN25/SY-rETH Market Token,entity,eth-labels,https://github.com/dawsbot/eth-labels,medium,2026-10-01
0x1509706a6c66ca549ff0cb464de88231ddbe213b,arbitrum,token-contract,Aura: AURA Token,entity,eth-labels,https://github.com/dawsbot/eth-labels,medium,2026-10-01
0x1526ca6e3d440159ab02f11815de9ceb62192bf6,arbitrum,token-contract,Minati: MNTC Token,entity,eth-labels,https://github.com/dawsbot/eth-labels,medium,2026-10-01
0x153516904bc7e28ae7c526e8aee4ec5eae878edb,arbitrum,token-contract,PLEXUS: PLX Token,entity,eth-labels,https://github.com/dawsbot/eth-labels,medium,2026-10-01
0x154388a4650d63acc823e06ef9e47c1eddd3cbb2,arbitrum,token-contract,Seneca: SEN Token,entity,eth-labels,https://github.com/dawsbot/eth-labels,medium,2026-10-01
0x155f0dd04424939368972f4e1838687d6a831151,arbitrum,token-contract,Arbidoge: ADoge Token,entity,eth-labels+etherscan-labels,https://github.com/dawsbot/eth-labels,medium,2026-10-01
0x15a808ed3846d25e88ae868de79f1bcb1ac382b5,arbitrum,token-contract,Metavault DAO: MVD Token,entity,eth-labels,https://github.com/dawsbot/eth-labels,medium,2026-10-01
0x15b2fb8f08e4ac1ce019eadae02ee92aedf06851,arbitrum,token-contract,Chronos: CHR Token,entity,eth-labels,https://github.com/dawsbot/eth-labels,medium,2026-10-01
0x1605bbdab3b38d10fa23a7ed0d0e8f4fea5bff59,arbitrum,token-contract,Plutus RDNT: Old plsRDNT Token,entity,eth-labels,https://github.com/dawsbot/eth-labels,medium,2026-10-01
0x164731cd270daa4a94bc70761e53320e48367b8b,arbitrum,token-contract,Array: Array Token,entity,eth-labels,https://github.com/dawsbot/eth-labels,medium,2026-10-01
0x1673e687d2d9522d0f96a774c29cdef06297a35d,arbitrum,token-contract,Decentralized Derivatives Index: DDI Token,entity,eth-labels,https://github.com/dawsbot/eth-labels,medium,2026-10-01
0x1684b747cd46858ae6312a7074353d2101154ef7,arbitrum,token-contract,Pendle: PT-gDAI-28MAR2024 Token,entity,eth-labels,https://github.com/dawsbot/eth-labels,medium,2026-10-01
0x1689a6e1f09658ff37d0bb131514e701045876da,arbitrum,token-contract,ZooDAO: ZOO Token,entity,eth-labels,https://github.com/dawsbot/eth-labels,medium,2026-10-01
0x1704a75bc723a018d176dc603b0d1a361040df16,arbitrum,token-contract,Vovo Finance: vbdUSDC Token,entity,eth-labels,https://github.com/dawsbot/eth-labels,medium,2026-10-01
0x1772d876f9df830693b8004322cb8885b77e47e5,arbitrum,token-contract,AuradX: DallE2 Token,entity,eth-labels,https://github.com/dawsbot/eth-labels,medium,2026-10-01
0x1797367ffb6d18ca4cf6e4ab67e00cd044ec2e87,arbitrum,token-contract,token-contract,entity,eth-labels,https://github.com/dawsbot/eth-labels,medium,2026-10-01
0x17afc249db786fc300f2d26381fec5cf0c3913fb,arbitrum,token-contract,Shiba Cartel: PESOS Token,entity,eth-labels,https://github.com/dawsbot/eth-labels,medium,2026-10-01
0x17c67f53e1d6fc64a85d071de44796de8bd34980,arbitrum,token-contract,Pampa Claus: PAMPA Token,entity,eth-labels,https://github.com/dawsbot/eth-labels,medium,2026-10-01
0x17dacad7975960833f374622fad08b90ed67d1b5,arbitrum,token-contract,Smolverse: Smol Bodies,entity,eth-labels,https://github.com/dawsbot/eth-labels,medium,2026-10-01
0x17eb7c08c4057b6c270dc0549745adbc874eb15b,arbitrum,token-contract,Satoshi Airlines: SAT Token,entity,eth-labels,https://github.com/dawsbot/eth-labels,medium,2026-10-01
0x1824a51c106efc27d35a74efb56d9bf54ddb22d4,arbitrum,token-contract,Perpy Finance: PRY Token,entity,eth-labels,https://github.com/dawsbot/eth-labels,medium,2026-10-01
0x18719d2e1e57a1a64708e4550ff3def9d1074621,arbitrum,token-contract,April: APRIL Token,entity,eth-labels,https://github.com/dawsbot/eth-labels,medium,2026-10-01
0x188fb5f5ae5bbe4154d5778f2bbb2fb985c94d25,arbitrum,token-contract,OpenBlox: OBX Token,entity,eth-labels,https://github.com/dawsbot/eth-labels,medium,2026-10-01
0x18ab2e5ce4d0b75e6353b62085cbb6122ef8586b,arbitrum,token-contract,Torque: tETH Token,entity,eth-labels,https://github.com/dawsbot/eth-labels,medium,2026-10-01
0x18b0fc5a233acf1586da7c199ca9e3f486305a29,arbitrum,token-contract,Notional Finance: nETH Token,entity,eth-labels,https://github.com/dawsbot/eth-labels,medium,2026-10-01
0x18c11fd286c5ec11c3b683caa813b77f5163a122,arbitrum,token-contract,Gains Network: GNS Token,entity,eth-labels,https://github.com/dawsbot/eth-labels,medium,2026-10-01
0x18f803fbd9143dd59537969e48eba47e2f91a175,arbitrum,token-contract,Chatmint: PCP Token,entity,eth-labels,https://github.com/dawsbot/eth-labels,medium,2026-10-01
0x1922c36f3bc762ca300b4a46bb2102f84b1684ab,arbitrum,token-contract,Umami: cmUMAMI Token,entity,eth-labels,https://github.com/dawsbot/eth-labels,medium,2026-10-01
0x197d655f3be03903fd25e7828c3534504bfe525e,arbitrum,token-contract,Sablier: SAB-V2-LOCKUP-LIN Token,entity,eth-labels,https://github.com/dawsbot/eth-labels,medium,2026-10-01
0x19d854511ad7625b7f126058e2583b767ae6fbf4,arbitrum,token-contract,ETHxCAT: EXCT Token,entity,eth-labels,https://github.com/dawsbot/eth-labels,medium,2026-10-01
0x1a4da80967373fd929961e976b4b53ceec063a15,arbitrum,token-contract,Terra: LUNA Token,entity,eth-labels,https://github.com/dawsbot/eth-labels,medium,2026-10-01
0x1a5b0aaf478bf1fda7b934c76e7692d722982a6d,arbitrum,token-contract,Buffer Finance: BFR Token,entity,eth-labels+etherscan-labels,https://github.com/dawsbot/eth-labels,medium,2026-10-01
0x1aae7de64d9ae1487e95858bbf98185f21e926fd,arbitrum,token-contract,AICORE: AICORE Token,entity,eth-labels,https://github.com/dawsbot/eth-labels,medium,2026-10-01
0x1ae27d9068dadf10f611367332d162d184ed3414,arbitrum,token-contract,handle.fi: fxGBP Token,entity,eth-labels,https://github.com/dawsbot/eth-labels,medium,2026-10-01
0x1b40e7812e75d02eef97e4399c33865d2ff5952b,arbitrum,token-contract,Fluidity Money: fDAI Token,entity,eth-labels,https://github.com/dawsbot/eth-labels,medium,2026-10-01
0x1bd013bd089c2b6b2d30a0e0b545810a5844e761,arbitrum,token-contract,OtterHome: HOME Token,entity,eth-labels,https://github.com/dawsbot/eth-labels,medium,2026-10-01
0x1c17a39b156189bf40905425170a3ff62fb650da,arbitrum,token-contract,D2 Finance: xD2 Token,entity,eth-labels,https://github.com/dawsbot/eth-labels,medium,2026-10-01
0x1c43d05be7e5b54d506e3ddb6f0305e8a66cd04e,arbitrum,token-contract,ZTX: ZTX Token,entity,eth-labels,https://github.com/dawsbot/eth-labels,medium,2026-10-01
0x1c91234d38c93b294828d2ddb6313a0e09053d46,arbitrum,token-contract,Printarb: PRRR Token,entity,eth-labels,https://github.com/dawsbot/eth-labels,medium,2026-10-01
0x1d987200df3b744cfa9c14f713f5334cb4bc4d5d,arbitrum,token-contract,REKT: REKT Token,entity,eth-labels,https://github.com/dawsbot/eth-labels,medium,2026-10-01
0x1db5d4897573106c693a34479cc875cf963d6ff8,arbitrum,token-contract,Arbitrumium: ARM Token,entity,eth-labels+etherscan-labels,https://github.com/dawsbot/eth-labels,medium,2026-10-01
0x1dd9e9e142f3f84d90af1a9f2cb617c7e08420a4,arbitrum,token-contract,Multichain: anyWETH Token,entity,eth-labels,https://github.com/dawsbot/eth-labels,medium,2026-10-01
0x1debd73e752beaf79865fd6446b0c970eae7732f,arbitrum,token-contract,Coinbase Assets: cbETH Token,entity,eth-labels,https://github.com/dawsbot/eth-labels,medium,2026-10-01
0x1e2c4fb7ede391d116e6b41cd0608260e8801d59,arbitrum,token-contract,Backed: bCSPX Token,entity,eth-labels,https://github.com/dawsbot/eth-labels,medium,2026-10-01
0x1e31e3ba5e246e2f2390d29c778e33a59f6aa6c6,arbitrum,token-contract,Multichain: anyWBTC Token,entity,eth-labels,https://github.com/dawsbot/eth-labels,medium,2026-10-01
0x1e3e1ed17a8df57c215b45f00c2ec4717b33a93d,arbitrum,token-contract,MOBOX: DMO Token,entity,eth-labels,https://github.com/dawsbot/eth-labels,medium,2026-10-01
0x1eb747cace61eab366c98a18617b7e210d03818e,arbitrum,token-contract,Hood AI: HOOD Token,entity,eth-labels,https://github.com/dawsbot/eth-labels,medium,2026-10-01
0x1f0bce0a413042a2a427410c81ad85e156f88424,arbitrum,token-contract,Xend Finance: Old XEND Token,entity,eth-labels,https://github.com/dawsbot/eth-labels,medium,2026-10-01
0x1f6e4b5ffc94cca08cf6bb1479148d6329d4baf5,arbitrum,token-contract,Ether Wars: WAR Token,entity,eth-labels,https://github.com/dawsbot/eth-labels,medium,2026-10-01
0x1fae2a29940015632f2a6ce006dfa7e3225515a7,arbitrum,token-contract,Nitro Floki: NIFLOKI Token,entity,eth-labels,https://github.com/dawsbot/eth-labels,medium,2026-10-01
0x20151ff7fdd720b85063d02081aa5b7876adff7b,arbitrum,token-contract,Cask Protocol: MASH Token,entity,eth-labels+etherscan-labels,https://github.com/dawsbot/eth-labels,medium,2026-10-01
0x20547341e58fb558637fa15379c92e11f7b7f710,arbitrum,token-contract,Mozaic Finance: MOZ Token,entity,eth-labels,https://github.com/dawsbot/eth-labels,medium,2026-10-01
0x2066a650af4b6895f72e618587aad5e8120b7790,arbitrum,token-contract,Pendle: SY GLP Token,entity,eth-labels,https://github.com/dawsbot/eth-labels,medium,2026-10-01
0x2067694cf3e2e16154f225a6e52ae0e4386fb77a,arbitrum,token-contract,KEK AI: KEKAI Token,entity,eth-labels,https://github.com/dawsbot/eth-labels,medium,2026-10-01
0x20c64dee8fda5269a78f2d5bdba861ca1d83df7a,arbitrum,token-contract,Backed: bHIGH Token,entity,eth-labels,https://github.com/dawsbot/eth-labels,medium,2026-10-01
0x20cf1b6e9d856321ed4686877cf4538f2c84b4de,arbitrum,token-contract,DP Developer: DPC Token,entity,eth-labels,https://github.com/dawsbot/eth-labels,medium,2026-10-01
0x2149a5f5d7ca96eb98a2ee6e5b0ba1a5593a1a0a,arbitrum,token-contract,Kyber Network: wstETH/ETH Pool,entity,eth-labels,https://github.com/dawsbot/eth-labels,medium,2026-10-01
0x21e60ee73f17ac0a411ae5d690f908c3ed66fe12,arbitrum,token-contract,Deri Protocol: DERI Token,entity,eth-labels+etherscan-labels,https://github.com/dawsbot/eth-labels,medium,2026-10-01
0x22043fddf353308b4f2e7da2e5284e4d087449e1,arbitrum,token-contract,Fiat24: F24 Token,entity,eth-labels,https://github.com/dawsbot/eth-labels,medium,2026-10-01
0x221a0f68770658c15b525d0f89f5da2baab5f321,arbitrum,token-contract,Open Dollar: OD Token,entity,eth-labels,https://github.com/dawsbot/eth-labels,medium,2026-10-01
0x223738a747383d6f9f827d95964e4d8e8ac754ce,arbitrum,token-contract,Aura: auraBAL Token,entity,eth-labels,https://github.com/dawsbot/eth-labels,medium,2026-10-01
0x22ab6bc52cad84aae84bd5781258677a6e0cfab0,arbitrum,token-contract,XLSD: ELSD Token,entity,eth-labels,https://github.com/dawsbot/eth-labels,medium,2026-10-01
0x22ac5c6c279d99afeb1151cb200ebf06ccd57045,arbitrum,token-contract,Safety Bank: SBANK Token,entity,eth-labels,https://github.com/dawsbot/eth-labels,medium,2026-10-01
0x22c01fac53145dc1596989876affd874e9daac9d,arbitrum,token-contract,Divitrend: TRND Token,entity,eth-labels,https://github.com/dawsbot/eth-labels,medium,2026-10-01
0x22e736d05b2519e34dff54bfdb99ec37a66c518d,arbitrum,token-contract,Bitindi Chain: BNI Token,entity,eth-labels+etherscan-labels,https://github.com/dawsbot/eth-labels,medium,2026-10-01
0x2389f6a46562ae5f1557db8562c39ef553f3832b,arbitrum,token-contract,KERC: KERC Token,entity,eth-labels,https://github.com/dawsbot/eth-labels,medium,2026-10-01
0x23ee2343b892b1bb63503a4fabc840e0e2c6810f,arbitrum,token-contract,Axelar: AXL Token,entity,eth-labels,https://github.com/dawsbot/eth-labels,medium,2026-10-01
0x2404572eaa937c5a64c84ee597faae4c13823782,arbitrum,token-contract,Arbi Wiz: Awiz Token,entity,eth-labels,https://github.com/dawsbot/eth-labels,medium,2026-10-01
0x2416092f143378750bb29b79ed961ab195cceea5,arbitrum,token-contract,Renzo Protocol : ezETH  Token,entity,eth-labels,https://github.com/dawsbot/eth-labels,medium,2026-10-01
0x242d400be2c70e2db9f1eb83a90d009870fd9e34,arbitrum,token-contract,Tamagosan: TSAN Token,entity,eth-labels,https://github.com/dawsbot/eth-labels,medium,2026-10-01
0x24404dc041d74cd03cfe28855f555559390c931b,arbitrum,token-contract,rCryptoCurrency: MOON Token,entity,eth-labels,https://github.com/dawsbot/eth-labels,medium,2026-10-01
0x244ae62439c1ef3187f244d8604ac2c391ef2b53,arbitrum,token-contract,Modular Wallet: MOD Token,entity,eth-labels,https://github.com/dawsbot/eth-labels,medium,2026-10-01
0x249bb0b4024221f09d70622444e67114259eb7e8,arbitrum,token-contract,Nitro Frens Army NFT: NFA Token,entity,eth-labels,https://github.com/dawsbot/eth-labels,medium,2026-10-01
0x24ef78c7092d255ed14a0281ac1800c359af3afe,arbitrum,token-contract,Rabbit Wallet: RAB Token,entity,eth-labels,https://github.com/dawsbot/eth-labels,medium,2026-10-01
0x255f1b39172f65dc6406b8bee8b08155c45fe1b6,arbitrum,token-contract,HarambeCoin: HARAMBE Token,entity,eth-labels,https://github.com/dawsbot/eth-labels,medium,2026-10-01
0x2591bc78d50d777cac68aedda0e8bc928a89a538,arbitrum,token-contract,Pendle: YT-sUSDC-ARBSilo-1FEB2024 Token,entity,eth-labels,https://github.com/dawsbot/eth-labels,medium,2026-10-01
0x2598c30330d5771ae9f983979209486ae26de875,arbitrum,token-contract,Any Inu: AI Token,entity,eth-labels,https://github.com/dawsbot/eth-labels,medium,2026-10-01
0x25d887ce7a35172c62febfd67a1856f20faebb00,arbitrum,token-contract,Pepe: PEPE Token,entity,eth-labels,https://github.com/dawsbot/eth-labels,medium,2026-10-01
0x2721f1946dd86fef97c7499456f116aba7f60f3f,arbitrum,token-contract,Sharky Swap: DAI-WETH,entity,eth-labels,https://github.com/dawsbot/eth-labels,medium,2026-10-01
0x27b15ee5391ad7d3770ae0cfa157f61c48a27a0b,arbitrum,token-contract,Orso Finance: ORSO Token,entity,eth-labels,https://github.com/dawsbot/eth-labels,medium,2026-10-01
0x27c2de0ccd05b15f5ec2047ffc8b46cefde915ad,arbitrum,token-contract,Core DAO: COREDAO Token,entity,eth-labels,https://github.com/dawsbot/eth-labels,medium,2026-10-01
0x27d8de4c30ffde34e982482ae504fc7f23061f61,arbitrum,token-contract,MyMetaTrader: MMT Token,entity,eth-labels,https://github.com/dawsbot/eth-labels,medium,2026-10-01
0x27e2209f4ceaebed97899ea2d8302dee690d3820,arbitrum,token-contract,Mumu The Bull: $MUMU Token,entity,eth-labels,https://github.com/dawsbot/eth-labels,medium,2026-10-01
0x27f485b62c4a7e635f561a87560adf5090239e93,arbitrum,token-contract,DFX Finance: DFX Token,entity,eth-labels,https://github.com/dawsbot/eth-labels,medium,2026-10-01
0x288734c9d9db21c5660b6b893f513cb04b6cd2d6,arbitrum,token-contract,Mozaic Finance: xMOZ Token,entity,eth-labels,https://github.com/dawsbot/eth-labels,medium,2026-10-01
0x28906eef698b3fb686b9dc93c84cfb9958be99c4,arbitrum,token-contract,Universal Stable Protocol: USPT Token,entity,eth-labels,https://github.com/dawsbot/eth-labels,medium,2026-10-01
0x28df0f193d8e45073bc1db6f2347812c031ba818,arbitrum,token-contract,Pendle: YT-rsETH-25APR2024 Token,entity,eth-labels,https://github.com/dawsbot/eth-labels,medium,2026-10-01
0x29c1ea5ed7af53094b1a79ef60d20641987c867e,arbitrum,token-contract,0xACID: ACID Token,entity,eth-labels+etherscan-labels,https://github.com/dawsbot/eth-labels,medium,2026-10-01
0x29d3622c78615a1e7459e4be434d816b7de293e4,arbitrum,token-contract,SolidLizard: veSLIZ Token,entity,eth-labels,https://github.com/dawsbot/eth-labels,medium,2026-10-01
0x29dde1812dbe79038c69dcf1e99e7c8a3073f3d3,arbitrum,token-contract,TotalAI: TAI Token,entity,eth-labels,https://github.com/dawsbot/eth-labels,medium,2026-10-01
0x2a0ba057469269e64a165910b2161ec3206f2c38,arbitrum,token-contract,AIEmoji: AIEMOJI Token,entity,eth-labels,https://github.com/dawsbot/eth-labels,medium,2026-10-01
0x2a35c341f4dcf2d18e0fb38e0df50e8a47af1368,arbitrum,token-contract,ArbitrumPad: ARBPAD Token,entity,eth-labels,https://github.com/dawsbot/eth-labels,medium,2026-10-01
0x2a3b32ee6b34c27ebc03fa33fd80c42ea5998434,arbitrum,token-contract,FTDex: FTD Token,entity,eth-labels,https://github.com/dawsbot/eth-labels,medium,2026-10-01
0x2a61a63a86357218055429a10427e24e8d91e68f,arbitrum,token-contract,Scalene: 3D Token,entity,eth-labels,https://github.com/dawsbot/eth-labels,medium,2026-10-01
0x2aa5d15eb36e5960d056e8fea6e7bb3e2a06a351,arbitrum,token-contract,Hedgey Finance: HDGY Token,entity,eth-labels,https://github.com/dawsbot/eth-labels,medium,2026-10-01
0x2ac2b254bc18cd4999f64773a966e4f4869c34ee,arbitrum,token-contract,Penpie: PNP Token,entity,eth-labels,https://github.com/dawsbot/eth-labels,medium,2026-10-01
0x2ae25460c44d578e6f41ab900a7a5425b6492c16,arbitrum,token-contract,Swaprum: SAPR Token,entity,eth-labels,https://github.com/dawsbot/eth-labels,medium,2026-10-01
0x2b41806cbf1ffb3d9e31a9ece6b738bf9d6f645f,arbitrum,token-contract,ENO: ENO Token,entity,eth-labels,https://github.com/dawsbot/eth-labels,medium,2026-10-01
0x2b8e28667a29a5ab698b82e121f2b9edd9271e93,arbitrum,token-contract,Vovo Finance: vbuGLP Token,entity,eth-labels,https://github.com/dawsbot/eth-labels,medium,2026-10-01
0x2c093f7d7db41057a2ddd3cb1ad8b4e9c3dffbec,arbitrum,token-contract,USDEX+: USDEX+ Token,entity,eth-labels,https://github.com/dawsbot/eth-labels,medium,2026-10-01
0x2c110867ca90e43d372c1c2e92990b00ea32818b,arbitrum,token-contract,Stabilize Protocol: STBZ Token,entity,eth-labels,https://github.com/dawsbot/eth-labels,medium,2026-10-01
0x2c42940a06a3f78b3cb7fc62b5fc7de404c9216f,arbitrum,token-contract,Notional Finance: nDAI Token,entity,eth-labels,https://github.com/dawsbot/eth-labels,medium,2026-10-01
0x2c5d06f591d0d8cd43ac232c2b654475a142c7da,arbitrum,token-contract,Fiat24: EUR24 Token,entity,eth-labels,https://github.com/dawsbot/eth-labels,medium,2026-10-01
0x2c7513f299778a84797f293503db1a73a15fd48d,arbitrum,token-contract,OpenbetAI: OPENBET Token,entity,eth-labels,https://github.com/dawsbot/eth-labels,medium,2026-10-01
0x2c852d3334188be136bfc540ef2bb8c37b590bad,arbitrum,token-contract,Magicland: MAGIC Token,entity,eth-labels,https://github.com/dawsbot/eth-labels,medium,2026-10-01
0x2cab3abfc1670d1a452df502e216a66883cdf079,arbitrum,token-contract,Layer2DAO: L2DAO Token,entity,eth-labels,https://github.com/dawsbot/eth-labels,medium,2026-10-01
0x2db7c0f3194399a1c32c9d15559403d5e6d276e3,arbitrum,token-contract,TUXC: TUXC Token,entity,eth-labels,https://github.com/dawsbot/eth-labels,medium,2026-10-01
0x2de58e014673e76df9950a521d39f1786bf3ccfa,arbitrum,token-contract,Astralix VMS: AVMS Token,entity,eth-labels,https://github.com/dawsbot/eth-labels,medium,2026-10-01
0x2e516ba5bf3b7ee47fb99b09eadb60bde80a82e0,arbitrum,token-contract,aEGGS: aEGGS Token,entity,eth-labels,https://github.com/dawsbot/eth-labels,medium,2026-10-01
0x2e5fe21ecbb7d3e732aac44eb73aab7a0e5eeddb,arbitrum,token-contract,Warren: WARREN Token,entity,eth-labels,https://github.com/dawsbot/eth-labels,medium,2026-10-01
0x2e80259c9071b6176205ff5f5eb6f7ec8361b93f,arbitrum,token-contract,HashDAO: HASH Token,entity,eth-labels,https://github.com/dawsbot/eth-labels,medium,2026-10-01
0x2ef354c71caab6dc7469bb3c99642878ccd1143f,arbitrum,token-contract,Grail Inu: iGRAIL Token,entity,eth-labels,https://github.com/dawsbot/eth-labels,medium,2026-10-01
0x2ef61fbe7adc237611e847e9bee5ed1a401fd854,arbitrum,token-contract,Roller: ROLL Token,entity,eth-labels,https://github.com/dawsbot/eth-labels,medium,2026-10-01
0x2f11eeee0bf21e7661a22dbbbb9068f4ad191b86,arbitrum,token-contract,Backed: bNIU Token,entity,eth-labels,https://github.com/dawsbot/eth-labels,medium,2026-10-01
0x2f123cf3f37ce3328cc9b5b8415f9ec5109b45e7,arbitrum,token-contract,Backed: bC3M Token,entity,eth-labels,https://github.com/dawsbot/eth-labels,medium,2026-10-01
0x2f27118e3d2332afb7d165140cf1bb127ea6975d,arbitrum,token-contract,Gridex: GDX Token,entity,eth-labels,https://github.com/dawsbot/eth-labels,medium,2026-10-01
0x2f303cb499e2e874a03dcec9e3fef01ea55a470b,arbitrum,token-contract,Cwin Capital: CWIN Token,entity,eth-labels,https://github.com/dawsbot/eth-labels,medium,2026-10-01
0x2fac624899a844e0628bfdcc70efcd25f6e90b95,arbitrum,token-contract,YouWho: YOU Token,entity,eth-labels,https://github.com/dawsbot/eth-labels,medium,2026-10-01
0x300f1489dae131e6cef3ff96a6b1e139cb557a56,arbitrum,token-contract,Smol Sharks: TEETH Token,entity,eth-labels,https://github.com/dawsbot/eth-labels,medium,2026-10-01
0x3053ad3b31600074e9a90440770f78d5e8fc5a54,arbitrum,token-contract,Multichain: anyPOND Token,entity,eth-labels,https://github.com/dawsbot/eth-labels,medium,2026-10-01
0x3082cc23568ea640225c2467653db90e9250aaa0,arbitrum,token-contract,Radiant: RDNT Token,entity,eth-labels,https://github.com/dawsbot/eth-labels,medium,2026-10-01
0x30b61d268bc13778a8573433f198229916a57490,arbitrum,token-contract,Abyss Lords: ABYSS Token,entity,eth-labels,https://github.com/dawsbot/eth-labels,medium,2026-10-01
0x30dcba0405004cf124045793e1933c798af9e66a,arbitrum,token-contract,Yieldification: YDF Token,entity,eth-labels,https://github.com/dawsbot/eth-labels,medium,2026-10-01
0x3106e2e148525b3db36795b04691d444c24972fb,arbitrum,token-contract,Stake.link: wstLINK Token,entity,eth-labels,https://github.com/dawsbot/eth-labels,medium,2026-10-01
0x3124678d62d2aa1f615b54525310fbfda6dcf7ae,arbitrum,token-contract,Sensay: SNSY Token,entity,eth-labels,https://github.com/dawsbot/eth-labels,medium,2026-10-01
0x318eec91f653ca72fafb038f9ad792a6bc0d644c,arbitrum,token-contract,Pendle: SY-ARB-ETH_Camelot Token,entity,eth-labels,https://github.com/dawsbot/eth-labels,medium,2026-10-01
0x319e222de462ac959baf2aec848697aec2bbd770,arbitrum,token-contract,OreoSwap: OREO Token,entity,eth-labels,https://github.com/dawsbot/eth-labels,medium,2026-10-01
0x319f865b287fcc10b30d8ce6144e8b6d1b476999,arbitrum,token-contract,Cartesi: CTSI Token,entity,eth-labels+etherscan-labels,https://github.com/dawsbot/eth-labels,medium,2026-10-01
0x31ad8255cb8e428e8b0f6ab6a6f44804642720af,arbitrum,token-contract,SURGE: SRG Token,entity,eth-labels,https://github.com/dawsbot/eth-labels,medium,2026-10-01
0x31c91d8fb96bff40955dd2dbc909b36e8b104dde,arbitrum,token-contract,Poison Finance: POI$ON Token,entity,eth-labels,https://github.com/dawsbot/eth-labels,medium,2026-10-01
0x322f15d4bedaa20c178fb75b2628663d2da19736,arbitrum,token-contract,Monopoly Finance: DUO Token,entity,eth-labels,https://github.com/dawsbot/eth-labels,medium,2026-10-01
0x323665443cef804a3b5206103304bd4872ea4253,arbitrum,token-contract,Verified USD: USDV Token,entity,eth-labels,https://github.com/dawsbot/eth-labels,medium,2026-10-01
0x323a07f929f7c4db7631866af151248ae3912d98,arbitrum,token-contract,Multichain: anyL2DAO Token,entity,eth-labels,https://github.com/dawsbot/eth-labels,medium,2026-10-01
0x3269a3c00ab86c753856fd135d97b87facb0d848,arbitrum,token-contract,Florence Finance: FFM Token,entity,eth-labels,https://github.com/dawsbot/eth-labels,medium,2026-10-01
0x32df4d7226d8466c74266926589366707144d6cc,arbitrum,token-contract,ShareFi: TRADER Token,entity,eth-labels,https://github.com/dawsbot/eth-labels,medium,2026-10-01
0x33317b13631b303f207419bde77f9ab58a263333,arbitrum,token-contract,Vocus and Friends: VAF Token,entity,eth-labels,https://github.com/dawsbot/eth-labels,medium,2026-10-01
0x33bcaeb9392009b7fe90c73b00fa66bbaa69ad7c,arbitrum,token-contract,token-contract,entity,eth-labels,https://github.com/dawsbot/eth-labels,medium,2026-10-01
0x3404149e9ee6f17fb41db1ce593ee48fbdcd9506,arbitrum,token-contract,Hydranet: HDN Token,entity,eth-labels,https://github.com/dawsbot/eth-labels,medium,2026-10-01
0x3405a1bd46b85c5c029483fbecf2f3e611026e45,arbitrum,token-contract,Multichain: anyUSDC Token,entity,eth-labels,https://github.com/dawsbot/eth-labels,medium,2026-10-01
0x340fe1d898eccaad394e2ba0fc1f93d27c7b717a,arbitrum,token-contract,Multichain: anyLEVR Token,entity,eth-labels,https://github.com/dawsbot/eth-labels,medium,2026-10-01
0x346af1954e3d6be46b96da713a1f7fd2d1928f1d,arbitrum,token-contract,MAGPIE: CKP Token,entity,eth-labels,https://github.com/dawsbot/eth-labels,medium,2026-10-01
0x34772c4d12f288368aa35ae7bc527a6b2b3e8906,arbitrum,token-contract,Monopoly Finance: POLY Token,entity,eth-labels,https://github.com/dawsbot/eth-labels,medium,2026-10-01
0x3509f19581afedeff07c53592bc0ca84e4855475,arbitrum,token-contract,xDollar Space: xUSD Token,entity,eth-labels,https://github.com/dawsbot/eth-labels,medium,2026-10-01
0x352f4bf396a7353a0877f99e99757e5d294df374,arbitrum,token-contract,Sundae: SUNDAE Token,entity,eth-labels,https://github.com/dawsbot/eth-labels,medium,2026-10-01
0x35373efc2fd7d852729cae869cc32acc979100bd,arbitrum,token-contract,ZTX: Genesis Homes Token,entity,eth-labels,https://github.com/dawsbot/eth-labels,medium,2026-10-01
0x35751007a407ca6feffe80b3cb397736d2cf4dbe,arbitrum,token-contract,Ether.fi: weETH Token,entity,eth-labels,https://github.com/dawsbot/eth-labels,medium,2026-10-01
0x3577c7dfb7949e7ca7fe70902a053b3a330ef310,arbitrum,token-contract,Kagedo: SRKN Token,entity,eth-labels,https://github.com/dawsbot/eth-labels,medium,2026-10-01
0x358e5d2378f5fc3fa5504aebb728c4c568f973a4,arbitrum,token-contract,Space AI Finance: SpAI Token,entity,eth-labels,https://github.com/dawsbot/eth-labels,medium,2026-10-01
0x35afe95662fdf442762a11e4ed5172c81fbcef7e,arbitrum,token-contract,MIND Games: xCRX Token,entity,eth-labels,https://github.com/dawsbot/eth-labels,medium,2026-10-01
0x35ca1e5a9b1c09fa542fa18d1ba4d61c8edff852,arbitrum,token-contract,Schrodi: SCHRODI Token,entity,eth-labels,https://github.com/dawsbot/eth-labels,medium,2026-10-01
0x3642c0680329ae3e103e2b5ab29ddfed4d43cbe5,arbitrum,token-contract,Plenny: PL2 Token,entity,eth-labels,https://github.com/dawsbot/eth-labels,medium,2026-10-01
0x369eb8197062093a20402935d3a707b4ae414e9d,arbitrum,token-contract,Pana DAO: PANA Token,entity,eth-labels,https://github.com/dawsbot/eth-labels,medium,2026-10-01
0x36f3aeef648641249fa35697134cededee6ddaec,arbitrum,token-contract,Sharky Swap: WETH-USDC,entity,eth-labels,https://github.com/dawsbot/eth-labels,medium,2026-10-01
0x371c7ec6d8039ff7933a2aa28eb827ffe1f52f07,arbitrum,token-contract,Trader Joe: JOE Token,entity,eth-labels,https://github.com/dawsbot/eth-labels,medium,2026-10-01
0x37596f20adef5cc9618c8b6ddfa9dcb6329cb0fd,arbitrum,token-contract,Starfish Finance: SEAN Token,entity,eth-labels,https://github.com/dawsbot/eth-labels,medium,2026-10-01
0x377c6e37633e390aef9afb4f5e0b16689351eed4,arbitrum,token-contract,ZYX NETWORK: WZYX Token,entity,eth-labels,https://github.com/dawsbot/eth-labels,medium,2026-10-01
0x3789be915951e0f0a676588c99e7357d3fdb586b,arbitrum,token-contract,Party Dice: DICE Token,entity,eth-labels,https://github.com/dawsbot/eth-labels,medium,2026-10-01
0x381227255ef6c5d85966b78d13e4b4a4c8719b5e,arbitrum,token-contract,Tales of Elleria:  Token,entity,eth-labels,https://github.com/dawsbot/eth-labels,medium,2026-10-01
0x389cd4f0cf3805b7f78fef86cb858baff8f4c906,arbitrum,token-contract,Action Coin: ACTN Token,entity,eth-labels,https://github.com/dawsbot/eth-labels,medium,2026-10-01
0x391277994461686cf4abffa5b13d806a96605f9c,arbitrum,token-contract,DTRUMP INU: DTRUMP Token,entity,eth-labels,https://github.com/dawsbot/eth-labels,medium,2026-10-01
0x398b09b68aec6c58e28ade6147dac2ecc6789737,arbitrum,token-contract,handle.fi: fxCAD Token,entity,eth-labels,https://github.com/dawsbot/eth-labels,medium,2026-10-01
0x39a49bc5017fc668299cd32e734c9269acc35295,arbitrum,token-contract,Phonon DAO: PHONON Token,entity,eth-labels,https://github.com/dawsbot/eth-labels,medium,2026-10-01
0x39ea6f3615a71b29dba523692ea5f9c3df6d710f,arbitrum,token-contract,CryptoFixe: CoinFixe Token,entity,eth-labels,https://github.com/dawsbot/eth-labels,medium,2026-10-01
0x39f91452a6e9994762876e1edd87be28a46d5c99,arbitrum,token-contract,DIA Data: DIA Token,entity,eth-labels,https://github.com/dawsbot/eth-labels,medium,2026-10-01
0x3a18dcc9745edcd1ef33ecb93b0b6eba5671e7ca,arbitrum,token-contract,Kujira: KUJI Token,entity,eth-labels,https://github.com/dawsbot/eth-labels,medium,2026-10-01
0x3a2f47d3fbd60975e00551d98557e6ea7faf90f8,arbitrum,token-contract,Darwin Protocol: EVOTURES Token,entity,eth-labels,https://github.com/dawsbot/eth-labels,medium,2026-10-01
0x3a33473d7990a605a88ac72a78ad4efc40a54adb,arbitrum,token-contract,Tigris: TIG Token,entity,eth-labels,https://github.com/dawsbot/eth-labels,medium,2026-10-01
0x3b124517b0087c1f54657975c54f1d2370685289,arbitrum,token-contract,CAPCAP: CAPCAP Token,entity,eth-labels,https://github.com/dawsbot/eth-labels,medium,2026-10-01
0x3b475f6f2f41853706afc9fa6a6b8c5df1a2724c,arbitrum,token-contract,Zyberswap: ZYB Token,entity,eth-labels,https://github.com/dawsbot/eth-labels,medium,2026-10-01
0x3b60ff35d3f7f62d636b067dd0dc0dfdad670e4e,arbitrum,token-contract,Milady: LADYS Token,entity,eth-labels,https://github.com/dawsbot/eth-labels,medium,2026-10-01
0x3b71729510cbea2f23a1b9fd6b9db002271e119f,arbitrum,token-contract,Zyberswap: sZYB Token,entity,eth-labels,https://github.com/dawsbot/eth-labels,medium,2026-10-01
0x3b91a6fcf9b57c6352ff2951fcf589666ce525b3,arbitrum,token-contract,Evil Kongs: EHER Token,entity,eth-labels,https://github.com/dawsbot/eth-labels,medium,2026-10-01
0x3bc1a0ad72417f2d411118085256fc53cbddd137,arbitrum,token-contract,Hats Protocol:  Token,entity,eth-labels,https://github.com/dawsbot/eth-labels,medium,2026-10-01
0x3bd2dfd03bc7c3011ed7fb8c4d0949b382726cee,arbitrum,token-contract,Robee: ROOBEE Token,entity,eth-labels,https://github.com/dawsbot/eth-labels,medium,2026-10-01
0x3c2cdcf91cbb267f37d341687acb899f14a06af8,arbitrum,token-contract,HARRAMBAE: HRMBAE Token,entity,eth-labels,https://github.com/dawsbot/eth-labels,medium,2026-10-01
0x3c9bcbf7e2ea11bd5bcc1b328c795d421d417406,arbitrum,token-contract,Carbon Utility: aCUT Token,entity,eth-labels,https://github.com/dawsbot/eth-labels,medium,2026-10-01
0x3d58e75c9206f9a299be9279af30c17383e077a4,arbitrum,token-contract,Overnight Finance: ETS Epsilon Token,entity,eth-labels,https://github.com/dawsbot/eth-labels,medium,2026-10-01
0x3d6530448c6401968ca0b1a4844b3c9421f2f627,arbitrum,token-contract,EVIL: EVIL Token,entity,eth-labels,https://github.com/dawsbot/eth-labels,medium,2026-10-01
0x3db4b7da67dd5af61cb9b3c70501b1bdb24b2c22,arbitrum,token-contract,GMD Protocol: gmdUSDC,entity,eth-labels,https://github.com/dawsbot/eth-labels,medium,2026-10-01
0x3dd2e3005ae6eda0d8a3967f6fc0799c4c842a08,arbitrum,token-contract,CrescentSwap: ARTEMIS Token,entity,eth-labels,https://github.com/dawsbot/eth-labels,medium,2026-10-01
0x3e4ffeb394b371aaaa0998488046ca19d870d9ba,arbitrum,token-contract,Mineral Token: MXTK Token,entity,eth-labels,https://github.com/dawsbot/eth-labels,medium,2026-10-01
0x3e6b3021dab44debf93091030dbfcbdf52464afe,arbitrum,token-contract,ArbiTen: ArbiTen Token,entity,eth-labels,https://github.com/dawsbot/eth-labels,medium,2026-10-01
0x3e9c6c5e1855a43dc9082fa96799dbeb8cbb3dc0,arbitrum,token-contract,GTPS: FCI Token,entity,eth-labels,https://github.com/dawsbot/eth-labels,medium,2026-10-01
0x3ecc587ef402b5e00a9767d6f9670b463de2e177,arbitrum,token-contract,MetaLine: MLMB Token,entity,eth-labels,https://github.com/dawsbot/eth-labels,medium,2026-10-01
0x3ed03e95dd894235090b3d4a49e0c3239edce59e,arbitrum,token-contract,Malaysian Ringgit Coin: MYRC Token,entity,eth-labels,https://github.com/dawsbot/eth-labels,medium,2026-10-01
0x3f4a7a1108f2b3146c924766e772c29569d801f0,arbitrum,token-contract,zkAI: zkAI Token,entity,eth-labels,https://github.com/dawsbot/eth-labels,medium,2026-10-01
0x3f56e0c36d275367b8c502090edf38289b3dea0d,arbitrum,token-contract,Mai Finance: MAI Token,entity,eth-labels,https://github.com/dawsbot/eth-labels,medium,2026-10-01
0x3fc90cf9b01a5086f7ca2d3cae87e6596d739bfa,arbitrum,token-contract,Times SquareC: TSC Token,entity,eth-labels,https://github.com/dawsbot/eth-labels,medium,2026-10-01
0x40301951af3f80b8c1744ca77e55111dd3c1dba1,arbitrum,token-contract,The Ennead: neadRAM Token,entity,eth-labels,https://github.com/dawsbot/eth-labels,medium,2026-10-01
0x40ea7f6d6964413d4a26a0a268542dae9f55768e,arbitrum,token-contract,GND Protocol: xGND Token,entity,eth-labels,https://github.com/dawsbot/eth-labels,medium,2026-10-01
0x412f4b922bb9afdc65c7e9b669f4bec6e554452a,arbitrum,token-contract,RepubliK: RPK Token,entity,eth-labels,https://github.com/dawsbot/eth-labels,medium,2026-10-01
0x417a1afd44250314bffb11ff68e989775e990ab6,arbitrum,token-contract,Volta Finance: VOLTA Token,entity,eth-labels,https://github.com/dawsbot/eth-labels,medium,2026-10-01
0x41ee01d49cc01751b7e1db92d82aa54e7fc133a7,arbitrum,token-contract,Sharky Swap: USDC-DAI,entity,eth-labels,https://github.com/dawsbot/eth-labels,medium,2026-10-01
0x422cc54b5173ed70cbe7cea1634985fa340e3e72,arbitrum,token-contract,Area 51: AREA51 Token,entity,eth-labels+etherscan-labels,https://github.com/dawsbot/eth-labels,medium,2026-10-01
0x4244767db3e8bef314ffd0f3505570da3f7dc2d0,arbitrum,token-contract,Cats in masks: $MASKS Token,entity,eth-labels,https://github.com/dawsbot/eth-labels,medium,2026-10-01
0x429fed88f10285e61b12bdf00848315fbdfcc341,arbitrum,token-contract,THORWallet: TGT Token,entity,eth-labels,https://github.com/dawsbot/eth-labels,medium,2026-10-01
0x42e0f0cdf324b41581345aa1ba7c87b49e544ad8,arbitrum,token-contract,THOREUM: THOREUM Token,entity,eth-labels,https://github.com/dawsbot/eth-labels,medium,2026-10-01
0x4305c4bc521b052f17d389c2fe9d37cabeb70d54,arbitrum,token-contract,Overlay Protocol: OVL Token,entity,eth-labels,https://github.com/dawsbot/eth-labels,medium,2026-10-01
0x431402e8b9de9aa016c743880e04e517074d8cec,arbitrum,token-contract,Hegic: HEGIC Token,entity,eth-labels,https://github.com/dawsbot/eth-labels,medium,2026-10-01
0x436a0454abb9a299940e1cd783b8cd29a47e653b,arbitrum,token-contract,AidogeFanclub: ADFAN Token,entity,eth-labels,https://github.com/dawsbot/eth-labels,medium,2026-10-01
0x43c25f828390de5a3648864eb485cc523e039e67,arbitrum,token-contract,Hello Pets: PET Token,entity,eth-labels,https://github.com/dawsbot/eth-labels,medium,2026-10-01
0x43e4ef7e796a631539f523900da824e73edc3110,arbitrum,token-contract,Pegasus: PGS Token,entity,eth-labels,https://github.com/dawsbot/eth-labels,medium,2026-10-01
0x445164d9e038e1dae0989e4b6ac745b78d26f181,arbitrum,token-contract,Hashgold: HGOLD Token,entity,eth-labels,https://github.com/dawsbot/eth-labels,medium,2026-10-01
0x450330df68e1ed6e0683373d684064bda9115fee,arbitrum,token-contract,Sterling: veSTR Token,entity,eth-labels,https://github.com/dawsbot/eth-labels,medium,2026-10-01
0x45c4d1376943ab28802b995acffc04903eb5223f,arbitrum,token-contract,token-contract,entity,eth-labels,https://github.com/dawsbot/eth-labels,medium,2026-10-01
0x45d780cfe839b8a8f292c9e26aa5d1805bc536dc,arbitrum,token-contract,Zoci: ZOCI Token,entity,eth-labels,https://github.com/dawsbot/eth-labels,medium,2026-10-01
0x463913d3a3d3d291667d53b8325c598eb88d3b0e,arbitrum,token-contract,SolidLizard: SLIZ Token,entity,eth-labels,https://github.com/dawsbot/eth-labels,medium,2026-10-01
0x4689e89b57291f3170a4368fa43b1f779258af91,arbitrum,token-contract,Darwin Protocol: DARWIN Token,entity,eth-labels,https://github.com/dawsbot/eth-labels,medium,2026-10-01
0x468f17bdfed28a8fb8ae3deb19313a7550467cbd,arbitrum,token-contract,Meta Theft Auto: MTA Token,entity,eth-labels,https://github.com/dawsbot/eth-labels,medium,2026-10-01
0x46ca8ed5465cb859bb3c3364078912c25f4d74de,arbitrum,token-contract,Kostren Finance: KTN Token,entity,eth-labels,https://github.com/dawsbot/eth-labels,medium,2026-10-01
0x46d06cf8052ea6fdbf71736af33ed23686ea1452,arbitrum,token-contract,Risedle: ETHRISE Token,entity,eth-labels,https://github.com/dawsbot/eth-labels,medium,2026-10-01
0x46d6dee922f1d2c6421895ba182120c784d986d3,arbitrum,token-contract,Vovo Finance: vbdGLP Token,entity,eth-labels,https://github.com/dawsbot/eth-labels,medium,2026-10-01
0x47c337bd5b9344a6f3d6f58c474d9d8cd419d8ca,arbitrum,token-contract,DackieSwap: DACKIE Token,entity,eth-labels,https://github.com/dawsbot/eth-labels,medium,2026-10-01
0x488e88db8708759c1b53deb48d9e780d80c96cd5,arbitrum,token-contract,Web3 WorkRoom: W3W Token,entity,eth-labels,https://github.com/dawsbot/eth-labels,medium,2026-10-01
0x48bfd88325e7558d423bfe0e62871861954131a0,arbitrum,token-contract,Bolt: Bolt Token,entity,eth-labels,https://github.com/dawsbot/eth-labels,medium,2026-10-01
0x491f10fc3f4ca24795997f7060ef40dc32a19f0c,arbitrum,token-contract,Carbon Linked: NZC Token,entity,eth-labels+etherscan-labels,https://github.com/dawsbot/eth-labels,medium,2026-10-01
0x493070ef5280e7a275a106a30b0414dbdb21febd,arbitrum,token-contract,AI Supreme: AISP Token,entity,eth-labels,https://github.com/dawsbot/eth-labels,medium,2026-10-01
0x4945970efeec98d393b4b979b9be265a3ae28a8b,arbitrum,token-contract,GMD Protocol: GMD Token,entity,eth-labels,https://github.com/dawsbot/eth-labels,medium,2026-10-01
0x498c620c7c91c6eba2e3cd5485383f41613b7eb6,arbitrum,token-contract,Alongside Crypto Market Index: AMKT Token,entity,eth-labels,https://github.com/dawsbot/eth-labels,medium,2026-10-01
0x49b7c1807dbdc329ebe6a8c9577cecfec51cf336,arbitrum,token-contract,Plasma: PPAY Token,entity,eth-labels,https://github.com/dawsbot/eth-labels,medium,2026-10-01
0x4a35ca865abec4205430081ccdf768610e06bfbc,arbitrum,token-contract,Lotto: LOTTO Token,entity,eth-labels,https://github.com/dawsbot/eth-labels,medium,2026-10-01
0x4a723de8af2be96292da3f824a96bfa053d4af66,arbitrum,token-contract,GMD Protocol: gmdUSDC Token,entity,eth-labels,https://github.com/dawsbot/eth-labels,medium,2026-10-01
0x4a8e64c3a66ce0830e3bf2ea7863b013aa592114,arbitrum,token-contract,Pendle: YT-gDAI-28MAR2024 Token,entity,eth-labels,https://github.com/dawsbot/eth-labels,medium,2026-10-01
0x4b019aaa21e98e212d31e54c843e73ff34d25717,arbitrum,token-contract,token-contract,entity,eth-labels,https://github.com/dawsbot/eth-labels,medium,2026-10-01
0x4b2ffa43269d7690afae0f255956489a393f6199,arbitrum,token-contract,Lucky Bubble: LBT Token,entity,eth-labels,https://github.com/dawsbot/eth-labels,medium,2026-10-01
0x4b3f79ce3d5d752064288fd2be968a1c21b3ba37,arbitrum,token-contract,Pendle: SY-MUXLP Token,entity,eth-labels,https://github.com/dawsbot/eth-labels,medium,2026-10-01
0x4c4b907bd5c38d14a084aac4f511a9b46f7ec429,arbitrum,token-contract,RB Share: RBX Token,entity,eth-labels,https://github.com/dawsbot/eth-labels,medium,2026-10-01
0x4c70d32295de15fdf302d3bcbb7fc2631ace1c91,arbitrum,token-contract,LSDoge: LSDOGE Token,entity,eth-labels,https://github.com/dawsbot/eth-labels,medium,2026-10-01
0x4cfa50b7ce747e2d61724fcac57f24b748ff2b2a,arbitrum,token-contract,Fluidity Money: fUSDC Token,entity,eth-labels,https://github.com/dawsbot/eth-labels,medium,2026-10-01
0x4d01397994aa636bdcc65c9e8024bc497498c3bb,arbitrum,token-contract,Mchain Network: MARK Token,entity,eth-labels,https://github.com/dawsbot/eth-labels,medium,2026-10-01
0x4de95c1e202102e22e801590c51d7b979f167fbb,arbitrum,token-contract,Realm: REALM Token,entity,eth-labels,https://github.com/dawsbot/eth-labels,medium,2026-10-01
0x4e05d153305bc472e220ec3f7a7894b38f74741f,arbitrum,token-contract,Smart Aliens: SAS Token,entity,eth-labels,https://github.com/dawsbot/eth-labels,medium,2026-10-01
0x4e0da40b9063dc48364c1c0ffb4ae9d091fc2270,arbitrum,token-contract,Edgeware: EDG Token,entity,eth-labels,https://github.com/dawsbot/eth-labels,medium,2026-10-01
0x4e1b1c450cebc7a4e1561e8edd99a8c650dfb1a9,arbitrum,token-contract,Arbisphere Launchpad: ARSH Token,entity,eth-labels,https://github.com/dawsbot/eth-labels,medium,2026-10-01
0x4e47951508fd4a4126f8ff9cf5e6fa3b7cc8e073,arbitrum,token-contract,Fluid Trade: FLUID Token,entity,eth-labels,https://github.com/dawsbot/eth-labels,medium,2026-10-01
0x4e5e55baeef3bc747d22123ce4ade3661c916a3e,arbitrum,token-contract,Panaroma Finance: PANA Token,entity,eth-labels,https://github.com/dawsbot/eth-labels,medium,2026-10-01
0x4f137f5b3756cc46b0fafc62bb47b4c84e6cef68,arbitrum,token-contract,Birdie: BIRDIE Token,entity,eth-labels,https://github.com/dawsbot/eth-labels,medium,2026-10-01
0x4fc2a3fb655847b7b72e19eaa2f10fdb5c2addbe,arbitrum,token-contract,Pepes Game: PEG Token,entity,eth-labels,https://github.com/dawsbot/eth-labels,medium,2026-10-01
0x500756c7d239aee30f52c7e52af4f4f008d1a98f,arbitrum,token-contract,Petroleum Finance: OIL Token,entity,eth-labels,https://github.com/dawsbot/eth-labels,medium,2026-10-01
0x501a1b0ccb7fd67cb20fa55aae513dbbba1742f7,arbitrum,token-contract,ARB-20: ARB-20 Token,entity,eth-labels,https://github.com/dawsbot/eth-labels,medium,2026-10-01
0x50288c30c37fa1ec6167a31e575ea8632645de20,arbitrum,token-contract,Pendle: SY-aUSDC Token,entity,eth-labels,https://github.com/dawsbot/eth-labels,medium,2026-10-01
0x509fd25ee2ac7833a017f17ee8a6fb4aaf947876,arbitrum,token-contract,Magpie WOM: mWOM Token,entity,eth-labels,https://github.com/dawsbot/eth-labels,medium,2026-10-01
0x50aa7a13b28eea97dc6c3f5e8aaa7fe512e7306d,arbitrum,token-contract,X Blue Finance: XB Token,entity,eth-labels,https://github.com/dawsbot/eth-labels,medium,2026-10-01
0x50e401255275dc405a99d3281f396cca681eea9d,arbitrum,token-contract,Kortana: KORA Token,entity,eth-labels,https://github.com/dawsbot/eth-labels,medium,2026-10-01
0x5117f4ad0bc70dbb3b05bf39a1ec1ee40dd67654,arbitrum,token-contract,Avive: Avive Token,entity,eth-labels,https://github.com/dawsbot/eth-labels,medium,2026-10-01
0x51318b7d00db7acc4026c88c3952b66278b6a67f,arbitrum,token-contract,PlutusDAO: PLS Token,entity,eth-labels,https://github.com/dawsbot/eth-labels,medium,2026-10-01
0x516343beacd9ddcad23f7101f38d7d0a7f01fd65,arbitrum,token-contract,FOXAI: FOXAI Token,entity,eth-labels,https://github.com/dawsbot/eth-labels,medium,2026-10-01
0x5190f06eacefa2c552dc6bd5e763b81c73293293,arbitrum,token-contract,Wombex: WMX Token,entity,eth-labels,https://github.com/dawsbot/eth-labels,medium,2026-10-01
0x519cce718fcd11ac09194cff4517f12d263be067,arbitrum,token-contract,token-contract,entity,eth-labels,https://github.com/dawsbot/eth-labels,medium,2026-10-01
0x51a80238b5738725128d3a3e06ab41c1d4c05c74,arbitrum,token-contract,unshETH: USH Token,entity,eth-labels,https://github.com/dawsbot/eth-labels,medium,2026-10-01
0x51b902f19a56f0c8e409a34a215ad2673edf3284,arbitrum,token-contract,NFTEarth: NFTE Token,entity,eth-labels,https://github.com/dawsbot/eth-labels,medium,2026-10-01
0x521677a61d101a80ce0fb903b13cb485232774ee,arbitrum,token-contract,Superfluid Finance: DAIx Token,entity,eth-labels,https://github.com/dawsbot/eth-labels,medium,2026-10-01
0x52602a1075645845a303f86b2bd0b7e7227f99d6,arbitrum,token-contract,Notional Finance: nWBTC Token,entity,eth-labels,https://github.com/dawsbot/eth-labels,medium,2026-10-01
0x52d134c6db5889fad3542a09eaf7aa90c0fdf9e4,arbitrum,token-contract,Backed: bIBTA Token,entity,eth-labels,https://github.com/dawsbot/eth-labels,medium,2026-10-01
0x5326e71ff593ecc2cf7acae5fe57582d6e74cff1,arbitrum,token-contract,plvGLP: plvGLP Token,entity,eth-labels,https://github.com/dawsbot/eth-labels,medium,2026-10-01
0x5328ce5a552de4e515ac229d37098f911934171e,arbitrum,token-contract,BRAIN CODE: BCL Token,entity,eth-labels,https://github.com/dawsbot/eth-labels,medium,2026-10-01
0x533173d3f7a23c48ebb34a591dcce409ba759441,arbitrum,token-contract,AiMalls: AIT Token,entity,eth-labels,https://github.com/dawsbot/eth-labels,medium,2026-10-01
0x53765a7cf4933bc939e32fa560fff3d8e1d63473,arbitrum,token-contract,Index Protocol: BTC3X Token,entity,eth-labels,https://github.com/dawsbot/eth-labels,medium,2026-10-01
0x53bcf6698c911b2a7409a740eacddb901fc2a2c6,arbitrum,token-contract,Kabosu: KABOSU Token,entity,eth-labels,https://github.com/dawsbot/eth-labels,medium,2026-10-01
0x5429706887fcb58a595677b73e9b0441c25d993d,arbitrum,token-contract,Unidex: UNIDX Token,entity,eth-labels,https://github.com/dawsbot/eth-labels,medium,2026-10-01
0x54355cc6913b26a15cca1f820cf17d362fa65db5,arbitrum,token-contract,SolidLizard synthetic USD: slzUSDC Token,entity,eth-labels,https://github.com/dawsbot/eth-labels,medium,2026-10-01
0x543ff59e8bc8844dcb2fc5116d8ff972305ae0d4,arbitrum,token-contract,Pana DAO: KARSHA Token,entity,eth-labels,https://github.com/dawsbot/eth-labels,medium,2026-10-01
0x5441695f4445e40900b4c4b0fb3ed2b9e51601a6,arbitrum,token-contract,ARTH: ARTH Token,entity,eth-labels,https://github.com/dawsbot/eth-labels,medium,2026-10-01
0x547c669cbbf746652e19f4686716763c8dba703f,arbitrum,token-contract,Open Meta Trade: OMT Token,entity,eth-labels,https://github.com/dawsbot/eth-labels,medium,2026-10-01
0x54bac3edb7ec8c55169530fbeb6e3bad9658d98b,arbitrum,token-contract,Captain & Company: CNC-CERTS Token,entity,eth-labels,https://github.com/dawsbot/eth-labels,medium,2026-10-01
0x54bdbf3ce36f451ec61493236b8e6213ac87c0f6,arbitrum,token-contract,Radpie: RDP Token,entity,eth-labels,https://github.com/dawsbot/eth-labels,medium,2026-10-01
0x54c1b12da9594c7cd8fc9a172bb2cc6f83ecf6d4,arbitrum,token-contract,Speculate DAO: SPEC Token,entity,eth-labels,https://github.com/dawsbot/eth-labels,medium,2026-10-01
0x54cfe852bec4fa9e431ec4ae762c33a6dcfcd179,arbitrum,token-contract,Nitro Frens Army: NFA Token,entity,eth-labels,https://github.com/dawsbot/eth-labels,medium,2026-10-01
0x55162e966bd7dce0a471ce3bc6a8dc751317613d,arbitrum,token-contract,SVP Academy: LEARN Token,entity,eth-labels,https://github.com/dawsbot/eth-labels,medium,2026-10-01
0x55678cd083fcdc2947a0df635c93c838c89454a3,arbitrum,token-contract,Tokenlon: LON Token,entity,eth-labels,https://github.com/dawsbot/eth-labels,medium,2026-10-01
0x55a90f0eb223f3b2c0c0759f375734c48220decb,arbitrum,token-contract,handle.fi: fxSGD Token,entity,eth-labels,https://github.com/dawsbot/eth-labels,medium,2026-10-01
0x56051f8e46b67b4d286454995dbc6f5f3c433e34,arbitrum,token-contract,Pendle: YT-GLP-28MAR2024 Token,entity,eth-labels,https://github.com/dawsbot/eth-labels,medium,2026-10-01
0x56659245931cb6920e39c189d2a0e7dd0da2d57b,arbitrum,token-contract,Impermax: IBEX Token,entity,eth-labels,https://github.com/dawsbot/eth-labels,medium,2026-10-01
0x567ecfcb22205d279bb8eed3e066989902bf03d5,arbitrum,token-contract,token-contract,entity,eth-labels,https://github.com/dawsbot/eth-labels,medium,2026-10-01
0x56d4094f8fa31d45dbbb17b304e71631422d653d,arbitrum,token-contract,1912: MGMB Token,entity,eth-labels+etherscan-labels,https://github.com/dawsbot/eth-labels,medium,2026-10-01
0x56fe5aa5692e4fdab71ea14ef244eeae00f287be,arbitrum,token-contract,Pegged Finance: PEGG Token,entity,eth-labels,https://github.com/dawsbot/eth-labels,medium,2026-10-01
0x575388f9b5e6c509bfe111cbc591a96c0d4b23e0,arbitrum,token-contract,Bitcointry: BTTY Token,entity,eth-labels+etherscan-labels,https://github.com/dawsbot/eth-labels,medium,2026-10-01
0x57685ddbc1498f7873963cee5c186c7d95d91688,arbitrum,token-contract,TIME Token Finance: TUP Token,entity,eth-labels,https://github.com/dawsbot/eth-labels,medium,2026-10-01
0x57f12fe6a4e5fe819eec699fadf9db2d06606bb4,arbitrum,token-contract,Neptune Mutual: NPM Token,entity,eth-labels,https://github.com/dawsbot/eth-labels,medium,2026-10-01
0x57f5e098cad7a3d1eed53991d4d66c45c9af7812,arbitrum,token-contract,Mountain Protocol: wUSDM Token,entity,eth-labels,https://github.com/dawsbot/eth-labels,medium,2026-10-01
0x580e933d90091b9ce380740e3a4a39c67eb85b4c,arbitrum,token-contract,GameSwift DAO: GSWIFT Token,entity,eth-labels,https://github.com/dawsbot/eth-labels,medium,2026-10-01
0x58318bceaa0d249b62fad57d134da7475e551b47,arbitrum,token-contract,Zeeverse:  Token,entity,eth-labels,https://github.com/dawsbot/eth-labels,medium,2026-10-01
0x5837d843d49ffdefc78fe09b5f371427c917946f,arbitrum,token-contract,QIAN Labs: QSD Token,entity,eth-labels,https://github.com/dawsbot/eth-labels,medium,2026-10-01
0x589d35656641d6ab57a545f08cf473ecd9b6d5f7,arbitrum,token-contract,GMO Trust: GYEN Token,entity,eth-labels,https://github.com/dawsbot/eth-labels,medium,2026-10-01
0x58b13de0b56c91497b1aaeb344be2a4d7d0478c2,arbitrum,token-contract,LuxWorld: LUX Token,entity,eth-labels,https://github.com/dawsbot/eth-labels,medium,2026-10-01
0x58cb98a966f62aa6f2190eb3aa03132a0c3de3d5,arbitrum,token-contract,OpenWorld: OPEN Token,entity,eth-labels,https://github.com/dawsbot/eth-labels,medium,2026-10-01
0x58e50e24d5160def294b6b6410d12c597054b79e,arbitrum,token-contract,Fuzz.Fi: FUZZ Token,entity,eth-labels,https://github.com/dawsbot/eth-labels,medium,2026-10-01
0x58f50de493b6be3585558f95f208de489c296e24,arbitrum,token-contract,Pendle: PT-wstETH-28MAR24/SY-wstETH Market Token,entity,eth-labels,https://github.com/dawsbot/eth-labels,medium,2026-10-01
0x5979d7b546e38e414f7e9822514be443a4800529,arbitrum,token-contract,Wrapped stETH: wstETH Token,entity,eth-labels,https://github.com/dawsbot/eth-labels,medium,2026-10-01
0x59a729658e9245b0cf1f8cb9fb37945d2b06ea27,arbitrum,token-contract,Genomes: GENE Token,entity,eth-labels,https://github.com/dawsbot/eth-labels,medium,2026-10-01
0x59d9356e565ab3a36dd77763fc0d87feaf85508c,arbitrum,token-contract,Mountain Protocol: USDM Token,entity,eth-labels,https://github.com/dawsbot/eth-labels,medium,2026-10-01
0x59debed8d46a0cb823d8be8b957add987ead39aa,arbitrum,token-contract,DackieSwap: QUACK Token,entity,eth-labels,https://github.com/dawsbot/eth-labels,medium,2026-10-01
0x5a198f608d33f4af8d7ad8e16295913dfe9fd14a,arbitrum,token-contract,Kagedo: HODL Token,entity,eth-labels,https://github.com/dawsbot/eth-labels,medium,2026-10-01
0x5a4e68e1f82dd4eafbda13e47e0ec3cc452ed521,arbitrum,token-contract,Pendle: PT-wstETH-28MAR2024 Token,entity,eth-labels,https://github.com/dawsbot/eth-labels,medium,2026-10-01
0x5a7f39435fd9c381e4932fa2047c9a5136a5e3e7,arbitrum,token-contract,token-contract,entity,eth-labels,https://github.com/dawsbot/eth-labels,medium,2026-10-01
0x5aa8b9a683a2d24ad397e77a5c3687f7c64b5e06,arbitrum,token-contract,RunBlox: SHOE Token,entity,eth-labels,https://github.com/dawsbot/eth-labels,medium,2026-10-01
0x5aebac007b835cc9dc6a35ce0d1bf8fc71ce9577,arbitrum,token-contract,Weave Name: WN Token,entity,eth-labels,https://github.com/dawsbot/eth-labels,medium,2026-10-01
0x5b237ab26ced47fb8ed104671819c801aa5ba45e,arbitrum,token-contract,Lyra Finance: stkLYRA Token,entity,eth-labels,https://github.com/dawsbot/eth-labels,medium,2026-10-01
0x5c3d7b1e28a2bc612e9c92777eb144c1be3151e7,arbitrum,token-contract,Sharky Swap: Sharky-USDC,entity,eth-labels,https://github.com/dawsbot/eth-labels,medium,2026-10-01
0x5c4110ed760470f79e469a901bd6fb45a65be0f4,arbitrum,token-contract,Pendle: SY-mPendle Token,entity,eth-labels,https://github.com/dawsbot/eth-labels,medium,2026-10-01
0x5d340658400e1d2352262c7c361ace0366bf6c24,arbitrum,token-contract,Polyhedra 2024: Polyhedra 2024 Token,entity,eth-labels,https://github.com/dawsbot/eth-labels,medium,2026-10-01
0x5d482d501b369f5ba034dec5c5fb7a50d2d6ca20,arbitrum,token-contract,SPACE ID .arb Name Service: SIDARB Token,entity,eth-labels,https://github.com/dawsbot/eth-labels,medium,2026-10-01
0x5d8a5599d781cc50a234d73ac94f4da62c001d8b,arbitrum,token-contract,Vovo Finance: vedUSDC Token,entity,eth-labels,https://github.com/dawsbot/eth-labels,medium,2026-10-01
0x5db7b150c5f38c5f5db11dcbdb885028fcc51d68,arbitrum,token-contract,Sterling Finance: STR Token,entity,eth-labels,https://github.com/dawsbot/eth-labels,medium,2026-10-01
0x5dc5695cc991f277f47ecef73f5a016d8a938b94,arbitrum,token-contract,CrescentSwap: GAA Token,entity,eth-labels,https://github.com/dawsbot/eth-labels,medium,2026-10-01
0x5e09d34fa937cece9758525b7f04447aa86b77a1,arbitrum,token-contract,DopeWarz: DDZ Token,entity,eth-labels,https://github.com/dawsbot/eth-labels,medium,2026-10-01
0x5eab70a24d39a3c17b12097276d3f97a2431d300,arbitrum,token-contract,Cash Cow: MOO Token,entity,eth-labels,https://github.com/dawsbot/eth-labels,medium,2026-10-01
0x5f006745a9a192a7cd1236089f704f9b35d3b9cd,arbitrum,token-contract,Arable Protocol: ACRE Token,entity,eth-labels,https://github.com/dawsbot/eth-labels,medium,2026-10-01
0x5f320aae9b786a9f329a39e41a74e88e14783067,arbitrum,token-contract,PEPEX: PEPEX Token,entity,eth-labels,https://github.com/dawsbot/eth-labels,medium,2026-10-01
0x5f6061203d515141eca5a2fa98ea6da6649bfccd,arbitrum,token-contract,ExxPad: XPAD Token,entity,eth-labels,https://github.com/dawsbot/eth-labels,medium,2026-10-01
0x5fc17218196581864974574d715cfc7334794cbe,arbitrum,token-contract,Fiat24: GBP24 Token,entity,eth-labels,https://github.com/dawsbot/eth-labels,medium,2026-10-01
0x5fd71280b6385157b291b9962f22153fc9e79000,arbitrum,token-contract,Garbi Protocol: GRB Token,entity,eth-labels,https://github.com/dawsbot/eth-labels,medium,2026-10-01
0x602eb0d99a5e3e76d1510372c4d2020e12eaea8a,arbitrum,token-contract,TridentDAO: PSI Token,entity,eth-labels,https://github.com/dawsbot/eth-labels,medium,2026-10-01
0x60955a190dec0db9a45abe553ad2994126efdfcc,arbitrum,token-contract,Pendle: SY-sUSDC-ARBSilo Token,entity,eth-labels,https://github.com/dawsbot/eth-labels,medium,2026-10-01
0x60d01ec2d5e98ac51c8b4cf84dfcce98d527c747,arbitrum,token-contract,Izumi Finance: iZi Token,entity,eth-labels,https://github.com/dawsbot/eth-labels,medium,2026-10-01
0x60f7fd9977584793961d2ef293b8cbd6b3689710,arbitrum,token-contract,Subsmate: SUBS Token,entity,eth-labels,https://github.com/dawsbot/eth-labels,medium,2026-10-01
0x60f83082fc2aa538d684310365da08314322f3d3,arbitrum,token-contract,Pendle: YT-ARB-GRAIL_Camelot-27JUN2024 Token,entity,eth-labels,https://github.com/dawsbot/eth-labels,medium,2026-10-01
0x61462ff437b630e0c2f1f4711f5b276c47af2e63,arbitrum,token-contract,Realm: PARTICLE Token,entity,eth-labels,https://github.com/dawsbot/eth-labels,medium,2026-10-01
0x619f1f68a9a3cf939327801012e12f95b0312bb9,arbitrum,token-contract,Bro Kwon's Booty:  Token,entity,eth-labels+etherscan-labels,https://github.com/dawsbot/eth-labels,medium,2026-10-01
0x61a1ff55c5216b636a294a07d77c6f4df10d3b56,arbitrum,token-contract,ApeX Protocol: APEX Token,entity,eth-labels+etherscan-labels,https://github.com/dawsbot/eth-labels,medium,2026-10-01
0x61acf5194a8d1c9808f90ef174e33eb7fd6d9782,arbitrum,token-contract,Dogmusk: Dogmusk Token,entity,eth-labels,https://github.com/dawsbot/eth-labels,medium,2026-10-01
0x626948863e91031fbd84b3706269bc83e020b5dc,arbitrum,token-contract,K-Protocol: KAMP Token,entity,eth-labels,https://github.com/dawsbot/eth-labels,medium,2026-10-01
0x62c7e128e7c3205964429f58a0c6f63a776d10d1,arbitrum,token-contract,Brinc Finance: gBRC Token,entity,eth-labels+etherscan-labels,https://github.com/dawsbot/eth-labels,medium,2026-10-01
0x62cffe9917790edd44fbc36a76cb8e4920bd1268,arbitrum,token-contract,Twister Finance: TWST Token,entity,eth-labels,https://github.com/dawsbot/eth-labels,medium,2026-10-01
0x63097e97ba51b64547cf1f4ba154495d7af74582,arbitrum,token-contract,WINR Protocol: vWINR Token,entity,eth-labels,https://github.com/dawsbot/eth-labels,medium,2026-10-01
0x6325439389e0797ab35752b4f43a14c004f22a9c,arbitrum,token-contract,Smolverse: Smol Brains,entity,eth-labels,https://github.com/dawsbot/eth-labels,medium,2026-10-01
0x6328d8a59be28e9edc0b40c723feb9c4c8adc69a,arbitrum,token-contract,The Game DAO: BNGA Token,entity,eth-labels,https://github.com/dawsbot/eth-labels,medium,2026-10-01
0x635d0e13f98e107cf6c5cdfbf52c19843f87e76a,arbitrum,token-contract,Dominator Domains: DomDom Token,entity,eth-labels,https://github.com/dawsbot/eth-labels,medium,2026-10-01
0x63ffcfb69edf8c9cb19a36401cf88c8939c40650,arbitrum,token-contract,Notional Finance: pARB Token,entity,eth-labels,https://github.com/dawsbot/eth-labels,medium,2026-10-01
0x640278bada847b7ce71bb22f20517a009a049640,arbitrum,token-contract,GoSleep NGT: NGT Token,entity,eth-labels,https://github.com/dawsbot/eth-labels,medium,2026-10-01
0x64081252c497fcfec247a664e9d10ca8ed71b276,arbitrum,token-contract,ArbiFLUX: ArbiFLUX Token,entity,eth-labels+etherscan-labels,https://github.com/dawsbot/eth-labels,medium,2026-10-01
0x642ffab2752df3bce97083709f36080fb1482c80,arbitrum,token-contract,Government Toucans: TOUCAN Token,entity,eth-labels,https://github.com/dawsbot/eth-labels,medium,2026-10-01
0x64343594ab9b56e99087bfa6f2335db24c2d1f17,arbitrum,token-contract,Vesta Finance: VST Token,entity,eth-labels,https://github.com/dawsbot/eth-labels,medium,2026-10-01
0x643b34980e635719c15a2d4ce69571a258f940e9,arbitrum,token-contract,Standard Euro: EUROs Token,entity,eth-labels,https://github.com/dawsbot/eth-labels,medium,2026-10-01
0x64cff2e42ea7f2283c31ba6d108a4038454168b5,arbitrum,token-contract,Yieldification: slYDF Token,entity,eth-labels,https://github.com/dawsbot/eth-labels,medium,2026-10-01
0x654c908305021b2eaf881cee774ece1d2bcac5fc,arbitrum,token-contract,GMCash: GMC Token,entity,eth-labels,https://github.com/dawsbot/eth-labels,medium,2026-10-01
0x655a6beebf2361a19549a99486ff65f709bd2646,arbitrum,token-contract,LilAI: LILAI Token,entity,eth-labels,https://github.com/dawsbot/eth-labels,medium,2026-10-01
0x656b80b667a46869144047e6e6c0000c81610253,arbitrum,token-contract,Angle Protocol: ANGLE Token,entity,eth-labels+etherscan-labels,https://github.com/dawsbot/eth-labels,medium,2026-10-01
0x65819e4ee91923499934c86e93357f633033cb0b,arbitrum,token-contract,Pendle: PT-MUXLP-28MAR24/SY-MUXLP Market Token,entity,eth-labels,https://github.com/dawsbot/eth-labels,medium,2026-10-01
0x65c936f008bc34fe819bce9fa5afd9dc2d49977f,arbitrum,token-contract,Y2K Finance: Y2K Token,entity,eth-labels,https://github.com/dawsbot/eth-labels,medium,2026-10-01
0x6604b5da093f3f35066c6c79e51d581a44c35288,arbitrum,token-contract,Uranium3o8: U Token,entity,eth-labels,https://github.com/dawsbot/eth-labels,medium,2026-10-01
0x6609be1547166d1c4605f3a243fdcff467e600c3,arbitrum,token-contract,Neutra Finance: NEU Token,entity,eth-labels,https://github.com/dawsbot/eth-labels,medium,2026-10-01
0x667a51d8b05c37bb8338e2495f1a2fcb83115b55,arbitrum,token-contract,Evil Kongs: AHSU Token,entity,eth-labels,https://github.com/dawsbot/eth-labels,medium,2026-10-01
0x6688b00f0c23a4a546beaae51a7c90c439895d48,arbitrum,token-contract,Tarot: TAROT Token,entity,eth-labels,https://github.com/dawsbot/eth-labels,medium,2026-10-01
0x66ba30d5d7c66afd4ed41c3498ec9e20a03a1368,arbitrum,token-contract,DeFIL: eFIL Token,entity,eth-labels+etherscan-labels,https://github.com/dawsbot/eth-labels,medium,2026-10-01
0x6740acb82ac5c63a7ad2397ee1faed7c788f5f8c,arbitrum,token-contract,AlienFi: ALIEN Token,entity,eth-labels+etherscan-labels,https://github.com/dawsbot/eth-labels,medium,2026-10-01
0x67c31056358b8977ea95a3a899dd380d4bced706,arbitrum,token-contract,ETHforestAI: ETHFAI Token,entity,eth-labels,https://github.com/dawsbot/eth-labels,medium,2026-10-01
0x67d2373f0321cd24a1b58e3c81fc1b6ef15b205c,arbitrum,token-contract,Index Coop: ETH2X Token,entity,eth-labels,https://github.com/dawsbot/eth-labels,medium,2026-10-01
0x680447595e8b7b3aa1b43beb9f6098c79ac2ab3f,arbitrum,token-contract,Decentralized USD: USDD Token,entity,eth-labels+etherscan-labels,https://github.com/dawsbot/eth-labels,medium,2026-10-01
0x685155d3bd593508fe32be39729810a591ed9c87,arbitrum,token-contract,Pendle: PT-rETH-26JUN2025 Token,entity,eth-labels,https://github.com/dawsbot/eth-labels,medium,2026-10-01
0x68592c5c98c4f4a8a4bc6da2121e65da3d1c0917,arbitrum,token-contract,USDLR by Stable: Old USDLR Token,entity,eth-labels,https://github.com/dawsbot/eth-labels,medium,2026-10-01
0x68ee0d0aad9e1984af85ca224117e4d20eaf68be,arbitrum,token-contract,Crypto Royale: ROY Token,entity,eth-labels+etherscan-labels,https://github.com/dawsbot/eth-labels,medium,2026-10-01
0x699c2d6138e15a772f4399b9d63ce0b5feaca626,arbitrum,token-contract,Second City Studio: CITY Token,entity,eth-labels,https://github.com/dawsbot/eth-labels,medium,2026-10-01
0x69b2cd28b205b47c8ba427e111dd486f9c461b57,arbitrum,token-contract,Partyhat: PHAT Token,entity,eth-labels,https://github.com/dawsbot/eth-labels,medium,2026-10-01
0x69ddf9ce5568efa913f1ea601ed298ccfebfc811,arbitrum,token-contract,Pendle: YT-ARB-ETH_Camelot-27JUN2024 Token,entity,eth-labels,https://github.com/dawsbot/eth-labels,medium,2026-10-01
0x6a214298e6f8605f6ab52913e4fc4a02ce66d33a,arbitrum,token-contract,OVAULT: OVAULT Token,entity,eth-labels,https://github.com/dawsbot/eth-labels,medium,2026-10-01
0x6a7661795c374c0bfc635934efaddff3a7ee23b6,arbitrum,token-contract,Inverse Finance: DOLA Token,entity,eth-labels,https://github.com/dawsbot/eth-labels,medium,2026-10-01
0x6b021b3f68491974be6d4009fee61a4e3c708fd6,arbitrum,token-contract,Fuse: FUSE Token,entity,eth-labels,https://github.com/dawsbot/eth-labels,medium,2026-10-01
0x6b5b5eac259e883b484ed879d43dd4d616a90e65,arbitrum,token-contract,The Knowers: KNOW Token,entity,eth-labels,https://github.com/dawsbot/eth-labels,medium,2026-10-01
0x6b86936967a328b327a6b8deafda9884f5006832,arbitrum,token-contract,Smol Age: NeanderSmol Token,entity,eth-labels,https://github.com/dawsbot/eth-labels,medium,2026-10-01
0x6ba6f18a290cd55cf1b00be2bec5c954cb29fac5,arbitrum,token-contract,Volt Protocol: VOLT Token,entity,eth-labels,https://github.com/dawsbot/eth-labels,medium,2026-10-01
0x6bb7a17acc227fd1f6781d1eedeae01b42047ee0,arbitrum,token-contract,LEXER Markets: LEX Token,entity,eth-labels,https://github.com/dawsbot/eth-labels,medium,2026-10-01
0x6c84a8f1c29108f47a79964b5fe888d4f4d0de40,arbitrum,token-contract,Threshold Network: tBTC Token,entity,eth-labels,https://github.com/dawsbot/eth-labels,medium,2026-10-01
0x6cc5b1fb8c2fd7af1d2858f916f274b8faac82e1,arbitrum,token-contract,Ojamu: OJA Token,entity,eth-labels,https://github.com/dawsbot/eth-labels,medium,2026-10-01
0x6d038130b9b379a373b1d33a29d5904ed1bb9026,arbitrum,token-contract,Quick Intel: QUICKI Token,entity,eth-labels,https://github.com/dawsbot/eth-labels,medium,2026-10-01
0x6d13d3c51e75f9970733ff8c32715773e1ed73c4,arbitrum,token-contract,Notional Finance: pLINK Token,entity,eth-labels,https://github.com/dawsbot/eth-labels,medium,2026-10-01
0x6d60d61fc082438b17f32422887db9fca9f12f14,arbitrum,token-contract,SO3: SO3 Token,entity,eth-labels,https://github.com/dawsbot/eth-labels,medium,2026-10-01
0x6daf586b7370b14163171544fca24abcc0862ac5,arbitrum,token-contract,xPet.tech: BPET Token,entity,eth-labels,https://github.com/dawsbot/eth-labels,medium,2026-10-01
0x6dbf2155b0636cb3fd5359fccefb8a2c02b6cb51,arbitrum,token-contract,token-contract,entity,eth-labels,https://github.com/dawsbot/eth-labels,medium,2026-10-01
0x6dd963c510c2d2f09d5eddb48ede45fed063eb36,arbitrum,token-contract,Factor: FCTR Token,entity,eth-labels,https://github.com/dawsbot/eth-labels,medium,2026-10-01
0x6df0018b0449bb4468bfae8507e13021a7aa0583,arbitrum,token-contract,Vaultka: WATER Token,entity,eth-labels,https://github.com/dawsbot/eth-labels,medium,2026-10-01
0x6e4cc0ab2b4d2edafa6723cfa1582229f1dd1be1,arbitrum,token-contract,ZUSD: ZUSD Token,entity,eth-labels,https://github.com/dawsbot/eth-labels,medium,2026-10-01
0x6eed9140f80f9e989cb23aecbd20b97a29ffc80f,arbitrum,token-contract,Superpower Squad: ECG Token,entity,eth-labels,https://github.com/dawsbot/eth-labels,medium,2026-10-01
0x6f02c88650837c8dfe89f66723c4743e9cf833cd,arbitrum,token-contract,Pendle: PT-rsETH-24APR24 /SY-rsETH Market Token,entity,eth-labels,https://github.com/dawsbot/eth-labels,medium,2026-10-01
0x6f14d3cd37a0647a3ee60eb2214486f8a1cddccc,arbitrum,token-contract,Pendle: SY-Kyber Elastic axlWstEth-wstETH Token,entity,eth-labels,https://github.com/dawsbot/eth-labels,medium,2026-10-01
0x6f28cafe12bd97e474a52bcbfea6f2c18ae0f53d,arbitrum,token-contract,Notional Finance: pUSD Coin Token,entity,eth-labels,https://github.com/dawsbot/eth-labels,medium,2026-10-01
0x6f5401c53e2769c858665621d22ddbf53d8d27c5,arbitrum,token-contract,Connect Financial: CNFI Token,entity,eth-labels+etherscan-labels,https://github.com/dawsbot/eth-labels,medium,2026-10-01
0x6f6603f12af215bdba1f55f643e098530dd45b8f,arbitrum,token-contract,Notional Finance: nrETH Token,entity,eth-labels,https://github.com/dawsbot/eth-labels,medium,2026-10-01
0x6fc148507a62568dcfdece65247159be6ae631da,arbitrum,token-contract,Radiate Protocol: RADT Token,entity,eth-labels,https://github.com/dawsbot/eth-labels,medium,2026-10-01
0x6fc2680d8ad8e8312191441b4eca9eff8d06b45a,arbitrum,token-contract,Artichoke: CHOKE Token,entity,eth-labels,https://github.com/dawsbot/eth-labels,medium,2026-10-01
0x6fd58f5a2f3468e35feb098b5f59f04157002407,arbitrum,token-contract,pogai: pogai Token,entity,eth-labels,https://github.com/dawsbot/eth-labels,medium,2026-10-01
0x6fdbbd18a7575c0125c56be4afdbd1392c2be118,arbitrum,token-contract,You Donate Protocol: YDT Token,entity,eth-labels,https://github.com/dawsbot/eth-labels,medium,2026-10-01
0x6ff0609046a38d76bd40c5863b4d1a2dce687f73,arbitrum,token-contract,Multichain: anyDEUS Token,entity,eth-labels,https://github.com/dawsbot/eth-labels,medium,2026-10-01
0x71604bc2766b8045a47b905ffea2038f7cdd43e9,arbitrum,token-contract,Multichain: anySNOW Token,entity,eth-labels,https://github.com/dawsbot/eth-labels,medium,2026-10-01
0x71eeba415a523f5c952cc2f06361d5443545ad28,arbitrum,token-contract,XDAO: XDAO Token,entity,eth-labels,https://github.com/dawsbot/eth-labels,medium,2026-10-01
0x722a6031d5976fc61fa952a02160406960969927,arbitrum,token-contract,Pendle: YT-wstETH-28DEC2023 Token,entity,eth-labels,https://github.com/dawsbot/eth-labels,medium,2026-10-01
0x7241bc8035b65865156ddb5edef3eb32874a3af6,arbitrum,token-contract,Jones GLP: jGLP Token,entity,eth-labels,https://github.com/dawsbot/eth-labels,medium,2026-10-01
0x72bd2bc9ad82c010434a5c4b5322ae18ac4f0087,arbitrum,token-contract,AIPEOPLE: AIPEOPLE Token,entity,eth-labels,https://github.com/dawsbot/eth-labels,medium,2026-10-01
0x7319c62e62cf8bdd59ff1b68bf272a30145c4daa,arbitrum,token-contract,Enter The Garden:  Token,entity,eth-labels,https://github.com/dawsbot/eth-labels,medium,2026-10-01
0x73700aecfc4621e112304b6edc5ba9e36d7743d3,arbitrum,token-contract,Liquid Finance: lqETH Token,entity,eth-labels,https://github.com/dawsbot/eth-labels,medium,2026-10-01
0x739ca6d71365a08f584c8fc4e1029045fa8abc4b,arbitrum,token-contract,OlympusDAO: wsOHM,entity,eth-labels,https://github.com/dawsbot/eth-labels,medium,2026-10-01
0x739e93844adabfd58b00b2bed540d1661d9af682,arbitrum,token-contract,NoriGO!: GO! Token,entity,eth-labels,https://github.com/dawsbot/eth-labels,medium,2026-10-01
0x73ed68b834e44096eb4bea6edead038c945722f1,arbitrum,token-contract,Sharky Swap: SHARKY Token,entity,eth-labels,https://github.com/dawsbot/eth-labels,medium,2026-10-01
0x743b077b103d91109082a7a48e19ffc1093137a5,arbitrum,token-contract,CharacterAI: CHAI Token,entity,eth-labels,https://github.com/dawsbot/eth-labels,medium,2026-10-01
0x747910b74d2651a06563c3182838eae4120f4277,arbitrum,token-contract,Adventurers Of The Void: AoV Token,entity,eth-labels,https://github.com/dawsbot/eth-labels,medium,2026-10-01
0x7480224ec2b98f28cee3740c80940a2f489bf352,arbitrum,token-contract,Tales of Elleria: EllerianHeroes Token,entity,eth-labels,https://github.com/dawsbot/eth-labels,medium,2026-10-01
0x748b5be12ac1ce2ef73035189f943591c1822b7d,arbitrum,token-contract,MetaLine Gold: MTG Token,entity,eth-labels,https://github.com/dawsbot/eth-labels,medium,2026-10-01
0x74ccbe53f77b08632ce0cb91d3a545bf6b8e0979,arbitrum,token-contract,Fantom Bomb: fBOMB Token,entity,eth-labels,https://github.com/dawsbot/eth-labels,medium,2026-10-01
0x7588c74473a84d7fa87bec375b408e3402f7fdb9,arbitrum,token-contract,Pendle: YT-PENDLE-ETH_Camelot-27JUN2024 Token,entity,eth-labels,https://github.com/dawsbot/eth-labels,medium,2026-10-01
0x75c5f6d32d8ef3a4f0f43f7792aa08e8678972f9,arbitrum,token-contract,BitcoinBR: BTCBR Token,entity,eth-labels+etherscan-labels,https://github.com/dawsbot/eth-labels,medium,2026-10-01
0x764bfc309090e7f93edce53e5befa374cdcb7b8e,arbitrum,token-contract,Grimace: GRIMACE Token,entity,eth-labels,https://github.com/dawsbot/eth-labels,medium,2026-10-01
0x76b44e0cf9bd024dbed09e1785df295d59770138,arbitrum,token-contract,deUSDC: deUSDС+2P3CRV-f Token,entity,eth-labels+etherscan-labels,https://github.com/dawsbot/eth-labels,medium,2026-10-01
0x76bc2e765414e6c8b596c0f52c4240f80268f41d,arbitrum,token-contract,Unibit: UIBT Token,entity,eth-labels,https://github.com/dawsbot/eth-labels,medium,2026-10-01
0x76ce14237110c865f431e18f91fc1b225fb6fe99,arbitrum,token-contract,TraderDAO Proof Of Trade: POT Token,entity,eth-labels,https://github.com/dawsbot/eth-labels,medium,2026-10-01
0x76f91fb6c3a672a1a1d58689b595d74e00b267c2,arbitrum,token-contract,Overnight Finance: ETS Beta Token,entity,eth-labels,https://github.com/dawsbot/eth-labels,medium,2026-10-01
0x771146816a0c7d74daf652252d646ab0bff7c21a,arbitrum,token-contract,Wheat: WHEAT Token,entity,eth-labels,https://github.com/dawsbot/eth-labels,medium,2026-10-01
0x77194621143f0693394430953a3fedda1ec0f5b3,arbitrum,token-contract,SERAPH: SRF Token,entity,eth-labels,https://github.com/dawsbot/eth-labels,medium,2026-10-01
0x776854f68b958a305e26757c989b33a500c2b6d4,arbitrum,token-contract,Makx: aMKX Token,entity,eth-labels,https://github.com/dawsbot/eth-labels,medium,2026-10-01
0x78055daa07035aa5ebc3e5139c281ce6312e1b22,arbitrum,token-contract,Parrot Defi: PPEGG Token,entity,eth-labels,https://github.com/dawsbot/eth-labels,medium,2026-10-01
0x782617249085aa28a367feb49cf811434660cee5,arbitrum,token-contract,Betero: BTE Token,entity,eth-labels,https://github.com/dawsbot/eth-labels,medium,2026-10-01
0x7932273f92396ecef6f51da7456eb22314b8419d,arbitrum,token-contract,Scattering: sRealm Token,entity,eth-labels,https://github.com/dawsbot/eth-labels,medium,2026-10-01
0x794baab6b878467f93ef17e2f2851ce04e3e34c8,arbitrum,token-contract,YIN Finance: YIN Token,entity,eth-labels,https://github.com/dawsbot/eth-labels,medium,2026-10-01
0x7985de01b26c1efaba8bf4a9971a32dff8661bfb,arbitrum,token-contract,Banana: Banana Token,entity,eth-labels,https://github.com/dawsbot/eth-labels,medium,2026-10-01
0x7a2c1b8e26c48a5b73816b7ec826fd4053f5f34b,arbitrum,token-contract,GoSleep ZZZ: ZZZ Token,entity,eth-labels,https://github.com/dawsbot/eth-labels,medium,2026-10-01
0x7a5d193fe4ed9098f7eadc99797087c96b002907,arbitrum,token-contract,Plutus ARB: plsARB Token,entity,eth-labels,https://github.com/dawsbot/eth-labels,medium,2026-10-01
0x7a991f32c1905ec909ba870b34f3a9ef13a8dbec,arbitrum,token-contract,Lady Pepe: LPEPE Token,entity,eth-labels,https://github.com/dawsbot/eth-labels,medium,2026-10-01
0x7ab08069a6ee445703116e4e09049e88a237af5e,arbitrum,token-contract,Rage Trade: vETH Token,entity,eth-labels,https://github.com/dawsbot/eth-labels,medium,2026-10-01
0x7ac168c81f4f3820fa3f22603ce5864d6ab3c547,arbitrum,token-contract,Staked ACME: stACME Token,entity,eth-labels,https://github.com/dawsbot/eth-labels,medium,2026-10-01
0x7acbea3b8ab7cdf4a595c6ed81e7d3e26038d494,arbitrum,token-contract,Kyber Network: wstETH/USDC Pool,entity,eth-labels,https://github.com/dawsbot/eth-labels,medium,2026-10-01
0x7bb3d78fab159137e535157df2dc59f22adaa1a9,arbitrum,token-contract,LabraLOL: BUD Token,entity,eth-labels,https://github.com/dawsbot/eth-labels,medium,2026-10-01
0x7be5dd337cc6ce3e474f64e2a92a566445290864,arbitrum,token-contract,token-contract,entity,eth-labels,https://github.com/dawsbot/eth-labels,medium,2026-10-01
0x7beb05cf5681f402e762f8569c2fc138a2172978,arbitrum,token-contract,Multichain: anyCRV Token,entity,eth-labels,https://github.com/dawsbot/eth-labels,medium,2026-10-01
0x7bec229129965714b86d55d5a9325d21f0deeddd,arbitrum,token-contract,Pepe Rew: PEPEREW Token,entity,eth-labels,https://github.com/dawsbot/eth-labels,medium,2026-10-01
0x7c10b66c442fc403ab2b8bd73553d0df262ad8a5,arbitrum,token-contract,Multichain: anyPREMIA Token,entity,eth-labels,https://github.com/dawsbot/eth-labels,medium,2026-10-01
0x7c8a1a80fdd00c9cccd6ebd573e9ecb49bfa2a59,arbitrum,token-contract,ArbDoge.AI: AICODE Token,entity,eth-labels,https://github.com/dawsbot/eth-labels,medium,2026-10-01
0x7cec785fba5ee648b48fbffc378d74c8671bb3cb,arbitrum,token-contract,Mycelium: esMYC Token,entity,eth-labels,https://github.com/dawsbot/eth-labels,medium,2026-10-01
0x7d05d38e6109a3aeeebf0a570eb8f6856cb4b55e,arbitrum,token-contract,MintMe: MINTME Token,entity,eth-labels,https://github.com/dawsbot/eth-labels,medium,2026-10-01
0x7d3a64905f87340f21f8e28ccaaf975b35b0def6,arbitrum,token-contract,Notional Finance: pLDO Token,entity,eth-labels,https://github.com/dawsbot/eth-labels,medium,2026-10-01
0x7d49e5adc0eaad9c027857767638613253ef125f,arbitrum,token-contract,Pendle: PT-GLP-28MAR24/SY-GLP Market Token,entity,eth-labels,https://github.com/dawsbot/eth-labels,medium,2026-10-01
0x7d86f1eaff29f076576b2ff09ce3bcc7533fd2c5,arbitrum,token-contract,Risitas: RISITA Token,entity,eth-labels,https://github.com/dawsbot/eth-labels,medium,2026-10-01
0x7dd747d63b094971e6638313a6a2685e80c7fb2e,arbitrum,token-contract,STFX: STFX Token,entity,eth-labels,https://github.com/dawsbot/eth-labels,medium,2026-10-01
0x7ddf25cb4861590578f1fb85fcf1c5afd00a01de,arbitrum,token-contract,PEPER: PEPER Token,entity,eth-labels,https://github.com/dawsbot/eth-labels,medium,2026-10-01
0x7e038f80ff6dc3cef0fee3b2f0a0cfa5abb15b88,arbitrum,token-contract,Overnight Finance: ETS Alpha Token,entity,eth-labels,https://github.com/dawsbot/eth-labels,medium,2026-10-01
0x7e325091e5525d3ea4d54a1488ecca8d1df732f3,arbitrum,token-contract,Pacman Native Token: PAC Token,entity,eth-labels,https://github.com/dawsbot/eth-labels,medium,2026-10-01
0x7e40b3e0fd0473e0240288d2b7618ac6f0c17e1b,arbitrum,token-contract,token-contract,entity,eth-labels,https://github.com/dawsbot/eth-labels,medium,2026-10-01
0x7f1bce4691e187d56a3ec2e448c3f9112c1c2b4c,arbitrum,token-contract,TurboGlobal: TGB Token,entity,eth-labels,https://github.com/dawsbot/eth-labels,medium,2026-10-01
0x7f4638a58c0615037decc86f1dae60e55fe92874,arbitrum,token-contract,RigoBlock: GRG Token,entity,eth-labels,https://github.com/dawsbot/eth-labels,medium,2026-10-01
0x7f465507f058e17ad21623927a120ac05ca32741,arbitrum,token-contract,Arcadeum: ARC Token,entity,eth-labels+etherscan-labels,https://github.com/dawsbot/eth-labels,medium,2026-10-01
0x7f5373ae26c3e8ffc4c77b7255df7ec1a9af52a6,arbitrum,token-contract,Axelar: axlUSDT Token,entity,eth-labels,https://github.com/dawsbot/eth-labels,medium,2026-10-01
0x7f7d7806f4eb90d63b0b278daf32a2db2c2001bd,arbitrum,token-contract,BonusBlock: BONUS Token,entity,eth-labels,https://github.com/dawsbot/eth-labels,medium,2026-10-01
0x7fb7ede54259cb3d4e1eaf230c7e2b1ffc951e9a,arbitrum,token-contract,Numa: NUMA Token,entity,eth-labels,https://github.com/dawsbot/eth-labels,medium,2026-10-01
0x802124eb78e43fd8d3d4e6daaaa4be28dc7993dc,arbitrum,token-contract,SpinaqDex: SPINAQ Token,entity,eth-labels,https://github.com/dawsbot/eth-labels,medium,2026-10-01
0x8073600f2aba6d5fa496e3826e0b46b7ea6fe2ba,arbitrum,token-contract,Burnitrum: Burni Token,entity,eth-labels+etherscan-labels,https://github.com/dawsbot/eth-labels,medium,2026-10-01
0x8096ad3107715747361acefe685943bfb427c722,arbitrum,token-contract,Crypto Volatility Index: CVOL Token,entity,eth-labels+etherscan-labels,https://github.com/dawsbot/eth-labels,medium,2026-10-01
0x809b43d2a81a34c4d91bf4815a544d839d0773bb,arbitrum,token-contract,Notional Finance: ncbETH Token,entity,eth-labels,https://github.com/dawsbot/eth-labels,medium,2026-10-01
0x80bb30d62a16e1f2084deae84dc293531c3ac3a1,arbitrum,token-contract,Granary: GRAIN Token,entity,eth-labels,https://github.com/dawsbot/eth-labels,medium,2026-10-01
0x80c12d5b6cc494632bf11b03f09436c8b61cc5df,arbitrum,token-contract,Pendle: SY-wstETH Token,entity,eth-labels,https://github.com/dawsbot/eth-labels,medium,2026-10-01
0x80dd74145b8bb10cef01bf914f796bd8b54d7809,arbitrum,token-contract,Hepton: HTE Token,entity,eth-labels,https://github.com/dawsbot/eth-labels,medium,2026-10-01
0x810cf1757b51963102e0b4fe9fdfcdf749dea98a,arbitrum,token-contract,Sanctum Coin: SANCTA Token,entity,eth-labels,https://github.com/dawsbot/eth-labels,medium,2026-10-01
0x813ffcc4af3e810e6b447235cc88a02f00454453,arbitrum,token-contract,Overnight Finance: ETS Gamma Token,entity,eth-labels,https://github.com/dawsbot/eth-labels,medium,2026-10-01
0x81de4945807bb31425362f8f7109c18e3dc4f8f0,arbitrum,token-contract,Bolide: BLID Token,entity,eth-labels,https://github.com/dawsbot/eth-labels,medium,2026-10-01
0x8258b42384fd473d222a1e220925ff46a591d5f4,arbitrum,token-contract,Doora Inu NFT: DINU Token,entity,eth-labels,https://github.com/dawsbot/eth-labels,medium,2026-10-01
0x8332717a53b73adb5897f473f54384956787a978,arbitrum,token-contract,Yieldification: sYDF Token,entity,eth-labels,https://github.com/dawsbot/eth-labels,medium,2026-10-01
0x83d6c8c06ac276465e4c92e7ac8c23740f435140,arbitrum,token-contract,HMX: HMX Token,entity,eth-labels,https://github.com/dawsbot/eth-labels,medium,2026-10-01
0x83e1d2310ade410676b1733d16e89f91822fd5c3,arbitrum,token-contract,Jito Network: JitoSOL Token,entity,eth-labels,https://github.com/dawsbot/eth-labels,medium,2026-10-01
0x842216e0aa2ae608699f7b1063f26ce6b30c5311,arbitrum,token-contract,Urdex Finance: URD Token,entity,eth-labels,https://github.com/dawsbot/eth-labels,medium,2026-10-01
0x847503fbf003ce8b005546aa3c03b80b7c2f9771,arbitrum,token-contract,Byte: BYTE Token,entity,eth-labels,https://github.com/dawsbot/eth-labels,medium,2026-10-01
0x847db21ef9de627c23d3dff470af6599b1a30d3f,arbitrum,token-contract,Black Rabbit AI: BRAIN Token,entity,eth-labels+etherscan-labels,https://github.com/dawsbot/eth-labels,medium,2026-10-01
0x848e0ba28b637e8490d88bae51fa99c87116409b,arbitrum,token-contract,Agave: AGVE Token,entity,eth-labels+etherscan-labels,https://github.com/dawsbot/eth-labels,medium,2026-10-01
0x8491f9a5ba93ab2def499d956fd7caaf1e9f6040,arbitrum,token-contract,Pendle:PT-Kyber Elastic axlWstEth-wstETH-28MAR2024,entity,eth-labels,https://github.com/dawsbot/eth-labels,medium,2026-10-01
0x849bebd17264e1c7108492458ca965c2d641acce,arbitrum,token-contract,ArbZilla: ZILLA Token,entity,eth-labels+etherscan-labels,https://github.com/dawsbot/eth-labels,medium,2026-10-01
0x84e0a246dd437d911989e89667816a9ed97a1284,arbitrum,token-contract,Magic Fox: FOX Token,entity,eth-labels,https://github.com/dawsbot/eth-labels,medium,2026-10-01
0x84f5c2cfba754e76dd5ae4fb369cfc920425e12b,arbitrum,token-contract,Cryptex Finance: CTX Token,entity,eth-labels,https://github.com/dawsbot/eth-labels,medium,2026-10-01
0x850d4ce0c0a5c0e2e3b4ef2cddb5ecc629f1ffdf,arbitrum,token-contract,GTPS: GTPS Token,entity,eth-labels,https://github.com/dawsbot/eth-labels,medium,2026-10-01
0x85667409a723684fe1e57dd1abde8d88c2f54214,arbitrum,token-contract,Magic Internet Money: mGLP Token,entity,eth-labels,https://github.com/dawsbot/eth-labels,medium,2026-10-01
0x860a43f58771730596ac0aa382e31f157752ba06,arbitrum,token-contract,ShibaZilla: ShibaZilla Token,entity,eth-labels,https://github.com/dawsbot/eth-labels,medium,2026-10-01
0x8616e8ea83f048ab9a5ec513c9412dd2993bce3f,arbitrum,token-contract,handle.fi: fxUSD,entity,eth-labels,https://github.com/dawsbot/eth-labels,medium,2026-10-01
0x8621c587059357d6c669f72da3bfe1398fc0d0b5,arbitrum,token-contract,Pendle: PT-aUSDC-27JUN24/SY-aUSDC Market Token,entity,eth-labels,https://github.com/dawsbot/eth-labels,medium,2026-10-01
0x8626264b6a1b4e920905efd381002aba52ea0eea,arbitrum,token-contract,BlackHat: BLKC Token,entity,eth-labels,https://github.com/dawsbot/eth-labels,medium,2026-10-01
0x866016475bdbe441f846eb1ebd2df6155b2a1819,arbitrum,token-contract,Pepe CPT: CPT Token,entity,eth-labels,https://github.com/dawsbot/eth-labels,medium,2026-10-01
0x866eb09d3d1397b8a28cfe5dceeaed9362840385,arbitrum,token-contract,Notional Finance: prETH Token,entity,eth-labels,https://github.com/dawsbot/eth-labels,medium,2026-10-01
0x86a1012d437bbff84fbdf62569d12d4fd3396f8c,arbitrum,token-contract,Arbys Token: ARBYS Token,entity,eth-labels+etherscan-labels,https://github.com/dawsbot/eth-labels,medium,2026-10-01
0x86b162765811e4d16dd7de17e7a5110953a5a5df,arbitrum,token-contract,Arb Poppy AI: AIPOPPY Token,entity,eth-labels,https://github.com/dawsbot/eth-labels,medium,2026-10-01
0x86b3353387f560295a8fa7902679735e5f076bd5,arbitrum,token-contract,Omicron DAO: OMIC Token,entity,eth-labels,https://github.com/dawsbot/eth-labels,medium,2026-10-01
0x86d80fbb0701dd500767b7bc3af72d002eb5de77,arbitrum,token-contract,Xfish: Xfish Token,entity,eth-labels,https://github.com/dawsbot/eth-labels,medium,2026-10-01
0x872bad41cfc8ba731f811fea8b2d0b9fd6369585,arbitrum,token-contract,BattleFly: GFLY Token,entity,eth-labels+etherscan-labels,https://github.com/dawsbot/eth-labels,medium,2026-10-01
0x873177db4eac3581464ffa64deb39b25ce409bfd,arbitrum,token-contract,Narwhal Finance: NAR Token,entity,eth-labels,https://github.com/dawsbot/eth-labels,medium,2026-10-01
0x875ce69f87beb1d9b0c407597d4057fa91d364a7,arbitrum,token-contract,Arcadeum: ALP Token,entity,eth-labels+etherscan-labels,https://github.com/dawsbot/eth-labels,medium,2026-10-01
0x87a0bb8f308518a125654450ef2c668b543a8dcf,arbitrum,token-contract,Uniperp: UNIP Token,entity,eth-labels,https://github.com/dawsbot/eth-labels,medium,2026-10-01
0x87aaffdf26c6885f6010219208d5b161ec7609c0,arbitrum,token-contract,Equation: EQU Token,entity,eth-labels,https://github.com/dawsbot/eth-labels,medium,2026-10-01
0x881ee52679537c6834fdeeb3673da2e3ecb50df6,arbitrum,token-contract,DegenReborn: DEGEN Token,entity,eth-labels,https://github.com/dawsbot/eth-labels,medium,2026-10-01
0x88266f9eb705f5282a2507a9c418821a2ac9f8bd,arbitrum,token-contract,Nutcash: NCASH Token,entity,eth-labels,https://github.com/dawsbot/eth-labels,medium,2026-10-01
0x884e1db2bde9023203aa900a5f35b87bbab001b9,arbitrum,token-contract,Generic Coin: GEN Token,entity,eth-labels,https://github.com/dawsbot/eth-labels,medium,2026-10-01
0x8851d0a690f9d1ccb487203d75a1703e133d92fc,arbitrum,token-contract,aiPX: AIPX Token,entity,eth-labels,https://github.com/dawsbot/eth-labels,medium,2026-10-01
0x88bc5d8043195d3362262a6f35a8e416e416fa97,arbitrum,token-contract,TimeswapV2: Timeswap Token,entity,eth-labels,https://github.com/dawsbot/eth-labels,medium,2026-10-01
0x88f3c911190a2b6459345872c363371f3dfa72b6,arbitrum,token-contract,Hamburglar: HAMBURGLAR Token,entity,eth-labels,https://github.com/dawsbot/eth-labels,medium,2026-10-01
0x894134a25a5fac1c2c26f1d8fbf05111a3cb9487,arbitrum,token-contract,Gravita Protocol: GRAI Token,entity,eth-labels,https://github.com/dawsbot/eth-labels,medium,2026-10-01
0x894a3abb764a0ef5da69c62336ac3c15b88bf106,arbitrum,token-contract,Chunks: CHUNKS Token,entity,eth-labels,https://github.com/dawsbot/eth-labels,medium,2026-10-01
0x89718f712da063bac92cac3468f109db852b05ff,arbitrum,token-contract,Ax Protocol: USX Token,entity,eth-labels,https://github.com/dawsbot/eth-labels,medium,2026-10-01
0x8a66794e1aaebc7018a7b75f61f384e30ae3b159,arbitrum,token-contract,BlueSale Finance: BLS Token,entity,eth-labels,https://github.com/dawsbot/eth-labels,medium,2026-10-01
0x8a823dfdb9bf6e109f97fa77d790a138010fa434,arbitrum,token-contract,DAU: DAU Token,entity,eth-labels,https://github.com/dawsbot/eth-labels,medium,2026-10-01
0x8a984f6bcaec0dc0a48d2435bbf76eb6ebf1c56e,arbitrum,token-contract,Sharky Swap: Sharky-WETH,entity,eth-labels,https://github.com/dawsbot/eth-labels,medium,2026-10-01
0x8a9b4575528f9a9a867d36905034a9d4b66d3e95,arbitrum,token-contract,CanaBoyz: AIRCNB Token,entity,eth-labels,https://github.com/dawsbot/eth-labels,medium,2026-10-01
0x8abfa6a4f4b9865b0e7acfdce1839a2584636d06,arbitrum,token-contract,Magikal: MGKL Token,entity,eth-labels,https://github.com/dawsbot/eth-labels,medium,2026-10-01
0x8b04bf3358b88e3630aa64c1c76ff3b6c699c6a7,arbitrum,token-contract,Planet IX: xIXT Token,entity,eth-labels,https://github.com/dawsbot/eth-labels,medium,2026-10-01
0x8b0e6f19ee57089f7649a455d89d7bc6314d04e8,arbitrum,token-contract,Dream Machine Token: DMT Token,entity,eth-labels,https://github.com/dawsbot/eth-labels,medium,2026-10-01
0x8b5e4c9a188b1a187f2d1e80b1c2fb17fa2922e1,arbitrum,token-contract,GoldenBoys: GOLD Token,entity,eth-labels,https://github.com/dawsbot/eth-labels,medium,2026-10-01
0x8c53fa9e6ad10efc1e9a69e57f3a4b2723920fbd,arbitrum,token-contract,DonkeyCoin: DKC Token,entity,eth-labels,https://github.com/dawsbot/eth-labels,medium,2026-10-01
0x8d164e0c662c9e199baac9e97b6a8664c75700ea,arbitrum,token-contract,Pendle: PT-rsETH-25APR2024 Token,entity,eth-labels,https://github.com/dawsbot/eth-labels,medium,2026-10-01
0x8d1c5823ad3a75cc0767e05ecd0c0ce56e25a5ac,arbitrum,token-contract,ARBMonster.fun: ARMON Token,entity,eth-labels,https://github.com/dawsbot/eth-labels,medium,2026-10-01
0x8d7c2588c365b9e98ea464b63dbccdf13ecd9809,arbitrum,token-contract,Flourishing AI: AI Token,entity,eth-labels,https://github.com/dawsbot/eth-labels,medium,2026-10-01
0x8d9ba570d6cb60c7e3e0f31343efe75ab8e65fb1,arbitrum,token-contract,OlympusDAO: gOHM Token,entity,eth-labels,https://github.com/dawsbot/eth-labels,medium,2026-10-01
0x8dc3312c68125a94916d62b97bb5d925f84d4ae0,arbitrum,token-contract,dForce: iUSDC Token,entity,eth-labels+etherscan-labels,https://github.com/dawsbot/eth-labels,medium,2026-10-01
0x8de59572a9dc6193197a715dcda2b3d56da896b6,arbitrum,token-contract,Evil Membership: EKMEMBER Token,entity,eth-labels,https://github.com/dawsbot/eth-labels,medium,2026-10-01
0x8e016c1f0d64956c302409f61c55532c8886f42c,arbitrum,token-contract,SmartAI: SAT Token,entity,eth-labels,https://github.com/dawsbot/eth-labels,medium,2026-10-01
0x8ebb85d53e6955e557b7c53acde1d42fd68561ec,arbitrum,token-contract,LionDEX: LION Token,entity,eth-labels,https://github.com/dawsbot/eth-labels,medium,2026-10-01
0x8fbd420956fdd301f4493500fd0bcaaa80f2389c,arbitrum,token-contract,Amy Finance: AMY Token,entity,eth-labels+etherscan-labels,https://github.com/dawsbot/eth-labels,medium,2026-10-01
0x8ffd9f31980f26fbf4ac693678db700f1d8c51f6,arbitrum,token-contract,Liquid Staked ETH Index: LSETH Token,entity,eth-labels,https://github.com/dawsbot/eth-labels,medium,2026-10-01
0x903ca00944d0b51e50d9f4fc96167c89f211542a,arbitrum,token-contract,Poolshark: FIN Token,entity,eth-labels,https://github.com/dawsbot/eth-labels,medium,2026-10-01
0x910d3c72c5177c3f1bfb0863b793ec23fa7f6990,arbitrum,token-contract,NitroShiba: NISHIB Token,entity,eth-labels,https://github.com/dawsbot/eth-labels,medium,2026-10-01
0x91c0ab2e50db1afe9e673bbb1fd5a3e0e4adf1f9,arbitrum,token-contract,BLOB: BLOB Token,entity,eth-labels,https://github.com/dawsbot/eth-labels,medium,2026-10-01
0x91c532949ec64eebdfe2854ee522e3c24e9362df,arbitrum,token-contract,JW Network: JWO Token,entity,eth-labels,https://github.com/dawsbot/eth-labels,medium,2026-10-01
0x9205c0e50b1d3b9cc01e07887a608683542a35be,arbitrum,token-contract,Multichain: anyFISH Token,entity,eth-labels,https://github.com/dawsbot/eth-labels,medium,2026-10-01
0x921f99719eb6c01b4b8f0ba7973a7c24891e740a,arbitrum,token-contract,XCAD Network: XCAD Token,entity,eth-labels,https://github.com/dawsbot/eth-labels,medium,2026-10-01
0x9306f15e4cd8ab9ef017aa720a4a63da73418d00,arbitrum,token-contract,Gud Guess: GG Token,entity,eth-labels,https://github.com/dawsbot/eth-labels,medium,2026-10-01
0x93361c4c646c325f8620bffb27a65814be1a356f,arbitrum,token-contract,Maydeline: MAYD Token,entity,eth-labels,https://github.com/dawsbot/eth-labels,medium,2026-10-01
0x935a33e05ecbd424c1691623c99e501ae22400e6,arbitrum,token-contract,Liquidify: LIQUID Token,entity,eth-labels,https://github.com/dawsbot/eth-labels,medium,2026-10-01
0x93b346b6bc2548da6a1e7d98e9a421b42541425b,arbitrum,token-contract,Liquity USD: LUSD Token,entity,eth-labels,https://github.com/dawsbot/eth-labels,medium,2026-10-01
0x93c15cd7de26f07265f0272e0b831c5d7fab174f,arbitrum,token-contract,Liquid Finance: LIQD Token,entity,eth-labels,https://github.com/dawsbot/eth-labels,medium,2026-10-01
0x93c2bc619b2d175d2960b8b41d8bea0ea40a8d50,arbitrum,token-contract,FrozenAi: FROZE Token,entity,eth-labels,https://github.com/dawsbot/eth-labels,medium,2026-10-01
0x93d504070ab0eede5449c89c5ea0f5e34d8103f8,arbitrum,token-contract,Archi: ARCHI Token,entity,eth-labels,https://github.com/dawsbot/eth-labels,medium,2026-10-01
0x93ec766f5944f7375bc3347fc2863c35e735f256,arbitrum,token-contract,BlueSale Finance: XBLS Token,entity,eth-labels,https://github.com/dawsbot/eth-labels,medium,2026-10-01
0x94025780a1ab58868d9b2dbbb775f44b32e8e6e5,arbitrum,token-contract,BetSwirl: BETS Token,entity,eth-labels,https://github.com/dawsbot/eth-labels,medium,2026-10-01
0x941da804aa45b3272a8518d9226883e1572e525e,arbitrum,token-contract,Initiated Villager: INITV Token,entity,eth-labels,https://github.com/dawsbot/eth-labels,medium,2026-10-01
0x94914a73d38f5d36ad80408bdadedd960d8168d5,arbitrum,token-contract,RSS3: RSS3 Token,entity,eth-labels,https://github.com/dawsbot/eth-labels,medium,2026-10-01
0x95146881b86b3ee99e63705ec87afe29fcc044d9,arbitrum,token-contract,Vertex Protocol: VRTX Token,entity,eth-labels,https://github.com/dawsbot/eth-labels,medium,2026-10-01
0x954ac1c73e16c77198e83c088ade88f6223f3d44,arbitrum,token-contract,LeverageInu: LEVI Token,entity,eth-labels,https://github.com/dawsbot/eth-labels,medium,2026-10-01
0x9578a9937dff45b4e29e49120ab83cb806f1aa4f,arbitrum,token-contract,AITom: AITom Token,entity,eth-labels,https://github.com/dawsbot/eth-labels,medium,2026-10-01
0x95b11aca35d35ac8b8a88e1f7792873bbea7cebb,arbitrum,token-contract,Index Protocol: dsETH Token,entity,eth-labels,https://github.com/dawsbot/eth-labels,medium,2026-10-01
0x95cb52523ff97dfa4de7cf683766e360e0a6e0a2,arbitrum,token-contract,Naiad Water Investment Coin: NAIAD Token,entity,eth-labels,https://github.com/dawsbot/eth-labels,medium,2026-10-01
0x95e0e6230e9e965a4f12ede5ba8238aa04a85bc6,arbitrum,token-contract,handle.fi: fxJPY Token,entity,eth-labels,https://github.com/dawsbot/eth-labels,medium,2026-10-01
0x96015d0fb97139567a9ba675951816a0bb719e3c,arbitrum,token-contract,Pendle: PT-GLP-28MAR2024 Token,entity,eth-labels,https://github.com/dawsbot/eth-labels,medium,2026-10-01
0x9631be8566fc71d91970b10acfdee29f21da6c27,arbitrum,token-contract,Intelligent Monsters: IMON Token,entity,eth-labels,https://github.com/dawsbot/eth-labels,medium,2026-10-01
0x965d00aa7abc62ca10132e641d08593435ac811d,arbitrum,token-contract,KAP Games: KAP Token,entity,eth-labels,https://github.com/dawsbot/eth-labels,medium,2026-10-01
0x965f298e4ade51c0b0bb24e3369deb6c7d5b3951,arbitrum,token-contract,AutoDCA: DCA Token,entity,eth-labels,https://github.com/dawsbot/eth-labels,medium,2026-10-01
0x96a582a42b7192bd98aaf33c0943575c4b35a279,arbitrum,token-contract,Kunji Finance: yKNJ Token,entity,eth-labels,https://github.com/dawsbot/eth-labels,medium,2026-10-01
0x9737c658272e66faad39d7ad337789ee6d54f500,arbitrum,token-contract,Index Protocol: DPI Token,entity,eth-labels,https://github.com/dawsbot/eth-labels,medium,2026-10-01
0x9741cac1a22ff3615fa074fd0b439975a5e137e9,arbitrum,token-contract,Pendle: PT-wstETH-27JUN2024 Token,entity,eth-labels,https://github.com/dawsbot/eth-labels,medium,2026-10-01
0x978026eac49a73750c23bfb007ba9d66d2459b45,arbitrum,token-contract,wocao: wocao Token,entity,eth-labels,https://github.com/dawsbot/eth-labels,medium,2026-10-01
0x97d4a4d04f41b4f958290bfdda45c1f3db4adda3,arbitrum,token-contract,Fortune Cookie: FCT Token,entity,eth-labels,https://github.com/dawsbot/eth-labels,medium,2026-10-01
0x982239d38af50b0168da33346d85fb12929c4c07,arbitrum,token-contract,Arbitrove Governance: TROVE Token,entity,eth-labels,https://github.com/dawsbot/eth-labels,medium,2026-10-01
0x986a3db4317177b4f84b05127e9e39a7abd7187a,arbitrum,token-contract,CatKing: CKING Token,entity,eth-labels,https://github.com/dawsbot/eth-labels,medium,2026-10-01
0x98b941a891bdacc51412114293a06fb8d80a08da,arbitrum,token-contract,Meticulous: MET Token,entity,eth-labels,https://github.com/dawsbot/eth-labels,medium,2026-10-01
0x990eb28e378659b93a29d46ff41f08dc6316dd98,arbitrum,token-contract,The Beacon:  Token,entity,eth-labels,https://github.com/dawsbot/eth-labels,medium,2026-10-01
0x992eb7040b66b13abea94e2621d4e61d5ce608bd,arbitrum,token-contract,MyMetaTrader: mUSDC Token,entity,eth-labels,https://github.com/dawsbot/eth-labels,medium,2026-10-01
0x99415856b37be9e75c0153615c7954f9ddb97a6e,arbitrum,token-contract,Multichain: anyMAI Token,entity,eth-labels,https://github.com/dawsbot/eth-labels,medium,2026-10-01
0x99a8a7a45f1435aa6bfe099320a0ebdec2beac03,arbitrum,token-contract,DIB Yield: DIB Token,entity,eth-labels,https://github.com/dawsbot/eth-labels,medium,2026-10-01
0x99bd9444c841286291964ece900b4b25e908d716,arbitrum,token-contract,HOOPX: HOOP Token,entity,eth-labels,https://github.com/dawsbot/eth-labels,medium,2026-10-01
0x99c34786eb12c547d239671bd74b2f096e811d94,arbitrum,token-contract,xDollar Interverse Money: XIM Token,entity,eth-labels,https://github.com/dawsbot/eth-labels,medium,2026-10-01
0x9a830330f262d57903ea67a6c425bd708ce7f7ab,arbitrum,token-contract,DATA2073: DATA Token,entity,eth-labels,https://github.com/dawsbot/eth-labels,medium,2026-10-01
0x9b06f3c5de42d4623d7a2bd940ec735103c68a76,arbitrum,token-contract,Volta Club: Volta Token,entity,eth-labels,https://github.com/dawsbot/eth-labels,medium,2026-10-01
0x9b092c17f7ff12bdfbcdf6f34d05cc948507f13d,arbitrum,token-contract,Goat.Tech: GOAT Token,entity,eth-labels,https://github.com/dawsbot/eth-labels,medium,2026-10-01
0x9b6226dd0191a77d032f56a6d383044ee99944c3,arbitrum,token-contract,Florence Finance: flrEUR Token,entity,eth-labels,https://github.com/dawsbot/eth-labels,medium,2026-10-01
0x9ba57a1d3f6c61ff500f598f16b97007eb02e346,arbitrum,token-contract,Vovo Finance: veuUSDC Token,entity,eth-labels,https://github.com/dawsbot/eth-labels,medium,2026-10-01
0x9becd6b4fb076348a455518aea23d3799361fe95,arbitrum,token-contract,Pendle: PT-weETH-25APR2024 Token,entity,eth-labels,https://github.com/dawsbot/eth-labels,medium,2026-10-01
0x9c0ea7bdbc9c887e3bb5725638566d4101d1b1b8,arbitrum,token-contract,GenomicDAO: PCSP Token,entity,eth-labels,https://github.com/dawsbot/eth-labels,medium,2026-10-01
0x9c0fbb8cade7b178b135fd2f1da125a37b27f442,arbitrum,token-contract,Notional Finance: nUSDT Token,entity,eth-labels,https://github.com/dawsbot/eth-labels,medium,2026-10-01
0x9c7049d2ddbda7df5da9a9069926f517d2d9e6ff,arbitrum,token-contract,X-travel Space: XTS Token,entity,eth-labels,https://github.com/dawsbot/eth-labels,medium,2026-10-01
0x9c8ef67c9168587134e1f29a71405dc753500a45,arbitrum,token-contract,Legends: LG Token,entity,eth-labels,https://github.com/dawsbot/eth-labels,medium,2026-10-01
0x9cebf13bb702f253abf1579294694a1edad00eaa,arbitrum,token-contract,token-contract,entity,eth-labels,https://github.com/dawsbot/eth-labels,medium,2026-10-01
0x9d090ef4aafd0acb821113a7689d5794e50bd047,arbitrum,token-contract,Pendle: YT-HLP-27JUN2024 Token,entity,eth-labels,https://github.com/dawsbot/eth-labels,medium,2026-10-01
0x9d1bfd9133bb7c52255344a2e2177c7a5a91caf1,arbitrum,token-contract,ARUKU: ARK Token,entity,eth-labels,https://github.com/dawsbot/eth-labels,medium,2026-10-01
0x9dbd1fc6d2731ebd42a5e5b8e268bfa7c68980ae,arbitrum,token-contract,Pendle: YT-mPendle-26SEP2024 Token,entity,eth-labels,https://github.com/dawsbot/eth-labels,medium,2026-10-01
0x9dca587dc65ac0a043828b0acd946d71eb8d46c1,arbitrum,token-contract,Harvest Finance: iFARM Token,entity,eth-labels,https://github.com/dawsbot/eth-labels,medium,2026-10-01
0x9e20461bc2c4c980f62f1b279d71734207a6a356,arbitrum,token-contract,OmniCat: OMNI Token,entity,eth-labels,https://github.com/dawsbot/eth-labels,medium,2026-10-01
0x9e30239205320b4b23c71e1b087ed2550d9971be,arbitrum,token-contract,Kitty Inu: kitty Token,entity,eth-labels,https://github.com/dawsbot/eth-labels,medium,2026-10-01
0x9e3470d672bdbdeee311b59bdc3256aa76be2a70,arbitrum,token-contract,Arbalest Finance: AET Token,entity,eth-labels,https://github.com/dawsbot/eth-labels,medium,2026-10-01
0x9e724698051da34994f281bd81c3e7372d1960ae,arbitrum,token-contract,Ascension Protocol: ASCEND Token,entity,eth-labels+etherscan-labels,https://github.com/dawsbot/eth-labels,medium,2026-10-01
0x9e758b8a98a42d612b3d38b66a22074dc03d7370,arbitrum,token-contract,Symbiosis: SIS Token,entity,eth-labels,https://github.com/dawsbot/eth-labels,medium,2026-10-01
0x9ea7a3f50044eebfcea7acb08069e4fd238ba1fd,arbitrum,token-contract,YieldTopia: wYIELD Token,entity,eth-labels,https://github.com/dawsbot/eth-labels,medium,2026-10-01
0x9ead7911d85334471aca8f9df202c22c7ac6b8d0,arbitrum,token-contract,Surge Ape Reborn: $APE Token,entity,eth-labels,https://github.com/dawsbot/eth-labels,medium,2026-10-01
0x9eb6299e4bb6669e42cb295a254c8492f67ae2c6,arbitrum,token-contract,The Bet: BET Token,entity,eth-labels,https://github.com/dawsbot/eth-labels,medium,2026-10-01
0x9ed7e4b1bff939ad473da5e7a218c771d1569456,arbitrum,token-contract,Reunit Wallet: REUNI Token,entity,eth-labels,https://github.com/dawsbot/eth-labels,medium,2026-10-01
0x9f7c718e4f9da1d0abe77f666dd1a155cf460841,arbitrum,token-contract,Pogai Baby: POGAIBABY Token,entity,eth-labels,https://github.com/dawsbot/eth-labels,medium,2026-10-01
0x9fb7d6dcac7b6aa20108bad226c35b85a9e31b63,arbitrum,token-contract,token-contract,entity,eth-labels,https://github.com/dawsbot/eth-labels,medium,2026-10-01
0x9fb9a33956351cf4fa040f65a13b835a3c8764e3,arbitrum,token-contract,Multichain: MULTI Token,entity,eth-labels,https://github.com/dawsbot/eth-labels,medium,2026-10-01
0xa0192f6567f8f5dc38c53323235fd08b318d2dca,arbitrum,token-contract,Pendle: PT-gDAI-28MAR24/SY-gDAI Market Token,entity,eth-labels,https://github.com/dawsbot/eth-labels,medium,2026-10-01
0xa02f08a09d563bbd690f50d292b16e7f4ace1add,arbitrum,token-contract,Ibiza token: IBZ Token,entity,eth-labels,https://github.com/dawsbot/eth-labels,medium,2026-10-01
0xa0995d43901551601060447f9abf93ebc277cec2,arbitrum,token-contract,hypeboy: HIP Token,entity,eth-labels,https://github.com/dawsbot/eth-labels,medium,2026-10-01
0xa0df47432d9d88bcc040e9ee66ddc7e17a882715,arbitrum,token-contract,pETH: pETH Token,entity,eth-labels,https://github.com/dawsbot/eth-labels,medium,2026-10-01
0xa0eebb0e5c3859a1c5412c2380c074f2f6725e2e,arbitrum,token-contract,Vox Finance: VOX2.0 Token,entity,eth-labels,https://github.com/dawsbot/eth-labels,medium,2026-10-01
0xa1150db5105987cec5fd092273d1e3cbb22b378b,arbitrum,token-contract,OATH: OATH Token,entity,eth-labels,https://github.com/dawsbot/eth-labels,medium,2026-10-01
0xa135d7f10545e3a45e24e79ecd4e4c3c78cf56bf,arbitrum,token-contract,Notional Finance: pcbETH Token,entity,eth-labels,https://github.com/dawsbot/eth-labels,medium,2026-10-01
0xa1372eae7acdeaac3aa9b4ab57d5451a83328080,arbitrum,token-contract,Accumulated Finance: wstACME Token,entity,eth-labels,https://github.com/dawsbot/eth-labels,medium,2026-10-01
0xa15907f3e7fdd0a83ec56f4ac543cb10f4d783eb,arbitrum,token-contract,Kewl: KEWL Token,entity,eth-labels,https://github.com/dawsbot/eth-labels,medium,2026-10-01
0xa1c32ef8d3c4c30cb596bab8647e11daf0fa5c94,arbitrum,token-contract,Pendle: YT-aUSDC-27JUN2024 Token,entity,eth-labels,https://github.com/dawsbot/eth-labels,medium,2026-10-01
0xa1ccc87d66b509f197c6c62fe64c62036a9e9a64,arbitrum,token-contract,QukaDAO: QUKA Token,entity,eth-labels,https://github.com/dawsbot/eth-labels,medium,2026-10-01
0xa23e44aea714fbbc08ef28340d78067b9a8cad73,arbitrum,token-contract,Lybra Finance: LBR Token,entity,eth-labels,https://github.com/dawsbot/eth-labels,medium,2026-10-01
0xa279301414012c53bc7b7a21788d33e244efbecc,arbitrum,token-contract,Thrupenny: TPY Token,entity,eth-labels,https://github.com/dawsbot/eth-labels,medium,2026-10-01
0xa282373c58de9ecd5eaec2cc1ab51b8dae3e6c7b,arbitrum,token-contract,NFTEarth: xNFTE Token,entity,eth-labels,https://github.com/dawsbot/eth-labels,medium,2026-10-01
0xa2f9ecf83a48b86265ff5fd36cdbaaa1f349916c,arbitrum,token-contract,Goons of Balatroon: GOB Token,entity,eth-labels,https://github.com/dawsbot/eth-labels,medium,2026-10-01
0xa3210cd727fe6daf8386af5623ba51a367e46263,arbitrum,token-contract,Basket: BSKT Token,entity,eth-labels,https://github.com/dawsbot/eth-labels,medium,2026-10-01
0xa334884bf6b0a066d553d19e507315e839409e62,arbitrum,token-contract,Ethos Reserve Note: ERN Token,entity,eth-labels,https://github.com/dawsbot/eth-labels,medium,2026-10-01
0xa351c7b0ee07e1341625e3fe30066841cd3b0f30,arbitrum,token-contract,Zero Ape Club: ZAPE Token,entity,eth-labels,https://github.com/dawsbot/eth-labels,medium,2026-10-01
0xa384bc7cdc0a93e686da9e7b8c0807cd040f4e0b,arbitrum,token-contract,Multichain: anyPLG Token,entity,eth-labels,https://github.com/dawsbot/eth-labels,medium,2026-10-01
0xa393a3701ae407112e5f1235258c7d33ccf2ec6d,arbitrum,token-contract,ArbDuckAI: AIDUCK Token,entity,eth-labels,https://github.com/dawsbot/eth-labels,medium,2026-10-01
0xa3abf5552cc5e1477009bbf90d0b8d2689883891,arbitrum,token-contract,The Forgotten Runiverse: RITM Token,entity,eth-labels,https://github.com/dawsbot/eth-labels,medium,2026-10-01
0xa3bedb2885bf23e9b8f72e38bbd9fddd1b50e1d6,arbitrum,token-contract,Pendle: PT-ARB-ETH_Camelot-27JUN2024 Token,entity,eth-labels,https://github.com/dawsbot/eth-labels,medium,2026-10-01
0xa41a879bcfdd75983a987fd6b68fae37777e8b28,arbitrum,token-contract,XEX Labs: XEX Token,entity,eth-labels,https://github.com/dawsbot/eth-labels,medium,2026-10-01
0xa41f68a5a8f17bce7600df244b46b4f020046fec,arbitrum,token-contract,Alph Network: ALPH Token,entity,eth-labels,https://github.com/dawsbot/eth-labels,medium,2026-10-01
0xa4734bf76f511357d4353d88b84204957972ac84,arbitrum,token-contract,AI Arena Mint Pass: AAMP Token,entity,eth-labels,https://github.com/dawsbot/eth-labels,medium,2026-10-01
0xa4f595ba35161c9ffe3db8c03991b9c2cbb26c6b,arbitrum,token-contract,LYS Capital: LYS Token,entity,eth-labels,https://github.com/dawsbot/eth-labels,medium,2026-10-01
0xa533f744b179f2431f5395978e391107dc76e103,arbitrum,token-contract,Primex Finance: ePMX Token,entity,eth-labels,https://github.com/dawsbot/eth-labels,medium,2026-10-01
0xa58663faef461761e44066ea26c1fcddf2927b80,arbitrum,token-contract,Kommunitas: KOM Token,entity,eth-labels,https://github.com/dawsbot/eth-labels,medium,2026-10-01
0xa586b3b80d7e3e8d439e25fbc16bc5bcee3e2c85,arbitrum,token-contract,Codyfight: CTOK Token,entity,eth-labels,https://github.com/dawsbot/eth-labels,medium,2026-10-01
0xa6099b214e8d069911702bc92ef274f63c476c5a,arbitrum,token-contract,Zenland: ZENF Token,entity,eth-labels,https://github.com/dawsbot/eth-labels,medium,2026-10-01
0xa61f74247455a40b01b0559ff6274441fafa22a3,arbitrum,token-contract,Magpie: MGP Token,entity,eth-labels,https://github.com/dawsbot/eth-labels,medium,2026-10-01
0xa684cd057951541187f288294a1e1c2646aa2d24,arbitrum,token-contract,Vesta Finance: VSTA Token,entity,eth-labels,https://github.com/dawsbot/eth-labels,medium,2026-10-01
0xa68ec98d7ca870cf1dd0b00ebbb7c4bf60a8e74d,arbitrum,token-contract,Biconomy: BICO Token,entity,eth-labels+etherscan-labels,https://github.com/dawsbot/eth-labels,medium,2026-10-01
0xa6c895eb332e91c5b3d00b7baeeaae478cc502da,arbitrum,token-contract,Pendle: SY-weETH Token,entity,eth-labels,https://github.com/dawsbot/eth-labels,medium,2026-10-01
0xa7af63b5154eb5d6fb50a6d70d5c229e5f030ab2,arbitrum,token-contract,Layer2DAO: xL2DAO Token,entity,eth-labels,https://github.com/dawsbot/eth-labels,medium,2026-10-01
0xa8258c76506e0f56fdb9e9d0577a802cae4cecfc,arbitrum,token-contract,BitKeep: ARBK Token,entity,eth-labels+etherscan-labels,https://github.com/dawsbot/eth-labels,medium,2026-10-01
0xa8af146d79ac0bb981e4e0d8b788ec5711b1d5d0,arbitrum,token-contract,token-contract,entity,eth-labels,https://github.com/dawsbot/eth-labels,medium,2026-10-01
0xa8bad6ce1937f8e047bca239cff1f2224b899b23,arbitrum,token-contract,dForce Network: iwstETH Token,entity,eth-labels+etherscan-labels,https://github.com/dawsbot/eth-labels,medium,2026-10-01
0xa8ec857e5f001ffbcdec4bfa2a3fe86db607f4ad,arbitrum,token-contract,Hextopus: HXTO Token,entity,eth-labels,https://github.com/dawsbot/eth-labels,medium,2026-10-01
0xa943f863fa69ff4f6d9022843fb861bbee45b2ce,arbitrum,token-contract,Tangle: TNGL Token,entity,eth-labels,https://github.com/dawsbot/eth-labels,medium,2026-10-01
0xa9efbef1a35ff80041f567391bdc9813b2d50197,arbitrum,token-contract,Sablier: SAB-V2-LOCKUP-DYN Token,entity,eth-labels,https://github.com/dawsbot/eth-labels,medium,2026-10-01
0xaa54e84a3e6e5a80288d2c2f8e36ea5ca3a3ca30,arbitrum,token-contract,Sharbi: $SHARBI Token,entity,eth-labels,https://github.com/dawsbot/eth-labels,medium,2026-10-01
0xaa61dda963d0cf89da3c13fe635c84a1b8b6b988,arbitrum,token-contract,Index Protocol: iETH1X Token,entity,eth-labels,https://github.com/dawsbot/eth-labels,medium,2026-10-01
0xaaa1ee8dc1864ae49185c368e8c64dd780a50fb7,arbitrum,token-contract,RAMSES: xoRAM Token,entity,eth-labels,https://github.com/dawsbot/eth-labels,medium,2026-10-01
0xaaa6c1e32c55a7bfa8066a6fae9b42650f262418,arbitrum,token-contract,RAMSES: RAM Token,entity,eth-labels,https://github.com/dawsbot/eth-labels,medium,2026-10-01
0xaae0c3856e665ff9b3e2872b6d75939d810b7e40,arbitrum,token-contract,YieldFarming Index: YFX Token,entity,eth-labels,https://github.com/dawsbot/eth-labels,medium,2026-10-01
0xaaf5193ee366620faea13f37810ced2706b93f36,arbitrum,token-contract,Dinosaur. Finance: DINO Token,entity,eth-labels,https://github.com/dawsbot/eth-labels,medium,2026-10-01
0xaafc48331db4e98fb8618ec0f3316e13b7d24486,arbitrum,token-contract,Base Jumper: BJ Token,entity,eth-labels+etherscan-labels,https://github.com/dawsbot/eth-labels,medium,2026-10-01
0xab04c0841f39596c9f18a981a2bd32f63ab7a817,arbitrum,token-contract,Radiant Capital: variableDebtWETH Token,entity,eth-labels,https://github.com/dawsbot/eth-labels,medium,2026-10-01
0xab10645297d5b2b124523b5181df2e8815190aeb,arbitrum,token-contract,Forge: FORGE Token,entity,eth-labels,https://github.com/dawsbot/eth-labels,medium,2026-10-01
0xab88d66bc82ac67b5a7eaa96b5fac127d0daaaaa,arbitrum,token-contract,MOMO: MOMO Token,entity,eth-labels,https://github.com/dawsbot/eth-labels,medium,2026-10-01
0xab9ec601b82a22fbf2b030ac0dd7c1c34f52fa04,arbitrum,token-contract,1minBET: 1MB Token,entity,eth-labels,https://github.com/dawsbot/eth-labels,medium,2026-10-01
0xabc07bf91469c5450d6941dd0770e6e6761b90d6,arbitrum,token-contract,Notional Finance: pEther Token,entity,eth-labels,https://github.com/dawsbot/eth-labels,medium,2026-10-01
0xabd587f2607542723b17f14d00d99b987c29b074,arbitrum,token-contract,SmarDex: SDEX Token,entity,eth-labels,https://github.com/dawsbot/eth-labels,medium,2026-10-01
0xac6a07afa77abb31c68e094af4b496d81737ff53,arbitrum,token-contract,Derived Finance: DVDX Token,entity,eth-labels,https://github.com/dawsbot/eth-labels,medium,2026-10-01
0xacc51ffdef63fb0c014c882267c3a17261a5ed50,arbitrum,token-contract,Stryke: SYK Token,entity,eth-labels,https://github.com/dawsbot/eth-labels,medium,2026-10-01
0xacd1caef47e4c47bafe8a51b3f4305fc38203b7a,arbitrum,token-contract,Luneko: LUNE Token,entity,eth-labels,https://github.com/dawsbot/eth-labels,medium,2026-10-01
0xad22fca714559da1eb25fb24443b0446b54246fc,arbitrum,token-contract,Pendle: PT-mPendle-26SEP2024 Token,entity,eth-labels,https://github.com/dawsbot/eth-labels,medium,2026-10-01
0xad7a2880e99cbd9458de20e5628c294d821791ad,arbitrum,token-contract,Cradles Crystal Pass: CRSTPASS Token,entity,eth-labels,https://github.com/dawsbot/eth-labels,medium,2026-10-01
0xada42bb73b42e0472a994218fb3799dfcda21237,arbitrum,token-contract,ZigZag: ZZ Token,entity,eth-labels,https://github.com/dawsbot/eth-labels,medium,2026-10-01
0xadd5620057336f868eae78a451c503ae7b576bad,arbitrum,token-contract,noiseGPT: noiseGPT Token,entity,eth-labels,https://github.com/dawsbot/eth-labels,medium,2026-10-01
0xaded4a1c5a6be96156876ed973c2093c08ffb6ff,arbitrum,token-contract,Concentric.fi: xCONE Token,entity,eth-labels,https://github.com/dawsbot/eth-labels,medium,2026-10-01
0xadf5dd3e51bf28ab4f07e684ecf5d00691818790,arbitrum,token-contract,ICHI: ICHI Token,entity,eth-labels,https://github.com/dawsbot/eth-labels,medium,2026-10-01
0xae48b7c8e096896e32d53f10d0bf89f82ec7b987,arbitrum,token-contract,Fractal Protocol: USDF Token,entity,eth-labels,https://github.com/dawsbot/eth-labels,medium,2026-10-01
0xae56c981f9bb8b07e380b209fcd1498c5876fd4c,arbitrum,token-contract,Mineable: 0xMT Token,entity,eth-labels,https://github.com/dawsbot/eth-labels,medium,2026-10-01
0xaea8e2e7c97c5b7cd545d3b152f669bae29c4a63,arbitrum,token-contract,dForce: iDF Token,entity,eth-labels+etherscan-labels,https://github.com/dawsbot/eth-labels,medium,2026-10-01
0xaeaeed23478c3a4b798e4ed40d8b7f41366ae861,arbitrum,token-contract,Ankr Network: ANKR Token,entity,eth-labels,https://github.com/dawsbot/eth-labels,medium,2026-10-01
0xaedf7656fbb47c5b97dd529ac1d0e807e051f2dd,arbitrum,token-contract,MXC: MXC Token,entity,eth-labels,https://github.com/dawsbot/eth-labels,medium,2026-10-01
0xaef9e3e050d0ef060cdfd5246209b0b6bb66060f,arbitrum,token-contract,Multichain: anyDAI Token,entity,eth-labels,https://github.com/dawsbot/eth-labels,medium,2026-10-01
0xaf20f5f19698f1d19351028cd7103b63d30de7d7,arbitrum,token-contract,Wagmi: WAGMI Token,entity,eth-labels,https://github.com/dawsbot/eth-labels,medium,2026-10-01
0xaf5db6e1cc585ca312e8c8f7c499033590cf5c98,arbitrum,token-contract,Arken Finance: ARKEN Token,entity,eth-labels+etherscan-labels,https://github.com/dawsbot/eth-labels,medium,2026-10-01
0xaf699fb0d9f12bf7b14474ae5c9bea688888df73,arbitrum,token-contract,Pendle: SY-gDAI Token,entity,eth-labels,https://github.com/dawsbot/eth-labels,medium,2026-10-01
0xafa5676a6ef790f08290dd4a45e0ec2a5cc5cdab,arbitrum,token-contract,CatMouseWorld: Cat Mouse Game Token,entity,eth-labels,https://github.com/dawsbot/eth-labels,medium,2026-10-01
0xafccb724e3aec1657fc9514e3e53a0e71e80622d,arbitrum,token-contract,Vaultka: VKA Token,entity,eth-labels,https://github.com/dawsbot/eth-labels,medium,2026-10-01
0xafd871f684f21ab9d7137608c71808f83d75e6fc,arbitrum,token-contract,Arbucks: BUCK Token,entity,eth-labels+etherscan-labels,https://github.com/dawsbot/eth-labels,medium,2026-10-01
0xafdefd913286a1cec75aca503938c6bba01a5445,arbitrum,token-contract,JPG NFT Index: JPG Token,entity,eth-labels,https://github.com/dawsbot/eth-labels,medium,2026-10-01
0xb0929fb58978acb02e34abf457e49a5ec4262fe6,arbitrum,token-contract,Torque: tBTC Token,entity,eth-labels,https://github.com/dawsbot/eth-labels,medium,2026-10-01
0xb0ae108669ceb86e9e98e8fe9e40d98b867855fd,arbitrum,token-contract,Multichain: anyYIN Token,entity,eth-labels,https://github.com/dawsbot/eth-labels,medium,2026-10-01
0xb0b195aefa3650a6908f15cdac7d92f8a5791b0b,arbitrum,token-contract,BOB: BOB Token,entity,eth-labels+etherscan-labels,https://github.com/dawsbot/eth-labels,medium,2026-10-01
0xb0ecc6ac0073c063dcfc026ccdc9039cae2998e1,arbitrum,token-contract,A3S Protocol: AA Token,entity,eth-labels,https://github.com/dawsbot/eth-labels,medium,2026-10-01
0xb0f778a62d0da8d7a6ac03d390c47f2d85c386c1,arbitrum,token-contract,VITALTALE: VTTL Token,entity,eth-labels,https://github.com/dawsbot/eth-labels,medium,2026-10-01
0xb13df889b7a18f56234026024b487e3980b51b0e,arbitrum,token-contract,StakeLounge: SAL Token,entity,eth-labels,https://github.com/dawsbot/eth-labels,medium,2026-10-01
0xb16966dad2b5a5282b99846b23dcdf8c47b6132c,arbitrum,token-contract,Smolverse: Smol Cars,entity,eth-labels,https://github.com/dawsbot/eth-labels,medium,2026-10-01
0xb1bc21f748ae2be95674876710bc6d78235480e0,arbitrum,token-contract,Hord: HORD Token,entity,eth-labels,https://github.com/dawsbot/eth-labels,medium,2026-10-01
0xb1cd1d319f5363ed57fce58a85055ada0e15a957,arbitrum,token-contract,Cats: CATS Token,entity,eth-labels,https://github.com/dawsbot/eth-labels,medium,2026-10-01
0xb21be1caf592a5dc1e75e418704d1b6d50b0d083,arbitrum,token-contract,MIND Games: CRX Token,entity,eth-labels,https://github.com/dawsbot/eth-labels,medium,2026-10-01
0xb2498cde54810424a24fdd23579164265a0c14c5,arbitrum,token-contract,Taikula Coin: Taikula Token,entity,eth-labels,https://github.com/dawsbot/eth-labels,medium,2026-10-01
0xb25ea095997f5bbaa6cea962c4fbf3bfc3c09776,arbitrum,token-contract,Promethios: FIRE Token,entity,eth-labels,https://github.com/dawsbot/eth-labels,medium,2026-10-01
0xb299751b088336e165da313c33e3195b8c6663a6,arbitrum,token-contract,StarHeroes: STAR Token,entity,eth-labels,https://github.com/dawsbot/eth-labels,medium,2026-10-01
0xb2b27a1191f4d2f4735d03ee0ead6d69ee591768,arbitrum,token-contract,SHE PROTOCOL: SHE Token,entity,eth-labels,https://github.com/dawsbot/eth-labels,medium,2026-10-01
0xb2d948be3a74ecce80378d4093e6cd7f4dc1cf9c,arbitrum,token-contract,Alt Markets: AMX Token,entity,eth-labels+etherscan-labels,https://github.com/dawsbot/eth-labels,medium,2026-10-01
0xb2dcbd5258a22385240e4ac13fc6726b66f0de96,arbitrum,token-contract,ZenithSwap: ZSP Token,entity,eth-labels,https://github.com/dawsbot/eth-labels,medium,2026-10-01
0xb32b3bb699634c7f5ed0b39ce7f2290b0e8cd601,arbitrum,token-contract,RoyalCrows: RC Token,entity,eth-labels,https://github.com/dawsbot/eth-labels,medium,2026-10-01
0xb348b87b23d5977e2948e6f36ca07e1ec94d7328,arbitrum,token-contract,SwapFish: FISH Token,entity,eth-labels,https://github.com/dawsbot/eth-labels,medium,2026-10-01
0xb39c9383b56356ef9a5c8d35e8fee26f40b5de7f,arbitrum,token-contract,PonySwap: PNS V2 Token,entity,eth-labels,https://github.com/dawsbot/eth-labels,medium,2026-10-01
0xb40dbbb7931cfef8be73aeec6c67d3809bd4600b,arbitrum,token-contract,prePO: PPO Token,entity,eth-labels,https://github.com/dawsbot/eth-labels,medium,2026-10-01
0xb41bd4c99da73510d9e081c5fadbe7a27ac1f814,arbitrum,token-contract,Ideamarket: IMO Token,entity,eth-labels,https://github.com/dawsbot/eth-labels,medium,2026-10-01
0xb45cdf84c14a03d556ea290dbf4e8fdfb3a0973e,arbitrum,token-contract,Redacted: RED Token,entity,eth-labels,https://github.com/dawsbot/eth-labels,medium,2026-10-01
0xb49b6a3fd1f4bb510ef776de7a88a9e65904478a,arbitrum,token-contract,Arbitrove ALP: ALP Token,entity,eth-labels,https://github.com/dawsbot/eth-labels,medium,2026-10-01
0xb4b07b60455a2f38cba98a8f3dd161f7ca396a9c,arbitrum,token-contract,Onchain Trade: OT Token,entity,eth-labels,https://github.com/dawsbot/eth-labels,medium,2026-10-01
0xb4bbfe92702730ef7f1d28e4b9e42381182f48a5,arbitrum,token-contract,Hold VIP: HOLD Token,entity,eth-labels,https://github.com/dawsbot/eth-labels,medium,2026-10-01
0xb56c29413af8778977093b9b4947efeea7136c36,arbitrum,token-contract,Torque: TORQ Token,entity,eth-labels,https://github.com/dawsbot/eth-labels,medium,2026-10-01
0xb58609ca9c91073d815067bdacd3cb2fc3beb41f,arbitrum,token-contract,KittySwap: MEOW Token,entity,eth-labels,https://github.com/dawsbot/eth-labels,medium,2026-10-01
0xb5a628803ee72d82098d4bcaf29a42e63531b441,arbitrum,token-contract,Unstoppable: UND Token,entity,eth-labels,https://github.com/dawsbot/eth-labels,medium,2026-10-01
0xb5de3f06af62d8428a8bf7b4400ea42ad2e0bc53,arbitrum,token-contract,Brinc Finance: BRC Token,entity,eth-labels+etherscan-labels,https://github.com/dawsbot/eth-labels,medium,2026-10-01
0xb6093b61544572ab42a0e43af08abafd41bf25a6,arbitrum,token-contract,WeatherXM: WXM Token,entity,eth-labels,https://github.com/dawsbot/eth-labels,medium,2026-10-01
0xb64e280e9d1b5dbec4accedb2257a87b400db149,arbitrum,token-contract,Level Finance: LVL Token,entity,eth-labels,https://github.com/dawsbot/eth-labels,medium,2026-10-01
0xb660a4f2fc366c6a3b474fb1c7ab222238d7f241,arbitrum,token-contract,Floor: CRFLOOR Token,entity,eth-labels,https://github.com/dawsbot/eth-labels,medium,2026-10-01
0xb688ba096b7bb75d7841e47163cd12d18b36a5bf,arbitrum,token-contract,Penpie: mPendle Token,entity,eth-labels,https://github.com/dawsbot/eth-labels,medium,2026-10-01
0xb6a0ad0f714352830467725e619ea23e2c488f37,arbitrum,token-contract,Liquid Finance: SLP Token,entity,eth-labels,https://github.com/dawsbot/eth-labels,medium,2026-10-01
0xb71ac21efebfb6cea9a85a21fd7f440ef21fc60e,arbitrum,token-contract,Snake World: SNAKE Token,entity,eth-labels,https://github.com/dawsbot/eth-labels,medium,2026-10-01
0xb72b988caf33f3d8a6d816974fe8caa199e5e86c,arbitrum,token-contract,Pendle: PT-aUSDC-27JUN2024 Token,entity,eth-labels,https://github.com/dawsbot/eth-labels,medium,2026-10-01
0xb7aa13ae30e7b42d21c698bb5d313b4f234da984,arbitrum,token-contract,Follow Me: FM Token,entity,eth-labels,https://github.com/dawsbot/eth-labels,medium,2026-10-01
0xb7cd6c8c4600aed9985d2c0eb174e0bee56e8854,arbitrum,token-contract,OnyxDAO: ONYX Token,entity,eth-labels,https://github.com/dawsbot/eth-labels,medium,2026-10-01
0xb7ffa0d35597d2e166384fc88ed746a4c74be001,arbitrum,token-contract,Doora Inu: DINU Token,entity,eth-labels,https://github.com/dawsbot/eth-labels,medium,2026-10-01
0xb827710314a05bcbee9180e11c2abe5823289422,arbitrum,token-contract,Abachi: ABI Token,entity,eth-labels,https://github.com/dawsbot/eth-labels,medium,2026-10-01
0xb84527d59b6ecb96f433029ecc890d4492c5dce1,arbitrum,token-contract,OxAI: OXAI Token,entity,eth-labels,https://github.com/dawsbot/eth-labels,medium,2026-10-01
0xb86851c7f7c1b904a034f07dd819382f8afd7893,arbitrum,token-contract,ApeX Protocol: esApeX Token,entity,eth-labels+etherscan-labels,https://github.com/dawsbot/eth-labels,medium,2026-10-01
0xb8a1fb453fba462b854cb63adfc922de2c985256,arbitrum,token-contract,XShares: XTOKEN Token,entity,eth-labels,https://github.com/dawsbot/eth-labels,medium,2026-10-01
0xb962150760f9a3bb00e3e9cf48297ee20ada4a33,arbitrum,token-contract,Zoomer Coin: xZOOMER Token,entity,eth-labels,https://github.com/dawsbot/eth-labels,medium,2026-10-01
0xb98058640970d8aa7bbce3b067b2d63c14143786,arbitrum,token-contract,Baby Arbitrum: BARB Token,entity,eth-labels,https://github.com/dawsbot/eth-labels,medium,2026-10-01
0xb9af4762c039d63e30039f1712dfab77026408c7,arbitrum,token-contract,BullBear AI: AIBB Token,entity,eth-labels,https://github.com/dawsbot/eth-labels,medium,2026-10-01
0xb9bfbb35c2ed588a42f9fd1120929c607b463192,arbitrum,token-contract,Notional Finance: pWrapped BTC Token,entity,eth-labels,https://github.com/dawsbot/eth-labels,medium,2026-10-01
0xb9c8f0d3254007ee4b98970b94544e473cd610ec,arbitrum,token-contract,QiDao: QI Token,entity,eth-labels,https://github.com/dawsbot/eth-labels,medium,2026-10-01
0xba0dda8762c24da9487f5fa026a9b64b695a07ea,arbitrum,token-contract,OX.FUN: OX Token,entity,eth-labels,https://github.com/dawsbot/eth-labels,medium,2026-10-01
0xba1f509c6e5f1f6a529ecc0913b27658a678b4b9,arbitrum,token-contract,Pendle: PT-PENDLE-ETH_Camelot-27JUN2024 Token,entity,eth-labels,https://github.com/dawsbot/eth-labels,medium,2026-10-01
0xbad58ed9b5f26a002ea250d7a60dc6729a4a2403,arbitrum,token-contract,Paribus: PBX Token,entity,eth-labels,https://github.com/dawsbot/eth-labels,medium,2026-10-01
0xbb113ad1b7c4615ccf59a5d8a4062335038d6ee5,arbitrum,token-contract,Axolittles: BUBBLE Token,entity,eth-labels+etherscan-labels,https://github.com/dawsbot/eth-labels,medium,2026-10-01
0xbb33e51bdc598d710ff59fdf523e80ab7c882c83,arbitrum,token-contract,Pendle: PT-wstETH-28DEC2023 Token,entity,eth-labels,https://github.com/dawsbot/eth-labels,medium,2026-10-01
0xbb6d72147280a2147a23ce196326e0547eaec401,arbitrum,token-contract,Lyra Finance: BTC Liquidity Token,entity,eth-labels,https://github.com/dawsbot/eth-labels,medium,2026-10-01
0xbb786be2f489dcef92fc91c76222a089e22d173c,arbitrum,token-contract,Gud Guess: tGG Token,entity,eth-labels,https://github.com/dawsbot/eth-labels,medium,2026-10-01
0xbbafac17be927e962b13909af50df88122e7c735,arbitrum,token-contract,Arable USD: arUSD Token,entity,eth-labels,https://github.com/dawsbot/eth-labels,medium,2026-10-01
0xbbcb0356bb9e6b3faa5cbf9e5f36185d53403ac9,arbitrum,token-contract,Backed: bCOIN Token,entity,eth-labels,https://github.com/dawsbot/eth-labels,medium,2026-10-01
0xbbea044f9e7c0520195e49ad1e561572e7e1b948,arbitrum,token-contract,Mizar: MZR Token Token,entity,eth-labels,https://github.com/dawsbot/eth-labels,medium,2026-10-01
0xbbf9d705b75f408cfcaee91da32966124d2c6f7d,arbitrum,token-contract,token-contract,entity,eth-labels,https://github.com/dawsbot/eth-labels,medium,2026-10-01
0xbc011a12da28e8f0f528d9ee5e7039e22f91cf18,arbitrum,token-contract,Swell Ethereum: swETH Token,entity,eth-labels,https://github.com/dawsbot/eth-labels,medium,2026-10-01
0xbc2597d3f1f9565100582cde02e3712d03b8b0f6,arbitrum,token-contract,Multichain: anyBAL Token,entity,eth-labels,https://github.com/dawsbot/eth-labels,medium,2026-10-01
0xbc323e3564fb498e55cdc83a3ea6bb1af8402d6b,arbitrum,token-contract,token-contract,entity,eth-labels,https://github.com/dawsbot/eth-labels,medium,2026-10-01
0xbc9b77aca82f6be43927076d71cd453b625165b8,arbitrum,token-contract,Polychain Monsters: PMON Token,entity,eth-labels,https://github.com/dawsbot/eth-labels,medium,2026-10-01
0xbcad8e85669a3fc9ea9b5d692bd8bdcc2464df31,arbitrum,token-contract,Goldbank Finance: GB Token,entity,eth-labels,https://github.com/dawsbot/eth-labels,medium,2026-10-01
0xbcc9c1763d54427bdf5efb6e9eb9494e5a1fbabf,arbitrum,token-contract,Honor World: HWT Token,entity,eth-labels,https://github.com/dawsbot/eth-labels,medium,2026-10-01
0xbced1a86e27955df0431c68eaa94a8dba43ffc90,arbitrum,token-contract,Rage Trade: RTVC Collateral Token,entity,eth-labels,https://github.com/dawsbot/eth-labels,medium,2026-10-01
0xbcf339df10d78f2b44aa760ead0f715a7a7d7269,arbitrum,token-contract,Guardian GUARD: GUARD Token,entity,eth-labels,https://github.com/dawsbot/eth-labels,medium,2026-10-01
0xbdf4e630ded14a129ae302f930d1ae1b40fd02aa,arbitrum,token-contract,Lyra Finance: Liquidity Token,entity,eth-labels,https://github.com/dawsbot/eth-labels,medium,2026-10-01
0xbe00f3db78688d9704bcb4e0a827aea3a9cc0d62,arbitrum,token-contract,Fiat24: USD24 Token,entity,eth-labels,https://github.com/dawsbot/eth-labels,medium,2026-10-01
0xbe0f30217be1e981add883848d0773a86d2d2cd4,arbitrum,token-contract,token-contract,entity,eth-labels,https://github.com/dawsbot/eth-labels,medium,2026-10-01
0xbe55f53ad3b48b3ca785299f763d39e8a12b1f98,arbitrum,token-contract,Locus Finance: daToken Token,entity,eth-labels,https://github.com/dawsbot/eth-labels,medium,2026-10-01
0xbe8bad7fedb9a012295cbc2f018994dc43b32a24,arbitrum,token-contract,AIFIN: AIFIN Token,entity,eth-labels,https://github.com/dawsbot/eth-labels,medium,2026-10-01
0xbf63cb97706bd773fddb06cce51b94c0f2a8e0fe,arbitrum,token-contract,Golden Ball: GLB Token,entity,eth-labels,https://github.com/dawsbot/eth-labels,medium,2026-10-01
0xbfbcfe8873fe28dfa25f1099282b088d52bbad9c,arbitrum,token-contract,Equilibria Finance: EQB Token,entity,eth-labels,https://github.com/dawsbot/eth-labels,medium,2026-10-01
0xbfbee90e2a96614ace83139f41fa16a2079e8408,arbitrum,token-contract,Vovo Finance: veuGLP Token,entity,eth-labels,https://github.com/dawsbot/eth-labels,medium,2026-10-01
0xbfd3a44f673f4d4df9b1ec126c4a5f602f0380ad,arbitrum,token-contract,Pendle: PT-sUSDC-ARBSilo-1FEB2024 Token,entity,eth-labels,https://github.com/dawsbot/eth-labels,medium,2026-10-01
0xbfd5206962267c7b4b4a8b3d76ac2e1b2a5c4d5e,arbitrum,token-contract,Osaka Protocol: OSAK Token,entity,eth-labels,https://github.com/dawsbot/eth-labels,medium,2026-10-01
0xc0307afbae41ca45757703b0101d2a03fb9b7d08,arbitrum,token-contract,Parrot Defi: BPEGG Token,entity,eth-labels,https://github.com/dawsbot/eth-labels,medium,2026-10-01
0xc089f89bf74afe65f9d3746478520b6e87b665ce,arbitrum,token-contract,Chatmint: POCP Token,entity,eth-labels,https://github.com/dawsbot/eth-labels,medium,2026-10-01
0xc0baa7cdf5b539d29a1d49fb230361507678b4d2,arbitrum,token-contract,HeartGames: HTC Token,entity,eth-labels,https://github.com/dawsbot/eth-labels,medium,2026-10-01
0xc0cf4b266be5b3229c49590b59e67a09c15b22f4,arbitrum,token-contract,Pendle: SY-rETH Token,entity,eth-labels,https://github.com/dawsbot/eth-labels,medium,2026-10-01
0xc136e6b376a9946b156db1ed3a34b08afdaed76d,arbitrum,token-contract,CreDA: CREDA Token,entity,eth-labels+etherscan-labels,https://github.com/dawsbot/eth-labels,medium,2026-10-01
0xc14a7747cfec02cfea62e72bb93538de6b2078e6,arbitrum,token-contract,WaweSwaps Global: GBL Token,entity,eth-labels,https://github.com/dawsbot/eth-labels,medium,2026-10-01
0xc1e3eaa17edd58b60070d9534a308914d4d2658c,arbitrum,token-contract,Checkamigos: CHECKAMIGOS Token,entity,eth-labels,https://github.com/dawsbot/eth-labels,medium,2026-10-01
0xc223c546539e7b4002065cff5b2fa67173e1e72d,arbitrum,token-contract,Find: Find Token,entity,eth-labels,https://github.com/dawsbot/eth-labels,medium,2026-10-01
0xc227e25544edd261a9066932c71a25f4504972f1,arbitrum,token-contract,Aethir: ATHCL Token,entity,eth-labels,https://github.com/dawsbot/eth-labels,medium,2026-10-01
0xc24a365a870821eb83fd216c9596edd89479d8d7,arbitrum,token-contract,GAM3S.GG: G3 Token,entity,eth-labels,https://github.com/dawsbot/eth-labels,medium,2026-10-01
0xc29b9c4f45fd4f07768cf913acde0c7772b47124,arbitrum,token-contract,Post.Tech: POST Token,entity,eth-labels,https://github.com/dawsbot/eth-labels,medium,2026-10-01
0xc30113ff6f1718b73604a0223540217e96d44a3a,arbitrum,token-contract,DOGESHIT: DOGSHIT Token,entity,eth-labels,https://github.com/dawsbot/eth-labels,medium,2026-10-01
0xc337208bb7ffb850a913ae26621cee5ef30bf11d,arbitrum,token-contract,PooChain: POOP Token,entity,eth-labels,https://github.com/dawsbot/eth-labels,medium,2026-10-01
0xc3b2c658e89d9767b40c48166ffc9e5a5858bb69,arbitrum,token-contract,Funarcade: esFAT Token,entity,eth-labels,https://github.com/dawsbot/eth-labels,medium,2026-10-01
0xc45f7ee10bd015fc0f9dbb1d9c1c4695f6dac326,arbitrum,token-contract,ArbiBabes: Babes Token,entity,eth-labels,https://github.com/dawsbot/eth-labels,medium,2026-10-01
0xc4655c8127e0497caf3cbf5df97bee7773bc48c9,arbitrum,token-contract,Yieldification: promoYDF Token,entity,eth-labels,https://github.com/dawsbot/eth-labels,medium,2026-10-01
0xc4663f169aafb1d4506ce189d63810e24a8b63ea,arbitrum,token-contract,Turismo AI: TURAI Token,entity,eth-labels,https://github.com/dawsbot/eth-labels,medium,2026-10-01
0xc47d9753f3b32aa9548a7c3f30b6aec3b2d2798c,arbitrum,token-contract,Tender Finance: TND Token,entity,eth-labels,https://github.com/dawsbot/eth-labels,medium,2026-10-01
0xc4a0e0915d538b5ec2e6895261d34f70c64fb13d,arbitrum,token-contract,Bitago: XBIT Token,entity,eth-labels,https://github.com/dawsbot/eth-labels,medium,2026-10-01
0xc4a2bcf59767afcda03f63f3bc73701f254c5327,arbitrum,token-contract,Minereum32: M32 Token,entity,eth-labels,https://github.com/dawsbot/eth-labels,medium,2026-10-01
0xc4be0798e5b5b1c15eda36d9b2d8c1a60717fa92,arbitrum,token-contract,Adventurer Gold: GOLD Token,entity,eth-labels+etherscan-labels,https://github.com/dawsbot/eth-labels,medium,2026-10-01
0xc516afaa4134902f1db20b4d794d41fefcfd33af,arbitrum,token-contract,Launchy: LAUNCHY Token,entity,eth-labels,https://github.com/dawsbot/eth-labels,medium,2026-10-01
0xc5182e92bf001bae7049c4496cad96662db1a186,arbitrum,token-contract,GMD Protocol: gmdETH Token,entity,eth-labels,https://github.com/dawsbot/eth-labels,medium,2026-10-01
0xc56dc613c8ef3c57314171d73eaefe87aa469186,arbitrum,token-contract,XLSD: TLSD Token,entity,eth-labels,https://github.com/dawsbot/eth-labels,medium,2026-10-01
0xc595c9c28d78bb347c8177dfbb820484e2d99a66,arbitrum,token-contract,Pendle: PT-HLP-27JUN2024 Token,entity,eth-labels,https://github.com/dawsbot/eth-labels,medium,2026-10-01
0xc5ec44edc2015c3f2e730471145b68cd9e9c3b30,arbitrum,token-contract,DELI: DELI Token,entity,eth-labels,https://github.com/dawsbot/eth-labels,medium,2026-10-01
0xc628534100180582e43271448098cb2c185795bd,arbitrum,token-contract,Flashstake: FLASH Token,entity,eth-labels,https://github.com/dawsbot/eth-labels,medium,2026-10-01
0xc6511bf39fd40bc15773eb233c59f2fb22c62112,arbitrum,token-contract,Multichain: anyxRNBW Token,entity,eth-labels,https://github.com/dawsbot/eth-labels,medium,2026-10-01
0xc654b39265ba3c3ba18eb75f291de6bd4c029e8c,arbitrum,token-contract,MallowSwap: MALLOW Token,entity,eth-labels,https://github.com/dawsbot/eth-labels,medium,2026-10-01
0xc69771058481551261709d8db44977e9afde6450,arbitrum,token-contract,token-contract,entity,eth-labels,https://github.com/dawsbot/eth-labels,medium,2026-10-01
0xc6eee8cb7643ec2f05f46d569e9ec8ef8b41b389,arbitrum,token-contract,token-contract,entity,eth-labels,https://github.com/dawsbot/eth-labels,medium,2026-10-01
0xc6f3485c5ca2c08554ee9c516551035d0de285d9,arbitrum,token-contract,Rage Trade: Insurance Fund Token,entity,eth-labels,https://github.com/dawsbot/eth-labels,medium,2026-10-01
0xc701f86e6d242b97d3035f6c2cecaf8e7087e898,arbitrum,token-contract,RunBlox: RUX Token,entity,eth-labels,https://github.com/dawsbot/eth-labels,medium,2026-10-01
0xc713c7543bcad0f2bb51b49a6bc4433892267730,arbitrum,token-contract,Bagelbank: $BAGEL Token,entity,eth-labels,https://github.com/dawsbot/eth-labels,medium,2026-10-01
0xc72633f995e98ac3bb8a89e6a9c4af335c3d6e44,arbitrum,token-contract,Omnisea: OSEA Token,entity,eth-labels,https://github.com/dawsbot/eth-labels,medium,2026-10-01
0xc74fe4c715510ec2f8c61d70d397b32043f55abe,arbitrum,token-contract,Mycelium: MYC Token,entity,eth-labels,https://github.com/dawsbot/eth-labels,medium,2026-10-01
0xc7831178793868a75122eaaff634ece07a2ecaaa,arbitrum,token-contract,ArbiRoul: ROUL Token,entity,eth-labels+etherscan-labels,https://github.com/dawsbot/eth-labels,medium,2026-10-01
0xc79d8a2aa6d769138e599d4dbc30569c9870a6ee,arbitrum,token-contract,Pendle: SY-PENDLE-ETH_Camelot Token,entity,eth-labels,https://github.com/dawsbot/eth-labels,medium,2026-10-01
0xc7d91ec2b29cd22c45c15760abc189c4e78e8036,arbitrum,token-contract,Uramaki: MAKI Token,entity,eth-labels,https://github.com/dawsbot/eth-labels,medium,2026-10-01
0xc80931828047985eaa4c9a21bdae610e96046ae5,arbitrum,token-contract,Multichain: anyDIA Token,entity,eth-labels,https://github.com/dawsbot/eth-labels,medium,2026-10-01
0xc84fae1141b92fa5bf847276828f69caf651cb7f,arbitrum,token-contract,Xenify: XNF Token,entity,eth-labels,https://github.com/dawsbot/eth-labels,medium,2026-10-01
0xc8a1c0d8255bc2eb5f6236e119e3428fd0c33a74,arbitrum,token-contract,ArbiTen 10SHARE: 10SHARE Token,entity,eth-labels,https://github.com/dawsbot/eth-labels,medium,2026-10-01
0xc8a45dd787a301c38ad33f692f0d41c18590ef94,arbitrum,token-contract,30/1/2023- Proactive tagging  (Miya): anyNFD Token,entity,eth-labels+etherscan-labels,https://github.com/dawsbot/eth-labels,medium,2026-10-01
0xc8ccbd97b96834b976c995a67bf46e5754e2c48e,arbitrum,token-contract,Parallax Finance: PLX Token,entity,eth-labels,https://github.com/dawsbot/eth-labels,medium,2026-10-01
0xc8d9369809e48d03ff7b69d7979b174e2d34874c,arbitrum,token-contract,Pendle: YT-wstETH-26JUN2025 Token,entity,eth-labels,https://github.com/dawsbot/eth-labels,medium,2026-10-01
0xc8fd1f1e059d97ec71ae566dd6ca788dc92f36af,arbitrum,token-contract,Pendle: PT-wstETH-28DEC23/SY-wstETH Market Token,entity,eth-labels,https://github.com/dawsbot/eth-labels,medium,2026-10-01
0xc9503bfe958317890cf1374747a2e73af1064b91,arbitrum,token-contract,USDARBI: USDA Token,entity,eth-labels,https://github.com/dawsbot/eth-labels,medium,2026-10-01
0xc9cbf102c73fb77ec14f8b4c8bd88e050a6b2646,arbitrum,token-contract,Stella: ALPHA Token,entity,eth-labels,https://github.com/dawsbot/eth-labels,medium,2026-10-01
0xc9fa90d24b7103ad2215de52afec5e1e4c7a6e62,arbitrum,token-contract,Fluidity Money: fUSDT Token,entity,eth-labels,https://github.com/dawsbot/eth-labels,medium,2026-10-01
0xca2d2cf3861374fbb40c34c5a4f290a679e10e9e,arbitrum,token-contract,LLamiFi: $LLAMI Token,entity,eth-labels,https://github.com/dawsbot/eth-labels,medium,2026-10-01
0xca30c93b02514f86d5c86a6e375e3a330b435fb5,arbitrum,token-contract,Backed: bIB01 Token,entity,eth-labels,https://github.com/dawsbot/eth-labels,medium,2026-10-01
0xca5d8f8a8d49439357d3cf46ca2e720702f132b8,arbitrum,token-contract,Gyroscope: GYD Token,entity,eth-labels,https://github.com/dawsbot/eth-labels,medium,2026-10-01
0xca71e00e364bb033371a7f61f3f6b803b06e9fc4,arbitrum,token-contract,Pendle: YT-wstETH-28MAR2024 Token,entity,eth-labels,https://github.com/dawsbot/eth-labels,medium,2026-10-01
0xca848be669070a6a429a400edf2af8b95008951c,arbitrum,token-contract,FonAI: FAI Token,entity,eth-labels,https://github.com/dawsbot/eth-labels,medium,2026-10-01
0xcad2b03e289260ccf59209cf059778342d1cf33b,arbitrum,token-contract,Index Protocol: iBTC1X Token,entity,eth-labels,https://github.com/dawsbot/eth-labels,medium,2026-10-01
0xcb24b141ecaaad0d2c255d6f99d6f4790546a75c,arbitrum,token-contract,Exponential Capital: EXPO Token,entity,eth-labels,https://github.com/dawsbot/eth-labels,medium,2026-10-01
0xcb6460d56825ddc12229c7a7d94b6b26a9f9c867,arbitrum,token-contract,DefiTankLand: DFTL Token,entity,eth-labels,https://github.com/dawsbot/eth-labels,medium,2026-10-01
0xcb7bbe3825f41e9d16277245515804caed9ad476,arbitrum,token-contract,TIME Token Finance: D2 Token,entity,eth-labels,https://github.com/dawsbot/eth-labels,medium,2026-10-01
0xcba9ff45cfb9ce238afde32b0148eb82cbe63562,arbitrum,token-contract,token-contract,entity,eth-labels,https://github.com/dawsbot/eth-labels,medium,2026-10-01
0xcbd22a0170bd2f642aba5b91b75ac95945368199,arbitrum,token-contract,GameSwift Multiverse: GSMX Token,entity,eth-labels,https://github.com/dawsbot/eth-labels,medium,2026-10-01
0xcbd34be8b8deb2fb6f5cc5bc14a37c2398db5320,arbitrum,token-contract,Funicular: FUN Token,entity,eth-labels,https://github.com/dawsbot/eth-labels,medium,2026-10-01
0xcbe94d75ec713b7ead84f55620dc3174beeb1cfe,arbitrum,token-contract,FORE Protocol: FORE Token,entity,eth-labels,https://github.com/dawsbot/eth-labels,medium,2026-10-01
0xcca101424bdfcf64361dee639e13926b5d4d77d3,arbitrum,token-contract,Digital Files: DIFI Token,entity,eth-labels,https://github.com/dawsbot/eth-labels,medium,2026-10-01
0xccd05a0fcfc1380e9da27862adb2198e58e0d66f,arbitrum,token-contract,Realm: ANIMA Token,entity,eth-labels,https://github.com/dawsbot/eth-labels,medium,2026-10-01
0xce0b3f1258189da17bbd8c7e0509f5f7e001a998,arbitrum,token-contract,Moon Pepe: MPEPE Token,entity,eth-labels,https://github.com/dawsbot/eth-labels,medium,2026-10-01
0xce3051ff2ed963406b55ef505751ef88b8f0d791,arbitrum,token-contract,Realms:  Token,entity,eth-labels,https://github.com/dawsbot/eth-labels,medium,2026-10-01
0xce3a75572bc375476438206f6f29f46f8466ecc2,arbitrum,token-contract,XLSD: XLSD Token,entity,eth-labels,https://github.com/dawsbot/eth-labels,medium,2026-10-01
0xce78e6eab451bd382aafa4aa72017efdb23cdbcc,arbitrum,token-contract,Petroleum Finance: Plot Token,entity,eth-labels,https://github.com/dawsbot/eth-labels,medium,2026-10-01
0xcf2fe24def7141a5ba87597b144817fadb070e15,arbitrum,token-contract,Love Cheese: CHEESE Token,entity,eth-labels,https://github.com/dawsbot/eth-labels,medium,2026-10-01
0xcf934e2402a5e072928a39a956964eb8f2b5b79c,arbitrum,token-contract,Pool Together: POOL Token,entity,eth-labels,https://github.com/dawsbot/eth-labels,medium,2026-10-01
0xcf985aba4647a432e60efceeb8054bbd64244305,arbitrum,token-contract,EUROe: EUROe Token,entity,eth-labels,https://github.com/dawsbot/eth-labels,medium,2026-10-01
0xd03aee738be2b14041d442ca574810d5d92f3053,arbitrum,token-contract,DFund AI: FUNDAI Token,entity,eth-labels,https://github.com/dawsbot/eth-labels,medium,2026-10-01
0xd07d35368e04a839dee335e213302b21ef14bb4a,arbitrum,token-contract,Scattering: CRYSTAL Token,entity,eth-labels,https://github.com/dawsbot/eth-labels,medium,2026-10-01
0xd0dc20e6342db2de82692b8dc842301ff9121805,arbitrum,token-contract,token-contract,entity,eth-labels,https://github.com/dawsbot/eth-labels,medium,2026-10-01
0xd16f5343fddd2dcf6a8791e302a204c13069d165,arbitrum,token-contract,Sperax: veSPA Token,entity,eth-labels,https://github.com/dawsbot/eth-labels,medium,2026-10-01
0xd1e094cabc5acb9d3b0599c3f76f2d01ff8d3563,arbitrum,token-contract,VirtuSwap: VRSW Token,entity,eth-labels,https://github.com/dawsbot/eth-labels,medium,2026-10-01
0xd2568accd10a4c98e87c44e9920360031ad89fcb,arbitrum,token-contract,3xcalibur: XCAL Token,entity,eth-labels+etherscan-labels,https://github.com/dawsbot/eth-labels,medium,2026-10-01
0xd26b0c6ef8581e921ae41c66e508c62a581b709d,arbitrum,token-contract,SEX: SEX Token,entity,eth-labels,https://github.com/dawsbot/eth-labels,medium,2026-10-01
0xd29f8a9e76ef42ba9f749583ed07cae7bfaec389,arbitrum,token-contract,opxSliz: opxveSLIZ Token,entity,eth-labels,https://github.com/dawsbot/eth-labels,medium,2026-10-01
0xd2eb76feff5fbd549ca078908fb5efce7533a09d,arbitrum,token-contract,TronAI: TAI Token,entity,eth-labels,https://github.com/dawsbot/eth-labels,medium,2026-10-01
0xd3188e0df68559c0b63361f6160c57ad88b239d8,arbitrum,token-contract,Astra DAO: ASTRADAO Token,entity,eth-labels,https://github.com/dawsbot/eth-labels,medium,2026-10-01
0xd3934a2e428e31ffc14b1f69b0bec79db3e0c614,arbitrum,token-contract,Concentric.fi: CONE Token,entity,eth-labels,https://github.com/dawsbot/eth-labels,medium,2026-10-01
0xd3ac016b1b8c80eeadde4d186a9138c9324e4189,arbitrum,token-contract,Okcash: OK Token,entity,eth-labels,https://github.com/dawsbot/eth-labels,medium,2026-10-01
0xd3d700d3207d26211d956d62d7379a0809841882,arbitrum,token-contract,AITOMCAT: AITOMCAT Token,entity,eth-labels,https://github.com/dawsbot/eth-labels,medium,2026-10-01
0xd3e133a0a14bb8b595e5fbf9851c7c783685ba69,arbitrum,token-contract,Locker Token: LKT Token,entity,eth-labels,https://github.com/dawsbot/eth-labels,medium,2026-10-01
0xd3e37dfa70df2c66eaccb85d6bb88fcc8fa04407,arbitrum,token-contract,Mintera: MNTE Token,entity,eth-labels,https://github.com/dawsbot/eth-labels,medium,2026-10-01
0xd3e634a5ac243f076f6acb10f8acdbe711e8af52,arbitrum,token-contract,XEX Labs: XDON Token,entity,eth-labels,https://github.com/dawsbot/eth-labels,medium,2026-10-01
0xd3f1da62cafb7e7bc6531ff1cef6f414291f03d3,arbitrum,token-contract,Galleon: DBL Token,entity,eth-labels,https://github.com/dawsbot/eth-labels,medium,2026-10-01
0xd41f1f0cf89fd239ca4c1f8e8ada46345c86b0a4,arbitrum,token-contract,Fiat24: CHF24 Token,entity,eth-labels,https://github.com/dawsbot/eth-labels,medium,2026-10-01
0xd45e486a90ebb84e9336d371a35dcb021424b96c,arbitrum,token-contract,Superpower Squad: SQUAD Token,entity,eth-labels,https://github.com/dawsbot/eth-labels,medium,2026-10-01
0xd474e6c0930e3b1b999e7b093abcf1a38018d4f4,arbitrum,token-contract,MetaCity: MTC Token,entity,eth-labels,https://github.com/dawsbot/eth-labels,medium,2026-10-01
0xd4d026322c88c2d49942a75dff920fcfbc5614c1,arbitrum,token-contract,OpenLeverage: Old OLE Token,entity,eth-labels,https://github.com/dawsbot/eth-labels,medium,2026-10-01
0xd52a44122e18ebfcd805fc4aa022da0306662d34,arbitrum,token-contract,AIMUSK: AIMUSK Token,entity,eth-labels,https://github.com/dawsbot/eth-labels,medium,2026-10-01
0xd54d564606611a3502fe8909bbd3075dbeb77813,arbitrum,token-contract,Ledgity Yield: LUSDC Token,entity,eth-labels,https://github.com/dawsbot/eth-labels,medium,2026-10-01
0xd5536c80191c624f6bfd5590a45b9e93b16dea97,arbitrum,token-contract,Cryptex Finance: JPEGz Token,entity,eth-labels+etherscan-labels,https://github.com/dawsbot/eth-labels,medium,2026-10-01
0xd579cfdb811ba379e87e3f3d94e1b59cc26164d2,arbitrum,token-contract,Hamburger Finance: BURGER Token,entity,eth-labels,https://github.com/dawsbot/eth-labels,medium,2026-10-01
0xd58d345fd9c82262e087d2d0607624b410d88242,arbitrum,token-contract,Tellor Tributes: TRB Token,entity,eth-labels,https://github.com/dawsbot/eth-labels,medium,2026-10-01
0xd5954c3084a1ccd70b4da011e67760b8e78aee84,arbitrum,token-contract,Arbidex: ARX Token,entity,eth-labels,https://github.com/dawsbot/eth-labels,medium,2026-10-01
0xd5da32ad4c7510457c0e46fa4332f75f6c4c4dc0,arbitrum,token-contract,AutoEarn: ATE Token,entity,eth-labels,https://github.com/dawsbot/eth-labels,medium,2026-10-01
0xd63ace62b925361fc588734022718e919a8081ac,arbitrum,token-contract,Notional Finance: pUSDT Token,entity,eth-labels,https://github.com/dawsbot/eth-labels,medium,2026-10-01
0xd67a097dce9d4474737e6871684ae3c05460f571,arbitrum,token-contract,GND Protocol: GND Token,entity,eth-labels,https://github.com/dawsbot/eth-labels,medium,2026-10-01
0xd6d50e4792a7e65b07f501ae14ab62e0452622eb,arbitrum,token-contract,Elfswap: ELFS Token,entity,eth-labels,https://github.com/dawsbot/eth-labels,medium,2026-10-01
0xd74f5255d557944cf7dd0e45ff521520002d5748,arbitrum,token-contract,Sperax: USDs Token,entity,eth-labels,https://github.com/dawsbot/eth-labels,medium,2026-10-01
0xd77b108d4f6cefaa0cae9506a934e825becca46e,arbitrum,token-contract,WINR Protocol: WINR Token,entity,eth-labels,https://github.com/dawsbot/eth-labels,medium,2026-10-01
0xd79bb960dc8a206806c3a428b31bca49934d18d7,arbitrum,token-contract,Rosnet: ROSNET Token,entity,eth-labels,https://github.com/dawsbot/eth-labels,medium,2026-10-01
0xd7a892f28dedc74e6b7b33f93be08abfc394a360,arbitrum,token-contract,Crypto Index Pool: CIP Token,entity,eth-labels,https://github.com/dawsbot/eth-labels,medium,2026-10-01
0xd7c295e399ca928a3a14b01d760e794f1adf8990,arbitrum,token-contract,Multichain: anyMCB Token,entity,eth-labels,https://github.com/dawsbot/eth-labels,medium,2026-10-01
0xd7ee10047a75fa603591bce0524b8a52fef7b672,arbitrum,token-contract,Fugazi Ai: FGZ Token,entity,eth-labels,https://github.com/dawsbot/eth-labels,medium,2026-10-01
0xd85e038593d7a098614721eae955ec2022b9b91b,arbitrum,token-contract,Gains Network: gDAI Token,entity,eth-labels,https://github.com/dawsbot/eth-labels,medium,2026-10-01
0xd91903d548f19c0fc0a6b9ed09d2f72b4dfe7144,arbitrum,token-contract,Impossible Finance: IDIA Token,entity,eth-labels,https://github.com/dawsbot/eth-labels,medium,2026-10-01
0xd94aa928aa1cd9b8af7c6c0789ee3f427a4427ac,arbitrum,token-contract,Livepeer Titan Node: LTNT Token,entity,eth-labels,https://github.com/dawsbot/eth-labels,medium,2026-10-01
0xd954ecd262b3df276c39f89506ab39cef0272335,arbitrum,token-contract,Etherberry: BERRY Token,entity,eth-labels,https://github.com/dawsbot/eth-labels,medium,2026-10-01
0xd96385447f60c8e981a8faa979b273f5a4f9fe2d,arbitrum,token-contract,Era Of Explorers: EST Token,entity,eth-labels,https://github.com/dawsbot/eth-labels,medium,2026-10-01
0xd978f8489e1245568704407a479a71fcce2afe8f,arbitrum,token-contract,ApeSwap: Arbitrum BANANA Token,entity,eth-labels,https://github.com/dawsbot/eth-labels,medium,2026-10-01
0xd99c8d126504eda668b4d0cfa1173b54a43e6a72,arbitrum,token-contract,LionDEX: LG Token,entity,eth-labels,https://github.com/dawsbot/eth-labels,medium,2026-10-01
0xd9caee4e97035d0d6fc789e46e4ebfab14b79340,arbitrum,token-contract,Embrace the Chaos: CHAOS Token,entity,eth-labels,https://github.com/dawsbot/eth-labels,medium,2026-10-01
0xd9f87d8c74995bdb4b4895140785cf9b90ef3f9b,arbitrum,token-contract,Hextopus: esHXTO Token,entity,eth-labels,https://github.com/dawsbot/eth-labels,medium,2026-10-01
0xda0a57b710768ae17941a9fa33f8b720c8bd9ddd,arbitrum,token-contract,Marlin: POND Token,entity,eth-labels,https://github.com/dawsbot/eth-labels,medium,2026-10-01
0xda52bb340e8f7b582970523c03451e4dde5c6bcd,arbitrum,token-contract,Knights Of The Ether:  Token,entity,eth-labels,https://github.com/dawsbot/eth-labels,medium,2026-10-01
0xda661fa59320b808c5a6d23579fcfedf1fd3cf36,arbitrum,token-contract,Mobox: MBOX Token,entity,eth-labels,https://github.com/dawsbot/eth-labels,medium,2026-10-01
0xdab8c8776a4041415a60ed6b339d8e667cf2a934,arbitrum,token-contract,Perp Inu: PERPI Token,entity,eth-labels,https://github.com/dawsbot/eth-labels,medium,2026-10-01
0xdad3abce6fb87fa0355203b692723a7ee8aa9d63,arbitrum,token-contract,Plunge Pad: PLG Token,entity,eth-labels,https://github.com/dawsbot/eth-labels,medium,2026-10-01
0xdae6c6b6896abe615c6fff074a6bc4458eb27c40,arbitrum,token-contract,Aegis: AEG Token,entity,eth-labels,https://github.com/dawsbot/eth-labels,medium,2026-10-01
0xdb0c6fc9e01cd95eb1d3bbae6689962de489cd7b,arbitrum,token-contract,Dsquared.finance: DSQ Token,entity,eth-labels,https://github.com/dawsbot/eth-labels,medium,2026-10-01
0xdb298285fe4c5410b05390ca80e8fbe9de1f259b,arbitrum,token-contract,handle.fi: FOREX Token,entity,eth-labels,https://github.com/dawsbot/eth-labels,medium,2026-10-01
0xdb4a44cd28b074855a1cbd63af42868737055295,arbitrum,token-contract,Petroleum Finance: cOIL Token,entity,eth-labels,https://github.com/dawsbot/eth-labels,medium,2026-10-01
0xdba35afc5f4d5af4933c29a157dab3975f3eee9b,arbitrum,token-contract,PigsCanFly: Pork Token,entity,eth-labels,https://github.com/dawsbot/eth-labels,medium,2026-10-01
0xdc09c88f40e484c72ae1b49635e8089f7d47bee7,arbitrum,token-contract,AiBabyShiba: AIBBS Token,entity,eth-labels,https://github.com/dawsbot/eth-labels,medium,2026-10-01
0xdc59c219e51feec214f39f5ee22e01fdb78acd55,arbitrum,token-contract,Arbinaut: ARBI Token,entity,eth-labels,https://github.com/dawsbot/eth-labels,medium,2026-10-01
0xdc7179416c08c15f689d9214a3bec2dd003deabc,arbitrum,token-contract,KillSwitch Finance: KSW Token,entity,eth-labels,https://github.com/dawsbot/eth-labels,medium,2026-10-01
0xdc8184ba488e949815d4aafb35b3c56ad03b4179,arbitrum,token-contract,Roseon: ROSX Token,entity,eth-labels,https://github.com/dawsbot/eth-labels,medium,2026-10-01
0xdc95becd16081bf00c3cabac5820a3e18b495cad,arbitrum,token-contract,Cloudbit Classic: CDBC Token,entity,eth-labels,https://github.com/dawsbot/eth-labels,medium,2026-10-01
0xdcbf4cb83d27c408b30dd7f39bfcabd7176b1ba3,arbitrum,token-contract,OpenOcean: OOE Token,entity,eth-labels,https://github.com/dawsbot/eth-labels,medium,2026-10-01
0xdce765f021410b3266aa0053c93cb4535f1e12e0,arbitrum,token-contract,Lybra Finance: peUSD Token,entity,eth-labels,https://github.com/dawsbot/eth-labels,medium,2026-10-01
0xdd389517320720f09db75d20a27d8a2cfa5f8568,arbitrum,token-contract,18/02/23 - Token update (Afiq): ACR Token,entity,eth-labels+etherscan-labels,https://github.com/dawsbot/eth-labels,medium,2026-10-01
0xdd4c7313fe4c92e043b9b7dfe433e239bcd05a0d,arbitrum,token-contract,Pendle: SY-ARB-GRAIL_Camelot Token,entity,eth-labels,https://github.com/dawsbot/eth-labels,medium,2026-10-01
0xdd8e557c8804d326c72074e987de02a23ae6ef84,arbitrum,token-contract,ArbInu: ARBINU Token,entity,eth-labels+etherscan-labels,https://github.com/dawsbot/eth-labels,medium,2026-10-01
0xddbfbd5dc3ba0feb96cb513b689966b2176d4c09,arbitrum,token-contract,SteakHut Finance: STEAK Token,entity,eth-labels,https://github.com/dawsbot/eth-labels,medium,2026-10-01
0xde1e704dae0b4051e80dabb26ab6ad6c12262da0,arbitrum,token-contract,Deus Finance: DEI Token,entity,eth-labels+etherscan-labels,https://github.com/dawsbot/eth-labels,medium,2026-10-01
0xde31e75182276738b0c025daa8f80020a4f2fbfe,arbitrum,token-contract,Honey Money Finance: HONEY Token,entity,eth-labels,https://github.com/dawsbot/eth-labels,medium,2026-10-01
0xde5ed76e7c05ec5e4572cfc88d1acea165109e44,arbitrum,token-contract,DEUS Finance: DEUS Token,entity,eth-labels,https://github.com/dawsbot/eth-labels,medium,2026-10-01
0xde70aed3d14d39b4955147efcf272334bdb75ab5,arbitrum,token-contract,Yachting Verse: YACHT Token,entity,eth-labels,https://github.com/dawsbot/eth-labels,medium,2026-10-01
0xdeebfe062ea7f30b2b13e3b075fa0bb1f7cebb85,arbitrum,token-contract,Captain & Company: CNC-CLBX Token,entity,eth-labels,https://github.com/dawsbot/eth-labels,medium,2026-10-01
0xdf00960e0adfea78ee29da7fcca17cfdddc0a4ca,arbitrum,token-contract,Multichain: anyDEI Token,entity,eth-labels,https://github.com/dawsbot/eth-labels,medium,2026-10-01
0xdf0301d1964559d1fb29e41b68e15acbfe896955,arbitrum,token-contract,CyOp: CyOp Token,entity,eth-labels,https://github.com/dawsbot/eth-labels,medium,2026-10-01
0xdf4ef6ee483953fe3b84abd08c6a060445c01170,arbitrum,token-contract,Accumulate: WACME Token,entity,eth-labels,https://github.com/dawsbot/eth-labels,medium,2026-10-01
0xdf6b7b551a09ddb8d879165b870e6085db027036,arbitrum,token-contract,Legends of Barcraft: BRCF Token,entity,eth-labels,https://github.com/dawsbot/eth-labels,medium,2026-10-01
0xdfb8be6f8c87f74295a87de951974362cedcfa30,arbitrum,token-contract,EdgeMatrix Computing: EMC Token,entity,eth-labels,https://github.com/dawsbot/eth-labels,medium,2026-10-01
0xdfea35757264f5b6c0ff21104151d9f991d0eec0,arbitrum,token-contract,Stake.link: SDL Token,entity,eth-labels,https://github.com/dawsbot/eth-labels,medium,2026-10-01
0xe018c227bc84e44c96391d3067fab5a9a46b7e62,arbitrum,token-contract,Chromium Dollar: Cr Token,entity,eth-labels+etherscan-labels,https://github.com/dawsbot/eth-labels,medium,2026-10-01
0xe05a08226c49b636acf99c40da8dc6af83ce5bb3,arbitrum,token-contract,Ankr Staked ETH: ankrETH Token,entity,eth-labels,https://github.com/dawsbot/eth-labels,medium,2026-10-01
0xe0cca86b254005889ac3a81e737f56a14f4a38f5,arbitrum,token-contract,Alta Finance: ALTA Token,entity,eth-labels+etherscan-labels,https://github.com/dawsbot/eth-labels,medium,2026-10-01
0xe0eb31082bbf8252f7425c6dd72a8c6b3bfbe99f,arbitrum,token-contract,SafeBLAST: BLAST Token,entity,eth-labels,https://github.com/dawsbot/eth-labels,medium,2026-10-01
0xe11508d3e0cf09e6fd6e94fdf41e83836d83ce50,arbitrum,token-contract,Parifi: pfUSDC Token,entity,eth-labels,https://github.com/dawsbot/eth-labels,medium,2026-10-01
0xe11f9786b06438456b044b3e21712228adcaa0d1,arbitrum,token-contract,Pendle: PT-eETH-24APR24/SY-weETH Market Token,entity,eth-labels,https://github.com/dawsbot/eth-labels,medium,2026-10-01
0xe16321aae3a6333033d96fa02785813ea2412334,arbitrum,token-contract,Farmland: CHARACTERS Token,entity,eth-labels,https://github.com/dawsbot/eth-labels,medium,2026-10-01
0xe20b9e246db5a0d21bf9209e4858bc9a3ff7a034,arbitrum,token-contract,Banano: wBAN Token,entity,eth-labels+etherscan-labels,https://github.com/dawsbot/eth-labels,medium,2026-10-01
0xe2105bea3819d3131b5b2306d44eb3271bfcfe0e,arbitrum,token-contract,Fief Protocol: FIEF Token,entity,eth-labels,https://github.com/dawsbot/eth-labels,medium,2026-10-01
0xe26ae3d881f3d5def58d795f611753804e7a6b26,arbitrum,token-contract,Multichain: Old BETS Token,entity,eth-labels+etherscan-labels,https://github.com/dawsbot/eth-labels,medium,2026-10-01
0xe2ccdef6b103e49ca44df341b4dff6cd1025c8d5,arbitrum,token-contract,ZapankiSwap: ZAP Token,entity,eth-labels,https://github.com/dawsbot/eth-labels,medium,2026-10-01
0xe38d9ae2ab3c1eccc701e3617297e1f4f48899c4,arbitrum,token-contract,BlocKombat: BKB Token,entity,eth-labels,https://github.com/dawsbot/eth-labels,medium,2026-10-01
0xe406ae51389acadf87964ce0073b9724cc25d25c,arbitrum,token-contract,token-contract,entity,eth-labels,https://github.com/dawsbot/eth-labels,medium,2026-10-01
0xe40beb54ba00838abe076f6448b27528dd45e4f0,arbitrum,token-contract,Vovo Finance: vbuUSDC Token,entity,eth-labels,https://github.com/dawsbot/eth-labels,medium,2026-10-01
0xe47ba52f326806559c1dec7ddd997f6957d0317d,arbitrum,token-contract,Shell Protocol: SHELL Token,entity,eth-labels,https://github.com/dawsbot/eth-labels,medium,2026-10-01
0xe4838fdf04825221d825434194ec28e90f62f63e,arbitrum,token-contract,ETF Rocks: ETF Token,entity,eth-labels,https://github.com/dawsbot/eth-labels,medium,2026-10-01
0xe492e012afc2a04f8fc1f13fb1ab1a8d44270f99,arbitrum,token-contract,President of Cryptocurrency: POC Token,entity,eth-labels,https://github.com/dawsbot/eth-labels,medium,2026-10-01
0xe4d5c6ae46adfaf04313081e8c0052a30b6dd724,arbitrum,token-contract,Pyth Network: PYTH Token,entity,eth-labels,https://github.com/dawsbot/eth-labels,medium,2026-10-01
0xe4dddfe67e7164b0fe14e218d80dc4c08edc01cb,arbitrum,token-contract,Kyber Network: KNC Token,entity,eth-labels,https://github.com/dawsbot/eth-labels,medium,2026-10-01
0xe50fd33a16ce174dda298fbe20dacd6b427433c2,arbitrum,token-contract,Arbitama: ARBITAMA Token,entity,eth-labels+etherscan-labels,https://github.com/dawsbot/eth-labels,medium,2026-10-01
0xe5547938f6c2b07ae46f0676e3dab0a9f6f1cfd2,arbitrum,token-contract,Shogun War: SHO Token,entity,eth-labels,https://github.com/dawsbot/eth-labels,medium,2026-10-01
0xe57bd15448c3b2d1dbad598775dd2f36f93ebf90,arbitrum,token-contract,token-contract,entity,eth-labels,https://github.com/dawsbot/eth-labels,medium,2026-10-01
0xe6045890b20945d00e6f3c01878265c03c5435d3,arbitrum,token-contract,token-contract,entity,eth-labels,https://github.com/dawsbot/eth-labels,medium,2026-10-01
0xe6195e728bf95c91e1d439505eb7fbc7f7eff799,arbitrum,token-contract,Epic Level: EPV Token,entity,eth-labels,https://github.com/dawsbot/eth-labels,medium,2026-10-01
0xe66998533a1992ece9ea99cdf47686f4fc8458e0,arbitrum,token-contract,Jones USDC: jUSDC Token,entity,eth-labels,https://github.com/dawsbot/eth-labels,medium,2026-10-01
0xe6c8d111337d0052b9d88bf5d7d55b7f8385acd3,arbitrum,token-contract,Superfluid Finance: ETHx Token,entity,eth-labels,https://github.com/dawsbot/eth-labels,medium,2026-10-01
0xe6cdd3a275c976bca5d3de4f96c7514b899f0434,arbitrum,token-contract,Multichain: anyAMY Token,entity,eth-labels,https://github.com/dawsbot/eth-labels,medium,2026-10-01
0xe71f9225ec1510d1687fd5c24c48068582a47d6d,arbitrum,token-contract,HYDREN: HYDREN Token,entity,eth-labels,https://github.com/dawsbot/eth-labels,medium,2026-10-01
0xe7f6c3c1f0018e4c08acc52965e5cbff99e34a44,arbitrum,token-contract,Plutus DAO: plsJONES Token,entity,eth-labels,https://github.com/dawsbot/eth-labels,medium,2026-10-01
0xe80772eaf6e2e18b651f160bc9158b2a5cafca65,arbitrum,token-contract,Overnight Finance: USD+ Token,entity,eth-labels,https://github.com/dawsbot/eth-labels,medium,2026-10-01
0xe822ae44eb2466b4e263b1cbc94b4833ddef9700,arbitrum,token-contract,Pendle: YT-rETH-26JUN2025 Token,entity,eth-labels,https://github.com/dawsbot/eth-labels,medium,2026-10-01
0xe85b662fe97e8562f4099d8a1d5a92d4b453bf30,arbitrum,token-contract,Thales: THALES Token,entity,eth-labels,https://github.com/dawsbot/eth-labels,medium,2026-10-01
0xe89ce1eedb3ffb0b4614f4a84678ba964af8bfa7,arbitrum,token-contract,Cigarette: CIG Token,entity,eth-labels,https://github.com/dawsbot/eth-labels,medium,2026-10-01
0xe8a3bf796ca5a13283ec6b1c5b645b91d7cfef5d,arbitrum,token-contract,VIRUS WORLD: aZVT Token,entity,eth-labels,https://github.com/dawsbot/eth-labels,medium,2026-10-01
0xea1e79d4a0d347edcadd78d98a7da65d15e8cba1,arbitrum,token-contract,RocketVerse: RKV Token,entity,eth-labels,https://github.com/dawsbot/eth-labels,medium,2026-10-01
0xea88e8f7df4dabf87a4c9abe23b386459bd01bc9,arbitrum,token-contract,SafeSurge: SAFESURGE Token,entity,eth-labels,https://github.com/dawsbot/eth-labels,medium,2026-10-01
0xeb3c4d71c31d291e47641cd09ea8e8f5696b6b4c,arbitrum,token-contract,DopeWarz: DWZ Token,entity,eth-labels,https://github.com/dawsbot/eth-labels,medium,2026-10-01
0xeb466342c4d449bc9f53a865d5cb90586f405215,arbitrum,token-contract,Axelar USDC: axlUSDC Token,entity,eth-labels+etherscan-labels,https://github.com/dawsbot/eth-labels,medium,2026-10-01
0xeb4d25db65dcef52380c99ba7e1344c820ecb1fc,arbitrum,token-contract,X World Games: XWG Token,entity,eth-labels,https://github.com/dawsbot/eth-labels,medium,2026-10-01
0xeb6f8eebc83d85120f9299b84da558825685570e,arbitrum,token-contract,ArbiRise Finance: ARF Token,entity,eth-labels+etherscan-labels,https://github.com/dawsbot/eth-labels,medium,2026-10-01
0xeb79217b2802dfd54b6135c19a6aa2164bbd3a51,arbitrum,token-contract,Magic Fox: SHROOM Token,entity,eth-labels,https://github.com/dawsbot/eth-labels,medium,2026-10-01
0xeb8e93a0c7504bffd8a8ffa56cd754c63aaebfe8,arbitrum,token-contract,Overnight Finance: DAI+ Token,entity,eth-labels,https://github.com/dawsbot/eth-labels,medium,2026-10-01
0xeb99748e91afca94a6289db3b02e7ef4a8f0a22d,arbitrum,token-contract,MahaDao: MAHA Token,entity,eth-labels,https://github.com/dawsbot/eth-labels,medium,2026-10-01
0xebba467ecb6b21239178033189ceae27ca12eadf,arbitrum,token-contract,Treasure DAO: Treasures,entity,eth-labels,https://github.com/dawsbot/eth-labels,medium,2026-10-01
0xebf1f92d4384118bfb91b4496660a95931c92861,arbitrum,token-contract,AladdinDAO: aCRV Token,entity,eth-labels+etherscan-labels,https://github.com/dawsbot/eth-labels,medium,2026-10-01
0xec13336bbd50790a00cdc0feddf11287eaf92529,arbitrum,token-contract,GND Protocol: gmUSD Token,entity,eth-labels,https://github.com/dawsbot/eth-labels,medium,2026-10-01
0xeca14f81085e5b8d1c9d32dcb596681574723561,arbitrum,token-contract,Spool DAO: SPOOL Token,entity,eth-labels,https://github.com/dawsbot/eth-labels,medium,2026-10-01
0xeca66820ed807c096e1bd7a1a091cd3d3152cc79,arbitrum,token-contract,Ghast: GHA Token,entity,eth-labels,https://github.com/dawsbot/eth-labels,medium,2026-10-01
0xecaa7a1cb9fad0e90a0c177224ab41333d125956,arbitrum,token-contract,ROOO Space: ROOO Token,entity,eth-labels,https://github.com/dawsbot/eth-labels,medium,2026-10-01
0xecb6d48e04d1df057e398b98ac8b3833eb3839ec,arbitrum,token-contract,Multichain: anyRAI Token,entity,eth-labels,https://github.com/dawsbot/eth-labels,medium,2026-10-01
0xed3fb761414da74b74f33e5c5a1f78104b188dfc,arbitrum,token-contract,ArbiNYAN: ArbiNYAN Token,entity,eth-labels+etherscan-labels,https://github.com/dawsbot/eth-labels,medium,2026-10-01
0xed7f000ee335b8199b004cca1c6f36d188cf6cb8,arbitrum,token-contract,D2 Finance: D2 Token,entity,eth-labels,https://github.com/dawsbot/eth-labels,medium,2026-10-01
0xee02583596aee94cccb7e8ccd3921d955f17982a,arbitrum,token-contract,token-contract,entity,eth-labels,https://github.com/dawsbot/eth-labels,medium,2026-10-01
0xee095eb6354473e4066054c5b06c82e99fa2b96e,arbitrum,token-contract,Duke of Arbitrum: DUKE Token,entity,eth-labels,https://github.com/dawsbot/eth-labels,medium,2026-10-01
0xee0b14e8fc86691cf6ee42b9954985b4cf968534,arbitrum,token-contract,ZenPandaCoin: ZPC Token,entity,eth-labels,https://github.com/dawsbot/eth-labels,medium,2026-10-01
0xee9801669c6138e84bd50deb500827b776777d28,arbitrum,token-contract,O3 Swap: O3 Token,entity,eth-labels,https://github.com/dawsbot/eth-labels,medium,2026-10-01
0xee9857de0e55d4a54d36a5a5a73a15e57435fdca,arbitrum,token-contract,AsgardX: ODIN Token,entity,eth-labels+etherscan-labels,https://github.com/dawsbot/eth-labels,medium,2026-10-01
0xeeac5e75216571773c0064b3b591a86253791db6,arbitrum,token-contract,Tales of Elleria: ELM Token,entity,eth-labels,https://github.com/dawsbot/eth-labels,medium,2026-10-01
0xeee18334c414a47fb886a7317e1885b2bfb8c2a6,arbitrum,token-contract,Savvy: svBTC Token,entity,eth-labels,https://github.com/dawsbot/eth-labels,medium,2026-10-01
0xeeeeeb57642040be42185f49c52f7e9b38f8eeee,arbitrum,token-contract,Elk Finance: ELK Token,entity,eth-labels,https://github.com/dawsbot/eth-labels,medium,2026-10-01
0xef04804e1e474d3f9b73184d7ef5d786f3fce930,arbitrum,token-contract,Wall Street Games: WSG Token,entity,eth-labels,https://github.com/dawsbot/eth-labels,medium,2026-10-01
0xef3f53046c9b00702f25186d7342d73c789f547a,arbitrum,token-contract,Notional Finance: pRDNT Token,entity,eth-labels,https://github.com/dawsbot/eth-labels,medium,2026-10-01
0xefc43cf79f406d62960e34d3a62c729a0eebec4b,arbitrum,token-contract,PoSH4D: P4D Token,entity,eth-labels,https://github.com/dawsbot/eth-labels,medium,2026-10-01
0xeffae8eb4ca7db99e954adc060b736db78928467,arbitrum,token-contract,GMD Protocol: gmdBTC Token,entity,eth-labels,https://github.com/dawsbot/eth-labels,medium,2026-10-01
0xf00d8790a76ee5a5dbc10eacac39151aa2af0331,arbitrum,token-contract,Quoll Finance: QUO Token,entity,eth-labels,https://github.com/dawsbot/eth-labels,medium,2026-10-01
0xf01c86205ff49e563de9a10e41b709df5190892c,arbitrum,token-contract,Overnight Finance: ETS Pi Token,entity,eth-labels,https://github.com/dawsbot/eth-labels,medium,2026-10-01
0xf061956612b3dc79fd285d3d51bc128f2ea87740,arbitrum,token-contract,YFDAI: Yf-DAI Token,entity,eth-labels,https://github.com/dawsbot/eth-labels,medium,2026-10-01
0xf0a219e14d4c058022a828b16af9888b143ab5ad,arbitrum,token-contract,Pendle: PT-MUXLP-28MAR2024 Token,entity,eth-labels,https://github.com/dawsbot/eth-labels,medium,2026-10-01
0xf0a479c9c3378638ec603b8b6b0d75903902550b,arbitrum,token-contract,SpaceCatch: CATCH Token,entity,eth-labels,https://github.com/dawsbot/eth-labels,medium,2026-10-01
0xf0b5ceefc89684889e5f7e0a7775bd100fcd3709,arbitrum,token-contract,Fluid Finance SA: DUSD Token,entity,eth-labels,https://github.com/dawsbot/eth-labels,medium,2026-10-01
0xf0b68b1ead1ed21f6b69807af6ca1519a8250f00,arbitrum,token-contract,Warp Drive Finance: WARP Token,entity,eth-labels,https://github.com/dawsbot/eth-labels,medium,2026-10-01
0xf0c4af5be52b52f9512d34c1af88553d25d7b802,arbitrum,token-contract,DYOR: DYOR Token,entity,eth-labels,https://github.com/dawsbot/eth-labels,medium,2026-10-01
0xf0cb2dc0db5e6c66b9a70ac27b06b878da017028,arbitrum,token-contract,Olympus: OHM Token,entity,eth-labels,https://github.com/dawsbot/eth-labels,medium,2026-10-01
0xf0d43f46cea02bbb5e616bf6d795d4f8719cd80d,arbitrum,token-contract,Zeleboba: ZELEBOBA Token,entity,eth-labels,https://github.com/dawsbot/eth-labels,medium,2026-10-01
0xf0dfad1817b5ba73726b02ab34dd4b4b00bcd392,arbitrum,token-contract,Minato DAO: MNTO Token,entity,eth-labels,https://github.com/dawsbot/eth-labels,medium,2026-10-01
0xf0f14634971c43d872d1cf1785195c0ce1000a9d,arbitrum,token-contract,Libera: LIBERA Token,entity,eth-labels,https://github.com/dawsbot/eth-labels,medium,2026-10-01
0xf0f942d563a6bacf875d8cee5ae663b12ce62149,arbitrum,token-contract,Dragon City Miner: DRAGON Token,entity,eth-labels,https://github.com/dawsbot/eth-labels,medium,2026-10-01
0xf1264873436a0771e440e2b28072fafcc5eebd01,arbitrum,token-contract,Kenshi: KNS Token,entity,eth-labels,https://github.com/dawsbot/eth-labels,medium,2026-10-01
0xf1617882a71467534d14eee865922de1395c9e89,arbitrum,token-contract,Aspida: saETH Token,entity,eth-labels,https://github.com/dawsbot/eth-labels,medium,2026-10-01
0xf16585365bfe050eff7c926f22df87f46da2cafe,arbitrum,token-contract,Adv3nture.xyz Gold: GOLD Token,entity,eth-labels,https://github.com/dawsbot/eth-labels,medium,2026-10-01
0xf176fb51f4eb826136a54fdc71c50fcd2202e272,arbitrum,token-contract,Pendle: SY-rsETH Token,entity,eth-labels,https://github.com/dawsbot/eth-labels,medium,2026-10-01
0xf18011766cf11d905e93ed5626838d44c7fa14b7,arbitrum,token-contract,Pendle: SY-HLP Token,entity,eth-labels,https://github.com/dawsbot/eth-labels,medium,2026-10-01
0xf18c263ec50cc211ef3f172228549b6618f10613,arbitrum,token-contract,Collab.Land: COLLAB Token,entity,eth-labels,https://github.com/dawsbot/eth-labels,medium,2026-10-01
0xf19547f9ed24aa66b03c3a552d181ae334fbb8db,arbitrum,token-contract,Lodestar Finance: LODE Token,entity,eth-labels,https://github.com/dawsbot/eth-labels,medium,2026-10-01
0xf1a82bfa7fceb8b8741e7e04a6b8efd348ca6393,arbitrum,token-contract,ArbSHIB: AISHIB Token,entity,eth-labels,https://github.com/dawsbot/eth-labels,medium,2026-10-01
0xf1f95b3c5246a8a403f0305d00b848a609522c82,arbitrum,token-contract,Arbitrum Games: ARBG Token,entity,eth-labels+etherscan-labels,https://github.com/dawsbot/eth-labels,medium,2026-10-01
0xf202ab403cd7e90197ec0f010ee897e283037706,arbitrum,token-contract,Savvy: svUSD Token,entity,eth-labels,https://github.com/dawsbot/eth-labels,medium,2026-10-01
0xf236ea74b515ef96a9898f5a4ed4aa591f253ce1,arbitrum,token-contract,Plutus DAO: plsDPX Token,entity,eth-labels,https://github.com/dawsbot/eth-labels,medium,2026-10-01
0xf28db483773e3616da91fdfa7b5d4090ac40cc59,arbitrum,token-contract,Pendle: YT-weETH-25APR2024 Token,entity,eth-labels,https://github.com/dawsbot/eth-labels,medium,2026-10-01
0xf29fdf6b7bdffb025d7e6dfdf344992d2d16e249,arbitrum,token-contract,Genius X: GENSX Token,entity,eth-labels,https://github.com/dawsbot/eth-labels,medium,2026-10-01
0xf31644beb9410bad452557edbc8134aa84f84206,arbitrum,token-contract,Rage Trade: vQuote Token,entity,eth-labels,https://github.com/dawsbot/eth-labels,medium,2026-10-01
0xf31b528d724354575c0c65ab17d6decde29d2900,arbitrum,token-contract,Pendle: YT-MUXLP-28MAR2024 Token,entity,eth-labels,https://github.com/dawsbot/eth-labels,medium,2026-10-01
0xf36a65fd3b7df848860d174115f1864e6aa2db5e,arbitrum,token-contract,Seneca: senUSD Token,entity,eth-labels,https://github.com/dawsbot/eth-labels,medium,2026-10-01
0xf387359fab862eaef4b7c03d2174755918c58d4d,arbitrum,token-contract,YOGI: YOGI Token,entity,eth-labels,https://github.com/dawsbot/eth-labels,medium,2026-10-01
0xf399d4be5593deef121de3dfb46e0c401890de81,arbitrum,token-contract,Orivium: ORI Token,entity,eth-labels,https://github.com/dawsbot/eth-labels,medium,2026-10-01
0xf3c091ed43de9c270593445163a41a876a0bb3dd,arbitrum,token-contract,Orbs: ORBS Token,entity,eth-labels,https://github.com/dawsbot/eth-labels,medium,2026-10-01
0xf3f45fa22c374c82ca8573ffcb8d529b9e1a27a1,arbitrum,token-contract,Arbidragon: ARBID Token,entity,eth-labels,https://github.com/dawsbot/eth-labels,medium,2026-10-01
0xf40f19cafaaa25bf9b52134646c6e325e76e0e93,arbitrum,token-contract,XLSD: GLSD Token,entity,eth-labels,https://github.com/dawsbot/eth-labels,medium,2026-10-01
0xf42e2b8bc2af8b110b65be98db1321b1ab8d44f5,arbitrum,token-contract,Donut: DONUT Token,entity,eth-labels,https://github.com/dawsbot/eth-labels,medium,2026-10-01
0xf4ac71a71b7b4d95b9f04b603a7b9ed87762d5f3,arbitrum,token-contract,CatMouseWorld: RICE Token,entity,eth-labels,https://github.com/dawsbot/eth-labels,medium,2026-10-01
0xf4b741f4806630446e5f919726907cd34edc4fa0,arbitrum,token-contract,PetLFG: LICK Token,entity,eth-labels,https://github.com/dawsbot/eth-labels,medium,2026-10-01
0xf50874f8246776ca4b89eef471e718f70f38458f,arbitrum,token-contract,Arbswap: ARBS Token,entity,eth-labels,https://github.com/dawsbot/eth-labels,medium,2026-10-01
0xf518f2ebea5df8ca2b5e9c7996a2a25e8010014b,arbitrum,token-contract,Green Chain: GREEN Token,entity,eth-labels,https://github.com/dawsbot/eth-labels,medium,2026-10-01
0xf525e73bdeb4ac1b0e741af3ed8a8cbb43ab0756,arbitrum,token-contract,KiboShib: KIBSHI Token,entity,eth-labels,https://github.com/dawsbot/eth-labels,medium,2026-10-01
0xf52f079af080c9fb5afca57dde0f8b83d49692a9,arbitrum,token-contract,dForce: iUSDT Token,entity,eth-labels+etherscan-labels,https://github.com/dawsbot/eth-labels,medium,2026-10-01
0xf5a27e55c748bcddbfea5477cb9ae924f0f7fd2e,arbitrum,token-contract,The Standard: TST Token,entity,eth-labels,https://github.com/dawsbot/eth-labels,medium,2026-10-01
0xf5db7c04bcec3bea25bd4fdc501cff0864f726e7,arbitrum,token-contract,Xenify: YSL Token,entity,eth-labels,https://github.com/dawsbot/eth-labels,medium,2026-10-01
0xf617792ea9dceb2208f4c440258b21d2f3fdb9a3,arbitrum,token-contract,Pendle: PT-mPENDLE-26SEP24/SY-mPENDLE Market Token,entity,eth-labels,https://github.com/dawsbot/eth-labels,medium,2026-10-01
0xf6553cd90bd48ff0dc17c60baeaaf1ca325fe3b0,arbitrum,token-contract,Index Protocol: icETH Token,entity,eth-labels,https://github.com/dawsbot/eth-labels,medium,2026-10-01
0xf6995955e4b0e5b287693c221f456951d612b628,arbitrum,token-contract,dForce: iDAI Token,entity,eth-labels+etherscan-labels,https://github.com/dawsbot/eth-labels,medium,2026-10-01
0xf740366cb77094ff0cb51770d0eaff58bf1697be,arbitrum,token-contract,Arcadeum: esARC Token,entity,eth-labels+etherscan-labels,https://github.com/dawsbot/eth-labels,medium,2026-10-01
0xf763fa322dc58dee588252fafee5f448e863b633,arbitrum,token-contract,Carbon: SWTH Token,entity,eth-labels+etherscan-labels,https://github.com/dawsbot/eth-labels,medium,2026-10-01
0xf7728582002ef82908c8242cf552e969ba863ffa,arbitrum,token-contract,Savvy: svETH Token,entity,eth-labels,https://github.com/dawsbot/eth-labels,medium,2026-10-01
0xf7a0dd3317535ec4f4d29adf9d620b3d8d5d5069,arbitrum,token-contract,Staked Ethos Reserve Note: stERN Token,entity,eth-labels,https://github.com/dawsbot/eth-labels,medium,2026-10-01
0xf7bd2ed13bef9c27a2188f541dc5ed85c5325306,arbitrum,token-contract,Mycelium: fsMLP Token,entity,eth-labels,https://github.com/dawsbot/eth-labels,medium,2026-10-01
0xf7c34a8365f485c791c3b5f5054b7e23c3cc55ea,arbitrum,token-contract,ArbCate: ArbCate Token,entity,eth-labels+etherscan-labels,https://github.com/dawsbot/eth-labels,medium,2026-10-01
0xf7f6718cf69967203740ccb431f6bdbff1e0fb68,arbitrum,token-contract,Torque: TUSD Token,entity,eth-labels,https://github.com/dawsbot/eth-labels,medium,2026-10-01
0xf84d28a8d28292842dd73d1c5f99476a80b6666a,arbitrum,token-contract,OpenEden: TBILL Token,entity,eth-labels,https://github.com/dawsbot/eth-labels,medium,2026-10-01
0xf879005da1c4846dcf3a86ac30ac914dc7aed384,arbitrum,token-contract,Hush Doge: HUSH Token,entity,eth-labels,https://github.com/dawsbot/eth-labels,medium,2026-10-01
0xf899e3909b4492859d44260e1de41a9e663e70f5,arbitrum,token-contract,RadioShack: RADIO Token,entity,eth-labels,https://github.com/dawsbot/eth-labels,medium,2026-10-01
0xf97307d029643c7551c1e0eefab51206076735d3,arbitrum,token-contract,Arcadeum: sARC Token,entity,eth-labels+etherscan-labels,https://github.com/dawsbot/eth-labels,medium,2026-10-01
0xf9df075716b2d9b95616341dc6bc64c85e56645c,arbitrum,token-contract,Mayfair: $MAY Token,entity,eth-labels,https://github.com/dawsbot/eth-labels,medium,2026-10-01
0xfa296fca3c7dba4a92a42ec0b5e2138da3b29050,arbitrum,token-contract,AiShiba: shibai Token,entity,eth-labels,https://github.com/dawsbot/eth-labels,medium,2026-10-01
0xfa42da1bd08341537a44a4ca9d236d1c00a98b40,arbitrum,token-contract,Carbon Finance: CARBON Token,entity,eth-labels+etherscan-labels,https://github.com/dawsbot/eth-labels,medium,2026-10-01
0xfa5680ed391addc53443d808594e6dde41978b36,arbitrum,token-contract,Arbitrum Museum: ARMU Token,entity,eth-labels,https://github.com/dawsbot/eth-labels,medium,2026-10-01
0xfa5ed56a203466cbbc2430a43c66b9d8723528e7,arbitrum,token-contract,Angle Protocol: agEUR Token,entity,eth-labels+etherscan-labels,https://github.com/dawsbot/eth-labels,medium,2026-10-01
0xfa69f1e2e48b411b98a105fb693fb381764dc857,arbitrum,token-contract,Index Protocol: BTC2X Token,entity,eth-labels,https://github.com/dawsbot/eth-labels,medium,2026-10-01
0xfac38532829fdd744373fdcd4708ab90fa0c4078,arbitrum,token-contract,Tenderize: tLPT Token,entity,eth-labels,https://github.com/dawsbot/eth-labels,medium,2026-10-01
0xfae39ec09730ca0f14262a636d2d7c5539353752,arbitrum,token-contract,Arbitrum Odyssey NFT: Arbitrum Token,entity,eth-labels+etherscan-labels,https://github.com/dawsbot/eth-labels,medium,2026-10-01
0xfafa2b178cb40ac28e034548d9ba6085bcc5ca28,arbitrum,token-contract,Pendle:YT-Kyber Elastic axlWstEth-wstETH-28MAR2024,entity,eth-labels,https://github.com/dawsbot/eth-labels,medium,2026-10-01
0xfb17d52f77db6e32b5a082ed4307fcfb0a86beee,arbitrum,token-contract,Pizon: PZT Token,entity,eth-labels,https://github.com/dawsbot/eth-labels,medium,2026-10-01
0xfb930d1a28990820c98144201637c99bea8cb91c,arbitrum,token-contract,Bumper: BUMP Token,entity,eth-labels,https://github.com/dawsbot/eth-labels,medium,2026-10-01
0xfb9e5d956d889d91a82737b9bfcdac1dce3e1449,arbitrum,token-contract,Liquity: LQTY Token,entity,eth-labels,https://github.com/dawsbot/eth-labels,medium,2026-10-01
0xfb9fbcb328317123f5275cda30b6589d5841216b,arbitrum,token-contract,Antfarm: ATF Token,entity,eth-labels,https://github.com/dawsbot/eth-labels,medium,2026-10-01
0xfb9fed8cb962548a11fe7f6f282949061395c7f5,arbitrum,token-contract,Nuon: NUON Token,entity,eth-labels,https://github.com/dawsbot/eth-labels,medium,2026-10-01
0xfbbb21d8e7a461f06e5e27efd69703acb5c732a8,arbitrum,token-contract,Kunji Finance: KNJ Token,entity,eth-labels,https://github.com/dawsbot/eth-labels,medium,2026-10-01
0xfc0c4114ccba4a91d05bdab4a8480cbec46654dd,arbitrum,token-contract,RB Finance: RB Token,entity,eth-labels,https://github.com/dawsbot/eth-labels,medium,2026-10-01
0xfc1e18fd211314900cb506993b9b14ec72e3f574,arbitrum,token-contract,Arb Furbo: FARB Token,entity,eth-labels,https://github.com/dawsbot/eth-labels,medium,2026-10-01
0xfc675adfdd721064ba923d07a8a238a9e52d8ace,arbitrum,token-contract,Parifi: esPRF Token,entity,eth-labels,https://github.com/dawsbot/eth-labels,medium,2026-10-01
0xfc77b86f3ade71793e1eec1e7944db074922856e,arbitrum,token-contract,Mugen Finance: MGN Token,entity,eth-labels,https://github.com/dawsbot/eth-labels,medium,2026-10-01
0xfc87753df5ef5c368b5fba8d4c5043b77e8c5b39,arbitrum,token-contract,Aspida: aETH Token,entity,eth-labels,https://github.com/dawsbot/eth-labels,medium,2026-10-01
0xfcc0351f3a1ff72409df66a7589c1f9efbf53386,arbitrum,token-contract,Farmland: CORN Token,entity,eth-labels,https://github.com/dawsbot/eth-labels,medium,2026-10-01
0xfd3b912fc1c5026a1b73d7fbc0b9bc3106b10605,arbitrum,token-contract,Crab: CRAB Token,entity,eth-labels,https://github.com/dawsbot/eth-labels,medium,2026-10-01
0xfd559867b6d3445f9589074c3ac46418fdfffda4,arbitrum,token-contract,Goblin: GOBLIN Token,entity,eth-labels,https://github.com/dawsbot/eth-labels,medium,2026-10-01
0xfd8aee8fcc10aac1897f8d5271d112810c79e022,arbitrum,token-contract,Pendle: PT-wstETH-27JUN24/SY-wstETH Market Token,entity,eth-labels,https://github.com/dawsbot/eth-labels,medium,2026-10-01
0xfdad8edc724277e975f4955d288c6eb5b20a3146,arbitrum,token-contract,Nulswap: NSWAP Token,entity,eth-labels,https://github.com/dawsbot/eth-labels,medium,2026-10-01
0xfdcc3dd6671eab0709a4c0f3f53de9a333d80798,arbitrum,token-contract,Stable Coin: SBC Token,entity,eth-labels,https://github.com/dawsbot/eth-labels,medium,2026-10-01
0xfe14f790da92971131544d915c4ada6f1abce3bd,arbitrum,token-contract,Radpie: mDLP Token,entity,eth-labels,https://github.com/dawsbot/eth-labels,medium,2026-10-01
0xfe288714c6708a0907b7ab2b42bd8c2b7a4ec385,arbitrum,token-contract,Klover Network: KVN Token,entity,eth-labels,https://github.com/dawsbot/eth-labels,medium,2026-10-01
0xfea7a6a0b346362bf88a9e4a88416b77a57d6c2a,arbitrum,token-contract,MIM Abracadabra.money: MIM Token,entity,eth-labels,https://github.com/dawsbot/eth-labels,medium,2026-10-01
0xfeb9cc52ab4cb153ff1558f587e444ac3dc2ea82,arbitrum,token-contract,LionDEX: esLION Token,entity,eth-labels,https://github.com/dawsbot/eth-labels,medium,2026-10-01
0xfecc6813be4aa8352fc30550413f3b808b5671c1,arbitrum,token-contract,EvoliaProtocol: EVO Token,entity,eth-labels,https://github.com/dawsbot/eth-labels,medium,2026-10-01
0xff10886fc52feec34eedb5646a32c79349f8b497,arbitrum,token-contract,LIULIU: LIULIU Token,entity,eth-labels,https://github.com/dawsbot/eth-labels,medium,2026-10-01
0xff191514a9baba76bfd19e3943a4d37e8ec9a111,arbitrum,token-contract,Auragi Finance: AGI Token,entity,eth-labels,https://github.com/dawsbot/eth-labels,medium,2026-10-01
0xff67b6599959baa5d978817cc389d1618457f63c,arbitrum,token-contract,Twoge Inu: TWOGE Token,entity,eth-labels,https://github.com/dawsbot/eth-labels,medium,2026-10-01
0xffa188493c15dfaf2c206c97d8633377847b6a52,arbitrum,token-contract,WeFi: WEFI Token,entity,eth-labels,https://github.com/dawsbot/eth-labels,medium,2026-10-01
0xffc96582e04f6308427778c52089005ff7764912,arbitrum,token-contract,Funarcade: Old FAT Token 2,entity,eth-labels,https://github.com/dawsbot/eth-labels,medium,2026-10-01
0x1886d09c9ade0c5db822d85d21678db67b6c2982,arbitrum,trader-joe,Trader Joe : LB Factory V2.0,entity,eth-labels,https://github.com/dawsbot/eth-labels,medium,2026-10-01
0x46ba84780f9a7b34c8b0e24df07a260fa952195d,arbitrum,trader-joe,Trader Joe : Limit Order Manager,entity,eth-labels,https://github.com/dawsbot/eth-labels,medium,2026-10-01
0x57ff9d1a7cf23fd1a9fd9dc07823f950a22a718c,arbitrum,trader-joe,Trader Joe : APTFarm,entity,eth-labels,https://github.com/dawsbot/eth-labels,medium,2026-10-01
0x7bfd7192e76d950832c77bb412aae841049d8d9b,arbitrum,trader-joe,Trader Joe: LBRouter,entity,eth-labels,https://github.com/dawsbot/eth-labels,medium,2026-10-01
0x7f281f22edb332807a039073a7f34a4a215be89e,arbitrum,trader-joe,Trader Joe : LB Quoter V2.0,entity,eth-labels,https://github.com/dawsbot/eth-labels,medium,2026-10-01
0x8e42f2f4101563bf679975178e880fd87d3efd4e,arbitrum,trader-joe,Trader Joe : LB Factory,entity,eth-labels,https://github.com/dawsbot/eth-labels,medium,2026-10-01
0xa3d87597fdafc3b8f3ac6b68f90cd1f4c05fa960,arbitrum,trader-joe,Trader Joe : Vault Factory,entity,eth-labels,https://github.com/dawsbot/eth-labels,medium,2026-10-01
0xae4ec9901c3076d0ddbe76a520f9e90a6227acb7,arbitrum,trader-joe,Trader Joe : Factory V1,entity,eth-labels,https://github.com/dawsbot/eth-labels,medium,2026-10-01
0xb4315e873dbcf96ffd0acd8ea43f689d8c20fb30,arbitrum,trader-joe,Trader Joe: LBRouter v2.1,entity,eth-labels,https://github.com/dawsbot/eth-labels,medium,2026-10-01
0xbee5c10cf6e4f68f831e11c1d9e59b43560b3642,arbitrum,trader-joe,Trader Joe: Router,entity,eth-labels,https://github.com/dawsbot/eth-labels,medium,2026-10-01
0xd76019a16606fda4651f636d9751f500ed776250,arbitrum,trader-joe,Trader Joe : LB Quoter,entity,eth-labels,https://github.com/dawsbot/eth-labels,medium,2026-10-01
0xeb84fa19b7912fe2821f9fa4f5717a311b776c63,arbitrum,trader-joe,Trader Joe : APT Farm Lens,entity,eth-labels,https://github.com/dawsbot/eth-labels,medium,2026-10-01
0xfd421d60905d2f7cabd49e6a5703a3499367b8f4,arbitrum,trader-joe,Trader Joe : ETH-USDC_15bps,entity,eth-labels,https://github.com/dawsbot/eth-labels,medium,2026-10-01
0x1f39cb18a6a59f65cebf6a52b9b9d845b708ab06,arbitrum,uncx-network,UNCX Network : Tax Token Minter,entity,eth-labels,https://github.com/dawsbot/eth-labels,medium,2026-10-01
0xcb8b00d4018ad6031e28a44bf74616014bfb62ec,arbitrum,uncx-network,UNCX Network Lockers: V3 Proof of Reserves 2,entity,eth-labels,https://github.com/dawsbot/eth-labels,medium,2026-10-01
0xfa104eb3925a27e6263e05acc88f2e983a890637,arbitrum,uncx-network,UNCX Network Lockers: V3 Proof of Reserves,entity,eth-labels,https://github.com/dawsbot/eth-labels,medium,2026-10-01
0xfa19fb4d871af87cc737499bceee041453f2fb6b,arbitrum,unipass,Unipass: ERC-4337 Bundler 1,entity,eth-labels,https://github.com/dawsbot/eth-labels,medium,2026-10-01
0x3cfeb8b4b35bd5093990798b30a8610c80809bd8,arbitrum,zerodev,ZeroDev: ERC-4337 Bundler 1,entity,eth-labels,https://github.com/dawsbot/eth-labels,medium,2026-10-01
0x4e4946298614fc299b50c947289f4ad0572cb9ce,arbitrum,zerodev,zerodev,entity,eth-labels,https://github.com/dawsbot/eth-labels,medium,2026-10-01
0xaee9762ce625e0a8f7b184670fb57c37bfe1d0f1,arbitrum,zerodev,zerodev,entity,eth-labels,https://github.com/dawsbot/eth-labels,medium,2026-10-01
0xd3D3a295bE556Cf8cef2a7FF4cda23D22c4627E8,arbitrum,BingX,BingX (proof-of-reserves),exchange,defillama-cex,https://github.com/DefiLlama/DefiLlama-Adapters,high,2026-10-01
0x13CB26668e11b39290AcaE7Bb8BFF1eC0B4dcAaD,arbitrum,Bitcointry,Bitcointry (proof-of-reserves),exchange,defillama-cex,https://github.com/DefiLlama/DefiLlama-Adapters,high,2026-10-01
0x0639556F03714A74a5fEEaF5736a4A64fF70D206,arbitrum,Bitget,Bitget (proof-of-reserves),exchange,defillama-cex,https://github.com/DefiLlama/DefiLlama-Adapters,high,2026-10-01
0x0c4681e6c0235179ec3d4f4fc4df3d14fdd96017,arbitrum,Bitget,Bitget (proof-of-reserves),exchange,defillama-cex+eth-labels+etherscan-labels,https://github.com/DefiLlama/DefiLlama-Adapters,high,2026-10-01
0x14b5f559c27bc00c39f668a88471498d68d18768,arbitrum,Bitget,Bitget (proof-of-reserves),exchange,defillama-cex,https://github.com/DefiLlama/DefiLlama-Adapters,high,2026-10-01
0x1ab4973a48dc892cd9971ece8e01dcc7688f8f23,arbitrum,Bitget,Bitget (proof-of-reserves),exchange,defillama-cex,https://github.com/DefiLlama/DefiLlama-Adapters,high,2026-10-01
0x5bdf85216ec1e38d6458c870992a69e38e03f7ef,arbitrum,Bitget,Bitget (proof-of-reserves),exchange,defillama-cex,https://github.com/DefiLlama/DefiLlama-Adapters,high,2026-10-01
0x81fb786799ebacc67abc0abaf5589aa0d7773fa0,arbitrum,Bitget,Bitget (proof-of-reserves),exchange,defillama-cex,https://github.com/DefiLlama/DefiLlama-Adapters,high,2026-10-01
0x97b9d2102a9a65a26e1ee82d59e42d1b73b68689,arbitrum,Bitget,Bitget (proof-of-reserves),exchange,defillama-cex,https://github.com/DefiLlama/DefiLlama-Adapters,high,2026-10-01
0xe7b3b0a59b026ec1fef16561daf93672a61bafec,arbitrum,Bitget,Bitget (proof-of-reserves),exchange,defillama-cex,https://github.com/DefiLlama/DefiLlama-Adapters,high,2026-10-01
0xf2c1a45ec2013c686c9568a4f250158c425e4373,arbitrum,Bitget,Bitget (proof-of-reserves),exchange,defillama-cex,https://github.com/DefiLlama/DefiLlama-Adapters,high,2026-10-01
0xffa8db7b38579e6a2d14f9b347a9ace4d044cd54,arbitrum,Bitget,Bitget (proof-of-reserves),exchange,defillama-cex,https://github.com/DefiLlama/DefiLlama-Adapters,high,2026-10-01
0x0573AdF35a54475CBe10992Ba7C7dC11a80f39Ab,arbitrum,Bitkub,Bitkub (proof-of-reserves),exchange,defillama-cex,https://github.com/DefiLlama/DefiLlama-Adapters,high,2026-10-01
0x092CB670E6C88274fBd7Cb00e3F3d20319809e0e,arbitrum,Bitkub,Bitkub (proof-of-reserves),exchange,defillama-cex,https://github.com/DefiLlama/DefiLlama-Adapters,high,2026-10-01
0x3040028E91D2a5D1E780c8E1a771A1A243f8921A,arbitrum,Bitkub,Bitkub (proof-of-reserves),exchange,defillama-cex,https://github.com/DefiLlama/DefiLlama-Adapters,high,2026-10-01
0x3ad60935c48f59cad57794eea41c60574735b4c9,arbitrum,Bitkub,Bitkub (proof-of-reserves),exchange,defillama-cex,https://github.com/DefiLlama/DefiLlama-Adapters,high,2026-10-01
0x6E269aE1759aF538FDE3a4434d81379804516437,arbitrum,Bitkub,Bitkub (proof-of-reserves),exchange,defillama-cex,https://github.com/DefiLlama/DefiLlama-Adapters,high,2026-10-01
0x77aB048B5A14385450DfE21a676930E391B0c50C,arbitrum,Bitkub,Bitkub (proof-of-reserves),exchange,defillama-cex,https://github.com/DefiLlama/DefiLlama-Adapters,high,2026-10-01
0x7836c2eaD68809CEB6168E70558E46eB454209B9,arbitrum,Bitkub,Bitkub (proof-of-reserves),exchange,defillama-cex,https://github.com/DefiLlama/DefiLlama-Adapters,high,2026-10-01
0x799cb7688637824025F2Ae0BE78baA4854EB10f9,arbitrum,Bitkub,Bitkub (proof-of-reserves),exchange,defillama-cex,https://github.com/DefiLlama/DefiLlama-Adapters,high,2026-10-01
0x7A1CF8CE543F4838c964FB14D403Cc6ED0bDbaCC,arbitrum,Bitkub,Bitkub (proof-of-reserves),exchange,defillama-cex,https://github.com/DefiLlama/DefiLlama-Adapters,high,2026-10-01
0x9719dafa5ab4ab935938729186d09ae1e8efa101,arbitrum,Bitkub,Bitkub (proof-of-reserves),exchange,defillama-cex,https://github.com/DefiLlama/DefiLlama-Adapters,high,2026-10-01
0xCacb823a3D0C5a8490B1d3E60d1f33AB1eEB0387,arbitrum,Bitkub,Bitkub (proof-of-reserves),exchange,defillama-cex,https://github.com/DefiLlama/DefiLlama-Adapters,high,2026-10-01
0xF268e45E467a3A5AC265CFaeDA4443052BC31dD2,arbitrum,Bitkub,Bitkub (proof-of-reserves),exchange,defillama-cex,https://github.com/DefiLlama/DefiLlama-Adapters,high,2026-10-01
0xFa87f3ae8Bf869d4f6138F47a5682dD9E4458EE3,arbitrum,Bitkub,Bitkub (proof-of-reserves),exchange,defillama-cex,https://github.com/DefiLlama/DefiLlama-Adapters,high,2026-10-01
0xb8a63Da460063aB54aE52c73693Fc554E38E7794,arbitrum,Bitkub,Bitkub (proof-of-reserves),exchange,defillama-cex,https://github.com/DefiLlama/DefiLlama-Adapters,high,2026-10-01
0xc49839a2eDd1A2c4B23b080734a72CA9ff8DF666,arbitrum,Bitkub,Bitkub (proof-of-reserves),exchange,defillama-cex,https://github.com/DefiLlama/DefiLlama-Adapters,high,2026-10-01
0xe30108b50Af93972347C6eC9d0D00eE1630E3bB4,arbitrum,Bitkub,Bitkub (proof-of-reserves),exchange,defillama-cex,https://github.com/DefiLlama/DefiLlama-Adapters,high,2026-10-01
0xf1A61D1CEB61A19CA7116F1Ea490741F0C2B0FDe,arbitrum,Bitkub,Bitkub (proof-of-reserves),exchange,defillama-cex,https://github.com/DefiLlama/DefiLlama-Adapters,high,2026-10-01
0x6Fe39F2831caF58529779EFDB73341Aa64df50Ab,arbitrum,Bitunix,Bitunix (proof-of-reserves),exchange,defillama-cex,https://github.com/DefiLlama/DefiLlama-Adapters,high,2026-10-01
0xb0A3A2B60E969AFD26561429Aa4c1444C57E4411,arbitrum,Bitvavo,Bitvavo (proof-of-reserves),exchange,defillama-cex,https://github.com/DefiLlama/DefiLlama-Adapters,high,2026-10-01
0x1cA5aa5b1dd8D948bB0971A5fB1762FE172E0040,arbitrum,BloFin,BloFin (proof-of-reserves),exchange,defillama-cex,https://github.com/DefiLlama/DefiLlama-Adapters,high,2026-10-01
0x7Ff8bbf9C8AB106db589e7863fb100525F61CCe5,arbitrum,BloFin,BloFin (proof-of-reserves),exchange,defillama-cex,https://github.com/DefiLlama/DefiLlama-Adapters,high,2026-10-01
0x3465136aa1ab5fd78bae06a91c280157532c62b8,arbitrum,Coin8,Coin8 (proof-of-reserves),exchange,defillama-cex,https://github.com/DefiLlama/DefiLlama-Adapters,high,2026-10-01
0xebb54920eda335dfcde8a904f8293bcb5ac64aff,arbitrum,Coin8,Coin8 (proof-of-reserves),exchange,defillama-cex,https://github.com/DefiLlama/DefiLlama-Adapters,high,2026-10-01
0xAda1fA671651D335998c6a0dE336a78F5b49Ad3F,arbitrum,CoinDCX,CoinDCX (proof-of-reserves),exchange,defillama-cex,https://github.com/DefiLlama/DefiLlama-Adapters,high,2026-10-01
0x2a6e62f040a7f0b830847da101539a7eef7bb040,arbitrum,Coinstore,Coinstore (proof-of-reserves),exchange,defillama-cex,https://github.com/DefiLlama/DefiLlama-Adapters,high,2026-10-01
0x6262998Ced04146fA42253a5C0AF90CA02dfd2A3,arbitrum,Crypto.com,Crypto.com (proof-of-reserves),exchange,defillama-cex,https://github.com/DefiLlama/DefiLlama-Adapters,high,2026-10-01
0x72A53cDBBcc1b9efa39c834A540550e23463AAcB,arbitrum,Crypto.com,Crypto.com (proof-of-reserves),exchange,defillama-cex,https://github.com/DefiLlama/DefiLlama-Adapters,high,2026-10-01
0x7758e507850da48cd47df1fb5f875c23e3340c50,arbitrum,Crypto.com,Crypto.com (proof-of-reserves),exchange,defillama-cex,https://github.com/DefiLlama/DefiLlama-Adapters,high,2026-10-01
0xcffad3200574698b78f32232aa9d63eabd290703,arbitrum,Crypto.com,Crypto.com (proof-of-reserves),exchange,defillama-cex,https://github.com/DefiLlama/DefiLlama-Adapters,high,2026-10-01
0xc21A1D213f64FeDEA3415737CCe2BE37Eb59be81,arbitrum,Fastex,Fastex (proof-of-reserves),exchange,defillama-cex,https://github.com/DefiLlama/DefiLlama-Adapters,high,2026-10-01
0xa9b686EE77EfC18e7a08c48FA823CAA0cfDd754E,arbitrum,Flipster,Flipster (proof-of-reserves),exchange,defillama-cex,https://github.com/DefiLlama/DefiLlama-Adapters,high,2026-10-01
0xfc89c020774524c9d03bd5de48fec149b10bdec3,arbitrum,Gate US,Gate US (proof-of-reserves),exchange,defillama-cex,https://github.com/DefiLlama/DefiLlama-Adapters,high,2026-10-01
0x0d0707963952f2fba59dd06f2b425ace40b492fe,arbitrum,Gate.io,Gate.io (proof-of-reserves),exchange,defillama-cex,https://github.com/DefiLlama/DefiLlama-Adapters,high,2026-10-01
0x1c4b70a3968436b9a0a9cf5205c787eb81bb558c,arbitrum,Gate.io,Gate.io (proof-of-reserves),exchange,defillama-cex,https://github.com/DefiLlama/DefiLlama-Adapters,high,2026-10-01
0x44b28845422204c81bfe0687f0a987a444c14e67,arbitrum,Gate.io,Gate.io (proof-of-reserves),exchange,defillama-cex,https://github.com/DefiLlama/DefiLlama-Adapters,high,2026-10-01
0x45b48b43a410b6374a16176acef0b72d41a56996,arbitrum,Gate.io,Gate.io (proof-of-reserves),exchange,defillama-cex,https://github.com/DefiLlama/DefiLlama-Adapters,high,2026-10-01
0x6596da8b65995d5feacff8c2936f0b7a2051b0d0,arbitrum,Gate.io,Gate.io (proof-of-reserves),exchange,defillama-cex,https://github.com/DefiLlama/DefiLlama-Adapters,high,2026-10-01
0x724dc807b04555b71ed48a6896b6F41593b8C637,arbitrum,Gate.io,Gate.io (proof-of-reserves),exchange,defillama-cex+eth-labels,https://github.com/DefiLlama/DefiLlama-Adapters,high,2026-10-01
0x85faa6c1f2450b9caea300838981c2e6e120c35c,arbitrum,Gate.io,Gate.io (proof-of-reserves),exchange,defillama-cex,https://github.com/DefiLlama/DefiLlama-Adapters,high,2026-10-01
0x9c4ec768c28520B50860ea7a15bd7213a9fF58bf,arbitrum,Gate.io,Gate.io (proof-of-reserves),exchange,defillama-cex,https://github.com/DefiLlama/DefiLlama-Adapters,high,2026-10-01
0xD793281182A0e3E023116004778F45c29fc14F19,arbitrum,Gate.io,Gate.io (proof-of-reserves),exchange,defillama-cex,https://github.com/DefiLlama/DefiLlama-Adapters,high,2026-10-01
0xc7adfda3aa8525fea8fed6a02134297ffaca3463,arbitrum,Gate.io,Gate.io (proof-of-reserves),exchange,defillama-cex,https://github.com/DefiLlama/DefiLlama-Adapters,high,2026-10-01
0xc882b111a75c0c657fc507c04fbfcd2cc984f071,arbitrum,Gate.io,Gate.io (proof-of-reserves),exchange,defillama-cex,https://github.com/DefiLlama/DefiLlama-Adapters,high,2026-10-01
0xd98Be00b5D27fc98112BdE293e487f8D4cA57d07,arbitrum,Gate.io,Gate.io (proof-of-reserves),exchange,defillama-cex,https://github.com/DefiLlama/DefiLlama-Adapters,high,2026-10-01
0xf379a3d1ab6625eef34347d054cfaeafdf8f24a7,arbitrum,Gate.io,Gate.io (proof-of-reserves),exchange,defillama-cex,https://github.com/DefiLlama/DefiLlama-Adapters,high,2026-10-01
0xffeb0f61871acdb4838dfc6d5082f063e738e421,arbitrum,Gate.io,Gate.io (proof-of-reserves),exchange,defillama-cex,https://github.com/DefiLlama/DefiLlama-Adapters,high,2026-10-01
0x79b5a2d395db1711a6e6c42a95eb48710276f666,arbitrum,GroveX,GroveX (proof-of-reserves),exchange,defillama-cex,https://github.com/DefiLlama/DefiLlama-Adapters,high,2026-10-01
0x18709e89bd403f470088abdacebe86cc60dda12e,arbitrum,HTX (Huobi),HTX (Huobi) (proof-of-reserves),exchange,defillama-cex,https://github.com/DefiLlama/DefiLlama-Adapters,high,2026-10-01
0x82d015d74670d8645b56c3f453398a3e799ee582,arbitrum,HTX (Huobi),HTX (Huobi) (proof-of-reserves),exchange,defillama-cex,https://github.com/DefiLlama/DefiLlama-Adapters,high,2026-10-01
0xce7ec11a5f306c6b896526149db1a86c7d1531e2,arbitrum,HTX (Huobi),HTX (Huobi) (proof-of-reserves),exchange,defillama-cex,https://github.com/DefiLlama/DefiLlama-Adapters,high,2026-10-01
0xf2dbc42875e7764edbd89732a15214a9a0deb085,arbitrum,HTX (Huobi),HTX (Huobi) (proof-of-reserves),exchange,defillama-cex,https://github.com/DefiLlama/DefiLlama-Adapters,high,2026-10-01
0xF04671a9Fd6470aA01C35f713C4ae75458920592,arbitrum,HashKey Exchange,HashKey Exchange (proof-of-reserves),exchange,defillama-cex,https://github.com/DefiLlama/DefiLlama-Adapters,high,2026-10-01
0x03248f4759Ef5c4FdDd959aa07a5294e00B03e44,arbitrum,HashKey Global,HashKey Global (proof-of-reserves),exchange,defillama-cex,https://github.com/DefiLlama/DefiLlama-Adapters,high,2026-10-01
0x25a58cee7928b3d6c1d392ebe1a97318aa5ff2f2,arbitrum,HashKey Global,HashKey Global (proof-of-reserves),exchange,defillama-cex,https://github.com/DefiLlama/DefiLlama-Adapters,high,2026-10-01
0x768f2a7ccdfde9ebdfd5cea8b635dd590cb3a3f1,arbitrum,Hotbit,Hotbit (proof-of-reserves),exchange,defillama-cex,https://github.com/DefiLlama/DefiLlama-Adapters,high,2026-10-01
0xb18fbfe3d34fdc227eb4508cde437412b6233121,arbitrum,Hotbit,Hotbit (proof-of-reserves),exchange,defillama-cex,https://github.com/DefiLlama/DefiLlama-Adapters,high,2026-10-01
0xd690a9DfD7e4B02898Cdd1a9E50eD1fd7D3d3442,arbitrum,Hotbit,Hotbit (proof-of-reserves),exchange,defillama-cex,https://github.com/DefiLlama/DefiLlama-Adapters,high,2026-10-01
0xc2997c47ff647Db91092Cf0ad184E91FB5F80D6F,arbitrum,Hotcoin,Hotcoin (proof-of-reserves),exchange,defillama-cex,https://github.com/DefiLlama/DefiLlama-Adapters,high,2026-10-01
0x26B137B3B7A308Ed812F3120E453521c3ce91d82,arbitrum,Indodax,Indodax (proof-of-reserves),exchange,defillama-cex,https://github.com/DefiLlama/DefiLlama-Adapters,high,2026-10-01
0x3c02290922a3618a4646e3bbca65853ea45fe7c6,arbitrum,Indodax,Indodax (proof-of-reserves),exchange,defillama-cex,https://github.com/DefiLlama/DefiLlama-Adapters,high,2026-10-01
0x442689F3F26cBcCc2E288DaEa986b9d67346149a,arbitrum,Indodax,Indodax (proof-of-reserves),exchange,defillama-cex,https://github.com/DefiLlama/DefiLlama-Adapters,high,2026-10-01
0x91Dca37856240E5e1906222ec79278b16420Dc92,arbitrum,Indodax,Indodax (proof-of-reserves),exchange,defillama-cex,https://github.com/DefiLlama/DefiLlama-Adapters,high,2026-10-01
0xF077b0289016CDC8A9AE8196705A37f1AEFA5091,arbitrum,Indodax,Indodax (proof-of-reserves),exchange,defillama-cex,https://github.com/DefiLlama/DefiLlama-Adapters,high,2026-10-01
0x00f3e09abe73aec2d6ad7b8820049b60ebc73f94,arbitrum,KuCoin,KuCoin (proof-of-reserves),exchange,defillama-cex,https://github.com/DefiLlama/DefiLlama-Adapters,high,2026-10-01
0x048ab5a572f86962caa64a98cd7b3da1a01a080a,arbitrum,KuCoin,KuCoin (proof-of-reserves),exchange,defillama-cex,https://github.com/DefiLlama/DefiLlama-Adapters,high,2026-10-01
0x15bd3e3b616a90f2525b20cb8ad958c2a2b7b0a6,arbitrum,KuCoin,KuCoin (proof-of-reserves),exchange,defillama-cex,https://github.com/DefiLlama/DefiLlama-Adapters,high,2026-10-01
0x17a30350771d02409046a683b18fe1c13ccfc4a8,arbitrum,KuCoin,KuCoin (proof-of-reserves),exchange,defillama-cex,https://github.com/DefiLlama/DefiLlama-Adapters,high,2026-10-01
0x2560bcdbf4cb526ce1b8e8a4d5760eda8ec34498,arbitrum,KuCoin,KuCoin (proof-of-reserves),exchange,defillama-cex,https://github.com/DefiLlama/DefiLlama-Adapters,high,2026-10-01
0x2677c4c8757da1857cc7cc4071e0e0dd32ccb975,arbitrum,KuCoin,KuCoin (proof-of-reserves),exchange,defillama-cex,https://github.com/DefiLlama/DefiLlama-Adapters,high,2026-10-01
0x2933782b5a8d72f2754103d1489614f29bfa4625,arbitrum,KuCoin,KuCoin (proof-of-reserves),exchange,defillama-cex,https://github.com/DefiLlama/DefiLlama-Adapters,high,2026-10-01
0x3a152f8bbe26c1c64a38a02680005814857a63ae,arbitrum,KuCoin,KuCoin (proof-of-reserves),exchange,defillama-cex,https://github.com/DefiLlama/DefiLlama-Adapters,high,2026-10-01
0x4358c3cddb2914d16ad3c170a9c17ec7365f9be1,arbitrum,KuCoin,KuCoin (proof-of-reserves),exchange,defillama-cex,https://github.com/DefiLlama/DefiLlama-Adapters,high,2026-10-01
0x84f022eda34826de97abdd25e459c541f4c01eea,arbitrum,KuCoin,KuCoin (proof-of-reserves),exchange,defillama-cex,https://github.com/DefiLlama/DefiLlama-Adapters,high,2026-10-01
0xb8e6d31e7b212b2b7250ee9c26c56cebbfbe6b23,arbitrum,KuCoin,KuCoin (proof-of-reserves),exchange,defillama-cex,https://github.com/DefiLlama/DefiLlama-Adapters,high,2026-10-01
0xbb36acf8c156f19e9550d1f66b1cdd2cb003b65d,arbitrum,KuCoin,KuCoin (proof-of-reserves),exchange,defillama-cex,https://github.com/DefiLlama/DefiLlama-Adapters,high,2026-10-01
0xe4507d13b059eaf66f7b509b6929f7295690d7cc,arbitrum,KuCoin,KuCoin (proof-of-reserves),exchange,defillama-cex,https://github.com/DefiLlama/DefiLlama-Adapters,high,2026-10-01
0x03bd8283b68af907e2e5d6ff3ae2617c00a1d717,arbitrum,LeveX,LeveX (proof-of-reserves),exchange,defillama-cex,https://github.com/DefiLlama/DefiLlama-Adapters,high,2026-10-01
0x9b64203878f24eb0cdf55c8c6fa7d08ba0cf77e5,arbitrum,MEXC,MEXC,exchange,eth-labels+defillama-cex,https://github.com/dawsbot/eth-labels,high,2026-10-01
0xb86f1061E0D79E8319339d5FDbb187D4E7Ad3300,arbitrum,MEXC,MEXC (proof-of-reserves),exchange,defillama-cex,https://github.com/DefiLlama/DefiLlama-Adapters,high,2026-10-01
0x6914fc70fac4cab20a8922e900c4ba57feecf8e1,arbitrum,Nexo,Nexo (proof-of-reserves),exchange,defillama-cex,https://github.com/DefiLlama/DefiLlama-Adapters,high,2026-10-01
0x5D738fBf1D8940BBE72Af847d88c517064DE76e7,arbitrum,NonKYC,NonKYC (proof-of-reserves),exchange,defillama-cex,https://github.com/DefiLlama/DefiLlama-Adapters,high,2026-10-01
0x9a1Dfd705130ef60245d6FC798411f296f641119,arbitrum,NonKYC,NonKYC (proof-of-reserves),exchange,defillama-cex,https://github.com/DefiLlama/DefiLlama-Adapters,high,2026-10-01
0x0938c63109801ee4243a487ab84dffa2bba4589e,arbitrum,OKX (OKEx),OKX (OKEx) (proof-of-reserves),exchange,defillama-cex,https://github.com/DefiLlama/DefiLlama-Adapters,high,2026-10-01
0x42cf18596ee08e877d532df1b7cf763059a7ea57,arbitrum,OKX (OKEx),OKX (OKEx) (proof-of-reserves),exchange,defillama-cex,https://github.com/DefiLlama/DefiLlama-Adapters,high,2026-10-01
0x62383739d68dd0f844103db8dfb05a7eded5bbe6,arbitrum,OKX (OKEx),OKX (OKEx) (proof-of-reserves),exchange,defillama-cex,https://github.com/DefiLlama/DefiLlama-Adapters,high,2026-10-01
0x77a9b3fa8387652128ca5a9e4756e9e88dac3634,arbitrum,OKX (OKEx),OKX (OKEx) (proof-of-reserves),exchange,defillama-cex,https://github.com/DefiLlama/DefiLlama-Adapters,high,2026-10-01
0x88288100c2005c5ce9b06956bed357f3ccc95b9e,arbitrum,OKX (OKEx),OKX (OKEx) (proof-of-reserves),exchange,defillama-cex,https://github.com/DefiLlama/DefiLlama-Adapters,high,2026-10-01
0xafee421482faea92292ed3ffe29371742542ad72,arbitrum,OKX (OKEx),OKX (OKEx) (proof-of-reserves),exchange,defillama-cex,https://github.com/DefiLlama/DefiLlama-Adapters,high,2026-10-01
0xb8351b61fa1eb007a9f80144c489d513e6a76b14,arbitrum,OKX (OKEx),OKX (OKEx) (proof-of-reserves),exchange,defillama-cex,https://github.com/DefiLlama/DefiLlama-Adapters,high,2026-10-01
0xb8b0b53b387b061af2717d642961af405c79e85a,arbitrum,OKX (OKEx),OKX (OKEx) (proof-of-reserves),exchange,defillama-cex,https://github.com/DefiLlama/DefiLlama-Adapters,high,2026-10-01
0xbf94f0ac752c739f623c463b5210a7fb2cbb420b,arbitrum,OKX (OKEx),OKX (OKEx) (proof-of-reserves),exchange,defillama-cex,https://github.com/DefiLlama/DefiLlama-Adapters,high,2026-10-01
0xda225ad5d93bd96da9306d0f570ae0ed1013e7fc,arbitrum,OKX (OKEx),OKX (OKEx) (proof-of-reserves),exchange,defillama-cex,https://github.com/DefiLlama/DefiLlama-Adapters,high,2026-10-01
0xed55e0d547fd2fa53aa64f587b21a9caa9e2d90f,arbitrum,OKX (OKEx),OKX (OKEx) (proof-of-reserves),exchange,defillama-cex,https://github.com/DefiLlama/DefiLlama-Adapters,high,2026-10-01
0xf28143f7b282e59bd5f979012982e7cb9d9b95b0,arbitrum,OKX (OKEx),OKX (OKEx) (proof-of-reserves),exchange,defillama-cex,https://github.com/DefiLlama/DefiLlama-Adapters,high,2026-10-01
0x040432c11ee833bdcaac2495329b65bee7cca6d9,arbitrum,Ourbit,Ourbit (proof-of-reserves),exchange,defillama-cex,https://github.com/DefiLlama/DefiLlama-Adapters,high,2026-10-01
0x50be13b54f3eebbe415d20250598d81280e56772,arbitrum,Phemex,Phemex (proof-of-reserves),exchange,defillama-cex,https://github.com/DefiLlama/DefiLlama-Adapters,high,2026-10-01
0xdb861e302ef7b7578a448e951aede06302936c28,arbitrum,Phemex,Phemex (proof-of-reserves),exchange,defillama-cex,https://github.com/DefiLlama/DefiLlama-Adapters,high,2026-10-01
0x67be8ce27ef8158d51d8593bb5b26eafacc955d9,arbitrum,Pionex,Pionex (proof-of-reserves),exchange,defillama-cex,https://github.com/DefiLlama/DefiLlama-Adapters,high,2026-10-01
0xF6D4E5a7c5215F91f59a95065190CCa24bf64554,arbitrum,Pionex,Pionex (proof-of-reserves),exchange,defillama-cex,https://github.com/DefiLlama/DefiLlama-Adapters,high,2026-10-01
0x126a65dd631eea1f6b2ce43288ca50aa771521ec,arbitrum,Poloniex,Poloniex (proof-of-reserves),exchange,defillama-cex,https://github.com/DefiLlama/DefiLlama-Adapters,high,2026-10-01
0x176f3dab24a159341c0509bb36b833e7fdd0a132,arbitrum,Poloniex,Poloniex (proof-of-reserves),exchange,defillama-cex,https://github.com/DefiLlama/DefiLlama-Adapters,high,2026-10-01
0x920021936b28c93491a02f760fa20aa599083ed5,arbitrum,Poloniex,Poloniex (proof-of-reserves),exchange,defillama-cex,https://github.com/DefiLlama/DefiLlama-Adapters,high,2026-10-01
0x0926a7b610B9Fc2D1E3F09FcBa52Ba3BEDCFfd91,arbitrum,SwissBorg,SwissBorg (proof-of-reserves),exchange,defillama-cex,https://github.com/DefiLlama/DefiLlama-Adapters,high,2026-10-01
0x28cC933fecf280E720299b1258e8680355D8841F,arbitrum,SwissBorg,SwissBorg (proof-of-reserves),exchange,defillama-cex,https://github.com/DefiLlama/DefiLlama-Adapters,high,2026-10-01
0x2D6757CE162CccD3EfFc8044751aC174168242E5,arbitrum,SwissBorg,SwissBorg (proof-of-reserves),exchange,defillama-cex,https://github.com/DefiLlama/DefiLlama-Adapters,high,2026-10-01
0x4c61Fad9b400A8a3E0BbD40C4D57cF05525BF87e,arbitrum,SwissBorg,SwissBorg (proof-of-reserves),exchange,defillama-cex,https://github.com/DefiLlama/DefiLlama-Adapters,high,2026-10-01
0x5509Be53b2dD0CD6fb8473B0EdA94e0a3059b73a,arbitrum,SwissBorg,SwissBorg (proof-of-reserves),exchange,defillama-cex,https://github.com/DefiLlama/DefiLlama-Adapters,high,2026-10-01
0x85AC393adDd65bcf6Ab0999F2a5c064E867F255f,arbitrum,SwissBorg,SwissBorg (proof-of-reserves),exchange,defillama-cex,https://github.com/DefiLlama/DefiLlama-Adapters,high,2026-10-01
0x8F0d8b27bF808976Fa94f03e2230b4bca95bf3C4,arbitrum,SwissBorg,SwissBorg (proof-of-reserves),exchange,defillama-cex,https://github.com/DefiLlama/DefiLlama-Adapters,high,2026-10-01
0x0C9BE095748eb105729AF05CEe083d3fdF1f00a9,arbitrum,Tothemoon,Tothemoon (proof-of-reserves),exchange,defillama-cex,https://github.com/DefiLlama/DefiLlama-Adapters,high,2026-10-01
0x237C8A1f3Dff219b316425a45cD5F569e9D63421,arbitrum,Tothemoon,Tothemoon (proof-of-reserves),exchange,defillama-cex,https://github.com/DefiLlama/DefiLlama-Adapters,high,2026-10-01
0x8719aed24B151B2aE578FAB5c998D780f74F0CCE,arbitrum,Tothemoon,Tothemoon (proof-of-reserves),exchange,defillama-cex,https://github.com/DefiLlama/DefiLlama-Adapters,high,2026-10-01
0xD13B840D92A582Bab0bB49E1289e54a417BE7076,arbitrum,Tothemoon,Tothemoon (proof-of-reserves),exchange,defillama-cex,https://github.com/DefiLlama/DefiLlama-Adapters,high,2026-10-01
0xd3c4c2C5622c212dEC0205D632102a5c502949fD,arbitrum,Tothemoon,Tothemoon (proof-of-reserves),exchange,defillama-cex,https://github.com/DefiLlama/DefiLlama-Adapters,high,2026-10-01
0x0b2b7edbdb241f11ce0a47374836a2a8643a7cf0,arbitrum,WEEX,WEEX (proof-of-reserves),exchange,defillama-cex,https://github.com/DefiLlama/DefiLlama-Adapters,high,2026-10-01
0x35ed1fa92851a5dca476e546a23d81ede969b7fd,arbitrum,WEEX,WEEX (proof-of-reserves),exchange,defillama-cex,https://github.com/DefiLlama/DefiLlama-Adapters,high,2026-10-01
0x7e6e3c507933b586ef02272ab27ce3df10b18018,arbitrum,WEEX,WEEX (proof-of-reserves),exchange,defillama-cex,https://github.com/DefiLlama/DefiLlama-Adapters,high,2026-10-01
0x871084a0df5d315361db995db241811857a41770,arbitrum,WEEX,WEEX (proof-of-reserves),exchange,defillama-cex,https://github.com/DefiLlama/DefiLlama-Adapters,high,2026-10-01
0x9f6d65052ad5818768fcbac3b799a67f2b8e7170,arbitrum,WEEX,WEEX (proof-of-reserves),exchange,defillama-cex,https://github.com/DefiLlama/DefiLlama-Adapters,high,2026-10-01
0xa404eae7fc5d979f1d9ee86f35f56a81099089c0,arbitrum,WEEX,WEEX (proof-of-reserves),exchange,defillama-cex,https://github.com/DefiLlama/DefiLlama-Adapters,high,2026-10-01
0xc3b77c3f5a733986558c91e0faf95f1659b1b9b6,arbitrum,WEEX,WEEX (proof-of-reserves),exchange,defillama-cex,https://github.com/DefiLlama/DefiLlama-Adapters,high,2026-10-01
0xfBb0099Dfb0cb61A74D009960b05C8e2713afbCe,arbitrum,WEEX,WEEX (proof-of-reserves),exchange,defillama-cex,https://github.com/DefiLlama/DefiLlama-Adapters,high,2026-10-01
0x0d83f81bc9f1e8252f87a4109bbf0d90171c81df,arbitrum,WOO X,WOO X (proof-of-reserves),exchange,defillama-cex,https://github.com/DefiLlama/DefiLlama-Adapters,high,2026-10-01
0x63DFE4e34A3bFC00eB0220786238a7C6cEF8Ffc4,arbitrum,WOO X,WOO X (proof-of-reserves),exchange,defillama-cex,https://github.com/DefiLlama/DefiLlama-Adapters,high,2026-10-01
0xE505Bf08C03cc0FA4e0FDFa2487E2c11085b3FD9,arbitrum,WOO X,WOO X (proof-of-reserves),exchange,defillama-cex,https://github.com/DefiLlama/DefiLlama-Adapters,high,2026-10-01
0xea319fd75766f5180018f8e760f51c3d3c457496,arbitrum,WOO X,WOO X (proof-of-reserves),exchange,defillama-cex,https://github.com/DefiLlama/DefiLlama-Adapters,high,2026-10-01
0x0CaF729B3f0b528e28910460e70879BeCF382305,arbitrum,Websea,Websea (proof-of-reserves),exchange,defillama-cex,https://github.com/DefiLlama/DefiLlama-Adapters,high,2026-10-01
0x168470C67f1b6d6e89D0c7cb51C1AdC6b5c6Cc8A,arbitrum,Websea,Websea (proof-of-reserves),exchange,defillama-cex,https://github.com/DefiLlama/DefiLlama-Adapters,high,2026-10-01
0x68FCf6034573EE9a5165460A023f3A6D00aBF9dF,arbitrum,Websea,Websea (proof-of-reserves),exchange,defillama-cex,https://github.com/DefiLlama/DefiLlama-Adapters,high,2026-10-01
0x73c94C2cBFF513658b8994D34ee39A22dd109C4d,arbitrum,Websea,Websea (proof-of-reserves),exchange,defillama-cex,https://github.com/DefiLlama/DefiLlama-Adapters,high,2026-10-01
0x7eb87a95948348d6ec7231b52f61281e01d53941,arbitrum,Zoomex,Zoomex (proof-of-reserves),exchange,defillama-cex,https://github.com/DefiLlama/DefiLlama-Adapters,high,2026-10-01
0xb38e8c17e38363af6ebdcb3dae12e0243582891d,arbitrum,binance,Binance Hot Wallet,exchange,eth-labels+etherscan-labels,https://github.com/dawsbot/eth-labels,medium,2026-10-01
0x05e3a758fdd29d28435019ac453297ea37b61b62,arbitrum,coinbase,Coinbase 1,exchange,eth-labels,https://github.com/dawsbot/eth-labels,medium,2026-10-01
0x3dd1d15b3c78d6acfd75a254e857cbe5b9ff0af2,arbitrum,coinbase,Coinbase 2,exchange,eth-labels,https://github.com/dawsbot/eth-labels,medium,2026-10-01
0x563537412ad5d49faa7fa442b9193b8238d98c3c,arbitrum,coinbase,Coinbase 4,exchange,eth-labels,https://github.com/dawsbot/eth-labels,medium,2026-10-01
0xa656f7d2a93a6f5878aa768f24eb38ec8c827fe2,arbitrum,coinbase,Coinbase 5,exchange,eth-labels,https://github.com/dawsbot/eth-labels,medium,2026-10-01
0xe68ee8a12c611fd043fb05d65e1548dc1383f2b9,arbitrum,coinbase,Coinbase 3,exchange,eth-labels,https://github.com/dawsbot/eth-labels,medium,2026-10-01
0x48a7e1d1d9d5b1256daf8efead6517655bf10674,arbitrum,contract-deployer,Poor Exchange: Deployer,exchange,eth-labels,https://github.com/dawsbot/eth-labels,medium,2026-10-01
0x4edc01b119a224dbc0fa1297a6aca3f02af5a58d,arbitrum,contract-deployer,Vela Exchange: Deployer,exchange,eth-labels,https://github.com/dawsbot/eth-labels,medium,2026-10-01
0x87f14f599e3d2c0e97d4c00e0632f0b513855828,arbitrum,contract-deployer,Ankaa Exchange: Deployer,exchange,eth-labels,https://github.com/dawsbot/eth-labels,medium,2026-10-01
0x8f74f25de92f511f1f38bc703e578057ce8da037,arbitrum,contract-deployer,Pingu Exchange: Deployer,exchange,eth-labels,https://github.com/dawsbot/eth-labels,medium,2026-10-01
0x9a480c450caa1f69e824a7c04304d234e05daced,arbitrum,contract-deployer,El Dorado Exchange: Deployer,exchange,eth-labels+etherscan-labels,https://github.com/dawsbot/eth-labels,medium,2026-10-01
0xa13770858f066d7f3efacb10b153d92981100108,arbitrum,contract-deployer,WokenExchange: Deployer,exchange,eth-labels,https://github.com/dawsbot/eth-labels,medium,2026-10-01
0xdb9f9be4d6a033d622f6785ba6f8c3680dec2452,arbitrum,contract-deployer,Wombat Exchange: Deployer,exchange,eth-labels,https://github.com/dawsbot/eth-labels,medium,2026-10-01
0xf9939c389997b5b65cba58d298772262ecac3f8a,arbitrum,contract-deployer,Position Exchange: Deployer,exchange,eth-labels,https://github.com/dawsbot/eth-labels,medium,2026-10-01
0x03e6fa590cadcf15a38e86158e9b3d06ff3399ba,arbitrum,kucoin,KuCoin 2,exchange,eth-labels+defillama-cex+etherscan-labels,https://github.com/dawsbot/eth-labels,high,2026-10-01
0xd6216fc19db775df9774a6e33526131da7d19a2c,arbitrum,kucoin,KuCoin,exchange,eth-labels+defillama-cex+etherscan-labels,https://github.com/dawsbot/eth-labels,high,2026-10-01
0xf3f094484ec6901ffc9681bcb808b96bafd0b8a8,arbitrum,kucoin,KuCoin 3,exchange,eth-labels+defillama-cex+etherscan-labels,https://github.com/dawsbot/eth-labels,high,2026-10-01
0x964cbf436ddb782d09465930ce8b431311cb54f4,arbitrum,old-contract,Pingu Exchange: Old PINGU Token,exchange,eth-labels,https://github.com/dawsbot/eth-labels,medium,2026-10-01
0x088cd8f5ef3652623c22d48b1605dcfe860cd704,arbitrum,token-contract,Vela Exchange: VELA Token,exchange,eth-labels,https://github.com/dawsbot/eth-labels,medium,2026-10-01
0x374c89802bf73ffbea20ba6d88261357a15a2ad8,arbitrum,token-contract,Poor Exchange: Rich Token,exchange,eth-labels,https://github.com/dawsbot/eth-labels,medium,2026-10-01
0x7b5eb3940021ec0e8e463d5dbb4b7b09a89ddf96,arbitrum,token-contract,Wombat Exchange: WOM Token,exchange,eth-labels,https://github.com/dawsbot/eth-labels,medium,2026-10-01
0x83e60b9f7f4db5cdb0877659b1740e73c662c55b,arbitrum,token-contract,Pingu Exchange: PINGU Token,exchange,eth-labels,https://github.com/dawsbot/eth-labels,medium,2026-10-01
0x9525b6375c19cd507ffe726fa09df237eaf8053b,arbitrum,token-contract,Poor Exchange: Poor Token,exchange,eth-labels,https://github.com/dawsbot/eth-labels,medium,2026-10-01
0x97fda4b9fbe0efe839efd2b104e494e3c95ccc44,arbitrum,token-contract,Position Exchange: POSI Token,exchange,eth-labels,https://github.com/dawsbot/eth-labels,medium,2026-10-01
0xc1ca1e745b09a36c86905b62a168e1b4cd4b9c56,arbitrum,token-contract,WokenExchange: WKN Token,exchange,eth-labels,https://github.com/dawsbot/eth-labels,medium,2026-10-01
0xc559afe7449a778a130fcf8193c7111625481bfe,arbitrum,token-contract,Ankaa Exchange: ANKAA Token,exchange,eth-labels,https://github.com/dawsbot/eth-labels,medium,2026-10-01
0xccd3891c1452b7cb0e4632774b9365dc4ee24f20,arbitrum,token-contract,El Dorado Exchange: EDE Token,exchange,eth-labels,https://github.com/dawsbot/eth-labels,medium,2026-10-01
0xe274a3d45fdad4a68483ebb69418407defb94957,arbitrum,token-contract,Poor Exchange: Gold Token,exchange,eth-labels,https://github.com/dawsbot/eth-labels,medium,2026-10-01
0x489a8756c18c0b8b24ec2a2b9ff3d4d447f79bec,arbitrum,BNB Bridge Exploiter,BNB Bridge Exploiter,hack,eth-labels+etherscan-labels,https://github.com/dawsbot/eth-labels,medium,2026-10-01
0x189cf534de3097c08b6beaf6eb2b9179dab122d1,arbitrum,Deus DEI Exploiter,Deus DEI Exploiter,hack,eth-labels,https://github.com/dawsbot/eth-labels,medium,2026-10-01
0x684083f312ac50f538cc4b634d85a2feafaab77a,arbitrum,Dexible Exploiter,Dexible Exploiter,hack,eth-labels+etherscan-labels,https://github.com/dawsbot/eth-labels,medium,2026-10-01
0x5351536145610aa448a8bf85ba97c71caf31909c,arbitrum,Gamma Exploiter,Gamma Exploiter,hack,eth-labels,https://github.com/dawsbot/eth-labels,medium,2026-10-01
0x0aa75b9dd8e40147000e13cfa5d52ab91807b000,arbitrum,Gamma Exploiter Contract,Gamma Exploiter Contract 16,hack,eth-labels,https://github.com/dawsbot/eth-labels,medium,2026-10-01
0x0d4b9e2029f0b13f49c57cbf08d74177fb851626,arbitrum,Gamma Exploiter Contract,Gamma Exploiter Contract 4,hack,eth-labels,https://github.com/dawsbot/eth-labels,medium,2026-10-01
0x204e99673d9b35138171b07f062daf3bcece5085,arbitrum,Gamma Exploiter Contract,Gamma Exploiter Contract 21,hack,eth-labels,https://github.com/dawsbot/eth-labels,medium,2026-10-01
0x21b831ddd9e04d3a1f48b7bfc07b596f1e3d782f,arbitrum,Gamma Exploiter Contract,Gamma Exploiter Contract 22,hack,eth-labels,https://github.com/dawsbot/eth-labels,medium,2026-10-01
0x2ee5663ceac6bac7b75d255c870f9e3cd45af1a5,arbitrum,Gamma Exploiter Contract,Gamma Exploiter Contract 26,hack,eth-labels,https://github.com/dawsbot/eth-labels,medium,2026-10-01
0x30af0cfc3acd3dae86330944a710bd933e6303c1,arbitrum,Gamma Exploiter Contract,Gamma Exploiter Contract 2,hack,eth-labels,https://github.com/dawsbot/eth-labels,medium,2026-10-01
0x3f2d6fd71c1c0604b66e26fdb8aa5cd3e22b0605,arbitrum,Gamma Exploiter Contract,Gamma Exploiter Contract 5,hack,eth-labels,https://github.com/dawsbot/eth-labels,medium,2026-10-01
0x43e37d0453eb10be7fcfe4ed43cc0dd30c12873f,arbitrum,Gamma Exploiter Contract,Gamma Exploiter Contract 15,hack,eth-labels,https://github.com/dawsbot/eth-labels,medium,2026-10-01
0x4b57adc00ac38f74506d29fc4080e3dc65b78a69,arbitrum,Gamma Exploiter Contract,Gamma Exploiter Contract 1,hack,eth-labels,https://github.com/dawsbot/eth-labels,medium,2026-10-01
0x4fa2abc50f0f7dfb6210baf33eb9dda2e688a33d,arbitrum,Gamma Exploiter Contract,Gamma Exploiter Contract 19,hack,eth-labels,https://github.com/dawsbot/eth-labels,medium,2026-10-01
0x514f50da6fa9d4b863cf290392e8b2df118f27ee,arbitrum,Gamma Exploiter Contract,Gamma Exploiter Contract 3,hack,eth-labels,https://github.com/dawsbot/eth-labels,medium,2026-10-01
0x5e33d7c6d823af30243f5df44a5d17f4e48b82d1,arbitrum,Gamma Exploiter Contract,Gamma Exploiter Contract 12,hack,eth-labels,https://github.com/dawsbot/eth-labels,medium,2026-10-01
0x6320967ee97d1f1a339f8db5edb1a203ea05d931,arbitrum,Gamma Exploiter Contract,Gamma Exploiter Contract 24,hack,eth-labels,https://github.com/dawsbot/eth-labels,medium,2026-10-01
0x6fac129837f964b438d73a2793724e311c51c9a6,arbitrum,Gamma Exploiter Contract,Gamma Exploiter Contract 10,hack,eth-labels,https://github.com/dawsbot/eth-labels,medium,2026-10-01
0x7210336f9a3ce03b8eceed9cc6ca8761f22abb2c,arbitrum,Gamma Exploiter Contract,Gamma Exploiter Contract 14,hack,eth-labels,https://github.com/dawsbot/eth-labels,medium,2026-10-01
0x83c702cce70c5faa2acd9224d61dcd55c8caaa04,arbitrum,Gamma Exploiter Contract,Gamma Exploiter Contract 13,hack,eth-labels,https://github.com/dawsbot/eth-labels,medium,2026-10-01
0x8884a0dc40cbe1c7686139c48e5895d9f26a08cd,arbitrum,Gamma Exploiter Contract,Gamma Exploiter Contract 23,hack,eth-labels,https://github.com/dawsbot/eth-labels,medium,2026-10-01
0xaf2f960e5dc64e0ecef54ab2a35508ffd296deec,arbitrum,Gamma Exploiter Contract,Gamma Exploiter Contract 25,hack,eth-labels,https://github.com/dawsbot/eth-labels,medium,2026-10-01
0xc22126c6b0c126bbdc13b28c0ac457d1bcdf0337,arbitrum,Gamma Exploiter Contract,Gamma Exploiter Contract 17,hack,eth-labels,https://github.com/dawsbot/eth-labels,medium,2026-10-01
0xc38d5165c846945aa05777ee79db2c876144f570,arbitrum,Gamma Exploiter Contract,Gamma Exploiter Contract 6,hack,eth-labels,https://github.com/dawsbot/eth-labels,medium,2026-10-01
0xc8d2220bc451b4dd6c3fa737fa422d11ae5d46ef,arbitrum,Gamma Exploiter Contract,Gamma Exploiter Contract 20,hack,eth-labels,https://github.com/dawsbot/eth-labels,medium,2026-10-01
0xd1526b59d11622edd5e471b815d571f88075a971,arbitrum,Gamma Exploiter Contract,Gamma Exploiter Contract 9,hack,eth-labels,https://github.com/dawsbot/eth-labels,medium,2026-10-01
0xd52bf843a60e8d8fbe8b64223ac7c611588e0e09,arbitrum,Gamma Exploiter Contract,Gamma Exploiter Contract 11,hack,eth-labels,https://github.com/dawsbot/eth-labels,medium,2026-10-01
0xecbc6933896ac59e606b9995dbe651126099a171,arbitrum,Gamma Exploiter Contract,Gamma Exploiter Contract 8,hack,eth-labels,https://github.com/dawsbot/eth-labels,medium,2026-10-01
0xedbbd7c093a45460f486b96d4a80142db2f3863e,arbitrum,Gamma Exploiter Contract,Gamma Exploiter Contract 18,hack,eth-labels,https://github.com/dawsbot/eth-labels,medium,2026-10-01
0xf7f8a53a244bbe0690f2b917a17ce70115c0cc80,arbitrum,Gamma Exploiter Contract,Gamma Exploiter Contract 7,hack,eth-labels,https://github.com/dawsbot/eth-labels,medium,2026-10-01
0x102be4bccc2696c35fd5f5bfe54c1dfba416a741,arbitrum,Jimbos Protocol Exploiter,Jimbos Protocol Exploiter,hack,eth-labels,https://github.com/dawsbot/eth-labels,medium,2026-10-01
0x50275e0b7261559ce1644014d4b78d4aa63be836,arbitrum,KyberSwap Exploiter,KyberSwap Exploiter 2,hack,eth-labels,https://github.com/dawsbot/eth-labels,medium,2026-10-01
0xc9b826bad20872eb29f9b1d8af4befe8460b50c6,arbitrum,KyberSwap Exploiter,KyberSwap Exploiter 1,hack,eth-labels,https://github.com/dawsbot/eth-labels,medium,2026-10-01
0xc29d94386ff784006ff8461c170d1953cc9e2b5c,arbitrum,Lodestar Exploiter,Lodestar Exploiter,hack,eth-labels+etherscan-labels,https://github.com/dawsbot/eth-labels,medium,2026-10-01
0x19066f7431df29a0910d287c8822936bb7d89e23,arbitrum,Pike Finance Exploiter,Pike Finance Exploiter,hack,eth-labels,https://github.com/dawsbot/eth-labels,medium,2026-10-01
0x27c13a6f0aa017a926a6ba9333fc094a47610d56,arbitrum,Radiant Exploiter,Radiant Exploiter 3,hack,eth-labels,https://github.com/dawsbot/eth-labels,medium,2026-10-01
0x39519c027b503f40867548fb0c890b11728faa8f,arbitrum,Radiant Exploiter,Radiant Exploiter 2,hack,eth-labels,https://github.com/dawsbot/eth-labels,medium,2026-10-01
0x826d5f4d8084980366f975e10db6c4cf1f9dde6d,arbitrum,Radiant Exploiter,Radiant Exploiter,hack,eth-labels,https://github.com/dawsbot/eth-labels,medium,2026-10-01
0x65760288f19cff476b80a36a61f9dedab16bab49,arbitrum,Rari Capital Exploiter,Rari Capital Exploiter,hack,eth-labels+etherscan-labels,https://github.com/dawsbot/eth-labels,medium,2026-10-01
0x2f3788f2396127061c46fc07bd0fcb91faace328,arbitrum,Rodeo Finance Exploiter,Rodeo Finance Exploiter,hack,eth-labels,https://github.com/dawsbot/eth-labels,medium,2026-10-01
0xdd0cdb4c3b887bc533957bc32463977e432e49c3,arbitrum,Sentimentxyz Exploiter,Sentimentxyz Exploiter,hack,eth-labels,https://github.com/dawsbot/eth-labels,medium,2026-10-01
0x4afcd19bb978eaf4f993814298504ed285df1181,arbitrum,SperaxUSD Exploiter,SperaxUSD Exploiter,hack,eth-labels+etherscan-labels,https://github.com/dawsbot/eth-labels,medium,2026-10-01
0x5c978df5f8af72298fe1c2c8c2c05476a10f2539,arbitrum,SperaxUSD Exploiter MultiSig,SperaxUSD Exploiter MultiSig,hack,eth-labels+etherscan-labels,https://github.com/dawsbot/eth-labels,medium,2026-10-01
0x9cf71f2ff126b9743319b60d2d873f0e508810dc,arbitrum,Steadefi Exploiter,Steadefi Exploiter 1,hack,eth-labels,https://github.com/dawsbot/eth-labels,medium,2026-10-01
0xe10d4a5bd440775226c7e1858f573e379d0aca36,arbitrum,Steadefi Exploiter,Steadefi Exploiter 2,hack,eth-labels,https://github.com/dawsbot/eth-labels,medium,2026-10-01
0xdb73eb484e7dea3785520d750eabef50a9b9ab33,arbitrum,Themis Exploiter,Themis Exploiter,hack,eth-labels,https://github.com/dawsbot/eth-labels,medium,2026-10-01
0x9b1acd4336ebf7656f49224d14a892566fd48e68,arbitrum,TreasureDAO Exploiter,TreasureDAO Exploiter 1,hack,eth-labels+etherscan-labels,https://github.com/dawsbot/eth-labels,medium,2026-10-01
0xb59d04d9957c9e266dff5c4173d4d2324eb029ad,arbitrum,WooFi Exploiter,WooFi Exploiter 2,hack,eth-labels,https://github.com/dawsbot/eth-labels,medium,2026-10-01
0x330bdfade01ee9bf63c209ee33102dd334618e0a,arbitrum,Tornado.Cash,Tornado.Cash: 10 ETH,mixer,eth-labels+etherscan-labels,https://github.com/dawsbot/eth-labels,medium,2026-10-01
0x84443cfd09a48af6ef360c6976c5392ac5023a1f,arbitrum,Tornado.Cash,Tornado.Cash: 0.1 ETH,mixer,eth-labels+etherscan-labels,https://github.com/dawsbot/eth-labels,medium,2026-10-01
0xd47438c816c9e7f2e2888e060936a499af9582b3,arbitrum,Tornado.Cash,Tornado.Cash: 1 ETH,mixer,eth-labels+etherscan-labels,https://github.com/dawsbot/eth-labels,medium,2026-10-01
0x1e34a77868e19a6647b1f2f47b51ed72dede95dd,arbitrum,Tornado.Cash 100 ETH,Tornado.Cash 100 ETH,mixer,eth-labels+etherscan-labels,https://github.com/dawsbot/eth-labels,medium,2026-10-01
0x4f47bc496083c727c5fbe3ce9cdf2b0f6496270c,arbitrum,OFAC SDN,OFAC sanctioned (ARB),sanctioned,ofac-sdn,https://github.com/0xB10C/ofac-sanctioned-digital-currency-addresses,high,2026-10-01
0x07ac38003467d3ba54bfd4e49485af4e782f710f,arbitrum,,phish-hack,scam,eth-labels,https://github.com/dawsbot/eth-labels,medium,2026-10-01
0x1486e522dff3895d4aa6c7cc79aff656c96ecddf,arbitrum,,phish-hack,scam,eth-labels,https://github.com/dawsbot/eth-labels,medium,2026-10-01
0x60a16547abdd597fc9bb32e8ed1829a80a98d36d,arbitrum,,phish-hack,scam,eth-labels,https://github.com/dawsbot/eth-labels,medium,2026-10-01
0x64ea2f8c2d86e63c6e7c0e5af1e78a176074e56d,arbitrum,,phish-hack,scam,eth-labels,https://github.com/dawsbot/eth-labels,medium,2026-10-01
0x6b5e91f9eae1da0aaf5729ed9b33697af9b4005f,arbitrum,,phish-hack,scam,eth-labels,https://github.com/dawsbot/eth-labels,medium,2026-10-01
0x84cad8a5364d0d0c1ecab15027dfe61854b66e73,arbitrum,,phish-hack,scam,eth-labels,https://github.com/dawsbot/eth-labels,medium,2026-10-01
0x8e4ae2e42460181b2ea05da2f23bee26fd65aa0e,arbitrum,,phish-hack,scam,eth-labels,https://github.com/dawsbot/eth-labels,medium,2026-10-01
0x9c1389a2af2425c1c720436f6e6899e9c0aeb8ed,arbitrum,,phish-hack,scam,eth-labels,https://github.com/dawsbot/eth-labels,medium,2026-10-01
0xa6df89634adde22815897c2ce38fcc016b4ffdce,arbitrum,,phish-hack,scam,eth-labels,https://github.com/dawsbot/eth-labels,medium,2026-10-01
0xbe9460b50f515169e14545aaddf60b3c9db7e5fb,arbitrum,,phish-hack,scam,eth-labels,https://github.com/dawsbot/eth-labels,medium,2026-10-01
0x94546e31a8eca3da6143eff3a0012be3af1ba7b8,arbitrum,Fake_Phishing1,Fake_Phishing1,scam,eth-labels+etherscan-labels,https://github.com/dawsbot/eth-labels,medium,2026-10-01
0x2574eb53b821cb7c52d57dd887c65200854f406d,arbitrum,Fake_Phishing100,Fake_Phishing100,scam,eth-labels+etherscan-labels,https://github.com/dawsbot/eth-labels,medium,2026-10-01
0x3ccf31a2eabb2b83f4f0c05169c222911dbf09f8,arbitrum,Fake_Phishing105,Fake_Phishing105,scam,eth-labels+etherscan-labels,https://github.com/dawsbot/eth-labels,medium,2026-10-01
0x9bd9fcb56c9c47643e3ee881ff7709bbd3b8a0db,arbitrum,Fake_Phishing107,Fake_Phishing107,scam,eth-labels+etherscan-labels,https://github.com/dawsbot/eth-labels,medium,2026-10-01
0xe5d27c9678f7bd597060dc42b26385f879d46871,arbitrum,Fake_Phishing11,Fake_Phishing11,scam,eth-labels+etherscan-labels,https://github.com/dawsbot/eth-labels,medium,2026-10-01
0xdb2ebafd44b63968edcf15e11ba4a5df0be95e9b,arbitrum,Fake_Phishing110,Fake_Phishing110,scam,eth-labels,https://github.com/dawsbot/eth-labels,medium,2026-10-01
0x184bf78c8652200707c54d5a574dcb135abac90c,arbitrum,Fake_Phishing112,Fake_Phishing112,scam,eth-labels,https://github.com/dawsbot/eth-labels,medium,2026-10-01
0x2769dee07073c5807516be50d3c52d2836f95fd4,arbitrum,Fake_Phishing113,Fake_Phishing113,scam,eth-labels,https://github.com/dawsbot/eth-labels,medium,2026-10-01
0x8d0f8bfa54a6ebccdd5f352e2271e45c74486593,arbitrum,Fake_Phishing114,Fake_Phishing114,scam,eth-labels,https://github.com/dawsbot/eth-labels,medium,2026-10-01
0x8065b0b43b57f6d94d5da1bfcfe3a46a67ebfda5,arbitrum,Fake_Phishing115,Fake_Phishing115,scam,eth-labels,https://github.com/dawsbot/eth-labels,medium,2026-10-01
0x919541747b641b828ed81d68c28aebc545fd39a0,arbitrum,Fake_Phishing116,Fake_Phishing116,scam,eth-labels,https://github.com/dawsbot/eth-labels,medium,2026-10-01
0x244c55fa91d035e8bcad1e9b7fb907fde0983abf,arbitrum,Fake_Phishing117,Fake_Phishing117,scam,eth-labels,https://github.com/dawsbot/eth-labels,medium,2026-10-01
0xa8b6d2c439d1efd1f56bdb28386ed5337418647b,arbitrum,Fake_Phishing118,Fake_Phishing118,scam,eth-labels,https://github.com/dawsbot/eth-labels,medium,2026-10-01
0x22eebd01e9d9a7d2bcd0a6a7ce2710e433f96ab0,arbitrum,Fake_Phishing119,Fake_Phishing119,scam,eth-labels,https://github.com/dawsbot/eth-labels,medium,2026-10-01
0xcf305c0be6d1214f7c6adaf5c47b15f971506968,arbitrum,Fake_Phishing12,Fake_Phishing12,scam,eth-labels+etherscan-labels,https://github.com/dawsbot/eth-labels,medium,2026-10-01
0xf4c8bd0cbb1cdedb6cc2a76adf1c78c3bb13b9d6,arbitrum,Fake_Phishing120,Fake_Phishing120,scam,eth-labels,https://github.com/dawsbot/eth-labels,medium,2026-10-01
0x6e09449f1b52ef4215c9615243f1fb95956d258f,arbitrum,Fake_Phishing122,Fake_Phishing122,scam,eth-labels,https://github.com/dawsbot/eth-labels,medium,2026-10-01
0x394a5a96ccc9796ca11b96d3072f05203c8df3d2,arbitrum,Fake_Phishing123,Fake_Phishing123,scam,eth-labels,https://github.com/dawsbot/eth-labels,medium,2026-10-01
0xfb4d3eb37bde8fa4b52c60aabe55b3cd9908ec73,arbitrum,Fake_Phishing126,Fake_Phishing126,scam,eth-labels,https://github.com/dawsbot/eth-labels,medium,2026-10-01
0x8138dd7d6a8818e77a0e5ab4c70d09304aa5f4cc,arbitrum,Fake_Phishing128,Fake_Phishing128,scam,eth-labels,https://github.com/dawsbot/eth-labels,medium,2026-10-01
0x00000f312c54d0dd25888ee9cdc3dee988700000,arbitrum,Fake_Phishing129,Fake_Phishing129,scam,eth-labels,https://github.com/dawsbot/eth-labels,medium,2026-10-01
0x87e86782f372f967c720af0d56fab884eb891b5a,arbitrum,Fake_Phishing13,Fake_Phishing13,scam,eth-labels+etherscan-labels,https://github.com/dawsbot/eth-labels,medium,2026-10-01
0xe8e9520a363746b2eb25f1819d2b011419f087fb,arbitrum,Fake_Phishing130,Fake_Phishing130,scam,eth-labels,https://github.com/dawsbot/eth-labels,medium,2026-10-01
0xdf86b09ac88bf718d8180f661c82d031c105670f,arbitrum,Fake_Phishing131,Fake_Phishing131,scam,eth-labels,https://github.com/dawsbot/eth-labels,medium,2026-10-01
0xea59d61040dc83c0688fc2eabe3538085eabb31b,arbitrum,Fake_Phishing133,Fake_Phishing133,scam,eth-labels,https://github.com/dawsbot/eth-labels,medium,2026-10-01
0x04699818bf27f27262c0b466f91499fbafca249f,arbitrum,Fake_Phishing134,Fake_Phishing134,scam,eth-labels,https://github.com/dawsbot/eth-labels,medium,2026-10-01
0xc2a1593bf9ec283614622e2c2eae851c073ae274,arbitrum,Fake_Phishing135,Fake_Phishing135,scam,eth-labels,https://github.com/dawsbot/eth-labels,medium,2026-10-01
0x82242f63946c6198ec5bdf765bb013995195a586,arbitrum,Fake_Phishing136,Fake_Phishing136,scam,eth-labels,https://github.com/dawsbot/eth-labels,medium,2026-10-01
0x0d7a0f89f7a3842f1a0abe985456dd8812723346,arbitrum,Fake_Phishing137,Fake_Phishing137,scam,eth-labels,https://github.com/dawsbot/eth-labels,medium,2026-10-01
0x1e9700f76ad0a6faa1bc468c40ce88f545deeb84,arbitrum,Fake_Phishing138,Fake_Phishing138,scam,eth-labels,https://github.com/dawsbot/eth-labels,medium,2026-10-01
0x342d66fa1971fb16521aa98831fe3ac9d9513d3f,arbitrum,Fake_Phishing139,Fake_Phishing139,scam,eth-labels,https://github.com/dawsbot/eth-labels,medium,2026-10-01
0xf939ea34b8bed7efdee0b1c020f9ebdf335a5e34,arbitrum,Fake_Phishing140,Fake_Phishing140,scam,eth-labels,https://github.com/dawsbot/eth-labels,medium,2026-10-01
0x9233a9996936e097f736494bae2582a9b64b07f4,arbitrum,Fake_Phishing141,Fake_Phishing141,scam,eth-labels,https://github.com/dawsbot/eth-labels,medium,2026-10-01
0x0000553f880ffa3728b290e04e819053a3590000,arbitrum,Fake_Phishing142,Fake_Phishing142,scam,eth-labels,https://github.com/dawsbot/eth-labels,medium,2026-10-01
0x407bb61bc5ae36deb53330665196213f9270f5a6,arbitrum,Fake_Phishing143,Fake_Phishing143,scam,eth-labels,https://github.com/dawsbot/eth-labels,medium,2026-10-01
0x29488e5fd6bf9b3cc98a9d06a25204947cccbe4d,arbitrum,Fake_Phishing144,Fake_Phishing144,scam,eth-labels,https://github.com/dawsbot/eth-labels,medium,2026-10-01
0x826b180cd3d6fd0a646875f920bb2cf52b7f0b0b,arbitrum,Fake_Phishing147,Fake_Phishing147,scam,eth-labels,https://github.com/dawsbot/eth-labels,medium,2026-10-01
0x6895a3558b765d8bd60a0c1617c0eab99e5c8574,arbitrum,Fake_Phishing148,Fake_Phishing148,scam,eth-labels,https://github.com/dawsbot/eth-labels,medium,2026-10-01
0xbcd2ef59005d063f551d3748e7efb11e00233b67,arbitrum,Fake_Phishing149,Fake_Phishing149,scam,eth-labels,https://github.com/dawsbot/eth-labels,medium,2026-10-01
0x000069bb406c6f9502ee308d9df576765bd70000,arbitrum,Fake_Phishing150,Fake_Phishing150,scam,eth-labels,https://github.com/dawsbot/eth-labels,medium,2026-10-01
0xb9684e01575e8a0e10993b52b4cb168bcbeb6cb8,arbitrum,Fake_Phishing151,Fake_Phishing151,scam,eth-labels,https://github.com/dawsbot/eth-labels,medium,2026-10-01
0x972506269ab19fcd560aff672d37985d5ae56858,arbitrum,Fake_Phishing152,Fake_Phishing152,scam,eth-labels,https://github.com/dawsbot/eth-labels,medium,2026-10-01
0x8c8b69a8350cda44889f10c983c19aec709b7eff,arbitrum,Fake_Phishing153,Fake_Phishing153,scam,eth-labels,https://github.com/dawsbot/eth-labels,medium,2026-10-01
0x77918ebd23fdbf4232eef4811a016f4fec1db546,arbitrum,Fake_Phishing154,Fake_Phishing154,scam,eth-labels,https://github.com/dawsbot/eth-labels,medium,2026-10-01
0x5f43fea4c8a8fefa07f50c5e9704ca27aecb988d,arbitrum,Fake_Phishing155,Fake_Phishing155,scam,eth-labels,https://github.com/dawsbot/eth-labels,medium,2026-10-01
0x85b1e7558f4c1bef6c85c86bf8745c6557eda468,arbitrum,Fake_Phishing156,Fake_Phishing156,scam,eth-labels,https://github.com/dawsbot/eth-labels,medium,2026-10-01
0x490ce4616672e93b1c8f5e43aa80312fd73dee8c,arbitrum,Fake_Phishing157,Fake_Phishing157,scam,eth-labels,https://github.com/dawsbot/eth-labels,medium,2026-10-01
0x000098d9ab3552a0871adfd0289d575e6a360000,arbitrum,Fake_Phishing158,Fake_Phishing158,scam,eth-labels,https://github.com/dawsbot/eth-labels,medium,2026-10-01
0xcb4848aab09e7d6b557b371f784c66d67622d5be,arbitrum,Fake_Phishing159,Fake_Phishing159,scam,eth-labels,https://github.com/dawsbot/eth-labels,medium,2026-10-01
0x618437b3a94596c3e3e733ca4fc0d7b3a34361ab,arbitrum,Fake_Phishing16,Fake_Phishing16,scam,eth-labels+etherscan-labels,https://github.com/dawsbot/eth-labels,medium,2026-10-01
0x000037bb05b2cef17c6469f4bcdb198826ce0000,arbitrum,Fake_Phishing160,Fake_Phishing160,scam,eth-labels,https://github.com/dawsbot/eth-labels,medium,2026-10-01
0x5b9aabe3f7b43e08b99384997ea153bbe8c46d46,arbitrum,Fake_Phishing161,Fake_Phishing161,scam,eth-labels,https://github.com/dawsbot/eth-labels,medium,2026-10-01
0x0000db5c8b030ae20308ac975898e09741e70000,arbitrum,Fake_Phishing162,Fake_Phishing162,scam,eth-labels,https://github.com/dawsbot/eth-labels,medium,2026-10-01
0x309b2e48dcd784c4111f310c64d9bd790feeed6f,arbitrum,Fake_Phishing163,Fake_Phishing163,scam,eth-labels,https://github.com/dawsbot/eth-labels,medium,2026-10-01
0xadd166ccc856aea8be7093f1aaea28846cd99ca1,arbitrum,Fake_Phishing164,Fake_Phishing164,scam,eth-labels,https://github.com/dawsbot/eth-labels,medium,2026-10-01
0x912cf6f255a62e9ca3ffd0aea738511d53406548,arbitrum,Fake_Phishing165,Fake_Phishing165,scam,eth-labels,https://github.com/dawsbot/eth-labels,medium,2026-10-01
0xe98488a301557cd0196c5bc570e08e29f79a1787,arbitrum,Fake_Phishing166,Fake_Phishing166,scam,eth-labels,https://github.com/dawsbot/eth-labels,medium,2026-10-01
0x658729879fca881d9526480b82ae00efc54b5c2d,arbitrum,Fake_Phishing168,Fake_Phishing168,scam,eth-labels,https://github.com/dawsbot/eth-labels,medium,2026-10-01
0x00003ffa7857408ab714c28b1451914330240000,arbitrum,Fake_Phishing169,Fake_Phishing169,scam,eth-labels,https://github.com/dawsbot/eth-labels,medium,2026-10-01
0x000067464bdcbec51051ddcce8551e702f130000,arbitrum,Fake_Phishing170,Fake_Phishing170,scam,eth-labels,https://github.com/dawsbot/eth-labels,medium,2026-10-01
0x11fc5f8a81a8b1b7b778815ca86185a67e571efe,arbitrum,Fake_Phishing171,Fake_Phishing171,scam,eth-labels,https://github.com/dawsbot/eth-labels,medium,2026-10-01
0x0a2759b4714ddceed3746110d99d524e696f34de,arbitrum,Fake_Phishing172,Fake_Phishing172,scam,eth-labels,https://github.com/dawsbot/eth-labels,medium,2026-10-01
0xe87502b8efb8d4c17fdf70ac60bb8eb1bfedd47d,arbitrum,Fake_Phishing173,Fake_Phishing173,scam,eth-labels,https://github.com/dawsbot/eth-labels,medium,2026-10-01
0xfc2f1d7479829ddcc53308399caf43fa92234910,arbitrum,Fake_Phishing174,Fake_Phishing174,scam,eth-labels,https://github.com/dawsbot/eth-labels,medium,2026-10-01
0x33567e90505edde4c6331e12e01860301115ba84,arbitrum,Fake_Phishing175,Fake_Phishing175,scam,eth-labels,https://github.com/dawsbot/eth-labels,medium,2026-10-01
0x00f33cdb318e16d59d365089e31b778221878763,arbitrum,Fake_Phishing176,Fake_Phishing176,scam,eth-labels,https://github.com/dawsbot/eth-labels,medium,2026-10-01
0x3350748459411d148e9c9e2cb3dcb3b4bdc509cb,arbitrum,Fake_Phishing177,Fake_Phishing177,scam,eth-labels,https://github.com/dawsbot/eth-labels,medium,2026-10-01
0x48e8362a5e8713e25ebc8922ce8ff8a745e0373d,arbitrum,Fake_Phishing178,Fake_Phishing178,scam,eth-labels,https://github.com/dawsbot/eth-labels,medium,2026-10-01
0x859cab215b9e1557b948f5293ced560eb291ea5f,arbitrum,Fake_Phishing179,Fake_Phishing179,scam,eth-labels,https://github.com/dawsbot/eth-labels,medium,2026-10-01
0x6f250c769001617aff9bdf4b9fd878062e94af83,arbitrum,Fake_Phishing180,Fake_Phishing180,scam,eth-labels,https://github.com/dawsbot/eth-labels,medium,2026-10-01
0xa1fabec9027ae4438ddfd70e508d6008d2c29dc1,arbitrum,Fake_Phishing181,Fake_Phishing181,scam,eth-labels,https://github.com/dawsbot/eth-labels,medium,2026-10-01
0xbeb8e9ca482a42b45bcd935e16f8f999c2897fcd,arbitrum,Fake_Phishing182,Fake_Phishing182,scam,eth-labels,https://github.com/dawsbot/eth-labels,medium,2026-10-01
0x9c335c350d70822ec0057100a646cb7c37db5e7e,arbitrum,Fake_Phishing183,Fake_Phishing183,scam,eth-labels,https://github.com/dawsbot/eth-labels,medium,2026-10-01
0xcf53ec5bf6a77e26fd6e85597a3bab0bf013d6e3,arbitrum,Fake_Phishing184,Fake_Phishing184,scam,eth-labels,https://github.com/dawsbot/eth-labels,medium,2026-10-01
0xffaf69a535333d3067c1a67e9f260817a56b7e85,arbitrum,Fake_Phishing185,Fake_Phishing185,scam,eth-labels,https://github.com/dawsbot/eth-labels,medium,2026-10-01
0xd1890b53771590a39178c5c5bd95dab5846627b1,arbitrum,Fake_Phishing186,Fake_Phishing186,scam,eth-labels,https://github.com/dawsbot/eth-labels,medium,2026-10-01
0x5f032fc15185d839ee426d40d00bb9083ae760ca,arbitrum,Fake_Phishing187,Fake_Phishing187,scam,eth-labels,https://github.com/dawsbot/eth-labels,medium,2026-10-01
0x459e70f66425e1396b956b3ba24f69954affe3c0,arbitrum,Fake_Phishing188,Fake_Phishing188,scam,eth-labels,https://github.com/dawsbot/eth-labels,medium,2026-10-01
0xa192fc457b14f91d6cb1da47df5b1a980e5d29b5,arbitrum,Fake_Phishing189,Fake_Phishing189,scam,eth-labels,https://github.com/dawsbot/eth-labels,medium,2026-10-01
0xa94f69aee7099d007cd8a8d97f54f9a1f361cefd,arbitrum,Fake_Phishing190,Fake_Phishing190,scam,eth-labels,https://github.com/dawsbot/eth-labels,medium,2026-10-01
0x3681ea485afea4463edd099f2fa263a162779820,arbitrum,Fake_Phishing192,Fake_Phishing192,scam,eth-labels,https://github.com/dawsbot/eth-labels,medium,2026-10-01
0xf156cfd6c91cfe9c4bd0858798a2127e53813aba,arbitrum,Fake_Phishing193,Fake_Phishing193,scam,eth-labels,https://github.com/dawsbot/eth-labels,medium,2026-10-01
0x406b2be1db02c4149355e2bc5dd53616723397b7,arbitrum,Fake_Phishing194,Fake_Phishing194,scam,eth-labels,https://github.com/dawsbot/eth-labels,medium,2026-10-01
0x41c02ddd0a2eba21775689d52135b125799a915a,arbitrum,Fake_Phishing195,Fake_Phishing195,scam,eth-labels,https://github.com/dawsbot/eth-labels,medium,2026-10-01
0xf00ed4eca393a8c09fe496c01725e19d0c33b5d0,arbitrum,Fake_Phishing196,Fake_Phishing196,scam,eth-labels,https://github.com/dawsbot/eth-labels,medium,2026-10-01
0xa4d6ee83c069157afa85867d9476040054f1ec66,arbitrum,Fake_Phishing197,Fake_Phishing197,scam,eth-labels,https://github.com/dawsbot/eth-labels,medium,2026-10-01
0x9b01beda33746f017ed2044056ece017ff840160,arbitrum,Fake_Phishing198,Fake_Phishing198,scam,eth-labels,https://github.com/dawsbot/eth-labels,medium,2026-10-01
0x490f55a94b9584f861ba29c674ed87b98fdfa9ad,arbitrum,Fake_Phishing199,Fake_Phishing199,scam,eth-labels,https://github.com/dawsbot/eth-labels,medium,2026-10-01
0x1016c4dd270944373ffcf40071604b7f553e6c93,arbitrum,Fake_Phishing2,Fake_Phishing2,scam,eth-labels+etherscan-labels,https://github.com/dawsbot/eth-labels,medium,2026-10-01
0xb5b665f457f285d2adbc8067e25acdffd0980470,arbitrum,Fake_Phishing200,Fake_Phishing200,scam,eth-labels,https://github.com/dawsbot/eth-labels,medium,2026-10-01
0xb370a34e81588cb047c19015b1b05e3399c3fd56,arbitrum,Fake_Phishing201,Fake_Phishing201,scam,eth-labels,https://github.com/dawsbot/eth-labels,medium,2026-10-01
0xb987f83a8068c6f4167f7942e82d8f8dc1581c36,arbitrum,Fake_Phishing202,Fake_Phishing202,scam,eth-labels,https://github.com/dawsbot/eth-labels,medium,2026-10-01
0x43104243e0650a796246032678c0bf23eda518eb,arbitrum,Fake_Phishing203,Fake_Phishing203,scam,eth-labels,https://github.com/dawsbot/eth-labels,medium,2026-10-01
0x063939b68b26727c91a92575fd814b16aac36971,arbitrum,Fake_Phishing204,Fake_Phishing204,scam,eth-labels,https://github.com/dawsbot/eth-labels,medium,2026-10-01
0x2dfc6c3aae5d8bd9e61a886df055f55083448a6e,arbitrum,Fake_Phishing205,Fake_Phishing205,scam,eth-labels,https://github.com/dawsbot/eth-labels,medium,2026-10-01
0xa7ecd1d4abf977e895ad9aa46c4cc2236cbde6b8,arbitrum,Fake_Phishing206,Fake_Phishing206,scam,eth-labels,https://github.com/dawsbot/eth-labels,medium,2026-10-01
0x0fc12b510e67ec7e9b5166fd023a195f7bb860d8,arbitrum,Fake_Phishing207,Fake_Phishing207,scam,eth-labels,https://github.com/dawsbot/eth-labels,medium,2026-10-01
0xcc8ef070df61071bfb98a2e027617dca28fd61ac,arbitrum,Fake_Phishing208,Fake_Phishing208,scam,eth-labels,https://github.com/dawsbot/eth-labels,medium,2026-10-01
0xa2ed92d129845540c90b4b14500ee7907627e413,arbitrum,Fake_Phishing209,Fake_Phishing209,scam,eth-labels,https://github.com/dawsbot/eth-labels,medium,2026-10-01
0xf6ec630b0e2bcfd3eebf01c7c61ac72283eb04c3,arbitrum,Fake_Phishing210,Fake_Phishing210,scam,eth-labels,https://github.com/dawsbot/eth-labels,medium,2026-10-01
0x40c84bc8412b94caca1624f67242d0bb3d4cb54a,arbitrum,Fake_Phishing211,Fake_Phishing211,scam,eth-labels,https://github.com/dawsbot/eth-labels,medium,2026-10-01
0x7c170aea5b43adecfbe8b14f998ecbcc423a9edd,arbitrum,Fake_Phishing212,Fake_Phishing212,scam,eth-labels,https://github.com/dawsbot/eth-labels,medium,2026-10-01
0xf6d7a91774ac81af5b18c11b73806e4d559216ae,arbitrum,Fake_Phishing213,Fake_Phishing213,scam,eth-labels,https://github.com/dawsbot/eth-labels,medium,2026-10-01
0x686fc609cdfb11be74baa3d6b410b8e30c8f1a03,arbitrum,Fake_Phishing214,Fake_Phishing214,scam,eth-labels,https://github.com/dawsbot/eth-labels,medium,2026-10-01
0xd7031e2b1850340cc668ffae5f11e6f9e2046c2f,arbitrum,Fake_Phishing215,Fake_Phishing215,scam,eth-labels,https://github.com/dawsbot/eth-labels,medium,2026-10-01
0x7615c9de1618b7feb2f6de30352b10ec137e8365,arbitrum,Fake_Phishing216,Fake_Phishing216,scam,eth-labels,https://github.com/dawsbot/eth-labels,medium,2026-10-01
0xda3a26705e6d082a6aef80e62c8f30d70fa0936c,arbitrum,Fake_Phishing217,Fake_Phishing217,scam,eth-labels,https://github.com/dawsbot/eth-labels,medium,2026-10-01
0x6dfb636c6274fb1824ccdd8fc1ef91629a163a75,arbitrum,Fake_Phishing218,Fake_Phishing218,scam,eth-labels,https://github.com/dawsbot/eth-labels,medium,2026-10-01
0x64120adbf1524bc1cc919afdaeb6fc76bcd42432,arbitrum,Fake_Phishing219,Fake_Phishing219,scam,eth-labels,https://github.com/dawsbot/eth-labels,medium,2026-10-01
0xd9048c1c192b96dc889a6c8d0c423a68ad592ce8,arbitrum,Fake_Phishing220,Fake_Phishing220,scam,eth-labels,https://github.com/dawsbot/eth-labels,medium,2026-10-01
0xabd75cd4117fa7bfaa096f581abcec69b8d68f50,arbitrum,Fake_Phishing221,Fake_Phishing221,scam,eth-labels,https://github.com/dawsbot/eth-labels,medium,2026-10-01
0x1335ea32f41ac445ecdf2bc384f3f45d83d2e2a2,arbitrum,Fake_Phishing222,Fake_Phishing222,scam,eth-labels,https://github.com/dawsbot/eth-labels,medium,2026-10-01
0xa7d3097e5c9edf64033c4b40b3c49b936ddbe6f4,arbitrum,Fake_Phishing223,Fake_Phishing223,scam,eth-labels,https://github.com/dawsbot/eth-labels,medium,2026-10-01
0xd9c515d273bb8fd792dfa125612216a69340d139,arbitrum,Fake_Phishing224,Fake_Phishing224,scam,eth-labels,https://github.com/dawsbot/eth-labels,medium,2026-10-01
0x1986e7c4176ec29e339f5d31b9cf23913cf39a5f,arbitrum,Fake_Phishing225,Fake_Phishing225,scam,eth-labels,https://github.com/dawsbot/eth-labels,medium,2026-10-01
0x9fd0641757e2a5d0d30e415a6f87b0480cc061af,arbitrum,Fake_Phishing226,Fake_Phishing226,scam,eth-labels,https://github.com/dawsbot/eth-labels,medium,2026-10-01
0x1e287a73b713fbb3cd92221a658ad25bdb66f228,arbitrum,Fake_Phishing227,Fake_Phishing227,scam,eth-labels,https://github.com/dawsbot/eth-labels,medium,2026-10-01
0xc0a509054888a4821b9bce0b80a0cdc7c7c67f3a,arbitrum,Fake_Phishing228,Fake_Phishing228,scam,eth-labels,https://github.com/dawsbot/eth-labels,medium,2026-10-01
0xff97b7ac673d150879be81edd40d8881fb756dce,arbitrum,Fake_Phishing229,Fake_Phishing229,scam,eth-labels,https://github.com/dawsbot/eth-labels,medium,2026-10-01
0xa14ff753beae1bb4ba425b2409ed4eca09f7aef5,arbitrum,Fake_Phishing230,Fake_Phishing230,scam,eth-labels,https://github.com/dawsbot/eth-labels,medium,2026-10-01
0xf29eb1bcc4b778e4b44904e575753c5c492c4d11,arbitrum,Fake_Phishing231,Fake_Phishing231,scam,eth-labels,https://github.com/dawsbot/eth-labels,medium,2026-10-01
0x492fe5a1b7a8d91e6b83f19f02ad095b7f44e73c,arbitrum,Fake_Phishing232,Fake_Phishing232,scam,eth-labels,https://github.com/dawsbot/eth-labels,medium,2026-10-01
0x11030703514ee2d6deb2c3775cc0aef05d38f8e3,arbitrum,Fake_Phishing233,Fake_Phishing233,scam,eth-labels,https://github.com/dawsbot/eth-labels,medium,2026-10-01
0x230d119bb0bc603050fca253e1d4d926eb92c967,arbitrum,Fake_Phishing234,Fake_Phishing234,scam,eth-labels,https://github.com/dawsbot/eth-labels,medium,2026-10-01
0x0000028989b636b15f5e164e039814ff61000000,arbitrum,Fake_Phishing235,Fake_Phishing235,scam,eth-labels,https://github.com/dawsbot/eth-labels,medium,2026-10-01
0x00000cad74214b2771b692b1065f9d0ad7b00000,arbitrum,Fake_Phishing236,Fake_Phishing236,scam,eth-labels,https://github.com/dawsbot/eth-labels,medium,2026-10-01
0x443bc9db8577cdfa0fc47716eef1b6fdec855ac3,arbitrum,Fake_Phishing237,Fake_Phishing237,scam,eth-labels,https://github.com/dawsbot/eth-labels,medium,2026-10-01
0x299f0086fc5bbf1d361a17745dd07b6a8072f489,arbitrum,Fake_Phishing238,Fake_Phishing238,scam,eth-labels,https://github.com/dawsbot/eth-labels,medium,2026-10-01
0x2f456ee4a5893261f0cb2fb9b2fa555dce8890ad,arbitrum,Fake_Phishing239,Fake_Phishing239,scam,eth-labels,https://github.com/dawsbot/eth-labels,medium,2026-10-01
0x89b8eeea71d3fdd3767f02f3677dd55ba7254b69,arbitrum,Fake_Phishing240,Fake_Phishing240,scam,eth-labels,https://github.com/dawsbot/eth-labels,medium,2026-10-01
0x0000ac6fcf8c237eb2596c91f893b1fa39a30000,arbitrum,Fake_Phishing241,Fake_Phishing241,scam,eth-labels,https://github.com/dawsbot/eth-labels,medium,2026-10-01
0x000082cc936dbb9d995d5a83bfcd38fa15b20000,arbitrum,Fake_Phishing242,Fake_Phishing242,scam,eth-labels,https://github.com/dawsbot/eth-labels,medium,2026-10-01
0x00000734f1ba0bd1d0317a6dd519ca712ce00000,arbitrum,Fake_Phishing243,Fake_Phishing243,scam,eth-labels,https://github.com/dawsbot/eth-labels,medium,2026-10-01
0x6ccb8031717637a00a1bfeb6a6f2946052c2baa4,arbitrum,Fake_Phishing244,Fake_Phishing244,scam,eth-labels,https://github.com/dawsbot/eth-labels,medium,2026-10-01
0x67acf0d2292264a27df2c8643c696387f956a773,arbitrum,Fake_Phishing245,Fake_Phishing245,scam,eth-labels,https://github.com/dawsbot/eth-labels,medium,2026-10-01
0xcdb94376e0330b13f5becaece169602cbb14399c,arbitrum,Fake_Phishing246,Fake_Phishing246,scam,eth-labels,https://github.com/dawsbot/eth-labels,medium,2026-10-01
0x29881b5850f3137a7d8fdc9af46a09ef458c1ac0,arbitrum,Fake_Phishing247,Fake_Phishing247,scam,eth-labels,https://github.com/dawsbot/eth-labels,medium,2026-10-01
0xf5d160b841747fcf749779a6a8439b5478dfa95e,arbitrum,Fake_Phishing248,Fake_Phishing248,scam,eth-labels,https://github.com/dawsbot/eth-labels,medium,2026-10-01
0x24b6f12286d53c3fe2e9264485cf20b59be12162,arbitrum,Fake_Phishing25,Fake_Phishing25,scam,eth-labels+etherscan-labels,https://github.com/dawsbot/eth-labels,medium,2026-10-01
0x391342b4bc9516d3f377b17ad265875b7d0c1cce,arbitrum,Fake_Phishing250,Fake_Phishing250,scam,eth-labels,https://github.com/dawsbot/eth-labels,medium,2026-10-01
0x0170584f47a7977b9099da67df39082df8610d88,arbitrum,Fake_Phishing251,Fake_Phishing251,scam,eth-labels,https://github.com/dawsbot/eth-labels,medium,2026-10-01
0xc46b8168ce647f825ce72429dd65a2e99a415927,arbitrum,Fake_Phishing252,Fake_Phishing252,scam,eth-labels,https://github.com/dawsbot/eth-labels,medium,2026-10-01
0xd45bb937b51148279367c540c4081fd85c2ca708,arbitrum,Fake_Phishing253,Fake_Phishing253,scam,eth-labels,https://github.com/dawsbot/eth-labels,medium,2026-10-01
0x9856080cf370f0b5f0349b3ca61cec43e56435df,arbitrum,Fake_Phishing254,Fake_Phishing254,scam,eth-labels,https://github.com/dawsbot/eth-labels,medium,2026-10-01
0x8f696eb2d38e20722ced74559a6abf65fbd9e9eb,arbitrum,Fake_Phishing255,Fake_Phishing255,scam,eth-labels,https://github.com/dawsbot/eth-labels,medium,2026-10-01
0x13b670fcfcb38e1089da6545c74d232e52bc9c22,arbitrum,Fake_Phishing256,Fake_Phishing256,scam,eth-labels,https://github.com/dawsbot/eth-labels,medium,2026-10-01
0xc1c2fc9b313a39c5a355b70c09c7d20efd93a24f,arbitrum,Fake_Phishing257,Fake_Phishing257,scam,eth-labels,https://github.com/dawsbot/eth-labels,medium,2026-10-01
0xc3ff91c488daf71c4bfb7d6246decc06c82e810b,arbitrum,Fake_Phishing258,Fake_Phishing258,scam,eth-labels,https://github.com/dawsbot/eth-labels,medium,2026-10-01
0xabb6c925846981cd23a8cd51f92433faac1ec1e9,arbitrum,Fake_Phishing259,Fake_Phishing259,scam,eth-labels,https://github.com/dawsbot/eth-labels,medium,2026-10-01
0x7e2d35a00d73a534d4d5508e557e0b1c6e60c977,arbitrum,Fake_Phishing26,Fake_Phishing26,scam,eth-labels+etherscan-labels,https://github.com/dawsbot/eth-labels,medium,2026-10-01
0x417c3a83fe2ac3a60af333f1ffe691a9d1dfb4a6,arbitrum,Fake_Phishing260,Fake_Phishing260,scam,eth-labels,https://github.com/dawsbot/eth-labels,medium,2026-10-01
0x74aa98396980fa90554aaace551955f67be1e4ad,arbitrum,Fake_Phishing261,Fake_Phishing261,scam,eth-labels,https://github.com/dawsbot/eth-labels,medium,2026-10-01
0x530156ab0b5e7f5435badaa6c7189c199ee1553d,arbitrum,Fake_Phishing262,Fake_Phishing262,scam,eth-labels,https://github.com/dawsbot/eth-labels,medium,2026-10-01
0x4db05b529ed32017d455c920d3da5420dc19c05d,arbitrum,Fake_Phishing263,Fake_Phishing263,scam,eth-labels,https://github.com/dawsbot/eth-labels,medium,2026-10-01
0x1a5ba4038ec7463f1caaa50000baf240372d060c,arbitrum,Fake_Phishing264,Fake_Phishing264,scam,eth-labels,https://github.com/dawsbot/eth-labels,medium,2026-10-01
0xa2304712bfcdcaca8c3fc8af39efd0ee3bc24b48,arbitrum,Fake_Phishing265,Fake_Phishing265,scam,eth-labels,https://github.com/dawsbot/eth-labels,medium,2026-10-01
0x864bcb833c66d2ed28b81b5af21d86d7c8dacdbc,arbitrum,Fake_Phishing266,Fake_Phishing266,scam,eth-labels,https://github.com/dawsbot/eth-labels,medium,2026-10-01
0x00000952c5165e391ed0f8adffcfaf45f3b80000,arbitrum,Fake_Phishing267,Fake_Phishing267,scam,eth-labels,https://github.com/dawsbot/eth-labels,medium,2026-10-01
0x245fa834de8322033e26d3bef11ac16d0c68f3c1,arbitrum,Fake_Phishing268,Fake_Phishing268,scam,eth-labels,https://github.com/dawsbot/eth-labels,medium,2026-10-01
0x0000000000d67e5d5f991a40f04ed40fa3b150df,arbitrum,Fake_Phishing269,Fake_Phishing269,scam,eth-labels,https://github.com/dawsbot/eth-labels,medium,2026-10-01
0x3448872bba4b87ca48cae98602795a9ceb9c57c1,arbitrum,Fake_Phishing27,Fake_Phishing27,scam,eth-labels+etherscan-labels,https://github.com/dawsbot/eth-labels,medium,2026-10-01
0x851aa754c39bf23cdaac2025367514dfd7530418,arbitrum,Fake_Phishing270,Fake_Phishing270,scam,eth-labels,https://github.com/dawsbot/eth-labels,medium,2026-10-01
0xe6e83f9dbc454205322c43c861ed5e8745e4e572,arbitrum,Fake_Phishing271,Fake_Phishing271,scam,eth-labels,https://github.com/dawsbot/eth-labels,medium,2026-10-01
0xdb125c32be3a183e3e447e3eb15c06103d4d7b3c,arbitrum,Fake_Phishing272,Fake_Phishing272,scam,eth-labels,https://github.com/dawsbot/eth-labels,medium,2026-10-01
0x24bdce7e6e526586047ad557d1146772fa3051e4,arbitrum,Fake_Phishing273,Fake_Phishing273,scam,eth-labels,https://github.com/dawsbot/eth-labels,medium,2026-10-01
0x8bf1a0eea991f2183340960fce479279c26ad150,arbitrum,Fake_Phishing3,Fake_Phishing3,scam,eth-labels+etherscan-labels,https://github.com/dawsbot/eth-labels,medium,2026-10-01
0x6734a9f000af1901f50010429e83b91285c26c9b,arbitrum,Fake_Phishing326880,Fake_Phishing326880,scam,eth-labels,https://github.com/dawsbot/eth-labels,medium,2026-10-01
0x2d1a4d28f7a2bc17b3c27832dd50912ef44f582d,arbitrum,Fake_Phishing326881,Fake_Phishing326881,scam,eth-labels,https://github.com/dawsbot/eth-labels,medium,2026-10-01
0x5bb5b6d41c3e5e41d9b9ed33d12f1537a1293d5f,arbitrum,Fake_Phishing327281,Fake_Phishing327281,scam,eth-labels,https://github.com/dawsbot/eth-labels,medium,2026-10-01
0xbd2fccc6b57b5c765e1afeb5b73d585f7f8f5fa3,arbitrum,Fake_Phishing327282,Fake_Phishing327282,scam,eth-labels,https://github.com/dawsbot/eth-labels,medium,2026-10-01
0x248799204cb0e053f83027cf930791853049beda,arbitrum,Fake_Phishing327283,Fake_Phishing327283,scam,eth-labels,https://github.com/dawsbot/eth-labels,medium,2026-10-01
0x5cb0be4e41c87c42e293a9a462e5d6d4e24a3693,arbitrum,Fake_Phishing327284,Fake_Phishing327284,scam,eth-labels,https://github.com/dawsbot/eth-labels,medium,2026-10-01
0xae9e4a95eddc1fb566927637ed92f4f2cd707182,arbitrum,Fake_Phishing327285,Fake_Phishing327285,scam,eth-labels,https://github.com/dawsbot/eth-labels,medium,2026-10-01
0xcca518184bd2bd194e0ca804f4c6c1faf2ecf2bd,arbitrum,Fake_Phishing327286,Fake_Phishing327286,scam,eth-labels,https://github.com/dawsbot/eth-labels,medium,2026-10-01
0x5fd5b45bbeefea6ebefe34ebd25618fc1bd50097,arbitrum,Fake_Phishing327287,Fake_Phishing327287,scam,eth-labels,https://github.com/dawsbot/eth-labels,medium,2026-10-01
0x403c5a92b243b117cc5f2db4c85033649275c446,arbitrum,Fake_Phishing327289,Fake_Phishing327289,scam,eth-labels,https://github.com/dawsbot/eth-labels,medium,2026-10-01
0xb1e6462a2340fb6ef08a221a0bad6ed036d302c8,arbitrum,Fake_Phishing327290,Fake_Phishing327290,scam,eth-labels,https://github.com/dawsbot/eth-labels,medium,2026-10-01
0x247a26ac939c5c4e926d049e0d9adc1b237bdd92,arbitrum,Fake_Phishing327291,Fake_Phishing327291,scam,eth-labels,https://github.com/dawsbot/eth-labels,medium,2026-10-01
0xde1ac2696edc7315b7123a1007b62dd2f23c8844,arbitrum,Fake_Phishing327292,Fake_Phishing327292,scam,eth-labels,https://github.com/dawsbot/eth-labels,medium,2026-10-01
0xda70e916e26cd68140b1e0ff12672bbd478b81f5,arbitrum,Fake_Phishing327293,Fake_Phishing327293,scam,eth-labels,https://github.com/dawsbot/eth-labels,medium,2026-10-01
0x1aa5f86f86ac85635dc81c69d43282ae6f889238,arbitrum,Fake_Phishing327294,Fake_Phishing327294,scam,eth-labels,https://github.com/dawsbot/eth-labels,medium,2026-10-01
0x3dbbe761ca91f4fa8f9c0211e785bcd6154b9b7e,arbitrum,Fake_Phishing327295,Fake_Phishing327295,scam,eth-labels,https://github.com/dawsbot/eth-labels,medium,2026-10-01
0xa4fe92532e5e9244fc0a3731b245f74516bfdf33,arbitrum,Fake_Phishing327296,Fake_Phishing327296,scam,eth-labels,https://github.com/dawsbot/eth-labels,medium,2026-10-01
0x0000bc6e85ec6e512b2ded1e4621734240600000,arbitrum,Fake_Phishing327297,Fake_Phishing327297,scam,eth-labels,https://github.com/dawsbot/eth-labels,medium,2026-10-01
0x232e2fd91c88f8e2a06acdaa0ed199516ba31efa,arbitrum,Fake_Phishing4,Fake_Phishing4,scam,eth-labels+etherscan-labels,https://github.com/dawsbot/eth-labels,medium,2026-10-01
0x8500a5b492a26ee1128dfdf28af4ee44b8dd2987,arbitrum,Fake_Phishing44,Fake_Phishing44,scam,eth-labels+etherscan-labels,https://github.com/dawsbot/eth-labels,medium,2026-10-01
0xdead055450137b92f7f77ccbc2b91ad5bb4298f7,arbitrum,Fake_Phishing6,Fake_Phishing6,scam,eth-labels+etherscan-labels,https://github.com/dawsbot/eth-labels,medium,2026-10-01
0x3c92161ff7a7605e13470295faef3111ad7bc425,arbitrum,Fake_Phishing96,Fake_Phishing96,scam,eth-labels+etherscan-labels,https://github.com/dawsbot/eth-labels,medium,2026-10-01
0x0ff66318a190440ed3d450f665584dba29a5e208,arbitrum,Fake_Phishing98,Fake_Phishing98,scam,eth-labels+etherscan-labels,https://github.com/dawsbot/eth-labels,medium,2026-10-01
0x58bc6ed1723a3455158d1013e89406cf4475f026,arbitrum,Hacked,Hacked,scam,eth-labels,https://github.com/dawsbot/eth-labels,medium,2026-10-01
0x08d21dfbfa2049506296eb7b05c9683614752e13,arbitrum,contract-deployer,Fake_Phishing249,scam,eth-labels,https://github.com/dawsbot/eth-labels,medium,2026-10-01
