address,network,entity,label,category,source,source_url,confidence,last_updated
0x05185872898b6f94aa600177ef41b9334b1fa48b,bsc,bridge,Gnosis Chain: BSC-xDAI Omni Bridge,bridge,eth-labels,https://github.com/dawsbot/eth-labels,medium,2026-07-17
0x05b70fb5477a93be33822bfb31fdaf2c171970df,bsc,bridge,Mayan: Swap Bridge,bridge,eth-labels,https://github.com/dawsbot/eth-labels,medium,2026-07-17
0x158b536c2ae3afdea1be69fd91f942a2f96e0a6d,bsc,bridge,Undead Blocks: Bridge,bridge,eth-labels,https://github.com/dawsbot/eth-labels,medium,2026-07-17
0x31efc4aeaa7c39e54a33fdc3c46ee2bd70ae0a09,bsc,bridge,xPollinate: Transaction Manager,bridge,eth-labels,https://github.com/dawsbot/eth-labels,medium,2026-07-17
0x3c2269811836af69497e5f486a85d7316753cf62,bsc,bridge,LayerZero: BNB Chain Endpoint,bridge,eth-labels,https://github.com/dawsbot/eth-labels,medium,2026-07-17
0x43de2d77bf8027e25dbd179b491e8d64f38398aa,bsc,bridge,deBridgeGate,bridge,eth-labels,https://github.com/dawsbot/eth-labels,medium,2026-07-17
0x4948ff01cf150e7867d9eeef6272db13fd37c537,bsc,bridge,Less Network: Bridge,bridge,eth-labels,https://github.com/dawsbot/eth-labels,medium,2026-07-17
0x4b3b4120d4d7975455d8c2894228789c91a247f8,bsc,bridge,Anyswap: Bridge Fantom,bridge,eth-labels,https://github.com/dawsbot/eth-labels,medium,2026-07-17
0x5a58505a96d1dbf8df91cb21b54419fc36e93fde,bsc,bridge,Wormhole: NFT Bridge,bridge,eth-labels,https://github.com/dawsbot/eth-labels,medium,2026-07-17
0x5d96d4287d1ff115ee50fac0526cf43ecf79bfc6,bsc,bridge,Celer Network: cBridge 2.0,bridge,eth-labels,https://github.com/dawsbot/eth-labels,medium,2026-07-17
0x638e8fe7ad4d9c05735ecb6b9c66013679276651,bsc,bridge,Spore Finance: Bridge,bridge,eth-labels,https://github.com/dawsbot/eth-labels,medium,2026-07-17
0x6f817a0ce8f7640add3bc0c1c2298635043c2423,bsc,bridge,Anyswap: anyETH Token,bridge,eth-labels,https://github.com/dawsbot/eth-labels,medium,2026-07-17
0x749f37df06a99d6a8e065dd065f8cf947ca23697,bsc,bridge,Synapse: Bridge Zap 1,bridge,eth-labels,https://github.com/dawsbot/eth-labels,medium,2026-07-17
0x92c079d3155c2722dbf7e65017a5baf9cd15561c,bsc,bridge,Multichain: Bridge,bridge,eth-labels,https://github.com/dawsbot/eth-labels,medium,2026-07-17
0x98f3c9e6e3face36baad05fe09d375ef1464288b,bsc,bridge,Wormhole: Binance Smart Chain Core Bridge,bridge,eth-labels,https://github.com/dawsbot/eth-labels,medium,2026-07-17
0x9df69f656a9cfdf5cd1c2140b71e2aa130ce7eb8,bsc,bridge,BlazeX Crosschain Bridge,bridge,eth-labels,https://github.com/dawsbot/eth-labels,medium,2026-07-17
0xa90a8e34cea28bf9a234d4eac240fb32358b51ab,bsc,bridge,iSwap: Binance Bridge,bridge,eth-labels,https://github.com/dawsbot/eth-labels,medium,2026-07-17
0xabd380327fe66724ffda91a87c772fb8d00be488,bsc,bridge,Multichain: Router V4 2,bridge,eth-labels,https://github.com/dawsbot/eth-labels,medium,2026-07-17
0xb1cb88b1a1992deb4189ea4f566b594c13392ada,bsc,bridge,AnySwap: Bridge Avalanche,bridge,eth-labels,https://github.com/dawsbot/eth-labels,medium,2026-07-17
0xb6f6d86a8f9879a9c87f643768d9efc38c1da6e7,bsc,bridge,Wormhole: Token Bridge,bridge,eth-labels,https://github.com/dawsbot/eth-labels,medium,2026-07-17
0xbbbd1bbb4f9b936c3604906d7592a644071de884,bsc,bridge,Allbridge: Bridge,bridge,eth-labels,https://github.com/dawsbot/eth-labels,medium,2026-07-17
0xc10ef9f491c9b59f936957026020c321651ac078,bsc,bridge,Multichain: anyCall V6,bridge,eth-labels,https://github.com/dawsbot/eth-labels,medium,2026-07-17
0xcb9cc9d0f8f4ac451a523d3c064553dd33ea39e3,bsc,bridge,Zeroswap: BSC Bridge,bridge,eth-labels,https://github.com/dawsbot/eth-labels,medium,2026-07-17
0xd123f70ae324d34a9e76b67a27bf77593ba8749f,bsc,bridge,Synapse: Bridge,bridge,eth-labels,https://github.com/dawsbot/eth-labels,medium,2026-07-17
0xd1c5966f9f5ee6881ff6b261bbeda45972b1b5f3,bsc,bridge,Multichain: Router V4,bridge,eth-labels,https://github.com/dawsbot/eth-labels,medium,2026-07-17
0xd6faf697504075a358524996b132b532cc5d0f14,bsc,bridge,Anyswap: Moonriver Bridge,bridge,eth-labels,https://github.com/dawsbot/eth-labels,medium,2026-07-17
0xe1d592c3322f1f714ca11f05b6bc0efef1907859,bsc,bridge,Multichain: Router V6,bridge,eth-labels,https://github.com/dawsbot/eth-labels,medium,2026-07-17
0xe7351fd770a37282b91d153ee690b63579d6dd7f,bsc,bridge,Dln: Destination,bridge,eth-labels,https://github.com/dawsbot/eth-labels,medium,2026-07-17
0xf0b456250dc9990662a6f25808cc74a6d1131ea9,bsc,bridge,Gnosis Chain: BSC - Gnosis Omni Bridge,bridge,eth-labels,https://github.com/dawsbot/eth-labels,medium,2026-07-17
0xfd53b1b4af84d59b20bf2c20ca89a6beeaa2c628,bsc,bridge,Harmony: Bridge,bridge,eth-labels,https://github.com/dawsbot/eth-labels,medium,2026-07-17
0x865109a3eb981b2be9f66cbbc78653ba09e79128,bsc,bridged-token,Multichain: anyPOTS Token,bridge,eth-labels,https://github.com/dawsbot/eth-labels,medium,2026-07-17
0x2d877502b4889a6811294f92bf9535a88b54b06f,bsc,defi,CheckDot : Bridge,bridge,eth-labels,https://github.com/dawsbot/eth-labels,medium,2026-07-17
0x63a3d28bb9187809553dd16981c73f498b6b2687,bsc,multichain,Anyswap: OKExchain Bridge,bridge,eth-labels,https://github.com/dawsbot/eth-labels,medium,2026-07-17
0x035de3679e692c471072d1a09beb9298fbb2bd31,bsc,wormhole,Wormhole: BUSD Token,bridge,eth-labels,https://github.com/dawsbot/eth-labels,medium,2026-07-17
0x12beffdcecb547640dc30e1495e4b9cdc21922b4,bsc,wormhole,Wormhole: SRMso Token,bridge,eth-labels,https://github.com/dawsbot/eth-labels,medium,2026-07-17
0x13b6a55662f6591f8b8408af1c73b017e32eedb8,bsc,wormhole,Wormhole: RAY Token,bridge,eth-labels,https://github.com/dawsbot/eth-labels,medium,2026-07-17
0x156ab3346823b651294766e23e6cf87254d68962,bsc,wormhole,Wormhole: LUNA Token,bridge,eth-labels,https://github.com/dawsbot/eth-labels,medium,2026-07-17
0x2b90e061a517db2bbd7e39ef7f733fd234b494ca,bsc,wormhole,Wormhole: USDT.e Token,bridge,eth-labels,https://github.com/dawsbot/eth-labels,medium,2026-07-17
0x31c78f583ed0288d67b2b80dc5c443bc3b15c661,bsc,wormhole,Wormhole: BAT Token,bridge,eth-labels,https://github.com/dawsbot/eth-labels,medium,2026-07-17
0x3413a030ef81a3dd5a302f4b4d11d911e12ed337,bsc,wormhole,Wormhole: DAI Token,bridge,eth-labels,https://github.com/dawsbot/eth-labels,medium,2026-07-17
0x3524fd7488fdb1f4723bbc22c9cbd1bf89f46e3b,bsc,wormhole,Wormhole: SUSHI Token,bridge,eth-labels,https://github.com/dawsbot/eth-labels,medium,2026-07-17
0x3d4350cd54aef9f9b2c29435e0fa809957b3f30a,bsc,wormhole,Wormhole: UST Token,bridge,eth-labels,https://github.com/dawsbot/eth-labels,medium,2026-07-17
0x3dcb18569425930954feb191122e574b87f66abd,bsc,wormhole,Wormhole: ORION Token,bridge,eth-labels,https://github.com/dawsbot/eth-labels,medium,2026-07-17
0x49ba054b9664e99ac335667a917c63bb94332e84,bsc,wormhole,Wormhole: FTX Token Token,bridge,eth-labels,https://github.com/dawsbot/eth-labels,medium,2026-07-17
0x49d5cc521f75e13fa8eb4e89e9d381352c897c96,bsc,wormhole,Wormhole: USDTso Token,bridge,eth-labels,https://github.com/dawsbot/eth-labels,medium,2026-07-17
0x4db5a66e937a9f4473fa95b1caf1d1e1d62e29ea,bsc,wormhole,Wormhole: WETH Token,bridge,eth-labels,https://github.com/dawsbot/eth-labels,medium,2026-07-17
0x524bc91dc82d6b90ef29f76a3ecaabafffd490bc,bsc,wormhole,Wormhole: USDTet Token,bridge,eth-labels,https://github.com/dawsbot/eth-labels,medium,2026-07-17
0x556b60c53fbc1518ad17e03d52e47368dd4d81b3,bsc,wormhole,Wormhole: AXS Token,bridge,eth-labels,https://github.com/dawsbot/eth-labels,medium,2026-07-17
0x5b3899809ae2c87fda11280b7c61c06a5f4db1de,bsc,wormhole,Wormhole: Deployer 10,bridge,eth-labels,https://github.com/dawsbot/eth-labels,medium,2026-07-17
0x672147dd47674757c457eb155baa382cc10705dd,bsc,wormhole,Wormhole: USDCpo Token,bridge,eth-labels,https://github.com/dawsbot/eth-labels,medium,2026-07-17
0x6c6d604d3f07abe287c1a3df0281e999a83495c0,bsc,wormhole,Wormhole: wROSE Token,bridge,eth-labels,https://github.com/dawsbot/eth-labels,medium,2026-07-17
0x75344e5693ed5ecadf4f292ffeb866c2cf8afcf1,bsc,wormhole,Wormhole: SBR Token,bridge,eth-labels,https://github.com/dawsbot/eth-labels,medium,2026-07-17
0x79b6fdabac99c6f3903d80c9da90a865a9f42a40,bsc,wormhole,Wormhole: MULTI Token,bridge,eth-labels,https://github.com/dawsbot/eth-labels,medium,2026-07-17
0x83850d97018f665eb746fbb8f18351e977d1b0d6,bsc,wormhole,Wormhole: ATLAS Token,bridge,eth-labels,https://github.com/dawsbot/eth-labels,medium,2026-07-17
0x8b04e56a8cd5f4d465b784ccf564899f30aaf88c,bsc,wormhole,Wormhole: aUST Token,bridge,eth-labels,https://github.com/dawsbot/eth-labels,medium,2026-07-17
0x91ca579b0d47e5cfd5d0862c21d5659d39c8ecf0,bsc,wormhole,Wormhole: USDCso Token,bridge,eth-labels,https://github.com/dawsbot/eth-labels,medium,2026-07-17
0x96412902aa9aff61e13f085e70d3152c6ef2a817,bsc,wormhole,Wormhole: WAVAX Token,bridge,eth-labels,https://github.com/dawsbot/eth-labels,medium,2026-07-17
0x986854779804799c1d68867f5e03e601e781e41b,bsc,wormhole,Wormhole: LDO Token,bridge,eth-labels,https://github.com/dawsbot/eth-labels,medium,2026-07-17
0xb04906e95ab5d797ada81508115611fee694c2b3,bsc,wormhole,Wormhole: USDCet Token,bridge,eth-labels,https://github.com/dawsbot/eth-labels,medium,2026-07-17
0xb1547683da678f2e1f003a780143ec10af8a832b,bsc,wormhole,Wormhole: SHIB Token,bridge,eth-labels,https://github.com/dawsbot/eth-labels,medium,2026-07-17
0xc1f47175d96fe7c4cd5370552e5954f384e3c791,bsc,wormhole,Wormhole: USDC.e Token,bridge,eth-labels,https://github.com/dawsbot/eth-labels,medium,2026-07-17
0xc836d8dc361e44dbe64c4862d55ba041f88ddd39,bsc,wormhole,Wormhole: WMATIC Token,bridge,eth-labels,https://github.com/dawsbot/eth-labels,medium,2026-07-17
0xd63cdf02853d759831550fae7df8fffe0b317b39,bsc,wormhole,Wormhole: SRMet Token,bridge,eth-labels,https://github.com/dawsbot/eth-labels,medium,2026-07-17
0xf5a367b7809e5683538c93ce638b9258a0b88271,bsc,wormhole,Wormhole: AURY Token,bridge,eth-labels,https://github.com/dawsbot/eth-labels,medium,2026-07-17
0xfa54ff1a158b5189ebba6ae130ced6bbd3aea76e,bsc,wormhole,Wormhole: SOL Token,bridge,eth-labels,https://github.com/dawsbot/eth-labels,medium,2026-07-17
0xccc9769c1a58766e79423a34b2cc5052d65c1983,bsc,0x-protocol,0x: Exchange Proxy Governor,defi,eth-labels,https://github.com/dawsbot/eth-labels,medium,2026-07-17
0xdb6f1920a889355780af7570773609bd8cb1f498,bsc,0x-protocol,0x: Exchange Proxy Flash Wallet,defi,eth-labels,https://github.com/dawsbot/eth-labels,medium,2026-07-17
0xdef1c0ded9bec7f1a1670819833240f027b25eff,bsc,0x-protocol,0x: Exchange Proxy,defi,eth-labels,https://github.com/dawsbot/eth-labels,medium,2026-07-17
0x52ce071bd9b1c4b00a0b92d298c512478cad67e8,bsc,binance-pegged,Compound: Comp Token,defi,eth-labels,https://github.com/dawsbot/eth-labels,medium,2026-07-17
0x88f1a5ae2a3bf98aeaf342d26b30a79438c9142e,bsc,binance-pegged,Yearn.Finance: YFI Token,defi,eth-labels,https://github.com/dawsbot/eth-labels,medium,2026-07-17
0x947950bcc74888a40ffa2593c5798f11fc9124c4,bsc,binance-pegged,SushiSwap: SUSHI Token,defi,eth-labels,https://github.com/dawsbot/eth-labels,medium,2026-07-17
0xbf5140a22578168fd562dccf235e5d43a02ce9b1,bsc,binance-pegged,Uniswap Protocol: UNI token,defi,eth-labels,https://github.com/dawsbot/eth-labels,medium,2026-07-17
0xfb6115445bff7b52feb98650c87f44907e58f802,bsc,binance-pegged,Aave: AAVE Token,defi,eth-labels,https://github.com/dawsbot/eth-labels,medium,2026-07-17
0x3c63f39a9dfc53aba0ccf14f6ebcf8ad0cd7efb3,bsc,bscswap,BSCswap: 1INCH,defi,eth-labels,https://github.com/dawsbot/eth-labels,medium,2026-07-17
0x9f37273524d577f28e95519e381e6873a99411c7,bsc,burgerswap,BurgerSwap: GMX,defi,eth-labels,https://github.com/dawsbot/eth-labels,medium,2026-07-17
0xa8357bf572460fc40f4b0acacbb2a6a61c89f475,bsc,chainlink,Chainlink: AAVE/USD Price Feed,defi,eth-labels,https://github.com/dawsbot/eth-labels,medium,2026-07-17
0x0ae84c1a6e142ed90f8a35a7e7b216cb25469e37,bsc,deprecated,Frax Finance:Fraxswap Router V1,defi,eth-labels,https://github.com/dawsbot/eth-labels,medium,2026-07-17
0xa007a9716dba05289df85a90d0fd9d39bee808de,bsc,deprecated,Frax Finance:Fraxswap Factory V1,defi,eth-labels,https://github.com/dawsbot/eth-labels,medium,2026-07-17
0xed386fe855c1eff2f843b910923dd8846e45c5a4,bsc,kyberswap,Uniswap V3: Multicall 2,defi,eth-labels,https://github.com/dawsbot/eth-labels,medium,2026-07-17
0x0614cbfb5c0e9c9be5a460f383edddf884080c99,bsc,old-contract,YearnTogether: Old YEARN Token,defi,eth-labels,https://github.com/dawsbot/eth-labels,medium,2026-07-17
0x9c28e48ea9170d9a9cb76d338655b8bd4124bc7a,bsc,old-contract,Yearn Classic: Old EARNX Token,defi,eth-labels,https://github.com/dawsbot/eth-labels,medium,2026-07-17
0x2102c32a09cbced4146c3db2d27ae21a185bda43,bsc,axelar,Axelar: Relayer 2,entity,eth-labels,https://github.com/dawsbot/eth-labels,medium,2026-07-17
0x26ff577818a40d1333944b7492e23619303f5d84,bsc,axelar,Axelar: Relayer 8,entity,eth-labels,https://github.com/dawsbot/eth-labels,medium,2026-07-17
0x345662abfe0e257e23552a434d02ef274ccb6a90,bsc,axelar,Axelar: Relayer 4,entity,eth-labels,https://github.com/dawsbot/eth-labels,medium,2026-07-17
0x3eaca64143de6535f22253cefb72ebeba43627ac,bsc,axelar,Axelar: Relayer 1,entity,eth-labels,https://github.com/dawsbot/eth-labels,medium,2026-07-17
0x8dbee8f3917049bc30fef01924a7ac79d16cf2b9,bsc,axelar,Axelar: Relayer,entity,eth-labels,https://github.com/dawsbot/eth-labels,medium,2026-07-17
0x9ece4bf86534afe47f59e600bf1da64ecdb57650,bsc,axelar,Axelar: Relayer (Legacy),entity,eth-labels,https://github.com/dawsbot/eth-labels,medium,2026-07-17
0xb28837949e7a3f1ac862036e8a0ae392c9ff9bb4,bsc,axelar,Axelar: Relayer 3,entity,eth-labels,https://github.com/dawsbot/eth-labels,medium,2026-07-17
0xc77820eef59629fc8d88154977bc8de8a1b2f4ae,bsc,axelar,Axelar: Relayer 10,entity,eth-labels,https://github.com/dawsbot/eth-labels,medium,2026-07-17
0xcd5a6286f376306c2bbf7a231166beee4f6d1a25,bsc,axelar,Axelar: Relayer 7,entity,eth-labels,https://github.com/dawsbot/eth-labels,medium,2026-07-17
0xd36aac0c9676e984d72823fb662ce94d3ab5e551,bsc,axelar,Axelar: Relayer 5,entity,eth-labels,https://github.com/dawsbot/eth-labels,medium,2026-07-17
0xdc4bf78224cbd20428dff4787b1e32bbfd04a90d,bsc,axelar,Axelar: Relayer 9,entity,eth-labels,https://github.com/dawsbot/eth-labels,medium,2026-07-17
0xe743a49f04f2f77eb2d3b753ae3ad599de8cea84,bsc,axelar,Axelar: Express Relayer 1,entity,eth-labels,https://github.com/dawsbot/eth-labels,medium,2026-07-17
0x1263f0bffe2d740ea3279416d0e84943b66958eb,bsc,beefy,Beefy: BIFI Initial Distribution BNB-BUSD,entity,eth-labels,https://github.com/dawsbot/eth-labels,medium,2026-07-17
0x2b8c4ad8053b7933cfde936f16abc55bb5f694c6,bsc,beefy,Beefy: Initial Distribution BNB-SPARTA,entity,eth-labels,https://github.com/dawsbot/eth-labels,medium,2026-07-17
0x38191ea2a077d86b3df410379f8c0bb130683116,bsc,beefy,Beefy: BIFI Initial Distribution CREAM,entity,eth-labels,https://github.com/dawsbot/eth-labels,medium,2026-07-17
0x44bbca30aea5f2d226668c197053db3fa9ec9771,bsc,beefy,Beefy: BIFI Initial Distribution LINK,entity,eth-labels,https://github.com/dawsbot/eth-labels,medium,2026-07-17
0x453d4ba9a2d594314df88564248497f7d74d6b2c,bsc,beefy,Beefy: Staking Contract,entity,eth-labels,https://github.com/dawsbot/eth-labels,medium,2026-07-17
0x48091c485eb842c86805251a5d68993bf49c90a1,bsc,beefy,Beefy: Time Lock 2,entity,eth-labels,https://github.com/dawsbot/eth-labels,medium,2026-07-17
0x4a32de8c248533c28904b24b4cfcfe18e9f2ad01,bsc,beefy,Beefy: Community Treasury,entity,eth-labels,https://github.com/dawsbot/eth-labels,medium,2026-07-17
0x4dece2b4c14083250f5a68faa18372563d174fea,bsc,beefy,Beefy: Time Lock 1,entity,eth-labels,https://github.com/dawsbot/eth-labels,medium,2026-07-17
0x50013da75ac4224b5c49fe197bfaf68c16e19d6e,bsc,beefy,Beefy: BIFI Initial Distribution ETH,entity,eth-labels,https://github.com/dawsbot/eth-labels,medium,2026-07-17
0x55bb4ff561ce7d328ed10af322a14dc9c972f653,bsc,beefy,Beefy: BIFI Initial Distribution WBNB,entity,eth-labels,https://github.com/dawsbot/eth-labels,medium,2026-07-17
0x565eb5e5b21f97ae9200d121e77d2760fff106cb,bsc,beefy,Beefy: Deployer,entity,eth-labels,https://github.com/dawsbot/eth-labels,medium,2026-07-17
0x7c780b8a63ee9b7d0f985e8a922be38a1f7b2141,bsc,beefy,Beefy.Finance: Multisig,entity,eth-labels,https://github.com/dawsbot/eth-labels,medium,2026-07-17
0xca3f508b8e4dd382ee878a314789373d80a5190a,bsc,beefy,Beefy: BIFI Token,entity,eth-labels,https://github.com/dawsbot/eth-labels,medium,2026-07-17
0x0a5f8c6e5367be96c11296b22dd25693654ee48c,bsc,binance-charity,Binance Charity: Best Quality Schools,entity,eth-labels,https://github.com/dawsbot/eth-labels,medium,2026-07-17
0x1b4a932bfe0bb8ff56029bc1d0502cce639388eb,bsc,binance-charity,Binance Charity: Ukraine Emergency Relief Fund,entity,eth-labels,https://github.com/dawsbot/eth-labels,medium,2026-07-17
0x65cf6035e1a38e43678e2649c2169eecd661f855,bsc,binance-charity,Binance Charity: Mama to the Rescue,entity,eth-labels,https://github.com/dawsbot/eth-labels,medium,2026-07-17
0x71ec439863e456c24f9d4b2b54ac1dcac65f5d6e,bsc,binance-charity,Binance Charity: Restoring Australia Habitats,entity,eth-labels,https://github.com/dawsbot/eth-labels,medium,2026-07-17
0x7a72dc8d116271664ec7c0e9a9b111f25dd259a9,bsc,binance-charity,Binance Charity: Wallet,entity,eth-labels,https://github.com/dawsbot/eth-labels,medium,2026-07-17
0x83db8cdf06a4b7c6c4cdd99f26034bd0863755ec,bsc,binance-charity,Binance Charity: Lunch for Children,entity,eth-labels,https://github.com/dawsbot/eth-labels,medium,2026-07-17
0x8cc16a542f16b4b369de8e1e9fcff39e8d8318dc,bsc,binance-charity,Binance Charity: Financial Inclusion for All,entity,eth-labels,https://github.com/dawsbot/eth-labels,medium,2026-07-17
0x8e9fb50d324e319deb2bab87cd062c4a33666c95,bsc,binance-charity,Binance Charity: Binance Disaster Relief,entity,eth-labels,https://github.com/dawsbot/eth-labels,medium,2026-07-17
0x9de1c0c9b916bb92d4eb8816d957402a6a003771,bsc,binance-charity,Binance Charity: Earthquake Appeal,entity,eth-labels,https://github.com/dawsbot/eth-labels,medium,2026-07-17
0xa92844596bb17e4d017a78fdf10e0c91edd82e70,bsc,binance-charity,Binance Charity: Fighting Exclusion in Brazil,entity,eth-labels,https://github.com/dawsbot/eth-labels,medium,2026-07-17
0xab47e7f9224ab0ed91ebe8ffffaf2de925d03b7b,bsc,binance-charity,Binance Charity: Period Poverty,entity,eth-labels,https://github.com/dawsbot/eth-labels,medium,2026-07-17
0xc5266f0dd364a1763f0ec1af9d800d4ccbe73852,bsc,binance-charity,Binance Charity: Protect Our Planet,entity,eth-labels,https://github.com/dawsbot/eth-labels,medium,2026-07-17
0x0d8ce2a99bb6e3b7db580ed848240e4a0f9ae153,bsc,binance-pegged,Filecoin: FIL Token,entity,eth-labels,https://github.com/dawsbot/eth-labels,medium,2026-07-17
0x101d82428437127bf1608f699cd651e6abf9766e,bsc,binance-pegged,Basic Attention: BAT Token,entity,eth-labels,https://github.com/dawsbot/eth-labels,medium,2026-07-17
0x16939ef78684453bfdfb47825f8a5f714f12623a,bsc,binance-pegged,Tezos: XTZ Token,entity,eth-labels,https://github.com/dawsbot/eth-labels,medium,2026-07-17
0x1af3f329e8be154074d8769d1ffa4ee058b1dbc3,bsc,binance-pegged,DAI Stablecoin,entity,eth-labels,https://github.com/dawsbot/eth-labels,medium,2026-07-17
0x1d2f0da169ceb9fc7b3144628db156f3f6c60dbe,bsc,binance-pegged,Ripple: XRP Token,entity,eth-labels,https://github.com/dawsbot/eth-labels,medium,2026-07-17
0x1fa4a73a3f0133f0025378af00236f3abdee5d63,bsc,binance-pegged,NEAR Protocol: NEAR Token,entity,eth-labels,https://github.com/dawsbot/eth-labels,medium,2026-07-17
0x2170ed0880ac9a755fd29b2688956bd959f933f8,bsc,binance-pegged,Ethereum: ETH Token,entity,eth-labels,https://github.com/dawsbot/eth-labels,medium,2026-07-17
0x250632378e573c6be1ac2f97fcdf00515d0aa91b,bsc,binance-pegged,Binance: Beacon ETH Token,entity,eth-labels,https://github.com/dawsbot/eth-labels,medium,2026-07-17
0x25e9d05365c867e59c1904e7463af9f312296f9e,bsc,binance-pegged,Chiliz: Atletico Madrid Token,entity,eth-labels,https://github.com/dawsbot/eth-labels,medium,2026-07-17
0x3d6545b08693dae087e957cb1180ee38b9e3c25e,bsc,binance-pegged,Ethereum Classic: ETC Token,entity,eth-labels,https://github.com/dawsbot/eth-labels,medium,2026-07-17
0x3ee2200efb3400fabb9aacf31297cbdd1d435d47,bsc,binance-pegged,Binance: ADA Token,entity,eth-labels,https://github.com/dawsbot/eth-labels,medium,2026-07-17
0x4338665cbb7b2485a8855a139b75d5e34ab0db94,bsc,binance-pegged,Litecoin: LTC Token,entity,eth-labels,https://github.com/dawsbot/eth-labels,medium,2026-07-17
0x4a9a2b2b04549c3927dd2c9668a5ef3fca473623,bsc,binance-pegged,dForce: DF Token,entity,eth-labels,https://github.com/dawsbot/eth-labels,medium,2026-07-17
0x55d398326f99059ff775485246999027b3197955,bsc,binance-pegged,BUSD-T Stablecoin,entity,eth-labels,https://github.com/dawsbot/eth-labels,medium,2026-07-17
0x56b6fb708fc5732dec1afc8d8556423a2edccbd6,bsc,binance-pegged,EOS: EOS Token,entity,eth-labels,https://github.com/dawsbot/eth-labels,medium,2026-07-17
0x7083609fce4d1d8dc0c979aab8c869ea2c873402,bsc,binance-pegged,Polkadot: DOT Token,entity,eth-labels,https://github.com/dawsbot/eth-labels,medium,2026-07-17
0x7130d2a12b9bcbfae4f2634d864a1ee1ce3ead9c,bsc,binance-pegged,Binance: BTCB Token,entity,eth-labels,https://github.com/dawsbot/eth-labels,medium,2026-07-17
0x7950865a9140cb519342433146ed5b40c6f210f7,bsc,binance-pegged,PAX Gold - PAXG Token,entity,eth-labels,https://github.com/dawsbot/eth-labels,medium,2026-07-17
0x80d5f92c2c8c682070c95495313ddb680b267320,bsc,binance-pegged,Chiliz: AS Roma Fan Token,entity,eth-labels,https://github.com/dawsbot/eth-labels,medium,2026-07-17
0x8ac76a51cc950d9822d68b83fe1ad97b32cd580d,bsc,binance-pegged,USD Coin: USDC Token,entity,eth-labels,https://github.com/dawsbot/eth-labels,medium,2026-07-17
0x8ff795a6f4d97e7887c79bea79aba5cc76444adf,bsc,binance-pegged,Bitcoin Cash: BCH Token,entity,eth-labels,https://github.com/dawsbot/eth-labels,medium,2026-07-17
0x9678e42cebeb63f23197d726b29b1cb20d0064e5,bsc,binance-pegged,IoTeX Network: IOTX Token,entity,eth-labels,https://github.com/dawsbot/eth-labels,medium,2026-07-17
0x9ac983826058b8a9c7aa1c9171441191232e8404,bsc,binance-pegged,Synthetix: SNX Token,entity,eth-labels,https://github.com/dawsbot/eth-labels,medium,2026-07-17
0xa3f020a5c92e15be13caf0ee5c95cf79585eecc9,bsc,binance-pegged,aelf: ELF Token,entity,eth-labels,https://github.com/dawsbot/eth-labels,medium,2026-07-17
0xad6caeb32cd2c308980a548bd0bc5aa4306c6c18,bsc,binance-pegged,Band Protocol: BAND Token,entity,eth-labels,https://github.com/dawsbot/eth-labels,medium,2026-07-17
0xb7f8cd00c5a06c0537e2abff0b58033d02e5e094,bsc,binance-pegged,Paxos Standard: PAX Token,entity,eth-labels,https://github.com/dawsbot/eth-labels,medium,2026-07-17
0xba2ae424d960c26247dd6c32edc70b295c744c43,bsc,binance-pegged,Dogecoin: Dogecoin Token,entity,eth-labels,https://github.com/dawsbot/eth-labels,medium,2026-07-17
0xbc5609612b7c44bef426de600b5fd1379db2ecf1,bsc,binance-pegged,Chiliz: PSG Fan Token,entity,eth-labels,https://github.com/dawsbot/eth-labels,medium,2026-07-17
0xbf7c81fff98bbe61b40ed186e4afd6ddd01337fe,bsc,binance-pegged,Elrond: ELGD Token,entity,eth-labels,https://github.com/dawsbot/eth-labels,medium,2026-07-17
0xc40c9a843e1c6d01b7578284a9028854f6683b1b,bsc,binance-pegged,Chiliz: Juventus Fan Token,entity,eth-labels,https://github.com/dawsbot/eth-labels,medium,2026-07-17
0xca0a9df6a8cad800046c1ddc5755810718b65c44,bsc,binance-pegged,Token Club: TCT Token,entity,eth-labels,https://github.com/dawsbot/eth-labels,medium,2026-07-17
0xd475c9c934dcd6d5f1cac530585aa5ba14185b92,bsc,binance-pegged,Bitcoin Cash: BCHA Token,entity,eth-labels,https://github.com/dawsbot/eth-labels,medium,2026-07-17
0xe9e7cea3dedca5984780bafc599bd69add087d56,bsc,binance-pegged,Binance: BUSD Stablecoin,entity,eth-labels,https://github.com/dawsbot/eth-labels,medium,2026-07-17
0xf05e45ad22150677a017fbd94b84fbb63dc9b44c,bsc,binance-pegged,Chiliz: OG Fan Token,entity,eth-labels,https://github.com/dawsbot/eth-labels,medium,2026-07-17
0xf8a0bf9cf54bb92f17374d9e9a321e6a111a51bd,bsc,binance-pegged,Chainlink : LINK Token,entity,eth-labels,https://github.com/dawsbot/eth-labels,medium,2026-07-17
0xfd7b3a77848f1c2d67e05e54d78d174a0c850335,bsc,binance-pegged,Ontology: ONT Token,entity,eth-labels,https://github.com/dawsbot/eth-labels,medium,2026-07-17
0x0000000000000000000000000000000000001000,bsc,bnb-smart-chain,BSC: Validator Set,entity,eth-labels,https://github.com/dawsbot/eth-labels,medium,2026-07-17
0x0000000000000000000000000000000000001001,bsc,bnb-smart-chain,BSC: SlashIndicator,entity,eth-labels,https://github.com/dawsbot/eth-labels,medium,2026-07-17
0x0000000000000000000000000000000000001002,bsc,bnb-smart-chain,BSC: System Reward,entity,eth-labels,https://github.com/dawsbot/eth-labels,medium,2026-07-17
0x0000000000000000000000000000000000001003,bsc,bnb-smart-chain,BSC: Tendermint Light Client,entity,eth-labels,https://github.com/dawsbot/eth-labels,medium,2026-07-17
0x0000000000000000000000000000000000001004,bsc,bnb-smart-chain,BSC: Token Hub,entity,eth-labels,https://github.com/dawsbot/eth-labels,medium,2026-07-17
0x0000000000000000000000000000000000001005,bsc,bnb-smart-chain,BSC: Relayer Incentivize,entity,eth-labels,https://github.com/dawsbot/eth-labels,medium,2026-07-17
0x0000000000000000000000000000000000001006,bsc,bnb-smart-chain,BSC: Relayer Hub,entity,eth-labels,https://github.com/dawsbot/eth-labels,medium,2026-07-17
0x0000000000000000000000000000000000001007,bsc,bnb-smart-chain,BSC: Governance Hub,entity,eth-labels,https://github.com/dawsbot/eth-labels,medium,2026-07-17
0x0000000000000000000000000000000000001008,bsc,bnb-smart-chain,BSC: Token Manager,entity,eth-labels,https://github.com/dawsbot/eth-labels,medium,2026-07-17
0x0000000000000000000000000000000000002000,bsc,bnb-smart-chain,BSC: Cross Chain,entity,eth-labels,https://github.com/dawsbot/eth-labels,medium,2026-07-17
0x009fd4fc87c64131a6ddf34c1a23d4a94cbd148e,bsc,bscswap,BSCswap: REAU,entity,eth-labels,https://github.com/dawsbot/eth-labels,medium,2026-07-17
0x00a004d4d2e6d960d872cee3af03531e103864d7,bsc,bscswap,BSCswap: ROMS,entity,eth-labels,https://github.com/dawsbot/eth-labels,medium,2026-07-17
0x00c9c62c7dea113e081e4310d0985570946313b7,bsc,bscswap,BSCswap: RAB,entity,eth-labels,https://github.com/dawsbot/eth-labels,medium,2026-07-17
0x014c57bd41b59d2db9f21ee3ee009fb373aa58a9,bsc,bscswap,BSCswap: FOR,entity,eth-labels,https://github.com/dawsbot/eth-labels,medium,2026-07-17
0x01bbc289dbca25a379f79bf47f084f62fcce6355,bsc,bscswap,BSCswap: GIO,entity,eth-labels,https://github.com/dawsbot/eth-labels,medium,2026-07-17
0x021ac5be4c66dc086e04e6d3a5977b1b332a152c,bsc,bscswap,BSCswap: BSC,entity,eth-labels,https://github.com/dawsbot/eth-labels,medium,2026-07-17
0x022e51a020c2603ad4501244353f197a62101573,bsc,bscswap,BSCswap: PYBS,entity,eth-labels,https://github.com/dawsbot/eth-labels,medium,2026-07-17
0x026d1dc704302b96e77ecdcb536fb9483af51d0a,bsc,bscswap,BSCswap: BUSD 2,entity,eth-labels,https://github.com/dawsbot/eth-labels,medium,2026-07-17
0x036fed94355289d42cec8f5d0d93948a894f1772,bsc,bscswap,BSCswap: ACC-BUSD,entity,eth-labels,https://github.com/dawsbot/eth-labels,medium,2026-07-17
0x03d129b55f650a24ead430b478c059a8c7147d17,bsc,bscswap,BSCswap: SNEED,entity,eth-labels,https://github.com/dawsbot/eth-labels,medium,2026-07-17
0x041631dffb9ac88eee97eb1e6547861f9c1a594c,bsc,bscswap,BSCswap: BSWAP-INNBC,entity,eth-labels,https://github.com/dawsbot/eth-labels,medium,2026-07-17
0x045278819aabad22f2899c616aaf5fedf2c49155,bsc,bscswap,BSCswap: GMC,entity,eth-labels,https://github.com/dawsbot/eth-labels,medium,2026-07-17
0x045a663a018c124d3f509558ba2c205f11612d86,bsc,bscswap,BSCswap: USDT-BURGER,entity,eth-labels,https://github.com/dawsbot/eth-labels,medium,2026-07-17
0x04f8269a4f0d359285b8e10c3093a30440af9260,bsc,bscswap,BSCswap: JNTR/b-BUSD,entity,eth-labels,https://github.com/dawsbot/eth-labels,medium,2026-07-17
0x05290e71a3391a3ad3ec84091508c8b28e105c32,bsc,bscswap,BSCswap: BNB PAIR,entity,eth-labels,https://github.com/dawsbot/eth-labels,medium,2026-07-17
0x0590a75d60f42ebe7f6c016786fb993172329658,bsc,bscswap,BSCswap: KP3R,entity,eth-labels,https://github.com/dawsbot/eth-labels,medium,2026-07-17
0x05d1952b2a0ddd23475b861f9014092117267346,bsc,bscswap,BSCswap: ZAN,entity,eth-labels,https://github.com/dawsbot/eth-labels,medium,2026-07-17
0x064aced1b794a2b34704261d720f84ad28c96909,bsc,bscswap,BSCswap: DBDT-BSC-USD,entity,eth-labels,https://github.com/dawsbot/eth-labels,medium,2026-07-17
0x0667bdc431836778f6e8ff25b56d65eeacda5d1b,bsc,bscswap,BSCswap: PigBoss,entity,eth-labels,https://github.com/dawsbot/eth-labels,medium,2026-07-17
0x07eff53fdb1373dd88d1332da1f39f285a0d9696,bsc,bscswap,BSCswap: EARTH-USDT,entity,eth-labels,https://github.com/dawsbot/eth-labels,medium,2026-07-17
0x089f392781815dd30f04860dc78c6cd8a0f51677,bsc,bscswap,BSCswap: RABBIT-BUSD,entity,eth-labels,https://github.com/dawsbot/eth-labels,medium,2026-07-17
0x08a47abafee002728c3091052a7dae06c016c3d2,bsc,bscswap,BSCswap: FIRE,entity,eth-labels,https://github.com/dawsbot/eth-labels,medium,2026-07-17
0x08d4755938d8e1b6d1cb075f8a6918e99db6f224,bsc,bscswap,BSCswap: FREE-BSWAP,entity,eth-labels,https://github.com/dawsbot/eth-labels,medium,2026-07-17
0x09f0a9e0b6580478f845537a3994720e906c5e10,bsc,bscswap,BSCswap: USDT-BAND,entity,eth-labels,https://github.com/dawsbot/eth-labels,medium,2026-07-17
0x0a9312ccdc2099ec8e648b4fb9d131e5bc9c3cd8,bsc,bscswap,BSCswap: NOODLE,entity,eth-labels,https://github.com/dawsbot/eth-labels,medium,2026-07-17
0x0b0448da0f0a1fb19843c235a665f9b8630b5f49,bsc,bscswap,BSCswap: BCC-BUSD,entity,eth-labels,https://github.com/dawsbot/eth-labels,medium,2026-07-17
0x0b8409985cf4dcc7d6520efc3039c58776f70ad9,bsc,bscswap,BSCswap: DAI-BUSD,entity,eth-labels,https://github.com/dawsbot/eth-labels,medium,2026-07-17
0x0c5316d6cb471b7c6024bcbd64949a3ffb36d1b6,bsc,bscswap,BSCswap: DAI-HKG,entity,eth-labels,https://github.com/dawsbot/eth-labels,medium,2026-07-17
0x0c762d384f60c6bf4c9d2d833d4a0581752163aa,bsc,bscswap,BSCswap: DPZ,entity,eth-labels,https://github.com/dawsbot/eth-labels,medium,2026-07-17
0x0c81e60ca44f4fcaf78a547e0ed23a7cd4658e4a,bsc,bscswap,BSCswap: 100x,entity,eth-labels,https://github.com/dawsbot/eth-labels,medium,2026-07-17
0x0ccd5ce9611a8e7c07549e45e3b7c9bb1f67e02b,bsc,bscswap,BSCswap: SCAM-LTC,entity,eth-labels,https://github.com/dawsbot/eth-labels,medium,2026-07-17
0x0cea0262ddce7e140666b1d29292b1293490e001,bsc,bscswap,BSCswap: CZ 4,entity,eth-labels,https://github.com/dawsbot/eth-labels,medium,2026-07-17
0x0cf65da40aacaa60ec6d28eac4e778375308af49,bsc,bscswap,BSCswap: VNF-VPLATİN,entity,eth-labels,https://github.com/dawsbot/eth-labels,medium,2026-07-17
0x0dfbaab054ec5de3f9b329bccc804eb772aef28f,bsc,bscswap,BSCswap: BIRDS-SPONGS,entity,eth-labels,https://github.com/dawsbot/eth-labels,medium,2026-07-17
0x0e70271370fbd885ae7ebd797f04e1455eb81ea6,bsc,bscswap,BSCswap: GOOD,entity,eth-labels,https://github.com/dawsbot/eth-labels,medium,2026-07-17
0x0e981a83705ab0a285fb61bcb9e300281586e1b3,bsc,bscswap,BSCswap: RFIBSC,entity,eth-labels,https://github.com/dawsbot/eth-labels,medium,2026-07-17
0x0f99f41fce464a1dbc55c74bd3700f8120700dbd,bsc,bscswap,BSCswap: LFX,entity,eth-labels,https://github.com/dawsbot/eth-labels,medium,2026-07-17
0x0ff0ee2851c03bc5fead9d41650c6b9c7ab3951e,bsc,bscswap,BSCswap: BMZT,entity,eth-labels,https://github.com/dawsbot/eth-labels,medium,2026-07-17
0x10560aabd03b3a92871d367a20fd8657367d4aee,bsc,bscswap,BSCswap: BUSD-ANY,entity,eth-labels,https://github.com/dawsbot/eth-labels,medium,2026-07-17
0x105e829220e2eb48dae0c0004efa9b02d1283dba,bsc,bscswap,BSCswap: DOGEPi,entity,eth-labels,https://github.com/dawsbot/eth-labels,medium,2026-07-17
0x10a279456b7ef99f838f7903415268fcfcacd74d,bsc,bscswap,BSCswap: FCNT,entity,eth-labels,https://github.com/dawsbot/eth-labels,medium,2026-07-17
0x10b4b83b224d6e620e87fbc020ca52a035ecd3ce,bsc,bscswap,BSCswap: SPONGS,entity,eth-labels,https://github.com/dawsbot/eth-labels,medium,2026-07-17
0x10c4c35e3207206d5e363960a6f037643db1cfe2,bsc,bscswap,BSCswap: MIOT,entity,eth-labels,https://github.com/dawsbot/eth-labels,medium,2026-07-17
0x114b77a103babded17d0c9d909392793874b3487,bsc,bscswap,BSCswap: HOP-BSWAP,entity,eth-labels,https://github.com/dawsbot/eth-labels,medium,2026-07-17
0x114febd714ba475a78224d1dbc089d3a5ba47f47,bsc,bscswap,BSCswap: MERK,entity,eth-labels,https://github.com/dawsbot/eth-labels,medium,2026-07-17
0x11f25a9cdd7e05e49d7744140f285c9591c0a518,bsc,bscswap,BSCswap: ELON,entity,eth-labels,https://github.com/dawsbot/eth-labels,medium,2026-07-17
0x121a301322e0d21114aea4a5e04c442b7b0e7a5a,bsc,bscswap,BSCswap: SYRUP-BFI,entity,eth-labels,https://github.com/dawsbot/eth-labels,medium,2026-07-17
0x12456d05536f6554a737d5493f9a41d56a14dd2b,bsc,bscswap,BSCswap: PLS,entity,eth-labels,https://github.com/dawsbot/eth-labels,medium,2026-07-17
0x128f277fd12b1a42b2a8ac3f6d10cd96e5122179,bsc,bscswap,BSCswap: HOP-BUSD,entity,eth-labels,https://github.com/dawsbot/eth-labels,medium,2026-07-17
0x12bccf40d1cfd6dd3682d88dd07e110144b1cda0,bsc,bscswap,BSCswap: KURDO,entity,eth-labels,https://github.com/dawsbot/eth-labels,medium,2026-07-17
0x12e048d01535e2b49675d22078f64fd2307d8a0c,bsc,bscswap,BSCswap: USDT,entity,eth-labels,https://github.com/dawsbot/eth-labels,medium,2026-07-17
0x13027ff4cec2d62fbd8fd3e77ad11fba36691155,bsc,bscswap,BSCswap: DOT-BHC,entity,eth-labels,https://github.com/dawsbot/eth-labels,medium,2026-07-17
0x146d7c44e68ff40b2dea24b8cb83ac8b552347c2,bsc,bscswap,BSCswap: CPRZ,entity,eth-labels,https://github.com/dawsbot/eth-labels,medium,2026-07-17
0x14807ca0875506c2029a70099aa874792793c96d,bsc,bscswap,BSCswap: MOON-BHC,entity,eth-labels,https://github.com/dawsbot/eth-labels,medium,2026-07-17
0x1596e30c9525aafd2e96662397084fb4ed23200f,bsc,bscswap,BSCswap: THUGS-ANY,entity,eth-labels,https://github.com/dawsbot/eth-labels,medium,2026-07-17
0x15a41ec2a9258ba140351ef17b15415cece324f2,bsc,bscswap,BSCswap: PYF-PUSH,entity,eth-labels,https://github.com/dawsbot/eth-labels,medium,2026-07-17
0x16546a33097cfe720e5138dba72064824a129725,bsc,bscswap,BSCswap: GUNS-DAI,entity,eth-labels,https://github.com/dawsbot/eth-labels,medium,2026-07-17
0x1661605b5fee263d6021e2f4b88bf214d73631fa,bsc,bscswap,BSCswap: RABBIT 2,entity,eth-labels,https://github.com/dawsbot/eth-labels,medium,2026-07-17
0x16a82026487ec08a0fc255dd5873b39a4c22f1db,bsc,bscswap,BSCswap: BTCMV,entity,eth-labels,https://github.com/dawsbot/eth-labels,medium,2026-07-17
0x16bfd8eb95af8c0fb3d74886e42d806cd5bbf7db,bsc,bscswap,BSCswap: BSC-USD-KBCoin,entity,eth-labels,https://github.com/dawsbot/eth-labels,medium,2026-07-17
0x17727c7e429d14ce0e781aa7dda122faf7f3d82f,bsc,bscswap,BSCswap: BEA,entity,eth-labels,https://github.com/dawsbot/eth-labels,medium,2026-07-17
0x1792a038f33880a982d41dabc60d2abca500dc5d,bsc,bscswap,BSCswap: HFI,entity,eth-labels,https://github.com/dawsbot/eth-labels,medium,2026-07-17
0x18423deac0d9dc48e550a2baab2a5d12c6dce00a,bsc,bscswap,BSCswap: NAR,entity,eth-labels,https://github.com/dawsbot/eth-labels,medium,2026-07-17
0x185255fa4693f85c0d6931d6cda4b1551dfd1305,bsc,bscswap,BSCswap: winy,entity,eth-labels,https://github.com/dawsbot/eth-labels,medium,2026-07-17
0x18613a1337023be38d6a6591af5999eabcea0993,bsc,bscswap,BSCswap: BROL,entity,eth-labels,https://github.com/dawsbot/eth-labels,medium,2026-07-17
0x187489732760a53975fe74f7e2859c9b1e61bd06,bsc,bscswap,BSCswap: CHA,entity,eth-labels,https://github.com/dawsbot/eth-labels,medium,2026-07-17
0x189242f118dcc94d811c5c279bc93660390f16b2,bsc,bscswap,BSCswap: VNF-VGOLD,entity,eth-labels,https://github.com/dawsbot/eth-labels,medium,2026-07-17
0x18c8a1cf45fdfd1645171c0101bcb1a3d50b4be8,bsc,bscswap,BSCswap: test,entity,eth-labels,https://github.com/dawsbot/eth-labels,medium,2026-07-17
0x195e0ea388d5c126b51f10648b8c2813440bd4a6,bsc,bscswap,BSCswap: HARD 2,entity,eth-labels,https://github.com/dawsbot/eth-labels,medium,2026-07-17
0x1968b5a6cbd7eaf220005485445211edb0a01813,bsc,bscswap,BSCswap: PBNB-PETH,entity,eth-labels,https://github.com/dawsbot/eth-labels,medium,2026-07-17
0x19901349e032fdd1b2681ac3ecdbac4ce96817da,bsc,bscswap,BSCswap: XRP-USDT,entity,eth-labels,https://github.com/dawsbot/eth-labels,medium,2026-07-17
0x1a1e4d41b0794b954fb39cce768a3686a695f475,bsc,bscswap,BSCswap: Cbit,entity,eth-labels,https://github.com/dawsbot/eth-labels,medium,2026-07-17
0x1a5628f0df6c112425006be0b2f3060625210f48,bsc,bscswap,BSCswap: BHC-GIAN,entity,eth-labels,https://github.com/dawsbot/eth-labels,medium,2026-07-17
0x1a6c46ddee5a68153020f6ed815858c8dde8ee72,bsc,bscswap,BSCswap: FLOKI,entity,eth-labels,https://github.com/dawsbot/eth-labels,medium,2026-07-17
0x1af985b48ac59640113cccdec448a85415422ad9,bsc,bscswap,BSCswap: CRP,entity,eth-labels,https://github.com/dawsbot/eth-labels,medium,2026-07-17
0x1b189e764d57bed29f1283584dc802400194c71e,bsc,bscswap,BSCswap: NAV,entity,eth-labels,https://github.com/dawsbot/eth-labels,medium,2026-07-17
0x1b33bd7947c1181916b6fc3892cb7f1f08299f3b,bsc,bscswap,BSCswap: SAFU-FUNDS,entity,eth-labels,https://github.com/dawsbot/eth-labels,medium,2026-07-17
0x1b7047fc699298176aca45f1ad1eedd7cd2ffbb2,bsc,bscswap,BSCswap: GARU,entity,eth-labels,https://github.com/dawsbot/eth-labels,medium,2026-07-17
0x1c95ad10e4892921d89baf13bc81a5f72a2ec3a5,bsc,bscswap,BSCswap: MFI,entity,eth-labels,https://github.com/dawsbot/eth-labels,medium,2026-07-17
0x1ca9ce888bad438da8d02a0273118405f2df1b69,bsc,bscswap,BSCswap: DOUC,entity,eth-labels,https://github.com/dawsbot/eth-labels,medium,2026-07-17
0x1cae51693cdc2af30b55e68b5badbd92974eb06e,bsc,bscswap,BSCswap: BOLO,entity,eth-labels,https://github.com/dawsbot/eth-labels,medium,2026-07-17
0x1d1421bfdaf334ed9d3e6672ee9cabd60f45c912,bsc,bscswap,BSCswap: SPARTA-BUSD,entity,eth-labels,https://github.com/dawsbot/eth-labels,medium,2026-07-17
0x1d23a56f0152478d3797d112e023c3c6ca054c16,bsc,bscswap,BSCswap: NIUB,entity,eth-labels,https://github.com/dawsbot/eth-labels,medium,2026-07-17
0x1d5d2cd4b3c4c3a905aedddbdbeee443b2be05c5,bsc,bscswap,BSCswap: PTTP-BUSD,entity,eth-labels,https://github.com/dawsbot/eth-labels,medium,2026-07-17
0x1da55e7640a5e74604f3179dd025691abb1806e5,bsc,bscswap,BSCswap: TWT-BUSD,entity,eth-labels,https://github.com/dawsbot/eth-labels,medium,2026-07-17
0x1dbb869cb03d28ceff38a2c9109c2a02c3a9bbfd,bsc,bscswap,BSCswap: GAIA,entity,eth-labels,https://github.com/dawsbot/eth-labels,medium,2026-07-17
0x1df63142c9683202e0c3629d26acb207658fa491,bsc,bscswap,BSCswap: XRP-ADA,entity,eth-labels,https://github.com/dawsbot/eth-labels,medium,2026-07-17
0x1e6b2146802dbb0f536460f0f3180f39bb6bb25b,bsc,bscswap,BSCswap: BUSD-T-BOUSD,entity,eth-labels,https://github.com/dawsbot/eth-labels,medium,2026-07-17
0x1e96c6d41a210f741ccc8d47d6838ee9f1a09bdd,bsc,bscswap,BSCswap: Peggle,entity,eth-labels,https://github.com/dawsbot/eth-labels,medium,2026-07-17
0x1eabd92fc8240fe6298302e96e606a36d09b7c2c,bsc,bscswap,BSCswap: Saturn-BUSD,entity,eth-labels,https://github.com/dawsbot/eth-labels,medium,2026-07-17
0x1eadc91d43ffd1c4c34c33431b38aa5e3fd7cc07,bsc,bscswap,BSCswap: Star,entity,eth-labels,https://github.com/dawsbot/eth-labels,medium,2026-07-17
0x1ebf0ee99971c6269062c3b480e8e23b7a74756b,bsc,bscswap,BSCswap: BUSD,entity,eth-labels,https://github.com/dawsbot/eth-labels,medium,2026-07-17
0x1edc4447b7bea55d30905fc82524d4ee6d5db280,bsc,bscswap,BSCswap: LFI-FROG,entity,eth-labels,https://github.com/dawsbot/eth-labels,medium,2026-07-17
0x1f6c3225e90dd9871610837429524f7d03e75a5d,bsc,bscswap,BSCswap: CREAM,entity,eth-labels,https://github.com/dawsbot/eth-labels,medium,2026-07-17
0x1ff6890e90f04b94d59a0f38d1ea27d5424aaba0,bsc,bscswap,BSCswap: DAI-DEGEN,entity,eth-labels,https://github.com/dawsbot/eth-labels,medium,2026-07-17
0x20537d6c2737f0012b5aabe710f04a62d9e8ec83,bsc,bscswap,BSCswap: PUMP,entity,eth-labels,https://github.com/dawsbot/eth-labels,medium,2026-07-17
0x20c8dc1636d81358c79f9e23cc7df2e552a5b61b,bsc,bscswap,BSCswap: TWT-SANTA,entity,eth-labels,https://github.com/dawsbot/eth-labels,medium,2026-07-17
0x20ec46963e6b1d4717bcdb37c5c19479f33aa627,bsc,bscswap,BSCswap: BUSD-BSWAP,entity,eth-labels,https://github.com/dawsbot/eth-labels,medium,2026-07-17
0x211936dca76bba217999285c0785d9e5e8f9ee86,bsc,bscswap,BSCswap: YFAMT,entity,eth-labels,https://github.com/dawsbot/eth-labels,medium,2026-07-17
0x216e07879d0f680e65c60a8cf980ba18c17e4a35,bsc,bscswap,BSCswap: BTCB-AXZ,entity,eth-labels,https://github.com/dawsbot/eth-labels,medium,2026-07-17
0x2179dcb358da0a79465292b8529189ca841ab2a2,bsc,bscswap,BSCswap: BZAR-LFI,entity,eth-labels,https://github.com/dawsbot/eth-labels,medium,2026-07-17
0x22d7b81b9f16580f5a8055e139216028f4112e36,bsc,bscswap,BSCswap: BKIT,entity,eth-labels,https://github.com/dawsbot/eth-labels,medium,2026-07-17
0x2300d0b5ebac36da65d0cc42276c59ecd385e503,bsc,bscswap,BSCswap: PUSD,entity,eth-labels,https://github.com/dawsbot/eth-labels,medium,2026-07-17
0x23825b2d4ca8733c2a709d67a1bbe38bf7e3d771,bsc,bscswap,BSCswap: BSWAP-DEGEN,entity,eth-labels,https://github.com/dawsbot/eth-labels,medium,2026-07-17
0x25561590e51dfcf8520610afeaf7a1b688f954e9,bsc,bscswap,BSCswap: HAAI,entity,eth-labels,https://github.com/dawsbot/eth-labels,medium,2026-07-17
0x268f6bc8bdfe223fe04b48d3d05a1b7fe1bcc46f,bsc,bscswap,BSCswap: COFT,entity,eth-labels,https://github.com/dawsbot/eth-labels,medium,2026-07-17
0x2709f04b8e5116b2ea190d7a701380f23c1ad2cc,bsc,bscswap,BSCswap: BAMP,entity,eth-labels,https://github.com/dawsbot/eth-labels,medium,2026-07-17
0x27684c58c11c0d5023bad1d956d01e91e5d740c7,bsc,bscswap,BSCswap: EXMOC,entity,eth-labels,https://github.com/dawsbot/eth-labels,medium,2026-07-17
0x27a130b6aa131e4714771136edf1c5e81f6a7746,bsc,bscswap,BSCswap: METAVC-BSC-USD,entity,eth-labels,https://github.com/dawsbot/eth-labels,medium,2026-07-17
0x27b2133ab4244d78bc051b9a2dd9b200141bdf70,bsc,bscswap,BSCswap: LFI-BSWAP 2,entity,eth-labels,https://github.com/dawsbot/eth-labels,medium,2026-07-17
0x27c5b858807d42d7a835cfe6c00b8fe217947023,bsc,bscswap,BSCswap: SOUL-BUSD,entity,eth-labels,https://github.com/dawsbot/eth-labels,medium,2026-07-17
0x27d491e54a915146baee053d6929fc9e8aefbcc5,bsc,bscswap,BSCswap: LNA,entity,eth-labels,https://github.com/dawsbot/eth-labels,medium,2026-07-17
0x282c2ca9f3056c275643eb7df843506603c64893,bsc,bscswap,BSCswap: FAKE,entity,eth-labels,https://github.com/dawsbot/eth-labels,medium,2026-07-17
0x285d9aae5f197ac71aa435c68a168be6c1e1d1ce,bsc,bscswap,BSCswap: SCAM-BFI,entity,eth-labels,https://github.com/dawsbot/eth-labels,medium,2026-07-17
0x28615292d99b8763648aa53bc039d10d3f805fa2,bsc,bscswap,BSCswap: SWGb,entity,eth-labels,https://github.com/dawsbot/eth-labels,medium,2026-07-17
0x28f2f960971b7a97b67a83d4932c73afb3ec2aea,bsc,bscswap,BSCswap: Love,entity,eth-labels,https://github.com/dawsbot/eth-labels,medium,2026-07-17
0x28fdd9a4ae93bfb0b1613538575dc036cde6bb18,bsc,bscswap,BSCswap: INNBC,entity,eth-labels,https://github.com/dawsbot/eth-labels,medium,2026-07-17
0x290bd3ba08e772c21816a4d96f09c4ab5076b5f9,bsc,bscswap,BSCswap: HOP,entity,eth-labels,https://github.com/dawsbot/eth-labels,medium,2026-07-17
0x291fdc9c3c18ccef6eaa053833efc1bea78efc73,bsc,bscswap,BSCswap: SOMA,entity,eth-labels,https://github.com/dawsbot/eth-labels,medium,2026-07-17
0x2924aa2532f1a5aee9c42f4990096ad239d53bad,bsc,bscswap,BSCswap: EKIPA,entity,eth-labels,https://github.com/dawsbot/eth-labels,medium,2026-07-17
0x2949ead06c9d513ee6716d606a1c4772dc32ec6e,bsc,bscswap,BSCswap: EOS,entity,eth-labels,https://github.com/dawsbot/eth-labels,medium,2026-07-17
0x29c106e9756b4d50c7314bf0c6f4e97c458381bc,bsc,bscswap,BSCswap: BAMBOO,entity,eth-labels,https://github.com/dawsbot/eth-labels,medium,2026-07-17
0x2a26791d21f4a71bedfa6a39af11735a9e747594,bsc,bscswap,BSCswap: USDT-LFI,entity,eth-labels,https://github.com/dawsbot/eth-labels,medium,2026-07-17
0x2af0f32b2ac6f60843bf3f7f48149821e63a9bf3,bsc,bscswap,BSCswap: BMTK,entity,eth-labels,https://github.com/dawsbot/eth-labels,medium,2026-07-17
0x2b6ef1bca258230c213856b2da54dd5909d20d40,bsc,bscswap,BSCswap: FRIES,entity,eth-labels,https://github.com/dawsbot/eth-labels,medium,2026-07-17
0x2b965ba55721c28bbcbc5d7e3463614eedb3a108,bsc,bscswap,BSCswap: MZIT,entity,eth-labels,https://github.com/dawsbot/eth-labels,medium,2026-07-17
0x2ba791c9e65406387ead2f767df562f387fc91b5,bsc,bscswap,BSCswap: D10$,entity,eth-labels,https://github.com/dawsbot/eth-labels,medium,2026-07-17
0x2bc499810fde11e752993a4589d06fb7601dfb55,bsc,bscswap,BSCswap: SFXT,entity,eth-labels,https://github.com/dawsbot/eth-labels,medium,2026-07-17
0x2c3bc241a0956cf00e7efd86e37fb034f734204a,bsc,bscswap,BSCswap: EOS-BUSD,entity,eth-labels,https://github.com/dawsbot/eth-labels,medium,2026-07-17
0x2cfa28df8a507b829e2f93c98d66c806ddf968f0,bsc,bscswap,BSCswap: AYAM,entity,eth-labels,https://github.com/dawsbot/eth-labels,medium,2026-07-17
0x2d467d103253391bcce1334fbec15c435039d3c8,bsc,bscswap,BSCswap: TAUP,entity,eth-labels,https://github.com/dawsbot/eth-labels,medium,2026-07-17
0x2d9e38519fd59b8d0b178027324c0cbf613fc18e,bsc,bscswap,BSCswap: CYR-USDT,entity,eth-labels,https://github.com/dawsbot/eth-labels,medium,2026-07-17
0x2dbd6dec03e6b34a481cc47c66da27138549134c,bsc,bscswap,BSCswap: TAXI,entity,eth-labels,https://github.com/dawsbot/eth-labels,medium,2026-07-17
0x2ddc462ba4fbfe6df4a34034e67fbdfbc4bbcedd,bsc,bscswap,BSCswap: HOES,entity,eth-labels,https://github.com/dawsbot/eth-labels,medium,2026-07-17
0x2ea5145ebdee00a87d08104e64d2f589de978b30,bsc,bscswap,BSCswap: ZBBT,entity,eth-labels,https://github.com/dawsbot/eth-labels,medium,2026-07-17
0x2ea85b4b867565a9e7a3e680c0de2d9449f44f0d,bsc,bscswap,BSCswap: btcw,entity,eth-labels,https://github.com/dawsbot/eth-labels,medium,2026-07-17
0x2f331c53d7aa5da9986ab078ff025737ccb70b9d,bsc,bscswap,BSCswap: CREAM-BUSD,entity,eth-labels,https://github.com/dawsbot/eth-labels,medium,2026-07-17
0x2fa80e0983d6cc5a218b42d26198b40d6ac537d5,bsc,bscswap,BSCswap: BSC-USD-QFS,entity,eth-labels,https://github.com/dawsbot/eth-labels,medium,2026-07-17
0x2ffe5aa7955b630cf0ec3df4c35230f137844ad0,bsc,bscswap,BSCswap: VIDT,entity,eth-labels,https://github.com/dawsbot/eth-labels,medium,2026-07-17
0x3021118db68e2c282db14e766556cd30bb92c5f5,bsc,bscswap,BSCswap: EARTH-MOON,entity,eth-labels,https://github.com/dawsbot/eth-labels,medium,2026-07-17
0x3064094fd8e31a1c3649326a27e8f64cfe1b1708,bsc,bscswap,BSCswap: YAHOOFINANCE,entity,eth-labels,https://github.com/dawsbot/eth-labels,medium,2026-07-17
0x307b8f0b6afab827fe4325994896aa5b9e293627,bsc,bscswap,BSCswap: BGEO,entity,eth-labels,https://github.com/dawsbot/eth-labels,medium,2026-07-17
0x30bdcb397a3922b6c990b32cc53667b11bdfc6a5,bsc,bscswap,BSCswap: SAGRADA,entity,eth-labels,https://github.com/dawsbot/eth-labels,medium,2026-07-17
0x30e903a5c6ea33dee36e3f60e6679cfeff4a7bc7,bsc,bscswap,BSCswap: Mastercard.Inc(NYSE)MA,entity,eth-labels,https://github.com/dawsbot/eth-labels,medium,2026-07-17
0x30f21c44a1e79fb9866d8e3b0b9a0e520a424a31,bsc,bscswap,BSCswap: PUMK,entity,eth-labels,https://github.com/dawsbot/eth-labels,medium,2026-07-17
0x3165d635afc6835d8a5b7e28ec79a101c4a599b6,bsc,bscswap,BSCswap: USDT-ONT,entity,eth-labels,https://github.com/dawsbot/eth-labels,medium,2026-07-17
0x317ea730858d242d454156bf5e04f6cd417f3e4e,bsc,bscswap,BSCswap: BOLO-BOUSD,entity,eth-labels,https://github.com/dawsbot/eth-labels,medium,2026-07-17
0x31b16161eb3924acab18b464b9185efcd6cbd998,bsc,bscswap,BSCswap: DAU-BUSD,entity,eth-labels,https://github.com/dawsbot/eth-labels,medium,2026-07-17
0x323da23fd5ae1f362236b04cfde93ee2fdb49880,bsc,bscswap,BSCswap: Durga,entity,eth-labels,https://github.com/dawsbot/eth-labels,medium,2026-07-17
0x323ed98df49de9cb4f1edf959461e03b61638d8b,bsc,bscswap,BSCswap: SUS,entity,eth-labels,https://github.com/dawsbot/eth-labels,medium,2026-07-17
0x32b2c7fe6e28c0bba60e3812f52ba059113b69d6,bsc,bscswap,BSCswap: DUCX,entity,eth-labels,https://github.com/dawsbot/eth-labels,medium,2026-07-17
0x32ff704b4b5797da29c4710ca8f4e6562656bc98,bsc,bscswap,BSCswap: whaxzer,entity,eth-labels,https://github.com/dawsbot/eth-labels,medium,2026-07-17
0x32ffb8adfe2704439044263a53b86282c66378a6,bsc,bscswap,BSCswap: BIFI-BUSD,entity,eth-labels,https://github.com/dawsbot/eth-labels,medium,2026-07-17
0x337352b266630b352d13dc0126d88f4be3e66346,bsc,bscswap,BSCswap: NKR,entity,eth-labels,https://github.com/dawsbot/eth-labels,medium,2026-07-17
0x3377ef9c77259a76692b058b0e820f9501193352,bsc,bscswap,BSCswap: Cat,entity,eth-labels,https://github.com/dawsbot/eth-labels,medium,2026-07-17
0x3436655c0305b5ae5e0149b0c0d85d412ee55808,bsc,bscswap,BSCswap: THUGS-BUSD,entity,eth-labels,https://github.com/dawsbot/eth-labels,medium,2026-07-17
0x34caccd34f61b3abe3f636cfb03ed66325936505,bsc,bscswap,BSCswap: SCAM-BSWAP,entity,eth-labels,https://github.com/dawsbot/eth-labels,medium,2026-07-17
0x354f3a729962e93181263a311ca8043fed1d4418,bsc,bscswap,BSCswap: BTCB,entity,eth-labels,https://github.com/dawsbot/eth-labels,medium,2026-07-17
0x3583eefc9e14e7090ea47a43e9803a8ed7644340,bsc,bscswap,BSCswap: OCT,entity,eth-labels,https://github.com/dawsbot/eth-labels,medium,2026-07-17
0x35ffe227326d3553766a44a9190f5108758ebb07,bsc,bscswap,BSCswap: MBEP,entity,eth-labels,https://github.com/dawsbot/eth-labels,medium,2026-07-17
0x368974d98b5b9a7b84c142fa10a3b42e4bfe65f7,bsc,bscswap,BSCswap: CDEI,entity,eth-labels,https://github.com/dawsbot/eth-labels,medium,2026-07-17
0x36e2b16af9c0c1710bc9e070a0bab57db17d3a0e,bsc,bscswap,BSCswap: BAND-BUSD,entity,eth-labels,https://github.com/dawsbot/eth-labels,medium,2026-07-17
0x36f2a4ddd0d00f1457667991cc3332b6765b906a,bsc,bscswap,BSCswap: SGTK,entity,eth-labels,https://github.com/dawsbot/eth-labels,medium,2026-07-17
0x3700a572ed6f8b4709826f73c4932ea2c323cf7e,bsc,bscswap,BSCswap: NTQ 2,entity,eth-labels,https://github.com/dawsbot/eth-labels,medium,2026-07-17
0x3770c98265c545f9accf985d927e8230bb570e02,bsc,bscswap,BSCswap: FUN,entity,eth-labels,https://github.com/dawsbot/eth-labels,medium,2026-07-17
0x37ab92ef1636477b0b4e7a019b9fb0bc760259fd,bsc,bscswap,BSCswap: BBTC-TOK,entity,eth-labels,https://github.com/dawsbot/eth-labels,medium,2026-07-17
0x37d2cc8c37523ea2679cabdac5924f16decd3656,bsc,bscswap,BSCswap: BFI,entity,eth-labels,https://github.com/dawsbot/eth-labels,medium,2026-07-17
0x383cb29d9c4b8686c9cf5ce07ede2b418e245984,bsc,bscswap,BSCswap: JNTR,entity,eth-labels,https://github.com/dawsbot/eth-labels,medium,2026-07-17
0x387209b4633d8fbbaebba699494cd5e61ae19930,bsc,bscswap,BSCswap: PEACH,entity,eth-labels,https://github.com/dawsbot/eth-labels,medium,2026-07-17
0x3872eb085bcf2268cbcc192a7b91f10eb0923b9c,bsc,bscswap,BSCswap: BTCnow-BUSD,entity,eth-labels,https://github.com/dawsbot/eth-labels,medium,2026-07-17
0x38c2b18e5e7f9b3d9ee1f7658ce2172058d99a69,bsc,bscswap,BSCswap: EARTH,entity,eth-labels,https://github.com/dawsbot/eth-labels,medium,2026-07-17
0x38e59aed5922436311e17944d460f91cb34a7ce5,bsc,bscswap,BSCswap: NOODLE 2,entity,eth-labels,https://github.com/dawsbot/eth-labels,medium,2026-07-17
0x3986f021162b2fcaa3f6b81670a28e3fea57a3a8,bsc,bscswap,BSCswap: Cake-DRUGS,entity,eth-labels,https://github.com/dawsbot/eth-labels,medium,2026-07-17
0x398e12403ca6d1295035a67ee58ae0a14a2ccd35,bsc,bscswap,BSCswap: AISUI,entity,eth-labels,https://github.com/dawsbot/eth-labels,medium,2026-07-17
0x3ad11a5a6f3a22ac2803f08625237c22ee1af87f,bsc,bscswap,BSCswap: ADA,entity,eth-labels,https://github.com/dawsbot/eth-labels,medium,2026-07-17
0x3afe0b02bbb29ad00bcc476520890984249384fa,bsc,bscswap,BSCswap: SPARTA-ANY,entity,eth-labels,https://github.com/dawsbot/eth-labels,medium,2026-07-17
0x3be650f4215c2b4b755c96a169e3d4d73affecd1,bsc,bscswap,BSCswap: DEGEN-BUSD,entity,eth-labels,https://github.com/dawsbot/eth-labels,medium,2026-07-17
0x3c432035a7823ced9da990c8c589524dc19caf95,bsc,bscswap,BSCswap: JAG,entity,eth-labels,https://github.com/dawsbot/eth-labels,medium,2026-07-17
0x3c9f1fc3d164161d7eaaf85e6eabc2bcc9a9b94d,bsc,bscswap,BSCswap: FLTR,entity,eth-labels,https://github.com/dawsbot/eth-labels,medium,2026-07-17
0x3cb7abdac5de34ffaadcc7994dd1be20f2c5771d,bsc,bscswap,BSCswap: DAI-CIF,entity,eth-labels,https://github.com/dawsbot/eth-labels,medium,2026-07-17
0x3d0efaa9e6a664768fd0c15c0df263dacaaf35ff,bsc,bscswap,BSCswap: JNTR/b,entity,eth-labels,https://github.com/dawsbot/eth-labels,medium,2026-07-17
0x3d8666d417d7f30439958841bdfffe91d694a3ad,bsc,bscswap,BSCswap: Cake-SPARTA,entity,eth-labels,https://github.com/dawsbot/eth-labels,medium,2026-07-17
0x3de33261c5f5a04cc58e9fa3b99001a1006a075d,bsc,bscswap,BSCswap: PIZ,entity,eth-labels,https://github.com/dawsbot/eth-labels,medium,2026-07-17
0x3e16c72e31b24b710ce4c236123cc42e2efb9c85,bsc,bscswap,BSCswap: rMOON,entity,eth-labels,https://github.com/dawsbot/eth-labels,medium,2026-07-17
0x3e6568c5962fd20517edf7d2259e52d1fe975fb8,bsc,bscswap,BSCswap: CYRUS,entity,eth-labels,https://github.com/dawsbot/eth-labels,medium,2026-07-17
0x3e6e50b3a2256feb9854887d8b3265074a824c4a,bsc,bscswap,BSCswap: YIN,entity,eth-labels,https://github.com/dawsbot/eth-labels,medium,2026-07-17
0x3f46fcdf80be1d6f5d77abfe1d897e25757a0923,bsc,bscswap,BSCswap: ICCF,entity,eth-labels,https://github.com/dawsbot/eth-labels,medium,2026-07-17
0x3f50c0f02254ed28e23e1941a32090a0396377d1,bsc,bscswap,BSCswap: KING,entity,eth-labels,https://github.com/dawsbot/eth-labels,medium,2026-07-17
0x3f52cd281f4023755f6e8433fceb26f7c955510e,bsc,bscswap,BSCswap: DzT,entity,eth-labels,https://github.com/dawsbot/eth-labels,medium,2026-07-17
0x3faa7a3e1e7e31cd82a01acc27b0b991aa0f596b,bsc,bscswap,BSCswap: BORGDAI-BUSD,entity,eth-labels,https://github.com/dawsbot/eth-labels,medium,2026-07-17
0x3fb00cf82d5caf375b6567ecd415bb83374c5a4e,bsc,bscswap,BSCswap: BTCB-INNBC,entity,eth-labels,https://github.com/dawsbot/eth-labels,medium,2026-07-17
0x3fcf5f223afb7087ef03ae88e0d419296eade8fc,bsc,bscswap,BSCswap: VYM,entity,eth-labels,https://github.com/dawsbot/eth-labels,medium,2026-07-17
0x409c15bbdb32b979a0c800f701a7d2198400f2a5,bsc,bscswap,BSCswap: NSP-BUSD-T,entity,eth-labels,https://github.com/dawsbot/eth-labels,medium,2026-07-17
0x40bd9daa803be8fa562de4aafb1056fc2e192eba,bsc,bscswap,BSCswap: BSC-USD-MCS,entity,eth-labels,https://github.com/dawsbot/eth-labels,medium,2026-07-17
0x412cab9a0e18b97f6061e3587f86c2f9568ed35e,bsc,bscswap,BSCswap: TRUMP,entity,eth-labels,https://github.com/dawsbot/eth-labels,medium,2026-07-17
0x41be43cd6459e5f7652b733004a1145b60a26e5f,bsc,bscswap,BSCswap: BUSD-DRUGS,entity,eth-labels,https://github.com/dawsbot/eth-labels,medium,2026-07-17
0x41e565d729d895c576b923d79533ca5866ac2594,bsc,bscswap,BSCswap: TITANO,entity,eth-labels,https://github.com/dawsbot/eth-labels,medium,2026-07-17
0x4234df07c687b02c4c510a30de5c4468447e6d33,bsc,bscswap,BSCswap: BUSD-T-LOVE,entity,eth-labels,https://github.com/dawsbot/eth-labels,medium,2026-07-17
0x4279836f4f76b4a79511790d3cec82ca09f61644,bsc,bscswap,BSCswap: X3S,entity,eth-labels,https://github.com/dawsbot/eth-labels,medium,2026-07-17
0x428251f778b4aa8ae7089f6abe24c9a7c3859396,bsc,bscswap,BSCswap: BFI-NFL,entity,eth-labels,https://github.com/dawsbot/eth-labels,medium,2026-07-17
0x4290f60573fa1bb28a95913f94f63de260bc6a84,bsc,bscswap,BSCswap: BSWAP-BSWAP,entity,eth-labels,https://github.com/dawsbot/eth-labels,medium,2026-07-17
0x435c197cdc4253464a096c6b6a0f04e40897b7f8,bsc,bscswap,BSCswap: BSC-USD-PVM,entity,eth-labels,https://github.com/dawsbot/eth-labels,medium,2026-07-17
0x4461a16c3f3a337ab5576212eb730e5ddee76218,bsc,bscswap,BSCswap: USDT-EOS,entity,eth-labels,https://github.com/dawsbot/eth-labels,medium,2026-07-17
0x448dfcb86f9be4cd570378ea8f462333c50b5d29,bsc,bscswap,BSCswap: VAL,entity,eth-labels,https://github.com/dawsbot/eth-labels,medium,2026-07-17
0x4596f24c3685539c4a9fe00c602bf463fb8322a3,bsc,bscswap,BSCswap: OLC,entity,eth-labels,https://github.com/dawsbot/eth-labels,medium,2026-07-17
0x4660b0556302cda06ece0de457c7a67f5f172e8a,bsc,bscswap,BSCswap: SHREE2,entity,eth-labels,https://github.com/dawsbot/eth-labels,medium,2026-07-17
0x476f0ff325c0f788b3f4bb6fc59139bbf0ae64a7,bsc,bscswap,BSCswap: USDT-USD,entity,eth-labels,https://github.com/dawsbot/eth-labels,medium,2026-07-17
0x478216c835d4dfafd70f3f9de848f1f649d97492,bsc,bscswap,BSCswap: USDT-Saturn,entity,eth-labels,https://github.com/dawsbot/eth-labels,medium,2026-07-17
0x478cd7b7d16cdc6920bde874751b1c737c0a25fa,bsc,bscswap,BSCswap: MARS,entity,eth-labels,https://github.com/dawsbot/eth-labels,medium,2026-07-17
0x48f95612de9f86e2c82e32bca18ac6a8f94b2afa,bsc,bscswap,BSCswap: ALGT-Cake,entity,eth-labels,https://github.com/dawsbot/eth-labels,medium,2026-07-17
0x491a4a72e4c0376459f4a7a1ce00f1efdf73f422,bsc,bscswap,BSCswap: NRFX,entity,eth-labels,https://github.com/dawsbot/eth-labels,medium,2026-07-17
0x49242c52dc6553da8a59d4e134cab47ae082add4,bsc,bscswap,BSCswap: rBHC,entity,eth-labels,https://github.com/dawsbot/eth-labels,medium,2026-07-17
0x498e3c3ceb88fe266a91f1396d22e2efdc2bbdeb,bsc,bscswap,BSCswap: RBS-Royal.Bank.of.Scotland,entity,eth-labels,https://github.com/dawsbot/eth-labels,medium,2026-07-17
0x4a3c0e93777ada858f0a9f197885a47119a3614d,bsc,bscswap,BSCswap: BTCB-BUSD,entity,eth-labels,https://github.com/dawsbot/eth-labels,medium,2026-07-17
0x4a4eb663001e7032cdd180fb8a9ccaeefa517d1b,bsc,bscswap,BSCswap: BSC-USDT,entity,eth-labels,https://github.com/dawsbot/eth-labels,medium,2026-07-17
0x4a85e2a27f6558e257e05766f07f480291767d0b,bsc,bscswap,BSCswap: USDT-BAKE,entity,eth-labels,https://github.com/dawsbot/eth-labels,medium,2026-07-17
0x4b6bcd0526f4ee8a67652422a3191ade2abc1b72,bsc,bscswap,BSCswap: NYT-BUSD,entity,eth-labels,https://github.com/dawsbot/eth-labels,medium,2026-07-17
0x4bc2cab346ed6b778ccc7674a21d09f7e1d3c1e3,bsc,bscswap,BSCswap: KP3RB-BSWAP,entity,eth-labels,https://github.com/dawsbot/eth-labels,medium,2026-07-17
0x4bcd7e327ed2696bec2cbab612a810505a5a74be,bsc,bscswap,BSCswap: PBNB-PUSH,entity,eth-labels,https://github.com/dawsbot/eth-labels,medium,2026-07-17
0x4bd3bf15303879e81058e043f71ca3d0b4ccfde3,bsc,bscswap,BSCswap: SCAM-EARTH,entity,eth-labels,https://github.com/dawsbot/eth-labels,medium,2026-07-17
0x4c66abc954bba1d585762cf22b2c546bbf3b9441,bsc,bscswap,BSCswap: MSX,entity,eth-labels,https://github.com/dawsbot/eth-labels,medium,2026-07-17
0x4da84acb1ffc840e621928bc392058d0da49e387,bsc,bscswap,BSCswap: Winner,entity,eth-labels,https://github.com/dawsbot/eth-labels,medium,2026-07-17
0x4efa21115b860bede61df394f571993466775ef3,bsc,bscswap,BSCswap: €Euro,entity,eth-labels,https://github.com/dawsbot/eth-labels,medium,2026-07-17
0x4f41fa071862310993c5d378d49c300138880405,bsc,bscswap,BSCswap: USDT-RABIT,entity,eth-labels,https://github.com/dawsbot/eth-labels,medium,2026-07-17
0x4f5d82f6c3d5cd9a3658c03bd98736cd55f3f145,bsc,bscswap,BSCswap: BSC-USD-REDEFI,entity,eth-labels,https://github.com/dawsbot/eth-labels,medium,2026-07-17
0x4f90be7ca3e8e06c516c2fb04520c717568fa94d,bsc,bscswap,BSCswap: DITC,entity,eth-labels,https://github.com/dawsbot/eth-labels,medium,2026-07-17
0x4fc40b0482ce0c21e1e9c4c3878688db23e45a29,bsc,bscswap,BSCswap: FIW,entity,eth-labels,https://github.com/dawsbot/eth-labels,medium,2026-07-17
0x5027c414c88acaad13ba09cfbd99bd97a6ce01b2,bsc,bscswap,BSCswap: CLB,entity,eth-labels,https://github.com/dawsbot/eth-labels,medium,2026-07-17
0x506f458fcfd60a49eb688842d49269305392367c,bsc,bscswap,BSCswap: LFI 2,entity,eth-labels,https://github.com/dawsbot/eth-labels,medium,2026-07-17
0x507f71255f197cd5f1c8ce992b93c299e0fa06d9,bsc,bscswap,BSCswap: WTGN,entity,eth-labels,https://github.com/dawsbot/eth-labels,medium,2026-07-17
0x510a85e79a79c520dd2adf06768059d708e681a5,bsc,bscswap,BSCswap: BZAR-TWT,entity,eth-labels,https://github.com/dawsbot/eth-labels,medium,2026-07-17
0x517f06c59d4e2eab554bf9d885777becd5157093,bsc,bscswap,BSCswap: MCAPER,entity,eth-labels,https://github.com/dawsbot/eth-labels,medium,2026-07-17
0x51c03563fad9a31bde556258d121d2c61ddcb670,bsc,bscswap,BSCswap: VNF-BUSD,entity,eth-labels,https://github.com/dawsbot/eth-labels,medium,2026-07-17
0x525b322ba6eba3a69f432a2aab33e9497e8c0577,bsc,bscswap,BSCswap: MILK-BUSD,entity,eth-labels,https://github.com/dawsbot/eth-labels,medium,2026-07-17
0x52a8b75112c91b916fa2f8f2a1d4662be984d3ed,bsc,bscswap,BSCswap: RABBIT,entity,eth-labels,https://github.com/dawsbot/eth-labels,medium,2026-07-17
0x535c05ad8208a9b6c67def77bd26ac342681f41d,bsc,bscswap,BSCswap: BTFE,entity,eth-labels,https://github.com/dawsbot/eth-labels,medium,2026-07-17
0x53a8b1f38f96e006345ad59315824d681a4b3523,bsc,bscswap,BSCswap: Cake-BUSD,entity,eth-labels,https://github.com/dawsbot/eth-labels,medium,2026-07-17
0x53b625083a342c517aef3eb10223e522d3a66cfa,bsc,bscswap,BSCswap: MEGRA-BSC-USD,entity,eth-labels,https://github.com/dawsbot/eth-labels,medium,2026-07-17
0x541879cf08056d99b2b1ed3ab4275f8ad605730a,bsc,bscswap,BSCswap: BSC-USD-VXZ,entity,eth-labels,https://github.com/dawsbot/eth-labels,medium,2026-07-17
0x542f4c999bd62c9592de61ce6d77fcca043dec81,bsc,bscswap,BSCswap: vPT,entity,eth-labels,https://github.com/dawsbot/eth-labels,medium,2026-07-17
0x5464bda8ad60b33368cc38fbc8e94529cdbbc866,bsc,bscswap,BSCswap: BAT-SCAM,entity,eth-labels,https://github.com/dawsbot/eth-labels,medium,2026-07-17
0x55cb869204722da9428830e6a05e73e3e9264efd,bsc,bscswap,BSCswap: ZUMD,entity,eth-labels,https://github.com/dawsbot/eth-labels,medium,2026-07-17
0x56779d2b811ab0f580e35c04b8a507d24640514c,bsc,bscswap,BSCswap: PBTC-PETH,entity,eth-labels,https://github.com/dawsbot/eth-labels,medium,2026-07-17
0x56fc219be98079f1e9564c1f16669f6761e4a97b,bsc,bscswap,BSCswap: RCT,entity,eth-labels,https://github.com/dawsbot/eth-labels,medium,2026-07-17
0x57face4d6c759bcd9a9e15e2c9502750d4b39db1,bsc,bscswap,BSCswap: ANON,entity,eth-labels,https://github.com/dawsbot/eth-labels,medium,2026-07-17
0x591dc15b28285f867886adaa314aff527e7bdd08,bsc,bscswap,BSCswap: RFIBSC-BORGDAI,entity,eth-labels,https://github.com/dawsbot/eth-labels,medium,2026-07-17
0x59cbae9ebce329d3d71a1d9239ee7b1077c54aaf,bsc,bscswap,BSCswap: KING-BSWAP,entity,eth-labels,https://github.com/dawsbot/eth-labels,medium,2026-07-17
0x59f19dba89feee719b7567465f2bd08558702b62,bsc,bscswap,BSCswap: BOLO-TOK,entity,eth-labels,https://github.com/dawsbot/eth-labels,medium,2026-07-17
0x5a49500e3c348fe8387d73f60bc6e6d4d318eef2,bsc,bscswap,BSCswap: AD2-BUSD,entity,eth-labels,https://github.com/dawsbot/eth-labels,medium,2026-07-17
0x5a9c8c1a235936c0841a19d8483b7f460c1dc61b,bsc,bscswap,BSCswap: VTBC,entity,eth-labels,https://github.com/dawsbot/eth-labels,medium,2026-07-17
0x5ae03aabc209f86546d83d5aa41067b857a1bc59,bsc,bscswap,BSCswap: BUSD-bWRKZ,entity,eth-labels,https://github.com/dawsbot/eth-labels,medium,2026-07-17
0x5b1f81cfbb2c0dca7a462d1e8c85d98927d4b110,bsc,bscswap,BSCswap: CRCP,entity,eth-labels,https://github.com/dawsbot/eth-labels,medium,2026-07-17
0x5b40956bb1080a92447a40e5f58f70d490914847,bsc,bscswap,BSCswap: PRUL-BUSD,entity,eth-labels,https://github.com/dawsbot/eth-labels,medium,2026-07-17
0x5b56c8ace11a7afb723feb2f001ae2d90e937347,bsc,bscswap,BSCswap: MEGRA,entity,eth-labels,https://github.com/dawsbot/eth-labels,medium,2026-07-17
0x5be424ccbf0105beac548ca536cc11b77c78d9d6,bsc,bscswap,BSCswap: PBNB-PBTC,entity,eth-labels,https://github.com/dawsbot/eth-labels,medium,2026-07-17
0x5bf649aa55bfe0a3365012dc6f53553fb4d399c7,bsc,bscswap,BSCswap: NFT-BFI,entity,eth-labels,https://github.com/dawsbot/eth-labels,medium,2026-07-17
0x5cc4fb0ba1ebbda8352aab610e1837ead5544829,bsc,bscswap,BSCswap: PASS,entity,eth-labels,https://github.com/dawsbot/eth-labels,medium,2026-07-17
0x5cd3952edfb983b47d6cef49a22bd24998d41e61,bsc,bscswap,BSCswap: USD-T-BAI,entity,eth-labels,https://github.com/dawsbot/eth-labels,medium,2026-07-17
0x5cf1c2d7dd695e68d9f34b0be9f79da09a9e3974,bsc,bscswap,BSCswap: BURGER-BFI,entity,eth-labels,https://github.com/dawsbot/eth-labels,medium,2026-07-17
0x5d2d897602f5d59b4eff014764601e6f0283af4c,bsc,bscswap,BSCswap: hSOV,entity,eth-labels,https://github.com/dawsbot/eth-labels,medium,2026-07-17
0x5d8d7b8f24f5d9b6d5fb384631005b0d50384dbe,bsc,bscswap,BSCswap: 2M1,entity,eth-labels,https://github.com/dawsbot/eth-labels,medium,2026-07-17
0x5df21244eeec399b837cd686b754e21c470d40e2,bsc,bscswap,BSCswap: Terk-BUSD,entity,eth-labels,https://github.com/dawsbot/eth-labels,medium,2026-07-17
0x5e34ccb24c621a4a6881725c06b942b7d7c0650c,bsc,bscswap,BSCswap: NUT,entity,eth-labels,https://github.com/dawsbot/eth-labels,medium,2026-07-17
0x5e8535221f84da69ce39783c40ec332730755f6c,bsc,bscswap,BSCswap: PETS,entity,eth-labels,https://github.com/dawsbot/eth-labels,medium,2026-07-17
0x5ebe41246933d5e375cdd312d3cd6799aa61321a,bsc,bscswap,BSCswap: PUNK,entity,eth-labels,https://github.com/dawsbot/eth-labels,medium,2026-07-17
0x5f988dcf8ad7bf3cd59e2084c96b9800ee74fce0,bsc,bscswap,BSCswap: STS,entity,eth-labels,https://github.com/dawsbot/eth-labels,medium,2026-07-17
0x5ff6cef0127b0288586e4b1574de3cec36311945,bsc,bscswap,BSCswap: PROPEL-SANTA,entity,eth-labels,https://github.com/dawsbot/eth-labels,medium,2026-07-17
0x6109cee326d69ad985126a95f6e84c14007c346a,bsc,bscswap,BSCswap: MONI,entity,eth-labels,https://github.com/dawsbot/eth-labels,medium,2026-07-17
0x626cd83e7a89163c5390d2358d9ef540b1c8fa0f,bsc,bscswap,BSCswap: HOTS,entity,eth-labels,https://github.com/dawsbot/eth-labels,medium,2026-07-17
0x629c8e54b439e7d1042ebb955d68f10eb8693e1a,bsc,bscswap,BSCswap: GFT,entity,eth-labels,https://github.com/dawsbot/eth-labels,medium,2026-07-17
0x6312df99b307d1d57f164c353478a04a1aeb6293,bsc,bscswap,BSCswap: GBPC,entity,eth-labels,https://github.com/dawsbot/eth-labels,medium,2026-07-17
0x631c52e429ddc1a4df6b2fcd25c2796001c41e99,bsc,bscswap,BSCswap: FAIRY,entity,eth-labels,https://github.com/dawsbot/eth-labels,medium,2026-07-17
0x6330c052e35f23ad219ad9afbaddf53a68f2b2b2,bsc,bscswap,BSCswap: MILK,entity,eth-labels,https://github.com/dawsbot/eth-labels,medium,2026-07-17
0x633ef1abb304882038cbb02797c8efc576f1766b,bsc,bscswap,BSCswap: BPT,entity,eth-labels,https://github.com/dawsbot/eth-labels,medium,2026-07-17
0x63507869588c3578cb15f4d05b494658c024a262,bsc,bscswap,BSCswap: BURGER-BUSD,entity,eth-labels,https://github.com/dawsbot/eth-labels,medium,2026-07-17
0x63b625bb1c20cc9fe8aa721ee6876110fb96ffd0,bsc,bscswap,BSCswap: LFI-BSWAP,entity,eth-labels,https://github.com/dawsbot/eth-labels,medium,2026-07-17
0x63dde6c120154d77fdb624d7a0098b6e221e7ac8,bsc,bscswap,BSCswap: PYF,entity,eth-labels,https://github.com/dawsbot/eth-labels,medium,2026-07-17
0x64b0366ba79fbec70adb2fad2798aadf08468b15,bsc,bscswap,BSCswap: STR,entity,eth-labels,https://github.com/dawsbot/eth-labels,medium,2026-07-17
0x64ee619367fbdf820384053d4031565be69ce028,bsc,bscswap,BSCswap: BBTC,entity,eth-labels,https://github.com/dawsbot/eth-labels,medium,2026-07-17
0x64f7522dd9e48df758b88f2549ff3ec88ec404dc,bsc,bscswap,BSCswap: SYRUP-Cake,entity,eth-labels,https://github.com/dawsbot/eth-labels,medium,2026-07-17
0x658c30f10e42cfca612af8a1c6fd64a8a4d61790,bsc,bscswap,BSCswap: MARS 3,entity,eth-labels,https://github.com/dawsbot/eth-labels,medium,2026-07-17
0x65b4c293c23d029728e775d167c67b76421871bd,bsc,bscswap,BSCswap: Сбербанк.SBERBANK,entity,eth-labels,https://github.com/dawsbot/eth-labels,medium,2026-07-17
0x65fd4adf0db2db40377d310baf3a4adc7c4cd334,bsc,bscswap,BSCswap: bWETH-THUGS,entity,eth-labels,https://github.com/dawsbot/eth-labels,medium,2026-07-17
0x662e7d69529841b9967792b5738a0c0fe0e65d42,bsc,bscswap,BSCswap: BEST,entity,eth-labels,https://github.com/dawsbot/eth-labels,medium,2026-07-17
0x674fa471f6e2f94c1ff6afd3b5a38aea9928fb37,bsc,bscswap,BSCswap: USDT 2,entity,eth-labels,https://github.com/dawsbot/eth-labels,medium,2026-07-17
0x680bc4e1c96802efeeee36bc7d21c2387f502f9f,bsc,bscswap,BSCswap: ARN,entity,eth-labels,https://github.com/dawsbot/eth-labels,medium,2026-07-17
0x68e52abb2045c669055d18bbdcb502866512ec59,bsc,bscswap,BSCswap: MNR,entity,eth-labels,https://github.com/dawsbot/eth-labels,medium,2026-07-17
0x693e806ebce17b6a5036482f684f0a879074ac86,bsc,bscswap,BSCswap: BANHMI,entity,eth-labels,https://github.com/dawsbot/eth-labels,medium,2026-07-17
0x69c70286d7a40f693f65ef75d957fcbe0638b32e,bsc,bscswap,BSCswap: HARD,entity,eth-labels,https://github.com/dawsbot/eth-labels,medium,2026-07-17
0x69dc95d1ae562e0701156ead9938d73926239f59,bsc,bscswap,BSCswap: BIFI,entity,eth-labels,https://github.com/dawsbot/eth-labels,medium,2026-07-17
0x6a43f7e4ccfbe0da3ef262ba80b636c918fbd72d,bsc,bscswap,BSCswap: BZAR-BTCB,entity,eth-labels,https://github.com/dawsbot/eth-labels,medium,2026-07-17
0x6bf8bb02757a3dc8dcfc8e1eae59f26b9a2e887e,bsc,bscswap,BSCswap: BAKE-BUSD,entity,eth-labels,https://github.com/dawsbot/eth-labels,medium,2026-07-17
0x6cd368c355a675f431c6924aa5f4323a37a7983f,bsc,bscswap,BSCswap: SXP,entity,eth-labels,https://github.com/dawsbot/eth-labels,medium,2026-07-17
0x6cd511d5121ee2dd7c903a23edc6ad30a716519e,bsc,bscswap,BSCswap: MKN-BSC-USD,entity,eth-labels,https://github.com/dawsbot/eth-labels,medium,2026-07-17
0x6cf43a0f2e00164e7a27990ba857d44baf455b92,bsc,bscswap,BSCswap: USDT-LINK,entity,eth-labels,https://github.com/dawsbot/eth-labels,medium,2026-07-17
0x6d5cfba386312a93d13be3e195a4af569aa3511a,bsc,bscswap,BSCswap: PLNT 2,entity,eth-labels,https://github.com/dawsbot/eth-labels,medium,2026-07-17
0x6d61d063310956ba6922dcb30fdaa9eb9d91ac7b,bsc,bscswap,BSCswap: SAFU-BUSD,entity,eth-labels,https://github.com/dawsbot/eth-labels,medium,2026-07-17
0x6db2012782b091497b46e5934bc296a82cca44e6,bsc,bscswap,BSCswap: American.Express.Co(NYSE)AXP,entity,eth-labels,https://github.com/dawsbot/eth-labels,medium,2026-07-17
0x6ddc011ebc78e9990c0089af07dfbc6067b95e8b,bsc,bscswap,BSCswap: XTZ,entity,eth-labels,https://github.com/dawsbot/eth-labels,medium,2026-07-17
0x6de02949f45b1e2cb3e77b33c2ea5211ef8a4d07,bsc,bscswap,BSCswap: PUSH,entity,eth-labels,https://github.com/dawsbot/eth-labels,medium,2026-07-17
0x6de9731445e6b4000f1c7dd93c5cb649033163a4,bsc,bscswap,BSCswap: USDT-RABBIT,entity,eth-labels,https://github.com/dawsbot/eth-labels,medium,2026-07-17
0x6e022fdb58a3e05dc16648022b4505d560298ac6,bsc,bscswap,BSCswap: TC,entity,eth-labels,https://github.com/dawsbot/eth-labels,medium,2026-07-17
0x6eef76387bb79a2df40afe505b10ece4815a9bcf,bsc,bscswap,BSCswap: HALO,entity,eth-labels,https://github.com/dawsbot/eth-labels,medium,2026-07-17
0x6f0bd17cb79d21c37a4c42189f21b680b9134a09,bsc,bscswap,BSCswap: ARSI 2,entity,eth-labels,https://github.com/dawsbot/eth-labels,medium,2026-07-17
0x6f5f49387417f145a7cb8a3313247981e339becf,bsc,bscswap,BSCswap: ETH-BZAR,entity,eth-labels,https://github.com/dawsbot/eth-labels,medium,2026-07-17
0x6f77930d1d9a4169424373217e398ebce478fe08,bsc,bscswap,BSCswap: MOON-BSWAP,entity,eth-labels,https://github.com/dawsbot/eth-labels,medium,2026-07-17
0x70152d281466318f198b89be556e015c3ac47159,bsc,bscswap,BSCswap: ANKR,entity,eth-labels,https://github.com/dawsbot/eth-labels,medium,2026-07-17
0x701c22400fac224869dc4d1d7cf9ba580d16ab32,bsc,bscswap,BSCswap: BTCB-BIFI,entity,eth-labels,https://github.com/dawsbot/eth-labels,medium,2026-07-17
0x702e9dd4503d624d2a56e07317899dbeffc757b8,bsc,bscswap,BSCswap: USSR,entity,eth-labels,https://github.com/dawsbot/eth-labels,medium,2026-07-17
0x706a6b6b7d694a7de2d4a8e42ff43fcabe1eebcd,bsc,bscswap,BSCswap: BNX,entity,eth-labels,https://github.com/dawsbot/eth-labels,medium,2026-07-17
0x706bd12fc310c652685136e6132b6e09f15daf7e,bsc,bscswap,BSCswap: PUSH-PUSD,entity,eth-labels,https://github.com/dawsbot/eth-labels,medium,2026-07-17
0x70bf2378de9e0bec8b3b334415039d7099c8f433,bsc,bscswap,BSCswap: WEP,entity,eth-labels,https://github.com/dawsbot/eth-labels,medium,2026-07-17
0x7105c1a7bcbe1b2d116d730c08ebe744e0ea9365,bsc,bscswap,BSCswap: SPRAY,entity,eth-labels,https://github.com/dawsbot/eth-labels,medium,2026-07-17
0x7163a1ffebe67757a943c846e84dc75f7583eb0c,bsc,bscswap,BSCswap: EARTH-DEGEN,entity,eth-labels,https://github.com/dawsbot/eth-labels,medium,2026-07-17
0x71c1b6302c7f9c49ee3e675224b22cde34ab5ac7,bsc,bscswap,BSCswap: THUGS,entity,eth-labels,https://github.com/dawsbot/eth-labels,medium,2026-07-17
0x72599fdaa7bc582651466ab343ed4a72cd010707,bsc,bscswap,BSCswap: BLF,entity,eth-labels,https://github.com/dawsbot/eth-labels,medium,2026-07-17
0x725c300d31036e0d445569a13e355932648a310b,bsc,bscswap,BSCswap: RMX,entity,eth-labels,https://github.com/dawsbot/eth-labels,medium,2026-07-17
0x7270fd3bfe698db8be63b9e63c28fa0bcb3aed8c,bsc,bscswap,BSCswap: SPARTA,entity,eth-labels,https://github.com/dawsbot/eth-labels,medium,2026-07-17
0x7336e1b8b556bdbde883670ad72f2cbdca258cee,bsc,bscswap,BSCswap: BTCB-THUGS,entity,eth-labels,https://github.com/dawsbot/eth-labels,medium,2026-07-17
0x733f9d990c956f2f8b3af551a6685cdb070bc8ba,bsc,bscswap,BSCswap: HOP-BHC,entity,eth-labels,https://github.com/dawsbot/eth-labels,medium,2026-07-17
0x73b920ff688256187eb29509e232c3b73432b44f,bsc,bscswap,BSCswap: Freedom,entity,eth-labels,https://github.com/dawsbot/eth-labels,medium,2026-07-17
0x74023b8037009af8f59f0ff55e31814be32ca3c2,bsc,bscswap,BSCswap: THUNDER,entity,eth-labels,https://github.com/dawsbot/eth-labels,medium,2026-07-17
0x74ed229d5cc16678876310a7f67ca13b541be11d,bsc,bscswap,BSCswap: DEGEN,entity,eth-labels,https://github.com/dawsbot/eth-labels,medium,2026-07-17
0x7523f6bc506fb2c218d86fab77d8ab2af6193e8e,bsc,bscswap,BSCswap: DOT-MILK,entity,eth-labels,https://github.com/dawsbot/eth-labels,medium,2026-07-17
0x75770e2a14de54a3be4cc4e3e69858ead554edcf,bsc,bscswap,BSCswap: PRE,entity,eth-labels,https://github.com/dawsbot/eth-labels,medium,2026-07-17
0x75d45db898d7c5d3ec959b807e4b60e52305aa3a,bsc,bscswap,BSCswap: FYSH,entity,eth-labels,https://github.com/dawsbot/eth-labels,medium,2026-07-17
0x75ebba200f753599b81785e4e0f973a4572e887f,bsc,bscswap,BSCswap: DAU-BLP,entity,eth-labels,https://github.com/dawsbot/eth-labels,medium,2026-07-17
0x76ab40a1f9542b27a2b12879e03135194316f808,bsc,bscswap,BSCswap: PUB30,entity,eth-labels,https://github.com/dawsbot/eth-labels,medium,2026-07-17
0x76de4620e6a9d0999f9919bfda79ffa4c12ad43a,bsc,bscswap,BSCswap: UnionPay银联International,entity,eth-labels,https://github.com/dawsbot/eth-labels,medium,2026-07-17
0x77397b34893f9295a41aa1dd04d9c9136c24c499,bsc,bscswap,BSCswap: DAI-DRUGS,entity,eth-labels,https://github.com/dawsbot/eth-labels,medium,2026-07-17
0x77950fb3c601292054d433dcf24ee880cebf322c,bsc,bscswap,BSCswap: LINK,entity,eth-labels,https://github.com/dawsbot/eth-labels,medium,2026-07-17
0x784b8124d04d6ff5c5ecf234b5679f72a4527665,bsc,bscswap,BSCswap: DOT,entity,eth-labels,https://github.com/dawsbot/eth-labels,medium,2026-07-17
0x795406b068b0cf7c27458d52e42d20e864c01133,bsc,bscswap,BSCswap: PBTC-PUSD,entity,eth-labels,https://github.com/dawsbot/eth-labels,medium,2026-07-17
0x79a535081b5344acafed5a17554c8cd92ded089e,bsc,bscswap,BSCswap: GUNS-BUSD,entity,eth-labels,https://github.com/dawsbot/eth-labels,medium,2026-07-17
0x79c5fdfbc6837b4ddd334ebe83b011107f399deb,bsc,bscswap,BSCswap: EARTH-BUSD,entity,eth-labels,https://github.com/dawsbot/eth-labels,medium,2026-07-17
0x7a4c8ffc8ccb378ab37037f4f3fbd6a297dc3d78,bsc,bscswap,BSCswap: ETH-BLOK,entity,eth-labels,https://github.com/dawsbot/eth-labels,medium,2026-07-17
0x7aaca71cc727036d3af7111537811da25aa8d8b2,bsc,bscswap,BSCswap: YFEU,entity,eth-labels,https://github.com/dawsbot/eth-labels,medium,2026-07-17
0x7b23b62966bac2e081b87e86866fdb9261b8cb77,bsc,bscswap,BSCswap: BZAR,entity,eth-labels,https://github.com/dawsbot/eth-labels,medium,2026-07-17
0x7b8b9f2cb422aea55be6e9bf867e759721ac678c,bsc,bscswap,BSCswap: BSWAP-BUSD,entity,eth-labels,https://github.com/dawsbot/eth-labels,medium,2026-07-17
0x7b8fcc78b18c5f27a3fd9c2c5756a20785ed7c7d,bsc,bscswap,BSCswap: BURRITO,entity,eth-labels,https://github.com/dawsbot/eth-labels,medium,2026-07-17
0x7b92e4968adf4379a53e3440e6ccce5a15393168,bsc,bscswap,BSCswap: WDUCX,entity,eth-labels,https://github.com/dawsbot/eth-labels,medium,2026-07-17
0x7bba70f484a5c5790c11a6275cd27ee69bed8177,bsc,bscswap,BSCswap: AD2,entity,eth-labels,https://github.com/dawsbot/eth-labels,medium,2026-07-17
0x7be04635513f18d3bc1a8ef7c56a8679d0d96ea0,bsc,bscswap,BSCswap: ADA-PTTP,entity,eth-labels,https://github.com/dawsbot/eth-labels,medium,2026-07-17
0x7c113b3f08725a3d06bfa75a9268d1f46a56094e,bsc,bscswap,BSCswap: BTC,entity,eth-labels,https://github.com/dawsbot/eth-labels,medium,2026-07-17
0x7c14b0cd0e11d3a6705027b24ab6e30f1816f513,bsc,bscswap,BSCswap: BSWAP-THUGS,entity,eth-labels,https://github.com/dawsbot/eth-labels,medium,2026-07-17
0x7c9de7a46e7408411981945330e754a0d2bd5b7b,bsc,bscswap,BSCswap: MZI,entity,eth-labels,https://github.com/dawsbot/eth-labels,medium,2026-07-17
0x7cf38acce1422e5165349f6597e70047027d5837,bsc,bscswap,BSCswap: NEW,entity,eth-labels,https://github.com/dawsbot/eth-labels,medium,2026-07-17
0x7cf4def7ccaab0108b6e14228cf37d1208ae4f65,bsc,bscswap,BSCswap: SANTA-INNBC,entity,eth-labels,https://github.com/dawsbot/eth-labels,medium,2026-07-17
0x7cfa7cffae38cdd9aa16e918f471430df27c5d5f,bsc,bscswap,BSCswap: IGV,entity,eth-labels,https://github.com/dawsbot/eth-labels,medium,2026-07-17
0x7d1c04c4eb4923c24c8f9f8480130c1fe8a749b3,bsc,bscswap,BSCswap: BTCB-SANTA,entity,eth-labels,https://github.com/dawsbot/eth-labels,medium,2026-07-17
0x7d2fe79df023ebbcc81324a30c59e1e71d2b9ba9,bsc,bscswap,BSCswap: BSWAP-METH,entity,eth-labels,https://github.com/dawsbot/eth-labels,medium,2026-07-17
0x7dac8d914172418f3bfdf12e405828925188aac1,bsc,bscswap,BSCswap: ZUM-ZUMD,entity,eth-labels,https://github.com/dawsbot/eth-labels,medium,2026-07-17
0x7df90bd5563e97bad27823991e43a00a514d017b,bsc,bscswap,BSCswap: BCH,entity,eth-labels,https://github.com/dawsbot/eth-labels,medium,2026-07-17
0x7e6bcd1978723058e32be2a4d93c47e84d4dd93f,bsc,bscswap,BSCswap: BIFI-SPARTA,entity,eth-labels,https://github.com/dawsbot/eth-labels,medium,2026-07-17
0x7ec32ac6f60f615d3ef180d4901a2713366d99c8,bsc,bscswap,BSCswap: Q1W7X,entity,eth-labels,https://github.com/dawsbot/eth-labels,medium,2026-07-17
0x7ee465055f7fb726ba1e9b45d14b31efcb791a73,bsc,bscswap,BSCswap: STM,entity,eth-labels,https://github.com/dawsbot/eth-labels,medium,2026-07-17
0x7fdbd426edfaf581c5dee233c6cc2f0763975825,bsc,bscswap,BSCswap: GOX,entity,eth-labels,https://github.com/dawsbot/eth-labels,medium,2026-07-17
0x80718191df6012bffc755ebff024505f45e9e60b,bsc,bscswap,BSCswap: BURGER-BAKE,entity,eth-labels,https://github.com/dawsbot/eth-labels,medium,2026-07-17
0x808e04ed1352a505eb5a377c4a22015656eb2e37,bsc,bscswap,BSCswap: NWO,entity,eth-labels,https://github.com/dawsbot/eth-labels,medium,2026-07-17
0x809d08dcb5ac629068d52d2daf636d596c1d6e8d,bsc,bscswap,BSCswap: PHO,entity,eth-labels,https://github.com/dawsbot/eth-labels,medium,2026-07-17
0x80b5ae355fca2b5a90e9212d4aa999a95b392258,bsc,bscswap,BSCswap: DOT-BFI,entity,eth-labels,https://github.com/dawsbot/eth-labels,medium,2026-07-17
0x80c235afaa5f2af4b231a64e7d21ea9df0331d2f,bsc,bscswap,BSCswap: NFT,entity,eth-labels,https://github.com/dawsbot/eth-labels,medium,2026-07-17
0x80fefadd48c08785daed38903f0d138d8b60687c,bsc,bscswap,BSCswap: LTRT,entity,eth-labels,https://github.com/dawsbot/eth-labels,medium,2026-07-17
0x810cf9c840871f592bea2eae21bda6d53d14fabe,bsc,bscswap,BSCswap: FDL,entity,eth-labels,https://github.com/dawsbot/eth-labels,medium,2026-07-17
0x81a56300e0bff6dd04680b52f1708fce2bf06d15,bsc,bscswap,BSCswap: WOWA,entity,eth-labels,https://github.com/dawsbot/eth-labels,medium,2026-07-17
0x81dab25be86f78c30e49ae2a7e4de2dcf8036ea7,bsc,bscswap,BSCswap: $US.Dollar,entity,eth-labels,https://github.com/dawsbot/eth-labels,medium,2026-07-17
0x82798418f2ad808ad515d15c1a8645e4266c7973,bsc,bscswap,BSCswap: BSC-USD-BTB,entity,eth-labels,https://github.com/dawsbot/eth-labels,medium,2026-07-17
0x82e816d7765f6c7bd3b673fdd66953738e916cf7,bsc,bscswap,BSCswap: RABBIT-BSWAP,entity,eth-labels,https://github.com/dawsbot/eth-labels,medium,2026-07-17
0x8340c93d853343c59d0d99da5fa389b414dc126b,bsc,bscswap,BSCswap: BOLO-USD-T,entity,eth-labels,https://github.com/dawsbot/eth-labels,medium,2026-07-17
0x8364ef37238ee5d2b11da0bb2b622646e0f24a9b,bsc,bscswap,BSCswap: TWT,entity,eth-labels,https://github.com/dawsbot/eth-labels,medium,2026-07-17
0x836c56e31a2644db352aeb7b02be2cfcb3a932bb,bsc,bscswap,BSCswap: SOUL,entity,eth-labels,https://github.com/dawsbot/eth-labels,medium,2026-07-17
0x83742cffbf8ca6479344f678f0de7b5a349c3180,bsc,bscswap,BSCswap: SCAM,entity,eth-labels,https://github.com/dawsbot/eth-labels,medium,2026-07-17
0x8379076c8ffc04cf3b1fb0a86598208c65bf6503,bsc,bscswap,BSCswap: ETH-USDT,entity,eth-labels,https://github.com/dawsbot/eth-labels,medium,2026-07-17
0x83a8e84492a234ef5a2537c534bfbcdc79b08ae0,bsc,bscswap,BSCswap: CR7,entity,eth-labels,https://github.com/dawsbot/eth-labels,medium,2026-07-17
0x843dc97660291ef2d370529153a627b0956633cd,bsc,bscswap,BSCswap: BLUR,entity,eth-labels,https://github.com/dawsbot/eth-labels,medium,2026-07-17
0x850edda514f37ad94cc2d9989d35e5bd674da04b,bsc,bscswap,BSCswap: EARTH-BSWAP,entity,eth-labels,https://github.com/dawsbot/eth-labels,medium,2026-07-17
0x851f49de2ee0fbbf9b2011285692fe1ec6a80aaf,bsc,bscswap,BSCswap: BAKE-ANKR,entity,eth-labels,https://github.com/dawsbot/eth-labels,medium,2026-07-17
0x852783ef7189b2fc4a6ca550db79b7996e3432d4,bsc,bscswap,BSCswap: FCNT 2,entity,eth-labels,https://github.com/dawsbot/eth-labels,medium,2026-07-17
0x852d8b6cfaa53bb9a7a96c64b7537481cb562b82,bsc,bscswap,BSCswap: ZEC,entity,eth-labels,https://github.com/dawsbot/eth-labels,medium,2026-07-17
0x86d792e1104571408827dfb7739d3d6284bd6657,bsc,bscswap,BSCswap: BANK.OF.AMERICA,entity,eth-labels,https://github.com/dawsbot/eth-labels,medium,2026-07-17
0x86ed221495bf8e6c217f77056778c05a91c02627,bsc,bscswap,BSCswap: USI,entity,eth-labels,https://github.com/dawsbot/eth-labels,medium,2026-07-17
0x87c75111ab78a41d0fa011def2a4b1261e7d7868,bsc,bscswap,BSCswap: BORGDAI-BORG,entity,eth-labels,https://github.com/dawsbot/eth-labels,medium,2026-07-17
0x87ccbd36c015d874dad90ff89a62ed46b14077ed,bsc,bscswap,BSCswap: VIDT 2,entity,eth-labels,https://github.com/dawsbot/eth-labels,medium,2026-07-17
0x8825bff0c4a6b79326330feebc9430063ea5a61a,bsc,bscswap,BSCswap: WZCR,entity,eth-labels,https://github.com/dawsbot/eth-labels,medium,2026-07-17
0x884a3a649cac4024a1295d840c5d0e4fe8a150ae,bsc,bscswap,BSCswap: TOZ,entity,eth-labels,https://github.com/dawsbot/eth-labels,medium,2026-07-17
0x885bd735543389fc6046f09ca802dd0ec728de14,bsc,bscswap,BSCswap: MOON,entity,eth-labels,https://github.com/dawsbot/eth-labels,medium,2026-07-17
0x889c86a45495c04de180379a84821d29eab4bda4,bsc,bscswap,BSCswap: CZ 3,entity,eth-labels,https://github.com/dawsbot/eth-labels,medium,2026-07-17
0x88aac97d94c17c599f0f0c935485ce9dab5680be,bsc,bscswap,BSCswap: SUIB,entity,eth-labels,https://github.com/dawsbot/eth-labels,medium,2026-07-17
0x88b6368c5a4b83efc9e01a833f2d0eb511b8dd42,bsc,bscswap,BSCswap: MER,entity,eth-labels,https://github.com/dawsbot/eth-labels,medium,2026-07-17
0x8937d3caf9c7c8a1de57dc116082b00a7b36a9b0,bsc,bscswap,BSCswap: EOS-SANTA,entity,eth-labels,https://github.com/dawsbot/eth-labels,medium,2026-07-17
0x894640027f2359e5fdad1535da4e13dc64f2816e,bsc,bscswap,BSCswap: REEF,entity,eth-labels,https://github.com/dawsbot/eth-labels,medium,2026-07-17
0x8972a3c8bd4e9ff88898af0eac88985c0a52f400,bsc,bscswap,BSCswap: YBNB,entity,eth-labels,https://github.com/dawsbot/eth-labels,medium,2026-07-17
0x89c9ae77be9e37fcc8a81d9600c8896e9ff17277,bsc,bscswap,BSCswap: TOK,entity,eth-labels,https://github.com/dawsbot/eth-labels,medium,2026-07-17
0x89ce6f2fef90b560524fe86785641008990e8d0c,bsc,bscswap,BSCswap: BINA,entity,eth-labels,https://github.com/dawsbot/eth-labels,medium,2026-07-17
0x8bb91e605d418f924b8fb4263693380d7b49b778,bsc,bscswap,BSCswap: IRON,entity,eth-labels,https://github.com/dawsbot/eth-labels,medium,2026-07-17
0x8bdda1a7bf88e280d25fa473f549b97c3b6fbf49,bsc,bscswap,BSCswap: MFI-BUSD,entity,eth-labels,https://github.com/dawsbot/eth-labels,medium,2026-07-17
0x8be7d7d871270aa181cb6aeb7c3a5bc5538e994a,bsc,bscswap,BSCswap: DEGEN-BSWAP,entity,eth-labels,https://github.com/dawsbot/eth-labels,medium,2026-07-17
0x8c075cb1b9a57109b64693b64bb5138a36d8cbb6,bsc,bscswap,BSCswap: SYRUP-BAKE,entity,eth-labels,https://github.com/dawsbot/eth-labels,medium,2026-07-17
0x8c3799179a3bd76ffacee1c31db18b3efd81a5f9,bsc,bscswap,BSCswap: PBNB,entity,eth-labels,https://github.com/dawsbot/eth-labels,medium,2026-07-17
0x8c58cf55b0d6f7b8db8423f1a3716bc66dfa00a0,bsc,bscswap,BSCswap: SYRUP-ETH,entity,eth-labels,https://github.com/dawsbot/eth-labels,medium,2026-07-17
0x8c954e0f64181a65d4a5cfbb9cf02c04ce0e28b2,bsc,bscswap,BSCswap: FCNT-DEGEN,entity,eth-labels,https://github.com/dawsbot/eth-labels,medium,2026-07-17
0x8ce7414e0c397e8d023554dff5dfd7c578a450f5,bsc,bscswap,BSCswap: virgo,entity,eth-labels,https://github.com/dawsbot/eth-labels,medium,2026-07-17
0x8ceeef9620430648a2ea2c1b178e153aa683007d,bsc,bscswap,BSCswap: GUNS,entity,eth-labels,https://github.com/dawsbot/eth-labels,medium,2026-07-17
0x8cfd267504e5ffc66d0b6ac24ca2f93e9450573c,bsc,bscswap,BSCswap: USDT-BHC,entity,eth-labels,https://github.com/dawsbot/eth-labels,medium,2026-07-17
0x8d0803d5b42646686279407d1822518e639ba718,bsc,bscswap,BSCswap: NTQ,entity,eth-labels,https://github.com/dawsbot/eth-labels,medium,2026-07-17
0x8d6faa3fc68a49889d863bf9a55efbfc6224c579,bsc,bscswap,BSCswap: S-GOLD,entity,eth-labels,https://github.com/dawsbot/eth-labels,medium,2026-07-17
0x8df884c62b5dd60c0a48c4ff872afdc4b9435560,bsc,bscswap,BSCswap: JULb,entity,eth-labels,https://github.com/dawsbot/eth-labels,medium,2026-07-17
0x8e05c5d32562de30f5f80ba7ce327760afb282b1,bsc,bscswap,BSCswap: DTD,entity,eth-labels,https://github.com/dawsbot/eth-labels,medium,2026-07-17
0x8e3aec9115d2d53df18486a527fb54e02076d733,bsc,bscswap,BSCswap: IOX,entity,eth-labels,https://github.com/dawsbot/eth-labels,medium,2026-07-17
0x8e69e230090cfd75d977c1af3eb144c73719afd0,bsc,bscswap,BSCswap: UBEC-LP-BSWAP,entity,eth-labels,https://github.com/dawsbot/eth-labels,medium,2026-07-17
0x8ece9d6d1ec1ea218614628191fd561ac0016a1f,bsc,bscswap,BSCswap: THOR,entity,eth-labels,https://github.com/dawsbot/eth-labels,medium,2026-07-17
0x8f93b7d7b5e95bf1edf271b80b3b5125188c6ab6,bsc,bscswap,BSCswap: JNTR/b-SANTA,entity,eth-labels,https://github.com/dawsbot/eth-labels,medium,2026-07-17
0x8fc8c3e3593f09698bad714d098ab77f13f214a7,bsc,bscswap,BSCswap: FUNDS,entity,eth-labels,https://github.com/dawsbot/eth-labels,medium,2026-07-17
0x90222c8b0d079f0de9f8659fefa68d6dbe7e3fb0,bsc,bscswap,BSCswap: HOP-RABBIT,entity,eth-labels,https://github.com/dawsbot/eth-labels,medium,2026-07-17
0x90451d6394ce6a84dbcc6833d8f30f51c6db295d,bsc,bscswap,BSCswap: TWT-BTCB,entity,eth-labels,https://github.com/dawsbot/eth-labels,medium,2026-07-17
0x9064eff09c09e7b803e8f698d536ddf7f34b507e,bsc,bscswap,BSCswap: bATD,entity,eth-labels,https://github.com/dawsbot/eth-labels,medium,2026-07-17
0x90796bb9ca24c5fd66e77f3430ac68cfefb57346,bsc,bscswap,BSCswap: HOES-DRUGS,entity,eth-labels,https://github.com/dawsbot/eth-labels,medium,2026-07-17
0x913d0f0974a713c9989cdf9afe25aafeb9fb3c96,bsc,bscswap,BSCswap: Th,entity,eth-labels,https://github.com/dawsbot/eth-labels,medium,2026-07-17
0x91e7d2d4c6158f24a20e505309b47c0e73f2217d,bsc,bscswap,BSCswap: MARS 2,entity,eth-labels,https://github.com/dawsbot/eth-labels,medium,2026-07-17
0x92841ea920e0a8247bda2af551beed993a277347,bsc,bscswap,BSCswap: PBTC,entity,eth-labels,https://github.com/dawsbot/eth-labels,medium,2026-07-17
0x92fea78f51188d69661e3f5d2c485e163bf70805,bsc,bscswap,BSCswap: VEGAS,entity,eth-labels,https://github.com/dawsbot/eth-labels,medium,2026-07-17
0x93324e72f28e7d5fc3847c63113aed5bad6aa2b9,bsc,bscswap,BSCswap: STORM,entity,eth-labels,https://github.com/dawsbot/eth-labels,medium,2026-07-17
0x93362af1af2c706dbde71c0f23c5042335b19a30,bsc,bscswap,BSCswap: FITFI,entity,eth-labels,https://github.com/dawsbot/eth-labels,medium,2026-07-17
0x93c770b0bb185c480d45dc754b214b2c7b1bb797,bsc,bscswap,BSCswap: LFI-BIFI,entity,eth-labels,https://github.com/dawsbot/eth-labels,medium,2026-07-17
0x9409f3ce6b1701f8a6df1b1b10345c38b6dd93c3,bsc,bscswap,BSCswap: CZ,entity,eth-labels,https://github.com/dawsbot/eth-labels,medium,2026-07-17
0x942149a7d1e52767ff755a348c41279a50cb4cdb,bsc,bscswap,BSCswap: Radium,entity,eth-labels,https://github.com/dawsbot/eth-labels,medium,2026-07-17
0x94d614e01ade8dcc3e587d7febdabfe4bea61eef,bsc,bscswap,BSCswap: SANTA-SPARTA,entity,eth-labels,https://github.com/dawsbot/eth-labels,medium,2026-07-17
0x94d8174e88dafeeefb4be83f315e151bcdc4761d,bsc,bscswap,BSCswap: USDT-BSWAP,entity,eth-labels,https://github.com/dawsbot/eth-labels,medium,2026-07-17
0x9564dcf78b71d2642585d27f01e5eeff78e665de,bsc,bscswap,BSCswap: BUSD-LINK,entity,eth-labels,https://github.com/dawsbot/eth-labels,medium,2026-07-17
0x95698bab6215d52babc8710616c439e9e8106f82,bsc,bscswap,BSCswap: HORS,entity,eth-labels,https://github.com/dawsbot/eth-labels,medium,2026-07-17
0x960c25bbee1549b29c5224cb8568d057cbde578d,bsc,bscswap,BSCswap: SAFU-BNX,entity,eth-labels,https://github.com/dawsbot/eth-labels,medium,2026-07-17
0x967d4b2098664f0d0364ee7296b33a5c3bfe2f04,bsc,bscswap,BSCswap: VNF-VSİLVER,entity,eth-labels,https://github.com/dawsbot/eth-labels,medium,2026-07-17
0x96d344cea3cc0732dd329af21efbba671757a792,bsc,bscswap,BSCswap: EARTH-BHC,entity,eth-labels,https://github.com/dawsbot/eth-labels,medium,2026-07-17
0x96fada58daf870a5d9a14080a4c7066f1d72708c,bsc,bscswap,BSCswap: ATOM-USDT,entity,eth-labels,https://github.com/dawsbot/eth-labels,medium,2026-07-17
0x96fe48765d954ee846449f372eb1ba552839f302,bsc,bscswap,BSCswap: BETE,entity,eth-labels,https://github.com/dawsbot/eth-labels,medium,2026-07-17
0x980ed1a8e484b70758bff3fbaceed58f81135bf5,bsc,bscswap,BSCswap: VOOG,entity,eth-labels,https://github.com/dawsbot/eth-labels,medium,2026-07-17
0x98528f9cba897d38b59a7b50d55e857b1eb112bd,bsc,bscswap,BSCswap: USDT-DRUGS,entity,eth-labels,https://github.com/dawsbot/eth-labels,medium,2026-07-17
0x9926bfab22945df57e13892ba64af476ffb613c9,bsc,bscswap,BSCswap: INNBC-BUSD,entity,eth-labels,https://github.com/dawsbot/eth-labels,medium,2026-07-17
0x994091118c8d7cd76a57e61814515a446f3d540c,bsc,bscswap,BSCswap: ALPHA,entity,eth-labels,https://github.com/dawsbot/eth-labels,medium,2026-07-17
0x994f2c2af48234e5bb983646526cd0545e56e340,bsc,bscswap,BSCswap: VINT,entity,eth-labels,https://github.com/dawsbot/eth-labels,medium,2026-07-17
0x99ca151efbb4afa7893ace1e5868f262b86d6420,bsc,bscswap,BSCswap: USDT-DOT,entity,eth-labels,https://github.com/dawsbot/eth-labels,medium,2026-07-17
0x9a70401ae9d2a0c74f8ed3656f55ad625b98ef66,bsc,bscswap,BSCswap: YFIG,entity,eth-labels,https://github.com/dawsbot/eth-labels,medium,2026-07-17
0x9a89adc8c7291ea7381784211f02c05543288f9d,bsc,bscswap,BSCswap: XRP,entity,eth-labels,https://github.com/dawsbot/eth-labels,medium,2026-07-17
0x9aa133c4c631a5eb6acbb7b20d579801673e1a9a,bsc,bscswap,BSCswap: HEB,entity,eth-labels,https://github.com/dawsbot/eth-labels,medium,2026-07-17
0x9aa52a4c5cf6f6757f84b8547573245b696bd234,bsc,bscswap,BSCswap: RGT,entity,eth-labels,https://github.com/dawsbot/eth-labels,medium,2026-07-17
0x9ade5ffbfb79d04e62b735aa98e10c8095c03188,bsc,bscswap,BSCswap: PILO,entity,eth-labels,https://github.com/dawsbot/eth-labels,medium,2026-07-17
0x9af907fee40df1fb0bbe5cf00518e7caa5558760,bsc,bscswap,BSCswap: BAKE,entity,eth-labels,https://github.com/dawsbot/eth-labels,medium,2026-07-17
0x9afdb8313115abab81bdd6de2479316c06428ab6,bsc,bscswap,BSCswap: PTTP,entity,eth-labels,https://github.com/dawsbot/eth-labels,medium,2026-07-17
0x9b90a059598025c7a3bd2672455ce14d27603cb4,bsc,bscswap,BSCswap: BUSD-T-DOP,entity,eth-labels,https://github.com/dawsbot/eth-labels,medium,2026-07-17
0x9c014b75492045aa6f6274255803f23bfc7116fd,bsc,bscswap,BSCswap: Cake-MARS,entity,eth-labels,https://github.com/dawsbot/eth-labels,medium,2026-07-17
0x9c5ae43b41a443d51897f5352371c1a147fa5f6e,bsc,bscswap,BSCswap: Cake-SulX,entity,eth-labels,https://github.com/dawsbot/eth-labels,medium,2026-07-17
0x9c5e7dd5f594772e9bb721a69045313a5d2ee207,bsc,bscswap,BSCswap: ROYAN,entity,eth-labels,https://github.com/dawsbot/eth-labels,medium,2026-07-17
0x9c69cc2597bf64cf000d95167eb7ba846aaff406,bsc,bscswap,BSCswap: CBT,entity,eth-labels,https://github.com/dawsbot/eth-labels,medium,2026-07-17
0x9c79ad77194127148f1a7205c470e47988c0c119,bsc,bscswap,BSCswap: VNF,entity,eth-labels,https://github.com/dawsbot/eth-labels,medium,2026-07-17
0x9c90a1c8f1d7d88046d0e9aae90c1749e89814bb,bsc,bscswap,BSCswap: Cake-THUGS,entity,eth-labels,https://github.com/dawsbot/eth-labels,medium,2026-07-17
0x9d0a849b40e1c3c133b06e429b01518d761541cf,bsc,bscswap,BSCswap: DIC,entity,eth-labels,https://github.com/dawsbot/eth-labels,medium,2026-07-17
0x9d6af5ee257d400d9e09abf6f6790f312600a507,bsc,bscswap,BSCswap: MANGO,entity,eth-labels,https://github.com/dawsbot/eth-labels,medium,2026-07-17
0x9d9c198bc1b9181c03bc6dd6f2e64c5093ed4f2e,bsc,bscswap,BSCswap: CPY,entity,eth-labels,https://github.com/dawsbot/eth-labels,medium,2026-07-17
0x9de7f4fb33eb85a5d446d32e0f570f1c83e0a692,bsc,bscswap,BSCswap: DEVS,entity,eth-labels,https://github.com/dawsbot/eth-labels,medium,2026-07-17
0x9e480a83256c3436fb2fcb1b2e885cbcc309f315,bsc,bscswap,BSCswap: EARTH-BFI,entity,eth-labels,https://github.com/dawsbot/eth-labels,medium,2026-07-17
0x9e57e86a0147a91f8246abc93e84ceb21e4b5abd,bsc,bscswap,BSCswap: LTC-USDT,entity,eth-labels,https://github.com/dawsbot/eth-labels,medium,2026-07-17
0x9e6bee4cb286601f9f16712929499dfd51ac4f79,bsc,bscswap,BSCswap: TOK-BUSD,entity,eth-labels,https://github.com/dawsbot/eth-labels,medium,2026-07-17
0x9e780278c59b317e43c91cab507437c2b2083173,bsc,bscswap,BSCswap: TWT-USDT,entity,eth-labels,https://github.com/dawsbot/eth-labels,medium,2026-07-17
0x9f293e779bee35fb5a7dd9851833cf8cbc5754b9,bsc,bscswap,BSCswap: USDT-THUGS,entity,eth-labels,https://github.com/dawsbot/eth-labels,medium,2026-07-17
0x9f4d0bc3b29204eb23ba542b3e33c6e1f386dd0f,bsc,bscswap,BSCswap: KOGE-BUSD,entity,eth-labels,https://github.com/dawsbot/eth-labels,medium,2026-07-17
0x9f68575fa36875487ce4f082d1cc96ab01b3251f,bsc,bscswap,BSCswap: TUNA,entity,eth-labels,https://github.com/dawsbot/eth-labels,medium,2026-07-17
0x9f7804769dadff9d55dd58ecb0e30e2542c727ac,bsc,bscswap,BSCswap: FROG,entity,eth-labels,https://github.com/dawsbot/eth-labels,medium,2026-07-17
0x9f91c06889fc7c8975f86adbf9ffcf0f410c8503,bsc,bscswap,BSCswap: BZAR-USDT,entity,eth-labels,https://github.com/dawsbot/eth-labels,medium,2026-07-17
0x9fb1a2826c62b7a1b1e996fbdf221ffe70796d45,bsc,bscswap,BSCswap: LIM,entity,eth-labels,https://github.com/dawsbot/eth-labels,medium,2026-07-17
0xa052223d255f8c7c2af536249392e38fd6e59589,bsc,bscswap,BSCswap: XVS,entity,eth-labels,https://github.com/dawsbot/eth-labels,medium,2026-07-17
0xa2109fb6e2e719ae81c010d66130d532278886e7,bsc,bscswap,BSCswap: ANY,entity,eth-labels,https://github.com/dawsbot/eth-labels,medium,2026-07-17
0xa27c9dba2121091fe1940fb1dbe9ccefc78672f8,bsc,bscswap,BSCswap: DCT-BUSD,entity,eth-labels,https://github.com/dawsbot/eth-labels,medium,2026-07-17
0xa2c4ac9059a4f0be8620e9b0618b250f9a609bee,bsc,bscswap,BSCswap: SAMOS,entity,eth-labels,https://github.com/dawsbot/eth-labels,medium,2026-07-17
0xa2ceac3a22fe229a3b0c6baa9a75418f40838df5,bsc,bscswap,BSCswap: RABBIT-MOON,entity,eth-labels,https://github.com/dawsbot/eth-labels,medium,2026-07-17
0xa34cd3dab8947995aedc766ef766174eb39b8138,bsc,bscswap,BSCswap: LSB,entity,eth-labels,https://github.com/dawsbot/eth-labels,medium,2026-07-17
0xa3b17ecb0d740deb5dfb0f00681072c2a22298a7,bsc,bscswap,BSCswap: BOLO-BUSD,entity,eth-labels,https://github.com/dawsbot/eth-labels,medium,2026-07-17
0xa3b27d3db149368492e7ce745c9d56e5e17e565b,bsc,bscswap,BSCswap: BIDEN-TRUMP,entity,eth-labels,https://github.com/dawsbot/eth-labels,medium,2026-07-17
0xa4836ee54240781286d6a0d4ffb492b258190ef4,bsc,bscswap,BSCswap: ARSI,entity,eth-labels,https://github.com/dawsbot/eth-labels,medium,2026-07-17
0xa4ab82b0d9fe7cf9f6c46ba99d137695583b6605,bsc,bscswap,BSCswap: CARGILL,entity,eth-labels,https://github.com/dawsbot/eth-labels,medium,2026-07-17
0xa51c7efa8b58d63a877467ef57cc7223cf8cd471,bsc,bscswap,BSCswap: TestBSC,entity,eth-labels,https://github.com/dawsbot/eth-labels,medium,2026-07-17
0xa555529a32ca154aebafa4daeac26f98e0e570d9,bsc,bscswap,BSCswap: bWRKZ,entity,eth-labels,https://github.com/dawsbot/eth-labels,medium,2026-07-17
0xa5ae5b26e72b1811a8c9a65fd6248bb3c5d0bdfa,bsc,bscswap,BSCswap: YRAB,entity,eth-labels,https://github.com/dawsbot/eth-labels,medium,2026-07-17
0xa5bd1e1429dfc8784ebff2f2fe75fd5283efdf29,bsc,bscswap,BSCswap: LFI-BUSD,entity,eth-labels,https://github.com/dawsbot/eth-labels,medium,2026-07-17
0xa601768bf0cf3481abd328517b2cc5013476f3bb,bsc,bscswap,BSCswap: RAINBOW,entity,eth-labels,https://github.com/dawsbot/eth-labels,medium,2026-07-17
0xa713df44a90827d107a02b20fdec4b57a2700abc,bsc,bscswap,BSCswap: BSC-USD-FRF,entity,eth-labels,https://github.com/dawsbot/eth-labels,medium,2026-07-17
0xa76616e20374fb46c464220bebebbffe22aa3cde,bsc,bscswap,BSCswap: KP3RB,entity,eth-labels,https://github.com/dawsbot/eth-labels,medium,2026-07-17
0xa7725028ded7f05010862f1bd41251a0334a0f2e,bsc,bscswap,BSCswap: DES-USD,entity,eth-labels,https://github.com/dawsbot/eth-labels,medium,2026-07-17
0xa7756b8abb57983867d516c10fe3c6a0fecbb320,bsc,bscswap,BSCswap: LDS,entity,eth-labels,https://github.com/dawsbot/eth-labels,medium,2026-07-17
0xa8a227d97541160db096cf332ea6ea91aeae57f0,bsc,bscswap,BSCswap: FN,entity,eth-labels,https://github.com/dawsbot/eth-labels,medium,2026-07-17
0xa926311b9c8a2368582cbf075cd42e23b726b534,bsc,bscswap,BSCswap: USDT-HOP,entity,eth-labels,https://github.com/dawsbot/eth-labels,medium,2026-07-17
0xa9d49891a555ff938e9d515b16898a10ee604bfc,bsc,bscswap,BSCswap: DAI-USDT,entity,eth-labels,https://github.com/dawsbot/eth-labels,medium,2026-07-17
0xaa0cbf174f3de0e618d54afe83dfe036f39b41cf,bsc,bscswap,BSCswap: ATOM,entity,eth-labels,https://github.com/dawsbot/eth-labels,medium,2026-07-17
0xaae8d15bb54a2533b6154a7fdde63156f4a6dc61,bsc,bscswap,BSCswap: DEGO,entity,eth-labels,https://github.com/dawsbot/eth-labels,medium,2026-07-17
0xab9480058f783f08691f1161e9f36c10fc8da6ae,bsc,bscswap,BSCswap: GUNS-USD-T,entity,eth-labels,https://github.com/dawsbot/eth-labels,medium,2026-07-17
0xac414b82bb504f7eb06087831e0f6b72e472c12e,bsc,bscswap,BSCswap: JNTR/b-DEGEN,entity,eth-labels,https://github.com/dawsbot/eth-labels,medium,2026-07-17
0xacc234978a5eb941665fd051ca48765610d82584,bsc,bscswap,BSCswap: BSWAP Token,entity,eth-labels,https://github.com/dawsbot/eth-labels,medium,2026-07-17
0xaceec0dc05582657e81d1f039a3b25cf84913df8,bsc,bscswap,BSCswap: PHO-BUSD,entity,eth-labels,https://github.com/dawsbot/eth-labels,medium,2026-07-17
0xad02f90abf8abda052c5f0c1d3e9eb6fc859d865,bsc,bscswap,BSCswap: SYRUP,entity,eth-labels,https://github.com/dawsbot/eth-labels,medium,2026-07-17
0xadfda5e40222ff578ce922781d4e4574ab0cea53,bsc,bscswap,BSCswap: cowb,entity,eth-labels,https://github.com/dawsbot/eth-labels,medium,2026-07-17
0xaecbeec6e1547a19948237bbb6eb86b692faf178,bsc,bscswap,BSCswap: BAND,entity,eth-labels,https://github.com/dawsbot/eth-labels,medium,2026-07-17
0xaed1652c624ea68a57bf9da5611c090f42220284,bsc,bscswap,BSCswap: BSWAP-TRTC,entity,eth-labels,https://github.com/dawsbot/eth-labels,medium,2026-07-17
0xaee534bbae9c8650f8354202ec36d3bb36defb1d,bsc,bscswap,BSCswap: ONT,entity,eth-labels,https://github.com/dawsbot/eth-labels,medium,2026-07-17
0xaeed0c66196fa8c5daef60aa8337264fd08c6437,bsc,bscswap,BSCswap: ₯,entity,eth-labels,https://github.com/dawsbot/eth-labels,medium,2026-07-17
0xaf66e810ad9b20f868d0e78d992aa1282dc363ae,bsc,bscswap,BSCswap: USDT-DAU,entity,eth-labels,https://github.com/dawsbot/eth-labels,medium,2026-07-17
0xaf9d62e95c45154eeb9ebbf25b684bb41d6be249,bsc,bscswap,BSCswap: USDT-STM,entity,eth-labels,https://github.com/dawsbot/eth-labels,medium,2026-07-17
0xb27b94a83fdf0b5d2c17a845891a708c6aa92b1d,bsc,bscswap,BSCswap: SYRUP-INNBC,entity,eth-labels,https://github.com/dawsbot/eth-labels,medium,2026-07-17
0xb2e6b0f55141aa6e4fe3c88561573401bac7e9ce,bsc,bscswap,BSCswap: XXXX-TTTT,entity,eth-labels,https://github.com/dawsbot/eth-labels,medium,2026-07-17
0xb3265af0e8e80e3580f6f02c2343d3831575c252,bsc,bscswap,BSCswap: KRN,entity,eth-labels,https://github.com/dawsbot/eth-labels,medium,2026-07-17
0xb3432633e5315776e3a6cf77edb99b8c6da9393e,bsc,bscswap,BSCswap: KOR,entity,eth-labels,https://github.com/dawsbot/eth-labels,medium,2026-07-17
0xb3bfbd68771696c773d58000ae7f4c2225b3a383,bsc,bscswap,BSCswap: KOR-BUSD,entity,eth-labels,https://github.com/dawsbot/eth-labels,medium,2026-07-17
0xb3e8fef890856b37a20e85615656680a8dd1eee2,bsc,bscswap,BSCswap: Ether(ETH),entity,eth-labels,https://github.com/dawsbot/eth-labels,medium,2026-07-17
0xb426668d0fcbdd03b629d6ba3ddc511ca775a59c,bsc,bscswap,BSCswap: BMO-Bank.of.Montreal,entity,eth-labels,https://github.com/dawsbot/eth-labels,medium,2026-07-17
0xb4ed74b660d3472db06c1fef22a964bf54c8651b,bsc,bscswap,BSCswap: YFII,entity,eth-labels,https://github.com/dawsbot/eth-labels,medium,2026-07-17
0xb5c2146f7065e166a14644caa07f8ce3c92c3537,bsc,bscswap,BSCswap: CECO,entity,eth-labels,https://github.com/dawsbot/eth-labels,medium,2026-07-17
0xb5d2c09cc3b56bf32acc78b02a95c3b768912983,bsc,bscswap,BSCswap: JASM,entity,eth-labels,https://github.com/dawsbot/eth-labels,medium,2026-07-17
0xb5f7c732b0b1ebe72c558f484f702b1723b75936,bsc,bscswap,BSCswap: PBNB-BUSD,entity,eth-labels,https://github.com/dawsbot/eth-labels,medium,2026-07-17
0xb65e8e0c37bd54f26388b2e27d99eb4a3b5c4761,bsc,bscswap,BSCswap: ETH-BSWAP,entity,eth-labels,https://github.com/dawsbot/eth-labels,medium,2026-07-17
0xb67455cb6a9ba83c06c5421b8316ef09e5e6b5e1,bsc,bscswap,BSCswap: BHC-DEGEN,entity,eth-labels,https://github.com/dawsbot/eth-labels,medium,2026-07-17
0xb68c6dedf07921ec4112ce612afebc6cb3f076f7,bsc,bscswap,BSCswap: BLOK,entity,eth-labels,https://github.com/dawsbot/eth-labels,medium,2026-07-17
0xb6b066ee7186af64241651a1071af9929894acac,bsc,bscswap,BSCswap: CISC,entity,eth-labels,https://github.com/dawsbot/eth-labels,medium,2026-07-17
0xb6d8f8e34794fd753d7efccc6b43a5049288ea12,bsc,bscswap,BSCswap: BSC-USD-HVT,entity,eth-labels,https://github.com/dawsbot/eth-labels,medium,2026-07-17
0xb70f57f66e6343f9d9089a50b3267d0b14f945ad,bsc,bscswap,BSCswap: Tesla.Inc(NASDAQ)TSLA,entity,eth-labels,https://github.com/dawsbot/eth-labels,medium,2026-07-17
0xb7524072b721670630d985fcd4cf0e4a57e03452,bsc,bscswap,BSCswap: LFI-BAI,entity,eth-labels,https://github.com/dawsbot/eth-labels,medium,2026-07-17
0xb786431a801d0d0388b065e8ae371787d5825125,bsc,bscswap,BSCswap: BSWAP,entity,eth-labels,https://github.com/dawsbot/eth-labels,medium,2026-07-17
0xb7a5e84fb4a5af9fadda9652a1d8bddc28781a19,bsc,bscswap,BSCswap: BAI-BUSD,entity,eth-labels,https://github.com/dawsbot/eth-labels,medium,2026-07-17
0xb7c8eca8756262e04c1278f0e840d1d42c1485eb,bsc,bscswap,BSCswap: BZAR-EOS,entity,eth-labels,https://github.com/dawsbot/eth-labels,medium,2026-07-17
0xb80ad32254a6e4f5b4a2e4bc47e5a6968e3a305b,bsc,bscswap,BSCswap: CZ 2,entity,eth-labels,https://github.com/dawsbot/eth-labels,medium,2026-07-17
0xb861d104f8ab0560d06044d7f5acaba20748841d,bsc,bscswap,BSCswap: BFI-DEGEN,entity,eth-labels,https://github.com/dawsbot/eth-labels,medium,2026-07-17
0xb8a0b321e6599249be071030eae2da1a094a80d1,bsc,bscswap,BSCswap: PET,entity,eth-labels,https://github.com/dawsbot/eth-labels,medium,2026-07-17
0xb8a11c3a208afb1f688e257d685e82568fc4052a,bsc,bscswap,BSCswap: SHH,entity,eth-labels,https://github.com/dawsbot/eth-labels,medium,2026-07-17
0xb8a2ac17e81a1eb66ee95b509d371a4b85fddfd3,bsc,bscswap,BSCswap: OIL,entity,eth-labels,https://github.com/dawsbot/eth-labels,medium,2026-07-17
0xb8f5d98f5b4a3aeccb83b3782c26a218f7160c95,bsc,bscswap,BSCswap: JFIN-T-BUSD,entity,eth-labels,https://github.com/dawsbot/eth-labels,medium,2026-07-17
0xb97361bb0cfc5062122e19ed88dc9ec30f99e8ec,bsc,bscswap,BSCswap: PBS,entity,eth-labels,https://github.com/dawsbot/eth-labels,medium,2026-07-17
0xb9895a1669329d4209d735c42fb106b9df0948e8,bsc,bscswap,BSCswap: RDC,entity,eth-labels,https://github.com/dawsbot/eth-labels,medium,2026-07-17
0xb9bd935c04ec1e4eedbd79aacf85067fe98b256c,bsc,bscswap,BSCswap: BHC-BUSD,entity,eth-labels,https://github.com/dawsbot/eth-labels,medium,2026-07-17
0xba0a4e568ce567579db38a8088e3cc12b959eaa7,bsc,bscswap,BSCswap: PUMK-BUSD,entity,eth-labels,https://github.com/dawsbot/eth-labels,medium,2026-07-17
0xbabb960c2f90e9fe0205b35d9d6e57e22677084a,bsc,bscswap,BSCswap: Cake-TWT,entity,eth-labels,https://github.com/dawsbot/eth-labels,medium,2026-07-17
0xbb5cf54c606027878b02ce64b7f047b4969c0c3e,bsc,bscswap,BSCswap: NCT,entity,eth-labels,https://github.com/dawsbot/eth-labels,medium,2026-07-17
0xbb9f294c573f7963368a6f02d53fdf0ecda17fe3,bsc,bscswap,BSCswap: EMC,entity,eth-labels,https://github.com/dawsbot/eth-labels,medium,2026-07-17
0xbc105340fccf2fc7c487ab025cd7c5498479f054,bsc,bscswap,BSCswap: ₿itcoin(BTC),entity,eth-labels,https://github.com/dawsbot/eth-labels,medium,2026-07-17
0xbc20def3d0b4d9815d7cea494f4198baf00e7365,bsc,bscswap,BSCswap: BUSD-BURN,entity,eth-labels,https://github.com/dawsbot/eth-labels,medium,2026-07-17
0xbcf0246364fe102dffdad929407d876620999885,bsc,bscswap,BSCswap: DB,entity,eth-labels,https://github.com/dawsbot/eth-labels,medium,2026-07-17
0xbd1f6e5acf2a79569c625d7e73ca902420adb727,bsc,bscswap,BSCswap: BDC,entity,eth-labels,https://github.com/dawsbot/eth-labels,medium,2026-07-17
0xbd6c35135a28607949dd51500f3d4310c2f78380,bsc,bscswap,BSCswap: Cake-DEGEN,entity,eth-labels,https://github.com/dawsbot/eth-labels,medium,2026-07-17
0xbd86c1d5af574350e61245eb523bae9a241fd36a,bsc,bscswap,BSCswap: Grimace,entity,eth-labels,https://github.com/dawsbot/eth-labels,medium,2026-07-17
0xbe026eca4059c2205a86deb82b097adbf612bd0c,bsc,bscswap,BSCswap: TCORE,entity,eth-labels,https://github.com/dawsbot/eth-labels,medium,2026-07-17
0xbe31b646fd06cca722322d8d148724cbe39e1781,bsc,bscswap,BSCswap: BLP-MOON,entity,eth-labels,https://github.com/dawsbot/eth-labels,medium,2026-07-17
0xbe3b3194410dcc94a692e9a2e7bcb3746e37b99d,bsc,bscswap,BSCswap: OGC,entity,eth-labels,https://github.com/dawsbot/eth-labels,medium,2026-07-17
0xbe66a1229c9072e60be706097f5c916faa21cbcb,bsc,bscswap,BSCswap: PROPEL,entity,eth-labels,https://github.com/dawsbot/eth-labels,medium,2026-07-17
0xbf41ceac8b9ca0bdeb5a284453a03c38316f8b2d,bsc,bscswap,BSCswap: TTNT,entity,eth-labels,https://github.com/dawsbot/eth-labels,medium,2026-07-17
0xbf60a261fd9c249041a757967a87796d4a41a352,bsc,bscswap,BSCswap: JACKPOT,entity,eth-labels,https://github.com/dawsbot/eth-labels,medium,2026-07-17
0xbf87a3bc84147fe08ff51ea28b6805cf3df43622,bsc,bscswap,BSCswap: RUG_OCT15,entity,eth-labels,https://github.com/dawsbot/eth-labels,medium,2026-07-17
0xbfaa9882f42a79a460356fc5b17c30baf74ebdad,bsc,bscswap,BSCswap: AmYesMoney,entity,eth-labels,https://github.com/dawsbot/eth-labels,medium,2026-07-17
0xc03b5504b89cf8c81d23c8fdbd5921ec207315b4,bsc,bscswap,BSCswap: DOP-BUSD,entity,eth-labels,https://github.com/dawsbot/eth-labels,medium,2026-07-17
0xc04e7736c9261017a5efe65e42646cbd17ba3a7a,bsc,bscswap,BSCswap: XTR,entity,eth-labels,https://github.com/dawsbot/eth-labels,medium,2026-07-17
0xc097eea6b994f973b71d1078a8b7329db8f77854,bsc,bscswap,BSCswap: PUSH-BUSD,entity,eth-labels,https://github.com/dawsbot/eth-labels,medium,2026-07-17
0xc117550b71e59f704c5da585834fb3237f7ded26,bsc,bscswap,BSCswap: BIO-BUSD,entity,eth-labels,https://github.com/dawsbot/eth-labels,medium,2026-07-17
0xc2437e865f314f74f06f213173a29523342e2aa1,bsc,bscswap,BSCswap: Cake-Saturn,entity,eth-labels,https://github.com/dawsbot/eth-labels,medium,2026-07-17
0xc26e5dd39c31b204a6a24a98cc8b036914340237,bsc,bscswap,BSCswap: MKN,entity,eth-labels,https://github.com/dawsbot/eth-labels,medium,2026-07-17
0xc31991a493acad5f4dc39c3e08776cf11d23fb3f,bsc,bscswap,BSCswap: Beer,entity,eth-labels,https://github.com/dawsbot/eth-labels,medium,2026-07-17
0xc3257c173b1475702e45048e4304ff28ce7f8207,bsc,bscswap,BSCswap: MANC,entity,eth-labels,https://github.com/dawsbot/eth-labels,medium,2026-07-17
0xc32cbbfad0811061fb2bb0bc977caf2440cd202e,bsc,bscswap,BSCswap: KKC,entity,eth-labels,https://github.com/dawsbot/eth-labels,medium,2026-07-17
0xc34b4ed2b878d2fbb2ba466e7ac4110da9252751,bsc,bscswap,BSCswap: bWETH,entity,eth-labels,https://github.com/dawsbot/eth-labels,medium,2026-07-17
0xc41e51ec283c7f45ac5a6e28b653f82cdd60c05d,bsc,bscswap,BSCswap: RCK,entity,eth-labels,https://github.com/dawsbot/eth-labels,medium,2026-07-17
0xc42207496c243ed801be56aacabfa9c5c6880fa3,bsc,bscswap,BSCswap: SANTA-BUSD,entity,eth-labels,https://github.com/dawsbot/eth-labels,medium,2026-07-17
0xc42500348b2ae3869a9fab09fc42bfcdead718c7,bsc,bscswap,BSCswap: BURGER-SPARTA,entity,eth-labels,https://github.com/dawsbot/eth-labels,medium,2026-07-17
0xc459ba66832399686cbb60d8780f214e8f6690b5,bsc,bscswap,BSCswap: BLP 3,entity,eth-labels,https://github.com/dawsbot/eth-labels,medium,2026-07-17
0xc49d1cb3010756a25ae7488bbbf7e45722a8202e,bsc,bscswap,BSCswap: COIN,entity,eth-labels,https://github.com/dawsbot/eth-labels,medium,2026-07-17
0xc534b15792bb32a418489f9f33a3b644a8d294d1,bsc,bscswap,BSCswap: HOTDOG-BUSD,entity,eth-labels,https://github.com/dawsbot/eth-labels,medium,2026-07-17
0xc5677a00f7bab94b50c678dc8ea5e333e86865e3,bsc,bscswap,BSCswap: SCAM-LFI,entity,eth-labels,https://github.com/dawsbot/eth-labels,medium,2026-07-17
0xc5c84863d32f41ad60eb2dead2d69c9553541616,bsc,bscswap,BSCswap: BSWAP 2,entity,eth-labels,https://github.com/dawsbot/eth-labels,medium,2026-07-17
0xc666c47a16e70b239aa537dd31da660132e805bf,bsc,bscswap,BSCswap: BAI,entity,eth-labels,https://github.com/dawsbot/eth-labels,medium,2026-07-17
0xc689f249622bc93b117404f74a1ba232183730c3,bsc,bscswap,BSCswap: Cake,entity,eth-labels,https://github.com/dawsbot/eth-labels,medium,2026-07-17
0xc6925e505a644add84e62ea1dbdc26c515a1f49a,bsc,bscswap,BSCswap: TCY,entity,eth-labels,https://github.com/dawsbot/eth-labels,medium,2026-07-17
0xc6a54275c42ac3cee141fc548005eb95cd3589ee,bsc,bscswap,BSCswap: FOX,entity,eth-labels,https://github.com/dawsbot/eth-labels,medium,2026-07-17
0xc7052cb4a0fe05156dcb2d22a6905edc4b35ab6f,bsc,bscswap,BSCswap: FARM,entity,eth-labels,https://github.com/dawsbot/eth-labels,medium,2026-07-17
0xc7470414215b3d7a7272889ece1c3125f2cf7043,bsc,bscswap,BSCswap: SNTK,entity,eth-labels,https://github.com/dawsbot/eth-labels,medium,2026-07-17
0xc78e20d5614589cd51926f6d602554d66e9d17f7,bsc,bscswap,BSCswap: LUCHOW,entity,eth-labels,https://github.com/dawsbot/eth-labels,medium,2026-07-17
0xc794130db47d266e71387f1540bc039a9fa6e66e,bsc,bscswap,BSCswap: ETH-PTTP,entity,eth-labels,https://github.com/dawsbot/eth-labels,medium,2026-07-17
0xc82c749e3fd95ecd9428228379b7710743e92db6,bsc,bscswap,BSCswap: MOON-BUSD,entity,eth-labels,https://github.com/dawsbot/eth-labels,medium,2026-07-17
0xc8a39bedecad27052050396b24ae300896d7942e,bsc,bscswap,BSCswap: Diners.Club.International,entity,eth-labels,https://github.com/dawsbot/eth-labels,medium,2026-07-17
0xc9c1cdb1ad05900d3de6e627a555527eb5b57888,bsc,bscswap,BSCswap: VNF-SXP,entity,eth-labels,https://github.com/dawsbot/eth-labels,medium,2026-07-17
0xc9cde9e376a5cab8ebc5f68706c70fe1228d041c,bsc,bscswap,BSCswap: MJACK,entity,eth-labels,https://github.com/dawsbot/eth-labels,medium,2026-07-17
0xca23840322f69324219290ad08e03d5997ab6ef9,bsc,bscswap,BSCswap: USDT-BTCB,entity,eth-labels,https://github.com/dawsbot/eth-labels,medium,2026-07-17
0xca5fdbf6604384e1ca020f388c2c6583e295bfd5,bsc,bscswap,BSCswap: RPC,entity,eth-labels,https://github.com/dawsbot/eth-labels,medium,2026-07-17
0xcaad99cb68fc0197a54ce16be5f4ca7f1a1b5d70,bsc,bscswap,BSCswap: ADA-USDT,entity,eth-labels,https://github.com/dawsbot/eth-labels,medium,2026-07-17
0xcae8798e6559cfc5f52e531caf1e1b0a3e2b6c11,bsc,bscswap,BSCswap: CAT-BUSD,entity,eth-labels,https://github.com/dawsbot/eth-labels,medium,2026-07-17
0xcb0fcd54a1539cb0376d620fae884d903164601c,bsc,bscswap,BSCswap: SANTA-BSWAP,entity,eth-labels,https://github.com/dawsbot/eth-labels,medium,2026-07-17
0xcc3cf56534434c71035acf5e23f33160361f920d,bsc,bscswap,BSCswap: HDPL-HYPC,entity,eth-labels,https://github.com/dawsbot/eth-labels,medium,2026-07-17
0xcc4c03ee30365ad9ecc81edc46f31a072a08cf7b,bsc,bscswap,BSCswap: KOGE,entity,eth-labels,https://github.com/dawsbot/eth-labels,medium,2026-07-17
0xccce135fc63dbf68ee36070a671fc2fde72505d1,bsc,bscswap,BSCswap: PROPEL-BUSD,entity,eth-labels,https://github.com/dawsbot/eth-labels,medium,2026-07-17
0xcd73937de76a345a37b8ddaa318e47847f3aaea1,bsc,bscswap,BSCswap: EPC,entity,eth-labels,https://github.com/dawsbot/eth-labels,medium,2026-07-17
0xcd9947a0174a12e599b8fed60e6263cb0137ed93,bsc,bscswap,BSCswap: DEFI-BUSD,entity,eth-labels,https://github.com/dawsbot/eth-labels,medium,2026-07-17
0xcdb5902499e856478dc5130779ba89408ffe3523,bsc,bscswap,BSCswap: NGAIA,entity,eth-labels,https://github.com/dawsbot/eth-labels,medium,2026-07-17
0xcdcfe5387b7902db00bee7aab15054550cadf624,bsc,bscswap,BSCswap: PBNB-PUSD,entity,eth-labels,https://github.com/dawsbot/eth-labels,medium,2026-07-17
0xcebddbfdec48754cf3b150d18e113463be8f64e2,bsc,bscswap,BSCswap: ECARE-BUSD-T,entity,eth-labels,https://github.com/dawsbot/eth-labels,medium,2026-07-17
0xcf5eb4d708cda58c3491a7838fd307f6094f69ce,bsc,bscswap,BSCswap: FREE,entity,eth-labels,https://github.com/dawsbot/eth-labels,medium,2026-07-17
0xcf63c01658433090939b4825632ecd83e67ca58a,bsc,bscswap,BSCswap: PUSH-PETH,entity,eth-labels,https://github.com/dawsbot/eth-labels,medium,2026-07-17
0xcf8369e48038db52b58df754ede0a2ca25fc6fb4,bsc,bscswap,BSCswap: RBT,entity,eth-labels,https://github.com/dawsbot/eth-labels,medium,2026-07-17
0xcfca87687c0fe5698e181b9acb7b3f1e9a9876ab,bsc,bscswap,BSCswap: MGC,entity,eth-labels,https://github.com/dawsbot/eth-labels,medium,2026-07-17
0xd0072957f059070577b12a2cb77467b54d1e34ba,bsc,bscswap,BSCswap: BORGDAI,entity,eth-labels,https://github.com/dawsbot/eth-labels,medium,2026-07-17
0xd052b0d694b27826a9c94efffa6c52b08a4d3e1f,bsc,bscswap,BSCswap: rDEGEN,entity,eth-labels,https://github.com/dawsbot/eth-labels,medium,2026-07-17
0xd085110a7ac6570efcf13b9fbdb70c27117d3299,bsc,bscswap,BSCswap: APX,entity,eth-labels,https://github.com/dawsbot/eth-labels,medium,2026-07-17
0xd08568577a1fc76c5bdebcc8d598e07dd1cb7dd7,bsc,bscswap,BSCswap: ASTRODOGE,entity,eth-labels,https://github.com/dawsbot/eth-labels,medium,2026-07-17
0xd10c6de8f7ecefb728358d4745e829919080e809,bsc,bscswap,BSCswap: TUNA-BUSD,entity,eth-labels,https://github.com/dawsbot/eth-labels,medium,2026-07-17
0xd1b25bec94852f765d74731b77f26a197604fccb,bsc,bscswap,BSCswap: METAVC-BUSD,entity,eth-labels,https://github.com/dawsbot/eth-labels,medium,2026-07-17
0xd24fd89739fb52ffab0ace72123b87bf585d0754,bsc,bscswap,BSCswap: INTEC,entity,eth-labels,https://github.com/dawsbot/eth-labels,medium,2026-07-17
0xd27425598f86fcd53b57a526836c0f84cf4a5fc5,bsc,bscswap,BSCswap: DAI-DAU,entity,eth-labels,https://github.com/dawsbot/eth-labels,medium,2026-07-17
0xd2bc33b0415ef97dd7157545d3e3a25b924e632d,bsc,bscswap,BSCswap: HVT-BUSD,entity,eth-labels,https://github.com/dawsbot/eth-labels,medium,2026-07-17
0xd2e2bfd5cbfa4116cd0a026fe5263a9ba90836b2,bsc,bscswap,BSCswap: DOSW,entity,eth-labels,https://github.com/dawsbot/eth-labels,medium,2026-07-17
0xd37d0776b2914acaf6e8b30a323242685262d491,bsc,bscswap,BSCswap: USDT-ANKR,entity,eth-labels,https://github.com/dawsbot/eth-labels,medium,2026-07-17
0xd43ac00eea7286c7f365122da998b8896fba7942,bsc,bscswap,BSCswap: BTCB-BHC,entity,eth-labels,https://github.com/dawsbot/eth-labels,medium,2026-07-17
0xd44f06d7002fa67b29c076fb1b7480178eb87c7e,bsc,bscswap,BSCswap: pik,entity,eth-labels,https://github.com/dawsbot/eth-labels,medium,2026-07-17
0xd4a542019ed0010fd4fab72484e21a40d9d7464d,bsc,bscswap,BSCswap: USDT-FOR,entity,eth-labels,https://github.com/dawsbot/eth-labels,medium,2026-07-17
0xd4a96069d91bed61c27964ced301749e1c2e22a8,bsc,bscswap,BSCswap: PLC,entity,eth-labels,https://github.com/dawsbot/eth-labels,medium,2026-07-17
0xd4ebc03569df2ceae91ed89bb34a1cb63acc5e49,bsc,bscswap,BSCswap: SCAM-BSW,entity,eth-labels,https://github.com/dawsbot/eth-labels,medium,2026-07-17
0xd4fdae545594c1efea7e076c5dd2c2f7dc9f15ea,bsc,bscswap,BSCswap: BSC-USD-TANGPING,entity,eth-labels,https://github.com/dawsbot/eth-labels,medium,2026-07-17
0xd5c10cef49086d97c9fa329573997bf1095e2739,bsc,bscswap,BSCswap: ICE,entity,eth-labels,https://github.com/dawsbot/eth-labels,medium,2026-07-17
0xd6210662036da8c339781e957c22bfbd870a8b89,bsc,bscswap,BSCswap: PBANK,entity,eth-labels,https://github.com/dawsbot/eth-labels,medium,2026-07-17
0xd6b41eaf1f24c2f03afcacaffd933a6dae349967,bsc,bscswap,BSCswap: BLP,entity,eth-labels,https://github.com/dawsbot/eth-labels,medium,2026-07-17
0xd700b19b8e37e4d343ff91d425f830269a9d938e,bsc,bscswap,BSCswap: Bluenosedoge-Blue Oggy,entity,eth-labels,https://github.com/dawsbot/eth-labels,medium,2026-07-17
0xd71229da8633f7fe9bad02c6a49b8ad89daa5971,bsc,bscswap,BSCswap: DLT,entity,eth-labels,https://github.com/dawsbot/eth-labels,medium,2026-07-17
0xd7cde59beed79e22a195623235d6fd8310bbd7b2,bsc,bscswap,BSCswap: DAU,entity,eth-labels,https://github.com/dawsbot/eth-labels,medium,2026-07-17
0xd81ae81eaa92b3276f7783857b1b263d68b1c864,bsc,bscswap,BSCswap: DAF,entity,eth-labels,https://github.com/dawsbot/eth-labels,medium,2026-07-17
0xd820869846f3222a67ebf54a1713841be359b3d0,bsc,bscswap,BSCswap: Cake-USDT,entity,eth-labels,https://github.com/dawsbot/eth-labels,medium,2026-07-17
0xd83b725734b48670dccd25149d6d38949db36069,bsc,bscswap,BSCswap: BC3,entity,eth-labels,https://github.com/dawsbot/eth-labels,medium,2026-07-17
0xd901a981a6f820eb42fdb0aab4e920aa2c19353f,bsc,bscswap,BSCswap: JUICY,entity,eth-labels,https://github.com/dawsbot/eth-labels,medium,2026-07-17
0xd9702f1179534d937096c8fec8c2c3e6c47d8f5e,bsc,bscswap,BSCswap: THA,entity,eth-labels,https://github.com/dawsbot/eth-labels,medium,2026-07-17
0xd99b7db75da0ff5dad462707683f6a25b723d89f,bsc,bscswap,BSCswap: ZHM,entity,eth-labels,https://github.com/dawsbot/eth-labels,medium,2026-07-17
0xd9a11da36d58f8bd6f62e399aa1686e59a107826,bsc,bscswap,BSCswap: SAFU,entity,eth-labels,https://github.com/dawsbot/eth-labels,medium,2026-07-17
0xda395f68b160aa58456ba49c3ad2edc8c67d3558,bsc,bscswap,BSCswap: BSC-USD-REVCC,entity,eth-labels,https://github.com/dawsbot/eth-labels,medium,2026-07-17
0xda3d43fd3236a9434159006dd90980d5e04d447c,bsc,bscswap,BSCswap: BUSD-PUSD,entity,eth-labels,https://github.com/dawsbot/eth-labels,medium,2026-07-17
0xda421549d5ff7e1aa01eae34bf3728a740c33877,bsc,bscswap,BSCswap: QAA,entity,eth-labels,https://github.com/dawsbot/eth-labels,medium,2026-07-17
0xda5d4a84588f385ab2325ab09b2907ee507af02c,bsc,bscswap,BSCswap: ZEBRO,entity,eth-labels,https://github.com/dawsbot/eth-labels,medium,2026-07-17
0xda7814e5a7d2c55c08b364c5577d53d3ec59f561,bsc,bscswap,BSCswap: BZK,entity,eth-labels,https://github.com/dawsbot/eth-labels,medium,2026-07-17
0xdab2bf2480a3ea844ba03cf06a3ce454511a81c2,bsc,bscswap,BSCswap: USDT-MOON,entity,eth-labels,https://github.com/dawsbot/eth-labels,medium,2026-07-17
0xdae9b0f6e997b08819ca8ed8f6312e0ba6246c88,bsc,bscswap,BSCswap: PUSH-PBTC,entity,eth-labels,https://github.com/dawsbot/eth-labels,medium,2026-07-17
0xdb21b1bc388fb934627aba6a8860e188f40b0a99,bsc,bscswap,BSCswap: IUM,entity,eth-labels,https://github.com/dawsbot/eth-labels,medium,2026-07-17
0xdb3f632910c55aa66860b45a86c214ad407473d1,bsc,bscswap,BSCswap: BFI-KEK,entity,eth-labels,https://github.com/dawsbot/eth-labels,medium,2026-07-17
0xdb740f15629d07086b13fab14e49a674721199ff,bsc,bscswap,BSCswap: SOUL-USDT,entity,eth-labels,https://github.com/dawsbot/eth-labels,medium,2026-07-17
0xdb9d76a8e71ebbb9912b4cd290c466330941a71b,bsc,bscswap,BSCswap: ShinBSC,entity,eth-labels,https://github.com/dawsbot/eth-labels,medium,2026-07-17
0xdbaa6d55078781cbab188c224b5ca574811a8812,bsc,bscswap,BSCswap: blink-BSWAP,entity,eth-labels,https://github.com/dawsbot/eth-labels,medium,2026-07-17
0xdbb9c2f105ed338799561611647946e9ee1e9d9d,bsc,bscswap,BSCswap: MANGO-BTCB,entity,eth-labels,https://github.com/dawsbot/eth-labels,medium,2026-07-17
0xdc429acfb6a3863c1ca30372fbef946b47599fa5,bsc,bscswap,BSCswap: crBNB,entity,eth-labels,https://github.com/dawsbot/eth-labels,medium,2026-07-17
0xdcb409dfec5de4db774c8acf49b33fe61d7d5e38,bsc,bscswap,BSCswap: BFI-BUSD,entity,eth-labels,https://github.com/dawsbot/eth-labels,medium,2026-07-17
0xddca72aad919fa67c8814c3ffe050d305ad4d9cc,bsc,bscswap,BSCswap: trhm,entity,eth-labels,https://github.com/dawsbot/eth-labels,medium,2026-07-17
0xddd4a7a82f417e9ab4435f196e2551c399f61b6c,bsc,bscswap,BSCswap: BSC-USD-BUEOG,entity,eth-labels,https://github.com/dawsbot/eth-labels,medium,2026-07-17
0xde11a9293a585a97b5389c31a89fea036a0e9479,bsc,bscswap,BSCswap: UNFI,entity,eth-labels,https://github.com/dawsbot/eth-labels,medium,2026-07-17
0xde2094b16077c501683eca78c6774b35d111a3e5,bsc,bscswap,BSCswap: USDT-DEGEN 2,entity,eth-labels,https://github.com/dawsbot/eth-labels,medium,2026-07-17
0xde81db848eb61d5189f3b9d83c7fc140547a4129,bsc,bscswap,BSCswap: LMT,entity,eth-labels,https://github.com/dawsbot/eth-labels,medium,2026-07-17
0xdea0b7b6a366a46457a52334ac187a22bcac91c8,bsc,bscswap,BSCswap: bROOBEE-BUSD,entity,eth-labels,https://github.com/dawsbot/eth-labels,medium,2026-07-17
0xdeb7f424f8b7ae62032810ba992bfae04f564e11,bsc,bscswap,BSCswap: TES,entity,eth-labels,https://github.com/dawsbot/eth-labels,medium,2026-07-17
0xdecee10982ec752c89850ef45823d62d2c60c4da,bsc,bscswap,BSCswap: XRP-BSWAP,entity,eth-labels,https://github.com/dawsbot/eth-labels,medium,2026-07-17
0xdfaa3818147701a4588539d763984e0c44c41080,bsc,bscswap,BSCswap: ATLS,entity,eth-labels,https://github.com/dawsbot/eth-labels,medium,2026-07-17
0xe0a781751e856227e445dfdc443b83070a17c486,bsc,bscswap,BSCswap: USDT-BTCB 2,entity,eth-labels,https://github.com/dawsbot/eth-labels,medium,2026-07-17
0xe0b0706863d840a354d2f509f232457dc1b96c06,bsc,bscswap,BSCswap: QTBC,entity,eth-labels,https://github.com/dawsbot/eth-labels,medium,2026-07-17
0xe0bfcf1d9bb2797acb1d47ae085ecbfc4f9f5554,bsc,bscswap,BSCswap: ZEC-USDT,entity,eth-labels,https://github.com/dawsbot/eth-labels,medium,2026-07-17
0xe0c3ed0d312f296171db53c51f23d5a98f338e45,bsc,bscswap,BSCswap: IOTX,entity,eth-labels,https://github.com/dawsbot/eth-labels,medium,2026-07-17
0xe1553922206d0cfc972c1a706157d269aac545f8,bsc,bscswap,BSCswap: BLP 2,entity,eth-labels,https://github.com/dawsbot/eth-labels,medium,2026-07-17
0xe17dc8499b546128b7af99555b476d513e7717bd,bsc,bscswap,BSCswap: PEACH-BUSD,entity,eth-labels,https://github.com/dawsbot/eth-labels,medium,2026-07-17
0xe1c1a7550b84934901ef7e204c181409576b491b,bsc,bscswap,BSCswap: YNFI,entity,eth-labels,https://github.com/dawsbot/eth-labels,medium,2026-07-17
0xe1e4c4ff200ed8874f6ea40bb4627eda2ce2f34b,bsc,bscswap,BSCswap: SHIBAPAY,entity,eth-labels,https://github.com/dawsbot/eth-labels,medium,2026-07-17
0xe2bbc0c72cdcabe1f1d42fa1f6a58ff70c979dd5,bsc,bscswap,BSCswap: INNBC-BSWAP,entity,eth-labels,https://github.com/dawsbot/eth-labels,medium,2026-07-17
0xe2c38ae7039918315679cee37ae3cfc18b0aaa7c,bsc,bscswap,BSCswap: USDT-DEGEN,entity,eth-labels,https://github.com/dawsbot/eth-labels,medium,2026-07-17
0xe3ab5f1482fce3d65fa021ba4be61e5e02ddba0c,bsc,bscswap,BSCswap: Saturn,entity,eth-labels,https://github.com/dawsbot/eth-labels,medium,2026-07-17
0xe43aa6dc048ac610eed16a26727c242ad44ddcdc,bsc,bscswap,BSCswap: GIAN,entity,eth-labels,https://github.com/dawsbot/eth-labels,medium,2026-07-17
0xe514264b927044ba7a7469093869e18ee51e95b5,bsc,bscswap,BSCswap: DEFI,entity,eth-labels,https://github.com/dawsbot/eth-labels,medium,2026-07-17
0xe54d0ce3df4d9233157d4637b3543c0874317436,bsc,bscswap,BSCswap: DN,entity,eth-labels,https://github.com/dawsbot/eth-labels,medium,2026-07-17
0xe61d0dbf43bb74d8f0e03a70f815a7c9f8626e15,bsc,bscswap,BSCswap: IGSC,entity,eth-labels,https://github.com/dawsbot/eth-labels,medium,2026-07-17
0xe6a6a379f939b69c0d41303b85588295407ce992,bsc,bscswap,BSCswap: KP3RB-DEGEN,entity,eth-labels,https://github.com/dawsbot/eth-labels,medium,2026-07-17
0xe6dcb4cac22b4e591d6e5d8eeb61600a2158b1dc,bsc,bscswap,BSCswap: BUSD-POOL,entity,eth-labels,https://github.com/dawsbot/eth-labels,medium,2026-07-17
0xe6f566f5502364ccf62af53465d1ee5ee726c3d4,bsc,bscswap,BSCswap: BTCB-BSWAP,entity,eth-labels,https://github.com/dawsbot/eth-labels,medium,2026-07-17
0xe71b93dd975303ee09f04a7bb47fbb2a963523cf,bsc,bscswap,BSCswap: POOL,entity,eth-labels,https://github.com/dawsbot/eth-labels,medium,2026-07-17
0xe7236840d7742f138a4e6993d868d24389351244,bsc,bscswap,BSCswap: BTCB-DEGEN,entity,eth-labels,https://github.com/dawsbot/eth-labels,medium,2026-07-17
0xe75964cf06d292dd0f59ae825c8ee96db4ee1e10,bsc,bscswap,BSCswap: ICM,entity,eth-labels,https://github.com/dawsbot/eth-labels,medium,2026-07-17
0xe7bc8c253a055a13ae53d17ca2998bb65503a61f,bsc,bscswap,BSCswap: DAI-BORGDAI,entity,eth-labels,https://github.com/dawsbot/eth-labels,medium,2026-07-17
0xe813cb8af896a87215eea4fe2e5cb9c9b640c360,bsc,bscswap,BSCswap: IUM-VAL,entity,eth-labels,https://github.com/dawsbot/eth-labels,medium,2026-07-17
0xe820860ee708a1f8e2c50daffcdcf733bd730642,bsc,bscswap,BSCswap: FIZI,entity,eth-labels,https://github.com/dawsbot/eth-labels,medium,2026-07-17
0xe99ce38eebdc4b3d5f8fed6dbf19240c969fcbd1,bsc,bscswap,BSCswap: BHC,entity,eth-labels,https://github.com/dawsbot/eth-labels,medium,2026-07-17
0xea7b0806b1d03c1bb00e402217066bca797a1d36,bsc,bscswap,BSCswap: USDT-BCH,entity,eth-labels,https://github.com/dawsbot/eth-labels,medium,2026-07-17
0xeb9ead0aecee2293b558c85ced7e4131217005ce,bsc,bscswap,BSCswap: ARUB-BSC-USD,entity,eth-labels,https://github.com/dawsbot/eth-labels,medium,2026-07-17
0xecee35b2531bbe0e307d220a072220dd08af09c9,bsc,bscswap,BSCswap: RNL,entity,eth-labels,https://github.com/dawsbot/eth-labels,medium,2026-07-17
0xed1c54c593219e154efd50fb89e82c65c328599d,bsc,bscswap,BSCswap: JULb-BUSD,entity,eth-labels,https://github.com/dawsbot/eth-labels,medium,2026-07-17
0xed6b5974f9cd109ae0b4c9cca009e4380cc3b914,bsc,bscswap,BSCswap: BTCB-HOP,entity,eth-labels,https://github.com/dawsbot/eth-labels,medium,2026-07-17
0xedb814b15774989669779042ffbf82a1361d031a,bsc,bscswap,BSCswap: DRUGS,entity,eth-labels,https://github.com/dawsbot/eth-labels,medium,2026-07-17
0xedf6c46e7eb97b4824577fce1c257e9ef66f6b8d,bsc,bscswap,BSCswap: FRIES-BUSD,entity,eth-labels,https://github.com/dawsbot/eth-labels,medium,2026-07-17
0xee0a18067f897c24ebc9af7aaa0ae8697471feef,bsc,bscswap,BSCswap: ADA-BHC,entity,eth-labels,https://github.com/dawsbot/eth-labels,medium,2026-07-17
0xee5048609de821864071bc4b3b8c0e513c2aed30,bsc,bscswap,BSCswap: LFI,entity,eth-labels,https://github.com/dawsbot/eth-labels,medium,2026-07-17
0xee911a684201ffbc42b322e5a5234f4368c7e1d9,bsc,bscswap,BSCswap: JNTR/b-BSWAP,entity,eth-labels,https://github.com/dawsbot/eth-labels,medium,2026-07-17
0xee991cfc0c9ebd1016b9e02838d70492f007f2e3,bsc,bscswap,BSCswap: Visa.Inc(NYSE):V,entity,eth-labels,https://github.com/dawsbot/eth-labels,medium,2026-07-17
0xeefc84091da9c1d37b4f894b9654a3393c83a6cc,bsc,bscswap,BSCswap: BOLO-BBTC,entity,eth-labels,https://github.com/dawsbot/eth-labels,medium,2026-07-17
0xef99d4d637fe471e905835434d5b64c91c7159b5,bsc,bscswap,BSCswap: BSC-USD-DEVS,entity,eth-labels,https://github.com/dawsbot/eth-labels,medium,2026-07-17
0xefc9707c5537a90d33baa8dffa172cfdb7dddfb8,bsc,bscswap,BSCswap: USDT-XVS,entity,eth-labels,https://github.com/dawsbot/eth-labels,medium,2026-07-17
0xefdd942f7322d0ab091241cfadcd883485021e77,bsc,bscswap,BSCswap: MANGO-BUSD,entity,eth-labels,https://github.com/dawsbot/eth-labels,medium,2026-07-17
0xf07b3dc3bcb5493268f85d79f6f71a96e97cff8b,bsc,bscswap,BSCswap: LAVA,entity,eth-labels,https://github.com/dawsbot/eth-labels,medium,2026-07-17
0xf0ced6019b0ae9cbbe0e8aef244f71400fccc448,bsc,bscswap,BSCswap: PLNT,entity,eth-labels,https://github.com/dawsbot/eth-labels,medium,2026-07-17
0xf142b6e94d198b5eb26e745a5d69c8a536403e78,bsc,bscswap,BSCswap: ETH,entity,eth-labels,https://github.com/dawsbot/eth-labels,medium,2026-07-17
0xf148521d5804abad54c0822d61ac2f051462093d,bsc,bscswap,BSCswap: BURGER,entity,eth-labels,https://github.com/dawsbot/eth-labels,medium,2026-07-17
0xf2772f60fe39601cae505d0578c852a7926a36d9,bsc,bscswap,BSCswap: XVS-BUSD,entity,eth-labels,https://github.com/dawsbot/eth-labels,medium,2026-07-17
0xf2d36a180d45119b0cc4717cf703844bb0880f8a,bsc,bscswap,BSCswap: ZHM-BUSD,entity,eth-labels,https://github.com/dawsbot/eth-labels,medium,2026-07-17
0xf3010261b58b2874639ca2e860e9005e3be5de0b,bsc,bscswap,BSCswap: DAI,entity,eth-labels,https://github.com/dawsbot/eth-labels,medium,2026-07-17
0xf31d079d82bf00c37c18854268817adcd9f20d9c,bsc,bscswap,BSCswap: HOP-MOON,entity,eth-labels,https://github.com/dawsbot/eth-labels,medium,2026-07-17
0xf33fe1d0c4ab6b8262a624840c10f5a6582365e1,bsc,bscswap,BSCswap: CRED,entity,eth-labels,https://github.com/dawsbot/eth-labels,medium,2026-07-17
0xf40449379cbd9625dc9debba5f7f104808fd5ba1,bsc,bscswap,BSCswap: BZAR-BUSD,entity,eth-labels,https://github.com/dawsbot/eth-labels,medium,2026-07-17
0xf4a3677bb79aa22ef826763bd910ed886820ad81,bsc,bscswap,BSCswap: STASI,entity,eth-labels,https://github.com/dawsbot/eth-labels,medium,2026-07-17
0xf58a0db8b580aeb850aee2d15f38aaddb05977ef,bsc,bscswap,BSCswap: SANTA,entity,eth-labels,https://github.com/dawsbot/eth-labels,medium,2026-07-17
0xf68fd424597e6c872d46241fb745167e2c380063,bsc,bscswap,BSCswap: USDT-BUSD,entity,eth-labels,https://github.com/dawsbot/eth-labels,medium,2026-07-17
0xf6972fa6fd3c85fe002998312633a3f90b3a1a7f,bsc,bscswap,BSCswap: LETSB-BUSD,entity,eth-labels,https://github.com/dawsbot/eth-labels,medium,2026-07-17
0xf6f1a8e8cbf695dd776af572ac5a0252449e21ee,bsc,bscswap,BSCswap: USDT-YFII,entity,eth-labels,https://github.com/dawsbot/eth-labels,medium,2026-07-17
0xf737a8028cc98bdd9009e29d6c5694f55184947e,bsc,bscswap,BSCswap: CYR,entity,eth-labels,https://github.com/dawsbot/eth-labels,medium,2026-07-17
0xf768e122f9e82f87c3ba4d239898611fc9889f84,bsc,bscswap,BSCswap: XTZ-USDT,entity,eth-labels,https://github.com/dawsbot/eth-labels,medium,2026-07-17
0xf80987e1fcb987be5cda8f0b67b59b9f305740d6,bsc,bscswap,BSCswap: TANGPING,entity,eth-labels,https://github.com/dawsbot/eth-labels,medium,2026-07-17
0xf83a83d4c6b01644026120b536663e04370acd84,bsc,bscswap,BSCswap: PETH-PUSD,entity,eth-labels,https://github.com/dawsbot/eth-labels,medium,2026-07-17
0xf957f7957bfafaaee6b2ad72c2eef8a2dd6a6bde,bsc,bscswap,BSCswap: ONO,entity,eth-labels,https://github.com/dawsbot/eth-labels,medium,2026-07-17
0xf95bb1e6afc94cdd81c1de17284ba46f133af4b3,bsc,bscswap,BSCswap: FRF-BUSD,entity,eth-labels,https://github.com/dawsbot/eth-labels,medium,2026-07-17
0xf9d85a556d6e843ffc50c8005c9d62ed632d2f0d,bsc,bscswap,BSCswap: BSC-USD-TITAN,entity,eth-labels,https://github.com/dawsbot/eth-labels,medium,2026-07-17
0xfa287c6cd20747564741ed65fb2bac88082fddff,bsc,bscswap,BSCswap: TWT-DEGEN,entity,eth-labels,https://github.com/dawsbot/eth-labels,medium,2026-07-17
0xfb4975f933c7993d0a29d585179a5b4f4ce4eb7b,bsc,bscswap,BSCswap: JEO,entity,eth-labels,https://github.com/dawsbot/eth-labels,medium,2026-07-17
0xfb671e2d94635703f66351a50278598e1a1beeb3,bsc,bscswap,BSCswap: WBTCBR-BTCB,entity,eth-labels,https://github.com/dawsbot/eth-labels,medium,2026-07-17
0xfc79185dd06517b635381d6d6ea78fca8302ed0e,bsc,bscswap,BSCswap: LTC,entity,eth-labels,https://github.com/dawsbot/eth-labels,medium,2026-07-17
0xfdc2cc73c147746398a410305f4677f4dbb595df,bsc,bscswap,BSCswap: BIDEN,entity,eth-labels,https://github.com/dawsbot/eth-labels,medium,2026-07-17
0xfea7241bdf8117b9a4e08ead6f82925b9d0f2df1,bsc,bscswap,BSCswap: YUMI,entity,eth-labels,https://github.com/dawsbot/eth-labels,medium,2026-07-17
0xff05a9f496039fb2abe2d17ddfa08477f226087d,bsc,bscswap,BSCswap: BSC-USD-CDEI,entity,eth-labels,https://github.com/dawsbot/eth-labels,medium,2026-07-17
0xff41a6230a6060d4bde3a429c0e632ae66a84f70,bsc,bscswap,BSCswap: GOC,entity,eth-labels,https://github.com/dawsbot/eth-labels,medium,2026-07-17
0xffa1b90274c7d12dd53d84931cdd9ad781c45e95,bsc,bscswap,BSCswap: BURN,entity,eth-labels,https://github.com/dawsbot/eth-labels,medium,2026-07-17
0xffd17561c8904a3449698962f4594261e704b168,bsc,bscswap,BSCswap: PBOM,entity,eth-labels,https://github.com/dawsbot/eth-labels,medium,2026-07-17
0x00201101f5fd2cba32e6d3cf7d431e4475b16d4e,bsc,burgerswap,BurgerSwap: gwUSDN,entity,eth-labels,https://github.com/dawsbot/eth-labels,medium,2026-07-17
0x00af854f8e5522c1f0c22f7dd5f37cdb9ad1dd74,bsc,burgerswap,BurgerSwap: LTC-USDT,entity,eth-labels,https://github.com/dawsbot/eth-labels,medium,2026-07-17
0x00f141074f61a2dfdbc2da3705303bd3aa86134f,bsc,burgerswap,BurgerSwap: CHAI,entity,eth-labels,https://github.com/dawsbot/eth-labels,medium,2026-07-17
0x022a2c70e4c597df3c1ddceb0e06dc3b75783d7c,bsc,burgerswap,BurgerSwap: BURGER-ANKR,entity,eth-labels,https://github.com/dawsbot/eth-labels,medium,2026-07-17
0x02d99d3b1eb5c769903d894488c784216d8aaa3b,bsc,burgerswap,BurgerSwap: CYC,entity,eth-labels,https://github.com/dawsbot/eth-labels,medium,2026-07-17
0x02dc47b319f37142c72ac61728409686379c7f79,bsc,burgerswap,BurgerSwap: SNEED,entity,eth-labels,https://github.com/dawsbot/eth-labels,medium,2026-07-17
0x02e162fae2867b9585476dcdccb93534e61b90ca,bsc,burgerswap,BurgerSwap: BUSD-T-USDY,entity,eth-labels,https://github.com/dawsbot/eth-labels,medium,2026-07-17
0x034772cdcd90f5baabb2da325a879d6aa6840f6e,bsc,burgerswap,BurgerSwap: USDT-BURGER,entity,eth-labels,https://github.com/dawsbot/eth-labels,medium,2026-07-17
0x034da709a74762cb167c58b29d7079ad17df89a6,bsc,burgerswap,BurgerSwap: BT-BURGER,entity,eth-labels,https://github.com/dawsbot/eth-labels,medium,2026-07-17
0x0393d0435adcf71a45cb60d071a10024c591a14a,bsc,burgerswap,BurgerSwap: BKIT,entity,eth-labels,https://github.com/dawsbot/eth-labels,medium,2026-07-17
0x03b89d517fe95478d9de3af60e4332fd3bdded8b,bsc,burgerswap,BurgerSwap: BUSD-T-UNI,entity,eth-labels,https://github.com/dawsbot/eth-labels,medium,2026-07-17
0x03c4485c102119b892c05192a0cad1b0efff4ee6,bsc,burgerswap,BurgerSwap: DAI,entity,eth-labels,https://github.com/dawsbot/eth-labels,medium,2026-07-17
0x04279ad762a08a4230b5fd5bb625df05988a79f6,bsc,burgerswap,BurgerSwap: USDT-BURGER 3,entity,eth-labels,https://github.com/dawsbot/eth-labels,medium,2026-07-17
0x04cb38b91225083204bc5bc43ab3e815637a45bb,bsc,burgerswap,BurgerSwap: FOR 2,entity,eth-labels,https://github.com/dawsbot/eth-labels,medium,2026-07-17
0x04d7ab866520d465de3bc4d662f01c04bab11b6a,bsc,burgerswap,BurgerSwap: MLM,entity,eth-labels,https://github.com/dawsbot/eth-labels,medium,2026-07-17
0x05aa69440f9e76b2df5beff4a291f73aa8de938c,bsc,burgerswap,BurgerSwap: PROPEL-BURGER,entity,eth-labels,https://github.com/dawsbot/eth-labels,medium,2026-07-17
0x0660e22a109610e791e6601f19fba343ae220361,bsc,burgerswap,BurgerSwap: XTZ-BURGER,entity,eth-labels,https://github.com/dawsbot/eth-labels,medium,2026-07-17
0x0666b0524e19b23f5faa45951e9686801c692f25,bsc,burgerswap,BurgerSwap: BKIT-YONG,entity,eth-labels,https://github.com/dawsbot/eth-labels,medium,2026-07-17
0x0674ac0bed965cc7f3f9c71a320ba1627da8dd5e,bsc,burgerswap,BurgerSwap: TIGS-BUSD,entity,eth-labels,https://github.com/dawsbot/eth-labels,medium,2026-07-17
0x077f1e30ee4998eeb34596fdde95800a2eb9220c,bsc,burgerswap,BurgerSwap: USDQ-QDAO,entity,eth-labels,https://github.com/dawsbot/eth-labels,medium,2026-07-17
0x07d3b0783c92bd6df2aa07a02bb82b2064f10340,bsc,burgerswap,BurgerSwap: POOM,entity,eth-labels,https://github.com/dawsbot/eth-labels,medium,2026-07-17
0x07f0a669eb618abe6be63c53687b274200f2c745,bsc,burgerswap,BurgerSwap: BSC-BURGER,entity,eth-labels,https://github.com/dawsbot/eth-labels,medium,2026-07-17
0x08357812bc0ea0bdc20b14755f0606a0b4aef2ff,bsc,burgerswap,BurgerSwap: cMOON,entity,eth-labels,https://github.com/dawsbot/eth-labels,medium,2026-07-17
0x08456cc5e49e554982ece1012f5bf35cf6c7ecf9,bsc,burgerswap,BurgerSwap: GUA,entity,eth-labels,https://github.com/dawsbot/eth-labels,medium,2026-07-17
0x0850a9293127412df623080dd13fe9bd1d6b5603,bsc,burgerswap,BurgerSwap: WTF,entity,eth-labels,https://github.com/dawsbot/eth-labels,medium,2026-07-17
0x0875fd46ba0437a0ea0e873616c485126f8b3fae,bsc,burgerswap,BurgerSwap: TOK,entity,eth-labels,https://github.com/dawsbot/eth-labels,medium,2026-07-17
0x08a77a7609498d8f0be8c73fad2587445a7483a6,bsc,burgerswap,BurgerSwap: USDT-DOT,entity,eth-labels,https://github.com/dawsbot/eth-labels,medium,2026-07-17
0x08c0441c4e8f26f8f3e714e72413618059964a46,bsc,burgerswap,BurgerSwap: XMPT,entity,eth-labels,https://github.com/dawsbot/eth-labels,medium,2026-07-17
0x08e185d28002b92ef4546de6d6439cf57afbf0b6,bsc,burgerswap,BurgerSwap: wALV-BSC-USD,entity,eth-labels,https://github.com/dawsbot/eth-labels,medium,2026-07-17
0x08fc173d0f4023f6e9feaf6baaea43d6cf41f7d0,bsc,burgerswap,BurgerSwap: CAN-BURGER,entity,eth-labels,https://github.com/dawsbot/eth-labels,medium,2026-07-17
0x09920e4ab8bb8fccd838c22b8a2eba3fa6741224,bsc,burgerswap,BurgerSwap: MTV,entity,eth-labels,https://github.com/dawsbot/eth-labels,medium,2026-07-17
0x09d3677312833d68accf3d3d3b4dcae9163d9035,bsc,burgerswap,BurgerSwap: bLINK,entity,eth-labels,https://github.com/dawsbot/eth-labels,medium,2026-07-17
0x0a2a9c6347dcf1cf1a81125c310a2a21008f7bdd,bsc,burgerswap,BurgerSwap: BURGER-ANY,entity,eth-labels,https://github.com/dawsbot/eth-labels,medium,2026-07-17
0x0a43923f84f6c15f3ac29436d986642d8702efc4,bsc,burgerswap,BurgerSwap: bHGET,entity,eth-labels,https://github.com/dawsbot/eth-labels,medium,2026-07-17
0x0affca3680aa96bbbbde3a9aaf6a0bee73222bdf,bsc,burgerswap,BurgerSwap: hxBURGER-BUSD,entity,eth-labels,https://github.com/dawsbot/eth-labels,medium,2026-07-17
0x0afff660eda302d48ee4de24f653903eab91eacb,bsc,burgerswap,BurgerSwap: BURGER-LINK,entity,eth-labels,https://github.com/dawsbot/eth-labels,medium,2026-07-17
0x0b05d0a8edff17a593f9a54298d3a3137ec7cbba,bsc,burgerswap,BurgerSwap: SHEET,entity,eth-labels,https://github.com/dawsbot/eth-labels,medium,2026-07-17
0x0b300b70e9492f28000175454afd6bd69c3021c3,bsc,burgerswap,BurgerSwap: DOT-BURGER,entity,eth-labels,https://github.com/dawsbot/eth-labels,medium,2026-07-17
0x0be9294dfbad7e5c88fb442a61f1ddeb56e87aa4,bsc,burgerswap,BurgerSwap: ETH,entity,eth-labels,https://github.com/dawsbot/eth-labels,medium,2026-07-17
0x0cc4e6656f6e43d99067ade68f776e8b68f9e6cb,bsc,burgerswap,BurgerSwap: YYKMR,entity,eth-labels,https://github.com/dawsbot/eth-labels,medium,2026-07-17
0x0d02cc498dadfc7b7ce0570a0c08a2b6bd759dd2,bsc,burgerswap,BurgerSwap: siri-BURGER,entity,eth-labels,https://github.com/dawsbot/eth-labels,medium,2026-07-17
0x0d1a0ddf795cac193eba7dea409eeb364782df60,bsc,burgerswap,BurgerSwap: TTT,entity,eth-labels,https://github.com/dawsbot/eth-labels,medium,2026-07-17
0x0d9f090ed12e79ed8f423d6621b1baf1e73772e4,bsc,burgerswap,BurgerSwap: WELB,entity,eth-labels,https://github.com/dawsbot/eth-labels,medium,2026-07-17
0x0db6287dbed17ded9887618c8f6dc70db61e641b,bsc,burgerswap,BurgerSwap: bBPAL,entity,eth-labels,https://github.com/dawsbot/eth-labels,medium,2026-07-17
0x0e1b09f0310cf1f912c78b2ddae8a1b06ac1d6ce,bsc,burgerswap,BurgerSwap: STV,entity,eth-labels,https://github.com/dawsbot/eth-labels,medium,2026-07-17
0x0e9ec751e85a1e43d78fbbd897be6f05faba7726,bsc,burgerswap,BurgerSwap: bDOV,entity,eth-labels,https://github.com/dawsbot/eth-labels,medium,2026-07-17
0x0f2e7a440d6c73538ea3fd853c2b28b50b91ce46,bsc,burgerswap,BurgerSwap: bTRS,entity,eth-labels,https://github.com/dawsbot/eth-labels,medium,2026-07-17
0x0f3cbab8b66546b7e7adb5260d3073b3ebfc3f25,bsc,burgerswap,BurgerSwap: KIT1-BURGER,entity,eth-labels,https://github.com/dawsbot/eth-labels,medium,2026-07-17
0x0f49a47c0fa0615a08e826cd639913a344a6598d,bsc,burgerswap,BurgerSwap: BUSD-T-ROCKS,entity,eth-labels,https://github.com/dawsbot/eth-labels,medium,2026-07-17
0x0f536523b92ac552b4cadabf07b697ab1240c802,bsc,burgerswap,BurgerSwap: QRC,entity,eth-labels,https://github.com/dawsbot/eth-labels,medium,2026-07-17
0x0f570cdfd6d2db49925b75213fd9d0902a9b456f,bsc,burgerswap,BurgerSwap: ONE,entity,eth-labels,https://github.com/dawsbot/eth-labels,medium,2026-07-17
0x0f9cec9f5968917da235a31192fcb47f36e71cdd,bsc,burgerswap,BurgerSwap: mbgold,entity,eth-labels,https://github.com/dawsbot/eth-labels,medium,2026-07-17
0x100257a6603bbd1a56d43c6317b190cca2b38a96,bsc,burgerswap,BurgerSwap: WDUCX,entity,eth-labels,https://github.com/dawsbot/eth-labels,medium,2026-07-17
0x10093cc61d2be15c3e4b812818696f02095ad3a6,bsc,burgerswap,BurgerSwap: SYRUP-BURGER,entity,eth-labels,https://github.com/dawsbot/eth-labels,medium,2026-07-17
0x1037c5dff4719a5225cd66dd5cc7dd1fe2dc9d03,bsc,burgerswap,BurgerSwap: ZHU,entity,eth-labels,https://github.com/dawsbot/eth-labels,medium,2026-07-17
0x103b3188ae141b5a5b4e45d5c7cea240ced4b58f,bsc,burgerswap,BurgerSwap: MOMO,entity,eth-labels,https://github.com/dawsbot/eth-labels,medium,2026-07-17
0x105b6a3dc7cec0dde0babc651544abb212472be9,bsc,burgerswap,BurgerSwap: BURGER-USDT,entity,eth-labels,https://github.com/dawsbot/eth-labels,medium,2026-07-17
0x11b17aa19c5e7b07cbd0346c1bf41a80e71d1cff,bsc,burgerswap,BurgerSwap: YYANG,entity,eth-labels,https://github.com/dawsbot/eth-labels,medium,2026-07-17
0x11f7c77f0fd1713e9635507c8cdc96db8418ebfe,bsc,burgerswap,BurgerSwap: RAFFLES,entity,eth-labels,https://github.com/dawsbot/eth-labels,medium,2026-07-17
0x11f801547a9d6c4341637670c68723b4570eaed9,bsc,burgerswap,BurgerSwap: YFI,entity,eth-labels,https://github.com/dawsbot/eth-labels,medium,2026-07-17
0x1201aadaf16f43ab226cc6fa93084f65477f7520,bsc,burgerswap,BurgerSwap: bBUSD-BURGER,entity,eth-labels,https://github.com/dawsbot/eth-labels,medium,2026-07-17
0x135be7252ec4a0f4c39dabb6e25241a6260b9aba,bsc,burgerswap,BurgerSwap: AMAN-BURGER,entity,eth-labels,https://github.com/dawsbot/eth-labels,medium,2026-07-17
0x135ca6415b617de76fb8638e06495f3ee3359b7d,bsc,burgerswap,BurgerSwap: abc 4,entity,eth-labels,https://github.com/dawsbot/eth-labels,medium,2026-07-17
0x1364ee5c320c8fca7586fb206aad1e4841ca1e1b,bsc,burgerswap,BurgerSwap: BURGER-bROOBEE,entity,eth-labels,https://github.com/dawsbot/eth-labels,medium,2026-07-17
0x13fc75201d5c1c032a5a41ee475593a978eaa247,bsc,burgerswap,BurgerSwap: ZALUPA,entity,eth-labels,https://github.com/dawsbot/eth-labels,medium,2026-07-17
0x148233a16c84d9071ad56975c2326c8669674553,bsc,burgerswap,BurgerSwap: ETH-DOT,entity,eth-labels,https://github.com/dawsbot/eth-labels,medium,2026-07-17
0x148528c742f89c5dab2df5baab2125c87285c200,bsc,burgerswap,BurgerSwap: XRP-BCH,entity,eth-labels,https://github.com/dawsbot/eth-labels,medium,2026-07-17
0x15ba862fe76e8a6ad21a779995b443be9da9ac6c,bsc,burgerswap,BurgerSwap: EGG-BURGER,entity,eth-labels,https://github.com/dawsbot/eth-labels,medium,2026-07-17
0x15d3eeab12a7596898c7c8e4223571806645a34d,bsc,burgerswap,BurgerSwap: bCZH-BURGER,entity,eth-labels,https://github.com/dawsbot/eth-labels,medium,2026-07-17
0x15e5bb092df753b43fdbb1c58d3ab6911577989f,bsc,burgerswap,BurgerSwap: bEASY-BUSD-T,entity,eth-labels,https://github.com/dawsbot/eth-labels,medium,2026-07-17
0x168104fb00a4896f632be8af4c3e24a1d6a514cb,bsc,burgerswap,BurgerSwap: ETH-SPARTA,entity,eth-labels,https://github.com/dawsbot/eth-labels,medium,2026-07-17
0x16ac737683d0cdc49677cdab46d8c05d1f85a65a,bsc,burgerswap,BurgerSwap: USDT-BUSD,entity,eth-labels,https://github.com/dawsbot/eth-labels,medium,2026-07-17
0x16e83bea8d4528207e8f7b12cc4b78136d801992,bsc,burgerswap,BurgerSwap: ETH-BURGER,entity,eth-labels,https://github.com/dawsbot/eth-labels,medium,2026-07-17
0x174b6f251c09a9a136da8d2435d12ac8cd5181ba,bsc,burgerswap,BurgerSwap: YONG,entity,eth-labels,https://github.com/dawsbot/eth-labels,medium,2026-07-17
0x17704aa646999e4aa9dca6d4ae274a4e225e882d,bsc,burgerswap,BurgerSwap: ARC,entity,eth-labels,https://github.com/dawsbot/eth-labels,medium,2026-07-17
0x184f7c2f29a0f452d5623aa96c7fb64f293f6f42,bsc,burgerswap,BurgerSwap: DEFI,entity,eth-labels,https://github.com/dawsbot/eth-labels,medium,2026-07-17
0x186c5d49e1c35aaf403026f844fe5030c47904b5,bsc,burgerswap,BurgerSwap: PIZZA-BURGER,entity,eth-labels,https://github.com/dawsbot/eth-labels,medium,2026-07-17
0x18778b2b326bcf060d73e4ff5329ee30bed90f49,bsc,burgerswap,BurgerSwap: BTCBR-BSC-USD,entity,eth-labels,https://github.com/dawsbot/eth-labels,medium,2026-07-17
0x18b17ccdc14bb423f847f3f83640601dd3a8560f,bsc,burgerswap,BurgerSwap: ETC-BURGER,entity,eth-labels,https://github.com/dawsbot/eth-labels,medium,2026-07-17
0x190efb7044e11b519651d1839b220525563b851a,bsc,burgerswap,BurgerSwap: MONI,entity,eth-labels,https://github.com/dawsbot/eth-labels,medium,2026-07-17
0x197d2234f8ac3ea86f6671e011c2e2d4299e5241,bsc,burgerswap,BurgerSwap: USDT-BCH,entity,eth-labels,https://github.com/dawsbot/eth-labels,medium,2026-07-17
0x1983e9392dbe6eac0849282ef5437c8f78b75638,bsc,burgerswap,BurgerSwap: SMRT,entity,eth-labels,https://github.com/dawsbot/eth-labels,medium,2026-07-17
0x1aa156db04d4672ba4d603bdc7196abcddfd12c4,bsc,burgerswap,BurgerSwap: DUCK,entity,eth-labels,https://github.com/dawsbot/eth-labels,medium,2026-07-17
0x1acf6dab0fa3798404f2485127ee0056c1e4bb29,bsc,burgerswap,BurgerSwap: ht-BUSD,entity,eth-labels,https://github.com/dawsbot/eth-labels,medium,2026-07-17
0x1c087c97350e8c32d9d7679115b366a1fb83ab63,bsc,burgerswap,BurgerSwap: Helmet-xBURGER,entity,eth-labels,https://github.com/dawsbot/eth-labels,medium,2026-07-17
0x1c0b3af9d7af0d5155e338c72e79fb85813aeb48,bsc,burgerswap,BurgerSwap: BAT 2,entity,eth-labels,https://github.com/dawsbot/eth-labels,medium,2026-07-17
0x1c6d3a36f90f9dc3bcd2dcf9160fcc88ac870936,bsc,burgerswap,BurgerSwap: COKE-BURGER 2,entity,eth-labels,https://github.com/dawsbot/eth-labels,medium,2026-07-17
0x1c79a17bd3e960ff05e4b081d698b49b9d64a308,bsc,burgerswap,BurgerSwap: 1XC,entity,eth-labels,https://github.com/dawsbot/eth-labels,medium,2026-07-17
0x1cefa42fc036c59d03b0e216fed7888a50cce902,bsc,burgerswap,BurgerSwap: QAA,entity,eth-labels,https://github.com/dawsbot/eth-labels,medium,2026-07-17
0x1d77f22bc91f07efd45847b5082094bb6ac5d17c,bsc,burgerswap,BurgerSwap: HT,entity,eth-labels,https://github.com/dawsbot/eth-labels,medium,2026-07-17
0x1dda658d5dc8da68552b772d3482f678ed06a6b5,bsc,burgerswap,BurgerSwap: LINK,entity,eth-labels,https://github.com/dawsbot/eth-labels,medium,2026-07-17
0x1e6ca59388a0c3747a1d70595a599e0b6ce2e45d,bsc,burgerswap,BurgerSwap: ROCKS-BUSD,entity,eth-labels,https://github.com/dawsbot/eth-labels,medium,2026-07-17
0x1e89692b16817fe9da12e705ac5ee7bf66a2a116,bsc,burgerswap,BurgerSwap: LTC,entity,eth-labels,https://github.com/dawsbot/eth-labels,medium,2026-07-17
0x1ee703efe8a6edcdae00180394014bf8ba08d07b,bsc,burgerswap,BurgerSwap: SANTA-KOGE,entity,eth-labels,https://github.com/dawsbot/eth-labels,medium,2026-07-17
0x1f02587a6d319cc9358c8f516f81a37b6f7f5c9c,bsc,burgerswap,BurgerSwap: FNX-BUSD,entity,eth-labels,https://github.com/dawsbot/eth-labels,medium,2026-07-17
0x1f110a38738ef0eb2b0e59a05aebfb39df4de761,bsc,burgerswap,BurgerSwap: MILK,entity,eth-labels,https://github.com/dawsbot/eth-labels,medium,2026-07-17
0x1fa5cca0d606bfed1b855f8e3cc9b0df6c526a40,bsc,burgerswap,BurgerSwap: DEL-BUSD,entity,eth-labels,https://github.com/dawsbot/eth-labels,medium,2026-07-17
0x1fdeae303db7d949c644589812d502ac59cd8bbe,bsc,burgerswap,BurgerSwap: BCH-BURGER,entity,eth-labels,https://github.com/dawsbot/eth-labels,medium,2026-07-17
0x200d178d1c4bd6557b3d9ddfd2adf79a3ada9a23,bsc,burgerswap,BurgerSwap: DEGO,entity,eth-labels,https://github.com/dawsbot/eth-labels,medium,2026-07-17
0x2061320a19cc67e61eb9037ecc119ae5647e6214,bsc,burgerswap,BurgerSwap: DARUMA-BURGER,entity,eth-labels,https://github.com/dawsbot/eth-labels,medium,2026-07-17
0x206e36135650878fe15735dc887337095e08acb3,bsc,burgerswap,BurgerSwap: MBOX-BURGER,entity,eth-labels,https://github.com/dawsbot/eth-labels,medium,2026-07-17
0x2097560f25821465b47a9dde8f4415591e21a5fd,bsc,burgerswap,BurgerSwap: bWETH-BURGER,entity,eth-labels,https://github.com/dawsbot/eth-labels,medium,2026-07-17
0x20b48e3b4ee83d5bc41c63d7337af0291b8343ec,bsc,burgerswap,BurgerSwap: CAT,entity,eth-labels,https://github.com/dawsbot/eth-labels,medium,2026-07-17
0x20d7178c91bd4bb4953d04d263a26e7e31368192,bsc,burgerswap,BurgerSwap: MXC,entity,eth-labels,https://github.com/dawsbot/eth-labels,medium,2026-07-17
0x211a1d0e2f790a4cba6bd5ffed9b61d881d1e2f7,bsc,burgerswap,BurgerSwap: Helmet,entity,eth-labels,https://github.com/dawsbot/eth-labels,medium,2026-07-17
0x215adbc2608b1c623329b805fc41a4c711822c48,bsc,burgerswap,BurgerSwap: BRG,entity,eth-labels,https://github.com/dawsbot/eth-labels,medium,2026-07-17
0x218e9633f260bb663b80fa3fbc5bb866e7aae841,bsc,burgerswap,BurgerSwap: Cake-LP-BURGER,entity,eth-labels,https://github.com/dawsbot/eth-labels,medium,2026-07-17
0x21fbacc8096753b730b3e8c1ece067afbcc21640,bsc,burgerswap,BurgerSwap: bIMTY,entity,eth-labels,https://github.com/dawsbot/eth-labels,medium,2026-07-17
0x220861a9261acabdd725fc5edf991102428cf245,bsc,burgerswap,BurgerSwap: BURGER-SPARTA,entity,eth-labels,https://github.com/dawsbot/eth-labels,medium,2026-07-17
0x222d3f46377fbba9bca4003091118ec4c6c7fb84,bsc,burgerswap,BurgerSwap: TNT,entity,eth-labels,https://github.com/dawsbot/eth-labels,medium,2026-07-17
0x222d85b7f7d098d20325559be9b0753202041796,bsc,burgerswap,BurgerSwap: USDY,entity,eth-labels,https://github.com/dawsbot/eth-labels,medium,2026-07-17
0x223772d81a0f39b77e984bbfd9780e9e4c3c0e89,bsc,burgerswap,BurgerSwap: SANTA-BUSD,entity,eth-labels,https://github.com/dawsbot/eth-labels,medium,2026-07-17
0x22bbcbae57e2ca847b4edf261f6c0d4e866009db,bsc,burgerswap,BurgerSwap: TogoKiller,entity,eth-labels,https://github.com/dawsbot/eth-labels,medium,2026-07-17
0x23cc17de40f6c1fff3c9e278d7948a1d9e284bc0,bsc,burgerswap,BurgerSwap: bELON,entity,eth-labels,https://github.com/dawsbot/eth-labels,medium,2026-07-17
0x241b8a58ad81a16cdf2240614b68b1e1d3a279da,bsc,burgerswap,BurgerSwap: bLIT,entity,eth-labels,https://github.com/dawsbot/eth-labels,medium,2026-07-17
0x244e348d22958da93805ad7095f5fca04464743b,bsc,burgerswap,BurgerSwap: AAC,entity,eth-labels,https://github.com/dawsbot/eth-labels,medium,2026-07-17
0x24e6212664ff264eaebb53926811680d1d9e6ac5,bsc,burgerswap,BurgerSwap: IMO,entity,eth-labels,https://github.com/dawsbot/eth-labels,medium,2026-07-17
0x2511ed5dcf41a99e6db16ebc69f3eba061f2a702,bsc,burgerswap,BurgerSwap: Mytoken,entity,eth-labels,https://github.com/dawsbot/eth-labels,medium,2026-07-17
0x253f9ed777a45d3f344227d1f47ce298e58845c5,bsc,burgerswap,BurgerSwap: BURGER-USDY,entity,eth-labels,https://github.com/dawsbot/eth-labels,medium,2026-07-17
0x25d09281680acf2437b4a8567a3bae5c05f4a1c9,bsc,burgerswap,BurgerSwap: BURGER-xBURGER,entity,eth-labels,https://github.com/dawsbot/eth-labels,medium,2026-07-17
0x25e8540b33c8fa5a5b0ae174666f88fef4bfa0f0,bsc,burgerswap,BurgerSwap: KOGE-BUSD,entity,eth-labels,https://github.com/dawsbot/eth-labels,medium,2026-07-17
0x2611556d9c38d8d4a3ed28f8af9786413025d25d,bsc,burgerswap,BurgerSwap: BFMOON,entity,eth-labels,https://github.com/dawsbot/eth-labels,medium,2026-07-17
0x262ee56ca358012f7cc7a229301cb95b350c7d5c,bsc,burgerswap,BurgerSwap: WKB,entity,eth-labels,https://github.com/dawsbot/eth-labels,medium,2026-07-17
0x26dc4c4362dc8c7f0e7692020c3feacf81e608e6,bsc,burgerswap,BurgerSwap: QQQ,entity,eth-labels,https://github.com/dawsbot/eth-labels,medium,2026-07-17
0x2717c3ab329c894680f16714fffc1cc2a2d3608b,bsc,burgerswap,BurgerSwap: C4G3,entity,eth-labels,https://github.com/dawsbot/eth-labels,medium,2026-07-17
0x27463a47c629aa680ef8c50b8602eed07f0dd32a,bsc,burgerswap,BurgerSwap: BURGER-bPPBLZ,entity,eth-labels,https://github.com/dawsbot/eth-labels,medium,2026-07-17
0x27822b3306d201ef62a08c9c125418e806c8ba63,bsc,burgerswap,BurgerSwap: BFC,entity,eth-labels,https://github.com/dawsbot/eth-labels,medium,2026-07-17
0x27c61acfa49f3a8ac1d7c811f8f88dfdf30038da,bsc,burgerswap,BurgerSwap: HLB,entity,eth-labels,https://github.com/dawsbot/eth-labels,medium,2026-07-17
0x287e794f6c0518f2d01eb3c373817ff4dbe2bace,bsc,burgerswap,BurgerSwap: TEN 2,entity,eth-labels,https://github.com/dawsbot/eth-labels,medium,2026-07-17
0x28885d4504ebd59dcee7fd88906cc1cbdc8ce037,bsc,burgerswap,BurgerSwap: SBCC,entity,eth-labels,https://github.com/dawsbot/eth-labels,medium,2026-07-17
0x28db660c96f2a39fac9d5ca6c5f39bed8c7a20ad,bsc,burgerswap,BurgerSwap: BURGER-SANTA,entity,eth-labels,https://github.com/dawsbot/eth-labels,medium,2026-07-17
0x293a25adc7449f41d413731f67200066d31678f8,bsc,burgerswap,BurgerSwap: VNB,entity,eth-labels,https://github.com/dawsbot/eth-labels,medium,2026-07-17
0x299eb97320b54f78bda5ed9ec47bb78ffb706d6b,bsc,burgerswap,BurgerSwap: MUSK-BUSD-T,entity,eth-labels,https://github.com/dawsbot/eth-labels,medium,2026-07-17
0x29f7acc1fdf1b45ea87c4726ee4e46e61a9acf8d,bsc,burgerswap,BurgerSwap: STM,entity,eth-labels,https://github.com/dawsbot/eth-labels,medium,2026-07-17
0x2a0478fc6c64acd46e0d50d030cc1a798b73f253,bsc,burgerswap,BurgerSwap: BURGER-SAM,entity,eth-labels,https://github.com/dawsbot/eth-labels,medium,2026-07-17
0x2a0c0c2c845074951b0c59d2231edf9e9092fe3f,bsc,burgerswap,BurgerSwap: DDG,entity,eth-labels,https://github.com/dawsbot/eth-labels,medium,2026-07-17
0x2a417902396cb21413bb7dc864d7b625f1e43376,bsc,burgerswap,BurgerSwap: AMPT-BURGER,entity,eth-labels,https://github.com/dawsbot/eth-labels,medium,2026-07-17
0x2a4b1d07db0a46ebb1e9dee4bc383314b3371f9b,bsc,burgerswap,BurgerSwap: CRP-USDY,entity,eth-labels,https://github.com/dawsbot/eth-labels,medium,2026-07-17
0x2a4f7e1fa0595828994dbc5a67c20a9e2d9341a0,bsc,burgerswap,BurgerSwap: bBZAR,entity,eth-labels,https://github.com/dawsbot/eth-labels,medium,2026-07-17
0x2a728556e0833c4332ec1f9fb99075f49856fbb4,bsc,burgerswap,BurgerSwap: 7UP,entity,eth-labels,https://github.com/dawsbot/eth-labels,medium,2026-07-17
0x2af075942b392be494eb8c16bc5a321d15f89c24,bsc,burgerswap,BurgerSwap: TLT,entity,eth-labels,https://github.com/dawsbot/eth-labels,medium,2026-07-17
0x2b435b86cf2ea63649ffca943984b8681d896b45,bsc,burgerswap,BurgerSwap: BURGER-ALET,entity,eth-labels,https://github.com/dawsbot/eth-labels,medium,2026-07-17
0x2b4a9dbf5ff9e9386f83f25738b6744ba8d0632b,bsc,burgerswap,BurgerSwap: Love,entity,eth-labels,https://github.com/dawsbot/eth-labels,medium,2026-07-17
0x2c21bcd4953e39746114949bfafe4f45324a377a,bsc,burgerswap,BurgerSwap: XSD,entity,eth-labels,https://github.com/dawsbot/eth-labels,medium,2026-07-17
0x2c78f5fae98c0335b69d06e874553d3c46299086,bsc,burgerswap,BurgerSwap: KOR,entity,eth-labels,https://github.com/dawsbot/eth-labels,medium,2026-07-17
0x2d131d09511cf528de962ac9acd6dba621f4afaf,bsc,burgerswap,BurgerSwap: YONG-BUSD,entity,eth-labels,https://github.com/dawsbot/eth-labels,medium,2026-07-17
0x2d37806feace2f7d2fcbde1fb99f5a6bd8b9e458,bsc,burgerswap,BurgerSwap: POLIS 2,entity,eth-labels,https://github.com/dawsbot/eth-labels,medium,2026-07-17
0x2dc73cfb9405c5396e2e9402f0a1a95efa8dc0e4,bsc,burgerswap,BurgerSwap: CRP-BURGER,entity,eth-labels,https://github.com/dawsbot/eth-labels,medium,2026-07-17
0x2de6b467f2163d289f8bbdda5fad99470352a56f,bsc,burgerswap,BurgerSwap: BURGER-KOGE,entity,eth-labels,https://github.com/dawsbot/eth-labels,medium,2026-07-17
0x2dff6159ae54d325aee6549917078378bfa42e8b,bsc,burgerswap,BurgerSwap: WELB-BURGER,entity,eth-labels,https://github.com/dawsbot/eth-labels,medium,2026-07-17
0x2e058571c3705da46d13d6ee4d66fe259835d537,bsc,burgerswap,BurgerSwap: GMC-BUSD,entity,eth-labels,https://github.com/dawsbot/eth-labels,medium,2026-07-17
0x2e4484dc627c44f0eb56c93102cf522962b65d3e,bsc,burgerswap,BurgerSwap: FUNB,entity,eth-labels,https://github.com/dawsbot/eth-labels,medium,2026-07-17
0x2e48db6c5c73e37be4c2c3bfdd6ec3c8e017ed4f,bsc,burgerswap,BurgerSwap: bROOBEE,entity,eth-labels,https://github.com/dawsbot/eth-labels,medium,2026-07-17
0x2e72570119349f761e76178a52e6886a1eb18170,bsc,burgerswap,BurgerSwap: BUSD 2,entity,eth-labels,https://github.com/dawsbot/eth-labels,medium,2026-07-17
0x2eeb1e98210d2448b0ea69c28a647c0c528f9e73,bsc,burgerswap,BurgerSwap: MEWS-BUSD,entity,eth-labels,https://github.com/dawsbot/eth-labels,medium,2026-07-17
0x2f21e2a7017d7ce76e2ba9dafa495f224012fd62,bsc,burgerswap,BurgerSwap: RAB-BUSD,entity,eth-labels,https://github.com/dawsbot/eth-labels,medium,2026-07-17
0x3054ccfdaab4a89ca4fb4d979cd52befdf1835d6,bsc,burgerswap,BurgerSwap: BOT,entity,eth-labels,https://github.com/dawsbot/eth-labels,medium,2026-07-17
0x30c7d8b552f94c1a7676a8836766f11e289f5476,bsc,burgerswap,BurgerSwap: JULb,entity,eth-labels,https://github.com/dawsbot/eth-labels,medium,2026-07-17
0x30d357ecab435098d644d96077d3b9d385be7f6a,bsc,burgerswap,BurgerSwap: TUNA-BURGER,entity,eth-labels,https://github.com/dawsbot/eth-labels,medium,2026-07-17
0x30d3cd0fd402e3422bebd7e791596336e444583f,bsc,burgerswap,BurgerSwap: SKRRR,entity,eth-labels,https://github.com/dawsbot/eth-labels,medium,2026-07-17
0x30de7f088050405ff1dd833d5e9398a294758ebb,bsc,burgerswap,BurgerSwap: BURGER-EGG,entity,eth-labels,https://github.com/dawsbot/eth-labels,medium,2026-07-17
0x3154ba59a2bcae1458618b969c499933fabf2f36,bsc,burgerswap,BurgerSwap: JUV,entity,eth-labels,https://github.com/dawsbot/eth-labels,medium,2026-07-17
0x31d95176052ba491097e0761f5e7b1321de13eb9,bsc,burgerswap,BurgerSwap: bTAD,entity,eth-labels,https://github.com/dawsbot/eth-labels,medium,2026-07-17
0x31d969ff1255ed655e82477c2939a68784cb5b33,bsc,burgerswap,BurgerSwap: BURGER-ALPHA 2,entity,eth-labels,https://github.com/dawsbot/eth-labels,medium,2026-07-17
0x3216e18215660388e4fee1252087077717188365,bsc,burgerswap,BurgerSwap: BFI 2,entity,eth-labels,https://github.com/dawsbot/eth-labels,medium,2026-07-17
0x3225b2472862b887fed109d340f2da1aa238884d,bsc,burgerswap,BurgerSwap: BUSD-T-DEK,entity,eth-labels,https://github.com/dawsbot/eth-labels,medium,2026-07-17
0x3230c57d9d4fbf87b6a94a692d4930534b66623b,bsc,burgerswap,BurgerSwap: XRP-BTCB,entity,eth-labels,https://github.com/dawsbot/eth-labels,medium,2026-07-17
0x323778f8dfa1991be5d41bed645b92bf833325a1,bsc,burgerswap,BurgerSwap: STATE,entity,eth-labels,https://github.com/dawsbot/eth-labels,medium,2026-07-17
0x324b1852438e7f9165068a358dbb9b068a17ad80,bsc,burgerswap,BurgerSwap: CRP,entity,eth-labels,https://github.com/dawsbot/eth-labels,medium,2026-07-17
0x32b8541ae9dd407c77977d1b5d21e758ce767acb,bsc,burgerswap,BurgerSwap: XRP-BURGER,entity,eth-labels,https://github.com/dawsbot/eth-labels,medium,2026-07-17
0x32c2fba3f436c38a5d9060d2d762d0404f41b693,bsc,burgerswap,BurgerSwap: DSWAP,entity,eth-labels,https://github.com/dawsbot/eth-labels,medium,2026-07-17
0x32ec81a43b2c57be5d46cfa4df460d0fac819d36,bsc,burgerswap,BurgerSwap: CRO,entity,eth-labels,https://github.com/dawsbot/eth-labels,medium,2026-07-17
0x32ee3b7e43b35adc1ad5d3d32f64d58666578213,bsc,burgerswap,BurgerSwap: FSDFDSFSD,entity,eth-labels,https://github.com/dawsbot/eth-labels,medium,2026-07-17
0x330f81d3775629271578f332601bd044815ccc80,bsc,burgerswap,BurgerSwap: USDT-FOR,entity,eth-labels,https://github.com/dawsbot/eth-labels,medium,2026-07-17
0x3396aa5a30ab25cd27f88a554c0f8791bc3ebe7a,bsc,burgerswap,BurgerSwap: DICE-BURGER,entity,eth-labels,https://github.com/dawsbot/eth-labels,medium,2026-07-17
0x340a3b576dab0caeabc21b6642ca7264cd2f5117,bsc,burgerswap,BurgerSwap: CRP-USDT,entity,eth-labels,https://github.com/dawsbot/eth-labels,medium,2026-07-17
0x346b4e2dca00e49c963ccf06d60b832d159754d0,bsc,burgerswap,BurgerSwap: olN,entity,eth-labels,https://github.com/dawsbot/eth-labels,medium,2026-07-17
0x346f91d69e7ab426c7d13d9932f68178761a669c,bsc,burgerswap,BurgerSwap: bYFTE,entity,eth-labels,https://github.com/dawsbot/eth-labels,medium,2026-07-17
0x348677fa0a6feef94aa84ac883738bcfe05fb5c1,bsc,burgerswap,BurgerSwap: BURGER-fake 3,entity,eth-labels,https://github.com/dawsbot/eth-labels,medium,2026-07-17
0x3494a417349d9b3e2173567eef58bd4250116847,bsc,burgerswap,BurgerSwap: SXP-BURGER,entity,eth-labels,https://github.com/dawsbot/eth-labels,medium,2026-07-17
0x34ab705dbdc1fd20aed0b2a7523e1444101c8ab6,bsc,burgerswap,BurgerSwap: CAN,entity,eth-labels,https://github.com/dawsbot/eth-labels,medium,2026-07-17
0x34b6fe110bb18c852e005891e039b8584fde2410,bsc,burgerswap,BurgerSwap: USDC-DEK,entity,eth-labels,https://github.com/dawsbot/eth-labels,medium,2026-07-17
0x34ca77ad329997e0d6b9b3afe29f7dac4668d9ea,bsc,burgerswap,BurgerSwap: OPEN,entity,eth-labels,https://github.com/dawsbot/eth-labels,medium,2026-07-17
0x34df886202cb5615cf8db5939d43afc8215237e7,bsc,burgerswap,BurgerSwap: CBIX-P-BUSD,entity,eth-labels,https://github.com/dawsbot/eth-labels,medium,2026-07-17
0x34e565f3008118e128d7e0a9bfd77a0285028de1,bsc,burgerswap,BurgerSwap: BURGER-LION,entity,eth-labels,https://github.com/dawsbot/eth-labels,medium,2026-07-17
0x34eefb49cadd61d370ae6e04a4f97ace57f24ae4,bsc,burgerswap,BurgerSwap: CBIX-P,entity,eth-labels,https://github.com/dawsbot/eth-labels,medium,2026-07-17
0x357de13922e6ef93d0d50b083536a4a859fbe5f5,bsc,burgerswap,BurgerSwap: GDT,entity,eth-labels,https://github.com/dawsbot/eth-labels,medium,2026-07-17
0x3598c19fe378ba64441362b91a510954fd772827,bsc,burgerswap,BurgerSwap: bDAM-BURGER,entity,eth-labels,https://github.com/dawsbot/eth-labels,medium,2026-07-17
0x35af333a577cc138f4bc5570606fa372e7932559,bsc,burgerswap,BurgerSwap: BUSD-T-MTV,entity,eth-labels,https://github.com/dawsbot/eth-labels,medium,2026-07-17
0x3739155fa1b15123b7b6a382f3333c28b45a1f0b,bsc,burgerswap,BurgerSwap: 7UP-BURGER,entity,eth-labels,https://github.com/dawsbot/eth-labels,medium,2026-07-17
0x3865846ce9c5bff1c36e8aa8067eb056522a4ee3,bsc,burgerswap,BurgerSwap: BURGER-bDGAS,entity,eth-labels,https://github.com/dawsbot/eth-labels,medium,2026-07-17
0x387193dd90b750a00fbbf3874d3d151e051bfdda,bsc,burgerswap,BurgerSwap: DAI-BURGER,entity,eth-labels,https://github.com/dawsbot/eth-labels,medium,2026-07-17
0x389f5dbdcdae20591e00d62e552e07f02f0c282f,bsc,burgerswap,BurgerSwap: bWHF,entity,eth-labels,https://github.com/dawsbot/eth-labels,medium,2026-07-17
0x38b30afaa52dee30b63848a665ba2fb4a6308ea4,bsc,burgerswap,BurgerSwap: USDT 3,entity,eth-labels,https://github.com/dawsbot/eth-labels,medium,2026-07-17
0x3990e0384c8c0a707a489b5bfd788fd6f2f524cd,bsc,burgerswap,BurgerSwap: COIX,entity,eth-labels,https://github.com/dawsbot/eth-labels,medium,2026-07-17
0x39e21b0e2cfd3caf813ed6a0db8cbcae4a1e8c75,bsc,burgerswap,BurgerSwap: AAC-BAKE,entity,eth-labels,https://github.com/dawsbot/eth-labels,medium,2026-07-17
0x3a1a6c6b07e19091a9e55466250137ac07031cac,bsc,burgerswap,BurgerSwap: BURGER-OPEN,entity,eth-labels,https://github.com/dawsbot/eth-labels,medium,2026-07-17
0x3a3c0133a895bf00c3da02fb5b8629d619522284,bsc,burgerswap,BurgerSwap: BUSD-BFIC,entity,eth-labels,https://github.com/dawsbot/eth-labels,medium,2026-07-17
0x3ae37108b434ccd5a22eed87c7408bc8b9dbe905,bsc,burgerswap,BurgerSwap: BURGER-QUSD,entity,eth-labels,https://github.com/dawsbot/eth-labels,medium,2026-07-17
0x3befeb7524b1a34e7c436bd5396e27a4de5e4ebf,bsc,burgerswap,BurgerSwap: SPARTA-BUSD,entity,eth-labels,https://github.com/dawsbot/eth-labels,medium,2026-07-17
0x3bf3e2f52194d1bd6021d76f78842aa917ac582e,bsc,burgerswap,BurgerSwap: bAIRx-BURGER,entity,eth-labels,https://github.com/dawsbot/eth-labels,medium,2026-07-17
0x3c99d64c0521e960416755ea6c143a4b77f40307,bsc,burgerswap,BurgerSwap: BSC-USD-BONUM,entity,eth-labels,https://github.com/dawsbot/eth-labels,medium,2026-07-17
0x3cc624eca8909784b7a0ec519f002d59c7f104b2,bsc,burgerswap,BurgerSwap: bNTK-BURGER,entity,eth-labels,https://github.com/dawsbot/eth-labels,medium,2026-07-17
0x3cd3bd4c81bb06bc8f34bd8c18f21c2cfe84ff71,bsc,burgerswap,BurgerSwap: FRIES,entity,eth-labels,https://github.com/dawsbot/eth-labels,medium,2026-07-17
0x3cf57e64218af7456094e003b2f6b9b279fb25b4,bsc,burgerswap,BurgerSwap: FLOKI,entity,eth-labels,https://github.com/dawsbot/eth-labels,medium,2026-07-17
0x3d08a1b4b3030c35c2bb376c89ec91dfa184be8e,bsc,burgerswap,BurgerSwap: HT 2,entity,eth-labels,https://github.com/dawsbot/eth-labels,medium,2026-07-17
0x3d2a857c9ecbfd2e72c7aad34ede08cde4ea5233,bsc,burgerswap,BurgerSwap: KUN-QUSD,entity,eth-labels,https://github.com/dawsbot/eth-labels,medium,2026-07-17
0x3e06cc644b567396e1e32d01d5c0e008c399927b,bsc,burgerswap,BurgerSwap: bCYFM,entity,eth-labels,https://github.com/dawsbot/eth-labels,medium,2026-07-17
0x3e66e3f861257e99b3243180c13926ea7305dcf3,bsc,burgerswap,BurgerSwap: WTC-QUSD,entity,eth-labels,https://github.com/dawsbot/eth-labels,medium,2026-07-17
0x3ea74095687a6b227f17edd7913620cb75da0f3b,bsc,burgerswap,BurgerSwap: OFF,entity,eth-labels,https://github.com/dawsbot/eth-labels,medium,2026-07-17
0x3f820d0bd7ce1cc0a993325cd46cae870a8d8bdc,bsc,burgerswap,BurgerSwap: BURGER-BBQ,entity,eth-labels,https://github.com/dawsbot/eth-labels,medium,2026-07-17
0x3faff8f78d50d169d576b66f60c176c70a1954a1,bsc,burgerswap,BurgerSwap: bWSF,entity,eth-labels,https://github.com/dawsbot/eth-labels,medium,2026-07-17
0x40426c4a6dc5023146e131f9a9656da395f0fd4e,bsc,burgerswap,BurgerSwap: aaac,entity,eth-labels,https://github.com/dawsbot/eth-labels,medium,2026-07-17
0x40432719166bf5f9199242cc1477535d6c0570f4,bsc,burgerswap,BurgerSwap: BTCB,entity,eth-labels,https://github.com/dawsbot/eth-labels,medium,2026-07-17
0x40cb801b8d740883e963576c7fd87fc29747c52b,bsc,burgerswap,BurgerSwap: BBTC,entity,eth-labels,https://github.com/dawsbot/eth-labels,medium,2026-07-17
0x40d810c2a55de976f652011445c5c5f896f593ab,bsc,burgerswap,BurgerSwap: NEWB-BURGER,entity,eth-labels,https://github.com/dawsbot/eth-labels,medium,2026-07-17
0x41b521b4f59d581a07a789689ccb3590053ffb2a,bsc,burgerswap,BurgerSwap: KOGE,entity,eth-labels,https://github.com/dawsbot/eth-labels,medium,2026-07-17
0x41bc9e404bacc7d32bac755b572a28710404d063,bsc,burgerswap,BurgerSwap: USDT-CREAM,entity,eth-labels,https://github.com/dawsbot/eth-labels,medium,2026-07-17
0x4261b08af9c0bf59a3e75f73fe7a3916cbe16392,bsc,burgerswap,BurgerSwap: BAKE,entity,eth-labels,https://github.com/dawsbot/eth-labels,medium,2026-07-17
0x426afee720b9a93417fe88e663a98fadbf19f029,bsc,burgerswap,BurgerSwap: WTC-BURGER,entity,eth-labels,https://github.com/dawsbot/eth-labels,medium,2026-07-17
0x4294e9daf77d1f890714da149b6e50d7630318f2,bsc,burgerswap,BurgerSwap: JULb-BURGER,entity,eth-labels,https://github.com/dawsbot/eth-labels,medium,2026-07-17
0x429a16758695b48b4a0b1bf4953d4a0ec4d9cb55,bsc,burgerswap,BurgerSwap: BURGER-bBONDLY,entity,eth-labels,https://github.com/dawsbot/eth-labels,medium,2026-07-17
0x42d83d51fe44012fd43016318dda83ae011eaefc,bsc,burgerswap,BurgerSwap: ARTS 2,entity,eth-labels,https://github.com/dawsbot/eth-labels,medium,2026-07-17
0x4345a29856303b19149813de24c41196b8a10203,bsc,burgerswap,BurgerSwap: ETH-BAND,entity,eth-labels,https://github.com/dawsbot/eth-labels,medium,2026-07-17
0x437a7a14bba20f450490ae6c69629148c030e0d0,bsc,burgerswap,BurgerSwap: BURGER-FAIRY,entity,eth-labels,https://github.com/dawsbot/eth-labels,medium,2026-07-17
0x43c90a1abf298610214fc80dd6862e8f63ffff4f,bsc,burgerswap,BurgerSwap: BUSD-T-IME,entity,eth-labels,https://github.com/dawsbot/eth-labels,medium,2026-07-17
0x442348ad70c72b8f09e6a8921292d0f43093df74,bsc,burgerswap,BurgerSwap: BFI-BURGER,entity,eth-labels,https://github.com/dawsbot/eth-labels,medium,2026-07-17
0x4430a7420deaf537c5f4374f300ebf3228aebad6,bsc,burgerswap,BurgerSwap: xBURGER-BUSD,entity,eth-labels,https://github.com/dawsbot/eth-labels,medium,2026-07-17
0x4489d2219849c85328c03e61f9c26709cea645a7,bsc,burgerswap,BurgerSwap: CRAD,entity,eth-labels,https://github.com/dawsbot/eth-labels,medium,2026-07-17
0x44b24a6e2833d0c254b0d74e5ddc5bc44c88ac9a,bsc,burgerswap,BurgerSwap: ELASTIC,entity,eth-labels,https://github.com/dawsbot/eth-labels,medium,2026-07-17
0x44dbd196f3fab034b37d379351409e774dfe8f5a,bsc,burgerswap,BurgerSwap: YFIG,entity,eth-labels,https://github.com/dawsbot/eth-labels,medium,2026-07-17
0x45217cbb6f12557650e2ce3605207585a0fed747,bsc,burgerswap,BurgerSwap: BURGER-BIFI,entity,eth-labels,https://github.com/dawsbot/eth-labels,medium,2026-07-17
0x4523289b98c14ecc208388cb543c27410051caa8,bsc,burgerswap,BurgerSwap: BTCB-SPARTA,entity,eth-labels,https://github.com/dawsbot/eth-labels,medium,2026-07-17
0x4587a2a4db4aef8644ad8f2d75755470611011ff,bsc,burgerswap,BurgerSwap: bGOOGAM,entity,eth-labels,https://github.com/dawsbot/eth-labels,medium,2026-07-17
0x45959d775bec17797ea103c243490155c60dece0,bsc,burgerswap,BurgerSwap: BURGER-fake,entity,eth-labels,https://github.com/dawsbot/eth-labels,medium,2026-07-17
0x459b8c55578a1f4473cb84c93e6360bb9efa52a9,bsc,burgerswap,BurgerSwap: AURO,entity,eth-labels,https://github.com/dawsbot/eth-labels,medium,2026-07-17
0x4632de79a66c96b023f8dbfecc8d87bc41c2832d,bsc,burgerswap,BurgerSwap: USDT-GAG,entity,eth-labels,https://github.com/dawsbot/eth-labels,medium,2026-07-17
0x466b6e232d184278194f1b56d40971a14272124d,bsc,burgerswap,BurgerSwap: BURGER-THUGS,entity,eth-labels,https://github.com/dawsbot/eth-labels,medium,2026-07-17
0x46850f78cca8ce5c67445020bedd23b2386907a6,bsc,burgerswap,BurgerSwap: hg,entity,eth-labels,https://github.com/dawsbot/eth-labels,medium,2026-07-17
0x4685ba3784702c6bb5bf9f61d1c9781644f5f206,bsc,burgerswap,BurgerSwap: Helmet-BURGER,entity,eth-labels,https://github.com/dawsbot/eth-labels,medium,2026-07-17
0x46beb8aee822b0ac48f3bb335a4db166acea79be,bsc,burgerswap,BurgerSwap: bDFSocial-BURGER,entity,eth-labels,https://github.com/dawsbot/eth-labels,medium,2026-07-17
0x4708e854943d62cc5cfea8c56576b26d28821075,bsc,burgerswap,BurgerSwap: MILK-BURGER,entity,eth-labels,https://github.com/dawsbot/eth-labels,medium,2026-07-17
0x47ca50d7e8a078176bbcbea42a43c3010efe62a0,bsc,burgerswap,BurgerSwap: USDT,entity,eth-labels,https://github.com/dawsbot/eth-labels,medium,2026-07-17
0x47e62830921e35e4f14b3300e733439c4b73bbcb,bsc,burgerswap,BurgerSwap: bJEX-BURGER,entity,eth-labels,https://github.com/dawsbot/eth-labels,medium,2026-07-17
0x47ef25e0de28d05b27577068d0f980daf52976ab,bsc,burgerswap,BurgerSwap: EOS-BURGER,entity,eth-labels,https://github.com/dawsbot/eth-labels,medium,2026-07-17
0x47f9f7bba79226fe1d775a7579593f3ad967e572,bsc,burgerswap,BurgerSwap: XRP-EOS,entity,eth-labels,https://github.com/dawsbot/eth-labels,medium,2026-07-17
0x48faeb836b6a845343d883b25ce6c879495bc017,bsc,burgerswap,BurgerSwap: SAM,entity,eth-labels,https://github.com/dawsbot/eth-labels,medium,2026-07-17
0x49289be0b6c12aa7f96f9ce6c1ea6b41e59d5e7f,bsc,burgerswap,BurgerSwap: FOR-BURGER,entity,eth-labels,https://github.com/dawsbot/eth-labels,medium,2026-07-17
0x494c0bbf1188a9d00e09b952ef0cee3046ea7bee,bsc,burgerswap,BurgerSwap: BUSD-T-UNEX,entity,eth-labels,https://github.com/dawsbot/eth-labels,medium,2026-07-17
0x49e8819331fa22e58d4d4e9340d983fc231a58c2,bsc,burgerswap,BurgerSwap: COKE-BURGER,entity,eth-labels,https://github.com/dawsbot/eth-labels,medium,2026-07-17
0x49f4fb21ef8940718e6af2005f95abf80852726c,bsc,burgerswap,BurgerSwap: BURGER-HGET,entity,eth-labels,https://github.com/dawsbot/eth-labels,medium,2026-07-17
0x4a0c64f146e0f67098e0ce89c9c9182797f39519,bsc,burgerswap,BurgerSwap: bNOODLE,entity,eth-labels,https://github.com/dawsbot/eth-labels,medium,2026-07-17
0x4a7851a588335b62931496135d9f030af05eaa3b,bsc,burgerswap,BurgerSwap: BURGER-FLOKI,entity,eth-labels,https://github.com/dawsbot/eth-labels,medium,2026-07-17
0x4adf387e1a70934bb8d1770d43b0424d66091a37,bsc,burgerswap,BurgerSwap: bMYC-BURGER,entity,eth-labels,https://github.com/dawsbot/eth-labels,medium,2026-07-17
0x4b0b379135c0c071c18c650d6723eed1dae128cd,bsc,burgerswap,BurgerSwap: WMUE,entity,eth-labels,https://github.com/dawsbot/eth-labels,medium,2026-07-17
0x4b1811a0e879f25481aab9f5ee0675f488823560,bsc,burgerswap,BurgerSwap: bSHIB,entity,eth-labels,https://github.com/dawsbot/eth-labels,medium,2026-07-17
0x4b57a86f80d6dd33e823593dd37b8853c7f05350,bsc,burgerswap,BurgerSwap: FUN,entity,eth-labels,https://github.com/dawsbot/eth-labels,medium,2026-07-17
0x4b5b962aef73dcb8f2c4145760bf662e7f570c70,bsc,burgerswap,BurgerSwap: DEFI-BURGER,entity,eth-labels,https://github.com/dawsbot/eth-labels,medium,2026-07-17
0x4bdcf7db537199dc84ae3494a3c99a7523a3b919,bsc,burgerswap,BurgerSwap: MGA-BURGER,entity,eth-labels,https://github.com/dawsbot/eth-labels,medium,2026-07-17
0x4c61f62d05f06cd017de9454fa95b117f78eeefc,bsc,burgerswap,BurgerSwap: CANDY,entity,eth-labels,https://github.com/dawsbot/eth-labels,medium,2026-07-17
0x4caaa9cdd9beb6b399471780745deefb5aff61b5,bsc,burgerswap,BurgerSwap: BURGER-ALPHA,entity,eth-labels,https://github.com/dawsbot/eth-labels,medium,2026-07-17
0x4d25549e5d615b2758ff6535f60db496620dbdcd,bsc,burgerswap,BurgerSwap: HCK,entity,eth-labels,https://github.com/dawsbot/eth-labels,medium,2026-07-17
0x4e1b52bfa2c483fc02e64ee751d55e46d67b7997,bsc,burgerswap,BurgerSwap: BURGER-bCEZ,entity,eth-labels,https://github.com/dawsbot/eth-labels,medium,2026-07-17
0x4e5f12bfec9be4be18f96632f8130be43478814b,bsc,burgerswap,BurgerSwap: AIRx,entity,eth-labels,https://github.com/dawsbot/eth-labels,medium,2026-07-17
0x4e6eed870423da12c284c396b5c35e5c4da7137f,bsc,burgerswap,BurgerSwap: BURGER-HASH,entity,eth-labels,https://github.com/dawsbot/eth-labels,medium,2026-07-17
0x4ecfcebf4543a162dd1643971f2a424ec036115b,bsc,burgerswap,BurgerSwap: MGA-xBURGER,entity,eth-labels,https://github.com/dawsbot/eth-labels,medium,2026-07-17
0x4f030217dab3dc811dbf7447263eecacc8ff321c,bsc,burgerswap,BurgerSwap: fake-BURGER 2,entity,eth-labels,https://github.com/dawsbot/eth-labels,medium,2026-07-17
0x4f2082ca7a333b91b3a465a72ccfb00a657271dd,bsc,burgerswap,BurgerSwap: DAI-BUSD,entity,eth-labels,https://github.com/dawsbot/eth-labels,medium,2026-07-17
0x4f5a4299a2d4f6ac4a3610967b104ec972a2e2e0,bsc,burgerswap,BurgerSwap: ZEAL-BUSD,entity,eth-labels,https://github.com/dawsbot/eth-labels,medium,2026-07-17
0x4f5aa036193dd07340fc5d1f429e2af544df4518,bsc,burgerswap,BurgerSwap: ALET,entity,eth-labels,https://github.com/dawsbot/eth-labels,medium,2026-07-17
0x4f9158448ef6af8149490c58276777839d3e7a4d,bsc,burgerswap,BurgerSwap: LUNAR,entity,eth-labels,https://github.com/dawsbot/eth-labels,medium,2026-07-17
0x50185a0699119b2c8c2262092f2b3bdd26d7e8d0,bsc,burgerswap,BurgerSwap: bUSDC-BURGER,entity,eth-labels,https://github.com/dawsbot/eth-labels,medium,2026-07-17
0x5055904b7c8667b8bfb9ae237e3ab07275e2682b,bsc,burgerswap,BurgerSwap: UUU,entity,eth-labels,https://github.com/dawsbot/eth-labels,medium,2026-07-17
0x512d93b67c4922f592a70f3ec097eb95cc6aaffb,bsc,burgerswap,BurgerSwap: BURGER-bSTONKS,entity,eth-labels,https://github.com/dawsbot/eth-labels,medium,2026-07-17
0x51d599f03bed4548a324d485f9a573c56aadd13c,bsc,burgerswap,BurgerSwap: VACC-CORD,entity,eth-labels,https://github.com/dawsbot/eth-labels,medium,2026-07-17
0x51e2c5218ea6acc5c77215778aba1fe51669fd3d,bsc,burgerswap,BurgerSwap: USDT-BURGER 2,entity,eth-labels,https://github.com/dawsbot/eth-labels,medium,2026-07-17
0x521ce28aca751932b308a19c8ee5de06109ec61d,bsc,burgerswap,BurgerSwap: YODA,entity,eth-labels,https://github.com/dawsbot/eth-labels,medium,2026-07-17
0x5239e2e193c86aa4afd55808083bca23a6d3f066,bsc,burgerswap,BurgerSwap: TNH,entity,eth-labels,https://github.com/dawsbot/eth-labels,medium,2026-07-17
0x523d8e60925606022cf4635eddb01d07f23131e6,bsc,burgerswap,BurgerSwap: BURGER-SATO,entity,eth-labels,https://github.com/dawsbot/eth-labels,medium,2026-07-17
0x52bf67700d19bd11fdf2eefcc30cff6349dff79a,bsc,burgerswap,BurgerSwap: BURGER-JGN,entity,eth-labels,https://github.com/dawsbot/eth-labels,medium,2026-07-17
0x52d11d3441fe69788928984f1b59c125faaa38dd,bsc,burgerswap,BurgerSwap: UNSTP,entity,eth-labels,https://github.com/dawsbot/eth-labels,medium,2026-07-17
0x530af9e170827d6e86b03565cb8694b5ab88f671,bsc,burgerswap,BurgerSwap: MEDI,entity,eth-labels,https://github.com/dawsbot/eth-labels,medium,2026-07-17
0x53a63bc1ea2b205e3dce53b271e11f43ebef9aec,bsc,burgerswap,BurgerSwap: AGN-BURGER,entity,eth-labels,https://github.com/dawsbot/eth-labels,medium,2026-07-17
0x53d9a173bd285c6f93063d5a9c911ff201d93bd1,bsc,burgerswap,BurgerSwap: MAT,entity,eth-labels,https://github.com/dawsbot/eth-labels,medium,2026-07-17
0x547551d7d8dbc6db19cc5ff9426d0d1b914884db,bsc,burgerswap,BurgerSwap: Cake,entity,eth-labels,https://github.com/dawsbot/eth-labels,medium,2026-07-17
0x54ca570ffe6fb3d031aab5b62ee04f173e0be718,bsc,burgerswap,BurgerSwap: BTCB-BURGER,entity,eth-labels,https://github.com/dawsbot/eth-labels,medium,2026-07-17
0x54cf52c6a8ec1d8827fcc4a3c2962850746063e6,bsc,burgerswap,BurgerSwap: bREEF-BURGER,entity,eth-labels,https://github.com/dawsbot/eth-labels,medium,2026-07-17
0x5509b77e2a880912c37b63695e6a01ce24a1061b,bsc,burgerswap,BurgerSwap: LTC-BURGER,entity,eth-labels,https://github.com/dawsbot/eth-labels,medium,2026-07-17
0x55822e71b712890b4b0fa613c64194676341e576,bsc,burgerswap,BurgerSwap: THUGS,entity,eth-labels,https://github.com/dawsbot/eth-labels,medium,2026-07-17
0x55d2836580f0fe23b3d24aee5d3ba7a4922cecb1,bsc,burgerswap,BurgerSwap: bSCooBi,entity,eth-labels,https://github.com/dawsbot/eth-labels,medium,2026-07-17
0x564246b57477f66f78d9fcf4c66d5bb72b6ec17b,bsc,burgerswap,BurgerSwap: bALBT,entity,eth-labels,https://github.com/dawsbot/eth-labels,medium,2026-07-17
0x56c97739df89e5694fdb8518b170e496a27e634e,bsc,burgerswap,BurgerSwap: STR,entity,eth-labels,https://github.com/dawsbot/eth-labels,medium,2026-07-17
0x573aeb6f2102ba5979c52b04e07aa85047f9ba7c,bsc,burgerswap,BurgerSwap: DFY,entity,eth-labels,https://github.com/dawsbot/eth-labels,medium,2026-07-17
0x57a12f106d7ada32351c106846d6216ba0835e38,bsc,burgerswap,BurgerSwap: bWETH,entity,eth-labels,https://github.com/dawsbot/eth-labels,medium,2026-07-17
0x57a3c130a06effa3122240764086ceefd0ec727f,bsc,burgerswap,BurgerSwap: INKS,entity,eth-labels,https://github.com/dawsbot/eth-labels,medium,2026-07-17
0x57a5eda44c1539aa80d66cb92bf54951584268e3,bsc,burgerswap,BurgerSwap: LTC-BCH,entity,eth-labels,https://github.com/dawsbot/eth-labels,medium,2026-07-17
0x57c5ca55cdfeafc26e92082530e6dd3d7dcc9d98,bsc,burgerswap,BurgerSwap: BTCMY,entity,eth-labels,https://github.com/dawsbot/eth-labels,medium,2026-07-17
0x58804536469ce1d7c2d0c08bb4e833a22bd77277,bsc,burgerswap,BurgerSwap: GTEX-BURGER,entity,eth-labels,https://github.com/dawsbot/eth-labels,medium,2026-07-17
0x589cf626a7bb90da6b1c9aa2f62f4263fe04d6dc,bsc,burgerswap,BurgerSwap: TWI-BURGER,entity,eth-labels,https://github.com/dawsbot/eth-labels,medium,2026-07-17
0x58a79e4cafc5400e2fb179fd74b1723f1d300018,bsc,burgerswap,BurgerSwap: bUSDT-BURGER,entity,eth-labels,https://github.com/dawsbot/eth-labels,medium,2026-07-17
0x5a06983a66505eb8d0e2a6305bd6b3907651e7fd,bsc,burgerswap,BurgerSwap: BPB,entity,eth-labels,https://github.com/dawsbot/eth-labels,medium,2026-07-17
0x5a71a99b0d36640932f6977f62baa0474a3d8256,bsc,burgerswap,BurgerSwap: BAND-BUSD,entity,eth-labels,https://github.com/dawsbot/eth-labels,medium,2026-07-17
0x5ada5697e92c63622306cf19f9a3442fdd8c79da,bsc,burgerswap,BurgerSwap: FAN,entity,eth-labels,https://github.com/dawsbot/eth-labels,medium,2026-07-17
0x5b2936568b8c4541aa6e36796fee9043e807904b,bsc,burgerswap,BurgerSwap: XMPT-USDT,entity,eth-labels,https://github.com/dawsbot/eth-labels,medium,2026-07-17
0x5b8f031a3db7670dae4f5d60bec6e878ef251e01,bsc,burgerswap,BurgerSwap: XRP-ADA,entity,eth-labels,https://github.com/dawsbot/eth-labels,medium,2026-07-17
0x5bc2bad13215fa3f3d9bf6aadea015a57627f029,bsc,burgerswap,BurgerSwap: ITC,entity,eth-labels,https://github.com/dawsbot/eth-labels,medium,2026-07-17
0x5bf59e3b02f734e5acc559fd1dc59e0a7bda5252,bsc,burgerswap,BurgerSwap: ROCKS-BURGER,entity,eth-labels,https://github.com/dawsbot/eth-labels,medium,2026-07-17
0x5cc1a017c85d3ef7586dd97044ee2097e7715b2e,bsc,burgerswap,BurgerSwap: FAIRY,entity,eth-labels,https://github.com/dawsbot/eth-labels,medium,2026-07-17
0x5d198fff445d89863101de08f9342c5bc027fd47,bsc,burgerswap,BurgerSwap: bDBD,entity,eth-labels,https://github.com/dawsbot/eth-labels,medium,2026-07-17
0x5da100d9c15cd4facf4574659f1142d2f36468c0,bsc,burgerswap,BurgerSwap: BAND-BURGER,entity,eth-labels,https://github.com/dawsbot/eth-labels,medium,2026-07-17
0x5e8fe7f3e912def6b4e615121878850d69068947,bsc,burgerswap,BurgerSwap: ACTN,entity,eth-labels,https://github.com/dawsbot/eth-labels,medium,2026-07-17
0x5f761a1fab200932d8babc1eebf01f3ae372c772,bsc,burgerswap,BurgerSwap: DPK Token,entity,eth-labels,https://github.com/dawsbot/eth-labels,medium,2026-07-17
0x60cf49d8f9e16505d511baaf4a61f73e9d1239c5,bsc,burgerswap,BurgerSwap: bTHR,entity,eth-labels,https://github.com/dawsbot/eth-labels,medium,2026-07-17
0x6125d24276291845ef1189ebf320afcb6592c6b4,bsc,burgerswap,BurgerSwap: Medusa,entity,eth-labels,https://github.com/dawsbot/eth-labels,medium,2026-07-17
0x6132e7e3fa9180a6d8eab5ef4f3ff600cff14066,bsc,burgerswap,BurgerSwap: LU,entity,eth-labels,https://github.com/dawsbot/eth-labels,medium,2026-07-17
0x614f8263dd794aa7aa982175db362b11f3596fb5,bsc,burgerswap,BurgerSwap: SATT,entity,eth-labels,https://github.com/dawsbot/eth-labels,medium,2026-07-17
0x617ef089c86fc5f85f736d5b0131a799d7ca91d6,bsc,burgerswap,BurgerSwap: bUSDT,entity,eth-labels,https://github.com/dawsbot/eth-labels,medium,2026-07-17
0x61e181f1b5793f318de4c52373414386d374dfe1,bsc,burgerswap,BurgerSwap: SSP,entity,eth-labels,https://github.com/dawsbot/eth-labels,medium,2026-07-17
0x61f0e2c18dd12bcc59d9e26380c28df192e3e44f,bsc,burgerswap,BurgerSwap: yeye,entity,eth-labels,https://github.com/dawsbot/eth-labels,medium,2026-07-17
0x621460fe6b6a82056698b6c92da946c7a56ebc5d,bsc,burgerswap,BurgerSwap: BM,entity,eth-labels,https://github.com/dawsbot/eth-labels,medium,2026-07-17
0x622fa68cb9cac53bbfa91e052dffcb7030239b52,bsc,burgerswap,BurgerSwap: bJEX-QUSD,entity,eth-labels,https://github.com/dawsbot/eth-labels,medium,2026-07-17
0x62ea10992e73de1d7b29c067f7f87d3b7c6968d8,bsc,burgerswap,BurgerSwap: BNBM,entity,eth-labels,https://github.com/dawsbot/eth-labels,medium,2026-07-17
0x6372b708b35447482c1657efa4c491fef3d22d79,bsc,burgerswap,BurgerSwap: AGN,entity,eth-labels,https://github.com/dawsbot/eth-labels,medium,2026-07-17
0x646a3871723492910a6bac48275b0fcbd762b6be,bsc,burgerswap,BurgerSwap: BCH,entity,eth-labels,https://github.com/dawsbot/eth-labels,medium,2026-07-17
0x650b1263febb622123a1d7fd9e781cdcb5192881,bsc,burgerswap,BurgerSwap: BURGER-bFuture-AI,entity,eth-labels,https://github.com/dawsbot/eth-labels,medium,2026-07-17
0x65567f16a02a4661cc14272a968ef30569adde30,bsc,burgerswap,BurgerSwap: logo,entity,eth-labels,https://github.com/dawsbot/eth-labels,medium,2026-07-17
0x660b4f124e4eab6e3c7ec5a910da81a9bf7e8a1a,bsc,burgerswap,BurgerSwap: XRP,entity,eth-labels,https://github.com/dawsbot/eth-labels,medium,2026-07-17
0x661db759ed92d72a2766c2d84224af7e203c7bd2,bsc,burgerswap,BurgerSwap: bATD,entity,eth-labels,https://github.com/dawsbot/eth-labels,medium,2026-07-17
0x662e4dffa336d35ba77a34125f868cb77b2fd861,bsc,burgerswap,BurgerSwap: ETH-LINK,entity,eth-labels,https://github.com/dawsbot/eth-labels,medium,2026-07-17
0x673400393a5e65266ea484a6c2dfa12c8e31bc4d,bsc,burgerswap,BurgerSwap: CAPSULE-JMP,entity,eth-labels,https://github.com/dawsbot/eth-labels,medium,2026-07-17
0x68577d05905b8f4a947404c845909ecf24e69fef,bsc,burgerswap,BurgerSwap: BTCB-LINK,entity,eth-labels,https://github.com/dawsbot/eth-labels,medium,2026-07-17
0x688e97011525fbd124244373e7e7b3fcee0eacaf,bsc,burgerswap,BurgerSwap: BURGER-MEDI,entity,eth-labels,https://github.com/dawsbot/eth-labels,medium,2026-07-17
0x68f3e5b070668f4bc9f62f5aa5ad5880b8ccabe4,bsc,burgerswap,BurgerSwap: SPARTA,entity,eth-labels,https://github.com/dawsbot/eth-labels,medium,2026-07-17
0x6906ee53e026ce389c6d29b24b0bdc4aa7bb62e7,bsc,burgerswap,BurgerSwap: asd-xBURGER,entity,eth-labels,https://github.com/dawsbot/eth-labels,medium,2026-07-17
0x69083ed5a16f0158938c5b4d1604d791d374108c,bsc,burgerswap,BurgerSwap: BURGER-POLIS,entity,eth-labels,https://github.com/dawsbot/eth-labels,medium,2026-07-17
0x6a0468bc3d670bc4d12e7e0f72fc19b1d53b943f,bsc,burgerswap,BurgerSwap: bSRK-BURGER,entity,eth-labels,https://github.com/dawsbot/eth-labels,medium,2026-07-17
0x6a2a11b737a59cf773ac684274341488b34c92c4,bsc,burgerswap,BurgerSwap: GTEX,entity,eth-labels,https://github.com/dawsbot/eth-labels,medium,2026-07-17
0x6b29ba82853ee0a04c61be1086078d08a0c8ec95,bsc,burgerswap,BurgerSwap: bWAIF-BURGER,entity,eth-labels,https://github.com/dawsbot/eth-labels,medium,2026-07-17
0x6c0200ccc91d76b0570d9573202a11d1936acd13,bsc,burgerswap,BurgerSwap: DOT-LINK,entity,eth-labels,https://github.com/dawsbot/eth-labels,medium,2026-07-17
0x6c556aa8df5dfe3742bbebe0eb69cc32a84fae91,bsc,burgerswap,BurgerSwap: XRP-LTC,entity,eth-labels,https://github.com/dawsbot/eth-labels,medium,2026-07-17
0x6cb44a7c73da29ff1ad4a44a384c737f99aed7b4,bsc,burgerswap,BurgerSwap: GOD,entity,eth-labels,https://github.com/dawsbot/eth-labels,medium,2026-07-17
0x6cb4fb6ac00825fac12e77852d65eaf27d04fc4d,bsc,burgerswap,BurgerSwap: TEN,entity,eth-labels,https://github.com/dawsbot/eth-labels,medium,2026-07-17
0x6cb53a67fdb81476d9eafdb8e2439a8678055476,bsc,burgerswap,BurgerSwap: ETH-ADA,entity,eth-labels,https://github.com/dawsbot/eth-labels,medium,2026-07-17
0x6d5ca96cb393a55a9eeb15de8a7f1956fc155eeb,bsc,burgerswap,BurgerSwap: bSTONKS,entity,eth-labels,https://github.com/dawsbot/eth-labels,medium,2026-07-17
0x6db9747f93dccdea96f58b2df381570414bd31d1,bsc,burgerswap,BurgerSwap: EOS-BUSD,entity,eth-labels,https://github.com/dawsbot/eth-labels,medium,2026-07-17
0x6e360070578501ca0a8031152c259b1fae61279d,bsc,burgerswap,BurgerSwap: TEN-BURGER,entity,eth-labels,https://github.com/dawsbot/eth-labels,medium,2026-07-17
0x6e7e9c80b94edb7003e6654f452c219632776d5f,bsc,burgerswap,BurgerSwap: bBzB-BURGER,entity,eth-labels,https://github.com/dawsbot/eth-labels,medium,2026-07-17
0x6edafbbd6d27bffecb1f698a01bacc00d61be514,bsc,burgerswap,BurgerSwap: MSB,entity,eth-labels,https://github.com/dawsbot/eth-labels,medium,2026-07-17
0x6f80e2cb3ffd7d1b73aa0c8631d766c7732030c7,bsc,burgerswap,BurgerSwap: ETHPAD-BURGER,entity,eth-labels,https://github.com/dawsbot/eth-labels,medium,2026-07-17
0x6f8d3fb3b284792cb1108d72ca24b0a16fb96816,bsc,burgerswap,BurgerSwap: TWT,entity,eth-labels,https://github.com/dawsbot/eth-labels,medium,2026-07-17
0x6f9def541bb0f73b1568589422363c4b9ccace4a,bsc,burgerswap,BurgerSwap: BURGER-TWT,entity,eth-labels,https://github.com/dawsbot/eth-labels,medium,2026-07-17
0x6ffdfa07130ac98016e3ee4f1ace17041f87e465,bsc,burgerswap,BurgerSwap: bGL,entity,eth-labels,https://github.com/dawsbot/eth-labels,medium,2026-07-17
0x701c97105ec4e518464710be8457f444f87b5e5d,bsc,burgerswap,BurgerSwap: Gzc,entity,eth-labels,https://github.com/dawsbot/eth-labels,medium,2026-07-17
0x704b9c6efa9a020f92da05fc3036571fb3fd8b0d,bsc,burgerswap,BurgerSwap: EOS,entity,eth-labels,https://github.com/dawsbot/eth-labels,medium,2026-07-17
0x708649fd698b630f0132b7b162a21be3516c4f06,bsc,burgerswap,BurgerSwap: BURGER-RAVEN,entity,eth-labels,https://github.com/dawsbot/eth-labels,medium,2026-07-17
0x70c4b88eb24017e5fa27ba7b2ff3f27b2f4b2948,bsc,burgerswap,BurgerSwap: BNBX,entity,eth-labels,https://github.com/dawsbot/eth-labels,medium,2026-07-17
0x70efad75687db57634077b781193cab4a6a6b3a0,bsc,burgerswap,BurgerSwap: HGET-BUSD,entity,eth-labels,https://github.com/dawsbot/eth-labels,medium,2026-07-17
0x718345b2dd93c30d83f5a0a0db516a35656aecfc,bsc,burgerswap,BurgerSwap: ADR-BUSD,entity,eth-labels,https://github.com/dawsbot/eth-labels,medium,2026-07-17
0x71b80e326dbe05dd095ddd2d6a34ac04332865a2,bsc,burgerswap,BurgerSwap: bBITTO,entity,eth-labels,https://github.com/dawsbot/eth-labels,medium,2026-07-17
0x720f4b7d4e44ed29b6d793d53153544adc5ba80e,bsc,burgerswap,BurgerSwap: bUSDC,entity,eth-labels,https://github.com/dawsbot/eth-labels,medium,2026-07-17
0x7213482b2146f9a92d25eea27e4d0ee8ea6a37c2,bsc,burgerswap,BurgerSwap: BUSD-T-SATO,entity,eth-labels,https://github.com/dawsbot/eth-labels,medium,2026-07-17
0x7215fad4be74bcd2aff7c54ca3b7b599609226ab,bsc,burgerswap,BurgerSwap: bAIRx,entity,eth-labels,https://github.com/dawsbot/eth-labels,medium,2026-07-17
0x7261fc33e510437203fcbf371716bc79497d7520,bsc,burgerswap,BurgerSwap: FREE-USDT,entity,eth-labels,https://github.com/dawsbot/eth-labels,medium,2026-07-17
0x7271b7557851e4d60cf8b06d7839b54a34df70c3,bsc,burgerswap,BurgerSwap: HT 3,entity,eth-labels,https://github.com/dawsbot/eth-labels,medium,2026-07-17
0x727eef7cdeec3198165d73f004e51c7f254cfa2e,bsc,burgerswap,BurgerSwap: PEACH-BURGER,entity,eth-labels,https://github.com/dawsbot/eth-labels,medium,2026-07-17
0x729d2432387ce10040078ce4ba8e1bac1339ad18,bsc,burgerswap,BurgerSwap: BFMOON-BUSD,entity,eth-labels,https://github.com/dawsbot/eth-labels,medium,2026-07-17
0x72c2eec0a4ace20559956ee8f5c5bf4e47cc804c,bsc,burgerswap,BurgerSwap: XMPT-BUSD,entity,eth-labels,https://github.com/dawsbot/eth-labels,medium,2026-07-17
0x72d2e5f0537bfc73595b0238b6ff947e7c548ab4,bsc,burgerswap,BurgerSwap: bPRT-BUSD,entity,eth-labels,https://github.com/dawsbot/eth-labels,medium,2026-07-17
0x733e895e38b3103866cb75ede902244c7dad015a,bsc,burgerswap,BurgerSwap: Cake-CREAM,entity,eth-labels,https://github.com/dawsbot/eth-labels,medium,2026-07-17
0x73928b7e7b77141ef4784640397e375c244550d3,bsc,burgerswap,BurgerSwap: big fly,entity,eth-labels,https://github.com/dawsbot/eth-labels,medium,2026-07-17
0x749f133ed42a134cf33d52178a9f5aa492c84a76,bsc,burgerswap,BurgerSwap: BBQ,entity,eth-labels,https://github.com/dawsbot/eth-labels,medium,2026-07-17
0x74b301198b29ea317ca3ea66b355df4353382789,bsc,burgerswap,BurgerSwap: MFTU,entity,eth-labels,https://github.com/dawsbot/eth-labels,medium,2026-07-17
0x74bafee417cd3807d0671b87ae2b77f265817802,bsc,burgerswap,BurgerSwap: BTCBR,entity,eth-labels,https://github.com/dawsbot/eth-labels,medium,2026-07-17
0x74f721ced10df8b29010ac9af26b64d1af64c8e9,bsc,burgerswap,BurgerSwap: CSLT,entity,eth-labels,https://github.com/dawsbot/eth-labels,medium,2026-07-17
0x757f85c26111285cd1343504ffbb31998a9e145c,bsc,burgerswap,BurgerSwap: BBB,entity,eth-labels,https://github.com/dawsbot/eth-labels,medium,2026-07-17
0x75ea2c842dc49983b67e6eedf4eba027698e20d7,bsc,burgerswap,BurgerSwap: BURGER-BUSD,entity,eth-labels,https://github.com/dawsbot/eth-labels,medium,2026-07-17
0x76226b1588a49206e4ef75a8e8a2f6c0522d0947,bsc,burgerswap,BurgerSwap: VSION,entity,eth-labels,https://github.com/dawsbot/eth-labels,medium,2026-07-17
0x763acedf6a5b3b3af0508a2ac4187afe588d00cc,bsc,burgerswap,BurgerSwap: HGET,entity,eth-labels,https://github.com/dawsbot/eth-labels,medium,2026-07-17
0x765545754e2317badc4a0db003cf4bf550cd1286,bsc,burgerswap,BurgerSwap: EDEN,entity,eth-labels,https://github.com/dawsbot/eth-labels,medium,2026-07-17
0x765e2953d73f1c11c47502bb8119be6b4f410259,bsc,burgerswap,BurgerSwap: BTCB-BUSD,entity,eth-labels,https://github.com/dawsbot/eth-labels,medium,2026-07-17
0x767d8eb33bf918fa5b92655879d1a1f2499a8954,bsc,burgerswap,BurgerSwap: bCHBS,entity,eth-labels,https://github.com/dawsbot/eth-labels,medium,2026-07-17
0x7718bb93382554ba84b387b990b210b7502c851b,bsc,burgerswap,BurgerSwap: ABC-GAG,entity,eth-labels,https://github.com/dawsbot/eth-labels,medium,2026-07-17
0x7722bd537d6f08acbfcc72fa711f7fb95129087e,bsc,burgerswap,BurgerSwap: bat,entity,eth-labels,https://github.com/dawsbot/eth-labels,medium,2026-07-17
0x7775f9bb73a3ced141555cc76f425d8cab793a1f,bsc,burgerswap,BurgerSwap: XMAN,entity,eth-labels,https://github.com/dawsbot/eth-labels,medium,2026-07-17
0x7776d278cfc064c268b5f9fe53531c6236caf2bd,bsc,burgerswap,BurgerSwap: bVLO,entity,eth-labels,https://github.com/dawsbot/eth-labels,medium,2026-07-17
0x77b168f8175541099a366f1cd3de928b1dee9890,bsc,burgerswap,BurgerSwap: PROM-BUSD,entity,eth-labels,https://github.com/dawsbot/eth-labels,medium,2026-07-17
0x77c16de598de180d8171b1c397da3f788f0352ef,bsc,burgerswap,BurgerSwap: ADA-DOT,entity,eth-labels,https://github.com/dawsbot/eth-labels,medium,2026-07-17
0x77cd1e1a94f68bc6e73c7ecd9d41ea72f575d0da,bsc,burgerswap,BurgerSwap: BETH,entity,eth-labels,https://github.com/dawsbot/eth-labels,medium,2026-07-17
0x789b30f6785761a5879612421202beb746863d8b,bsc,burgerswap,BurgerSwap: GST,entity,eth-labels,https://github.com/dawsbot/eth-labels,medium,2026-07-17
0x78bcecb18a6e8b235ab6d4f5a8dca520ff554b2e,bsc,burgerswap,BurgerSwap: bUNI-V2-BURGER,entity,eth-labels,https://github.com/dawsbot/eth-labels,medium,2026-07-17
0x79463a40184ae4d020692efdc90882ab1a03b365,bsc,burgerswap,BurgerSwap: BURGER-MXC,entity,eth-labels,https://github.com/dawsbot/eth-labels,medium,2026-07-17
0x79ff015dec3940545bb22c9aa209e3895ad838e3,bsc,burgerswap,BurgerSwap: SHIK,entity,eth-labels,https://github.com/dawsbot/eth-labels,medium,2026-07-17
0x7a45abf932a925527fabc5f713e178b7acccbf10,bsc,burgerswap,BurgerSwap: USDT-BTCB,entity,eth-labels,https://github.com/dawsbot/eth-labels,medium,2026-07-17
0x7a9fc97cd64dc3a208268d769f0ad544b14a05c9,bsc,burgerswap,BurgerSwap: BSC-USD-bECX,entity,eth-labels,https://github.com/dawsbot/eth-labels,medium,2026-07-17
0x7ac55ac530f2c29659573bde0700c6758d69e677,bsc,burgerswap,BurgerSwap: BURGER,entity,eth-labels,https://github.com/dawsbot/eth-labels,medium,2026-07-17
0x7b63a86e1bd9f707dcc5c94f86dcf0bab1096cee,bsc,burgerswap,BurgerSwap: KUN-BURGER,entity,eth-labels,https://github.com/dawsbot/eth-labels,medium,2026-07-17
0x7ba7bf34873661838ab7e8d9ef375a339f9d7221,bsc,burgerswap,BurgerSwap: ADA-BUSD,entity,eth-labels,https://github.com/dawsbot/eth-labels,medium,2026-07-17
0x7bb1844f960a197f0249f1253815cda47675fcbd,bsc,burgerswap,BurgerSwap: DICE,entity,eth-labels,https://github.com/dawsbot/eth-labels,medium,2026-07-17
0x7c8aa2dc10e088ecfc8f568e467424b53c82b71e,bsc,burgerswap,BurgerSwap: CRP-USDX,entity,eth-labels,https://github.com/dawsbot/eth-labels,medium,2026-07-17
0x7ce71db155c9d532337bc2ec78b3b61ed855869e,bsc,burgerswap,BurgerSwap: Cake-BUSD,entity,eth-labels,https://github.com/dawsbot/eth-labels,medium,2026-07-17
0x7d06969f700bf9302e75cc4ed40fb52b36616cb7,bsc,burgerswap,BurgerSwap: BV3,entity,eth-labels,https://github.com/dawsbot/eth-labels,medium,2026-07-17
0x7d177ebe340c1c6982a35968e00f1031fc9e0883,bsc,burgerswap,BurgerSwap: DANGO-BUSD,entity,eth-labels,https://github.com/dawsbot/eth-labels,medium,2026-07-17
0x7d8b3f4282cc7497122dcb4027251062fa55bd2f,bsc,burgerswap,BurgerSwap: bROOBEE-BUSD,entity,eth-labels,https://github.com/dawsbot/eth-labels,medium,2026-07-17
0x7e2c6c95824456f40869392eb3461e186d646ebd,bsc,burgerswap,BurgerSwap: BZOOM,entity,eth-labels,https://github.com/dawsbot/eth-labels,medium,2026-07-17
0x7e357973783a59221a9baee610c8021b762210ad,bsc,burgerswap,BurgerSwap: STORM,entity,eth-labels,https://github.com/dawsbot/eth-labels,medium,2026-07-17
0x7eb3e9df51aee4dc369a6ae5f270595da9ab14ae,bsc,burgerswap,BurgerSwap: CBIX-FRIES,entity,eth-labels,https://github.com/dawsbot/eth-labels,medium,2026-07-17
0x7ed0934f5d2749ffdf9dc9989f3440c2a1193028,bsc,burgerswap,BurgerSwap: bGXC,entity,eth-labels,https://github.com/dawsbot/eth-labels,medium,2026-07-17
0x7ed142a316fa164c43866623c63448c7bee8b7b0,bsc,burgerswap,BurgerSwap: bALPA,entity,eth-labels,https://github.com/dawsbot/eth-labels,medium,2026-07-17
0x7f824af1b759bcd00e065b754fba94e9a79ade73,bsc,burgerswap,BurgerSwap: FRIES-BUSD,entity,eth-labels,https://github.com/dawsbot/eth-labels,medium,2026-07-17
0x7fc1f173fddd2c89b3debf0e46ebf4fa50b66f59,bsc,burgerswap,BurgerSwap: BURGER-ALPA,entity,eth-labels,https://github.com/dawsbot/eth-labels,medium,2026-07-17
0x8068f2a2fe9a8a57f739f29dd10de8ecfd227ea2,bsc,burgerswap,BurgerSwap: Ctrl2XY,entity,eth-labels,https://github.com/dawsbot/eth-labels,medium,2026-07-17
0x809a7e19059aee6a97bd2b21be77391d7736d252,bsc,burgerswap,BurgerSwap: SiBoSi,entity,eth-labels,https://github.com/dawsbot/eth-labels,medium,2026-07-17
0x80cd0d8919b9bfb34050889b4a0cde0c65dc1fcf,bsc,burgerswap,BurgerSwap: UNI,entity,eth-labels,https://github.com/dawsbot/eth-labels,medium,2026-07-17
0x81153b546bfc26ab32972b8e5d34772fe7090bc5,bsc,burgerswap,BurgerSwap: bTBB,entity,eth-labels,https://github.com/dawsbot/eth-labels,medium,2026-07-17
0x8198fca8f8591d3be3922994c1a4ab898e91ce3f,bsc,burgerswap,BurgerSwap: CLBK,entity,eth-labels,https://github.com/dawsbot/eth-labels,medium,2026-07-17
0x81e96b592f5b555a0ea38f9ff902b32b2002ad5e,bsc,burgerswap,BurgerSwap: FKK2,entity,eth-labels,https://github.com/dawsbot/eth-labels,medium,2026-07-17
0x825093a651f789c29cefba5d8781f2e55e149adc,bsc,burgerswap,BurgerSwap: JNTR/b-BURGER,entity,eth-labels,https://github.com/dawsbot/eth-labels,medium,2026-07-17
0x828da5e3009e34cbddb158d57176d5b7cbd066e0,bsc,burgerswap,BurgerSwap: xiaodao,entity,eth-labels,https://github.com/dawsbot/eth-labels,medium,2026-07-17
0x8385c89606568a1538af186d7193f242549cf641,bsc,burgerswap,BurgerSwap: EDG-RNG,entity,eth-labels,https://github.com/dawsbot/eth-labels,medium,2026-07-17
0x84b72b4b974bf49993ccc1f9ad9d7b7cd5467bbc,bsc,burgerswap,BurgerSwap: CREAM-BUSD,entity,eth-labels,https://github.com/dawsbot/eth-labels,medium,2026-07-17
0x851070de7b745caf6ec640b263cbcbdf31063610,bsc,burgerswap,BurgerSwap: BURGER-YONG,entity,eth-labels,https://github.com/dawsbot/eth-labels,medium,2026-07-17
0x85882c507ccbc76ad04d899fd3beb51851b7446f,bsc,burgerswap,BurgerSwap: dou,entity,eth-labels,https://github.com/dawsbot/eth-labels,medium,2026-07-17
0x85946ce1c0cdaeeb061e2a77f9ac04c0fb8570ec,bsc,burgerswap,BurgerSwap: CHAIR,entity,eth-labels,https://github.com/dawsbot/eth-labels,medium,2026-07-17
0x85d8e571c2c45b3c85d6e485aed565571a69b41d,bsc,burgerswap,BurgerSwap: SANTA-JGN,entity,eth-labels,https://github.com/dawsbot/eth-labels,medium,2026-07-17
0x85f47dccac8ccf28030c45cb97eb1ade6ad2565f,bsc,burgerswap,BurgerSwap: POGE,entity,eth-labels,https://github.com/dawsbot/eth-labels,medium,2026-07-17
0x8666ec23266026214549aec846528b5cdab5a597,bsc,burgerswap,BurgerSwap: SYRUP,entity,eth-labels,https://github.com/dawsbot/eth-labels,medium,2026-07-17
0x879cba0cc8034f0ca444c9066ff5a80c0136d51b,bsc,burgerswap,BurgerSwap: XLS,entity,eth-labels,https://github.com/dawsbot/eth-labels,medium,2026-07-17
0x87bdd3d38fc615f07346eff048290cda6d3017ec,bsc,burgerswap,BurgerSwap: MT,entity,eth-labels,https://github.com/dawsbot/eth-labels,medium,2026-07-17
0x87d03553a96c3fe0b5af6d574fa184b9914ffd8f,bsc,burgerswap,BurgerSwap: PROPEL 2,entity,eth-labels,https://github.com/dawsbot/eth-labels,medium,2026-07-17
0x87ed9faeb504795e861aec3301718b3875155442,bsc,burgerswap,BurgerSwap: Bul,entity,eth-labels,https://github.com/dawsbot/eth-labels,medium,2026-07-17
0x880700c84ccabe8bbfc4c1f073a1a55ce89bcb32,bsc,burgerswap,BurgerSwap: MTV-xBURGER,entity,eth-labels,https://github.com/dawsbot/eth-labels,medium,2026-07-17
0x885bd8c025c299e81d22c2f3e4f537917808f4e2,bsc,burgerswap,BurgerSwap: bDAM,entity,eth-labels,https://github.com/dawsbot/eth-labels,medium,2026-07-17
0x88a52bdb9393c56c56dd89884aa822d7af118218,bsc,burgerswap,BurgerSwap: WEAPON-BAKE,entity,eth-labels,https://github.com/dawsbot/eth-labels,medium,2026-07-17
0x88c9dc883298f2909fb8f34f41c1ab364335e771,bsc,burgerswap,BurgerSwap: QUSD-BUSD,entity,eth-labels,https://github.com/dawsbot/eth-labels,medium,2026-07-17
0x88cda113189bdbad5dda461086db6e81861a1963,bsc,burgerswap,BurgerSwap: bLEVL,entity,eth-labels,https://github.com/dawsbot/eth-labels,medium,2026-07-17
0x88fd91dfa373886eb43c08ebe0896d16a8ecc09a,bsc,burgerswap,BurgerSwap: bFREE,entity,eth-labels,https://github.com/dawsbot/eth-labels,medium,2026-07-17
0x8ab87e0618df9b2f54046e822723e9798d6d087b,bsc,burgerswap,BurgerSwap: BURGER-rich,entity,eth-labels,https://github.com/dawsbot/eth-labels,medium,2026-07-17
0x8acc66183e44396934a748e7dea066da81114d9e,bsc,burgerswap,BurgerSwap: SHLIAPA,entity,eth-labels,https://github.com/dawsbot/eth-labels,medium,2026-07-17
0x8b57eac836016ef5334ef85281272e2d9a5bfe7d,bsc,burgerswap,BurgerSwap: TMD,entity,eth-labels,https://github.com/dawsbot/eth-labels,medium,2026-07-17
0x8bedf7b6745b56df0a25d8eac62565c61ac0875c,bsc,burgerswap,BurgerSwap: abc,entity,eth-labels,https://github.com/dawsbot/eth-labels,medium,2026-07-17
0x8c3f7c566ac9c15732107ae721bf79cc9eea9e8e,bsc,burgerswap,BurgerSwap: RICK,entity,eth-labels,https://github.com/dawsbot/eth-labels,medium,2026-07-17
0x8c77588dbea63a96dc2e9b422e7f78a39a496a1e,bsc,burgerswap,BurgerSwap: bALBT-BURGER,entity,eth-labels,https://github.com/dawsbot/eth-labels,medium,2026-07-17
0x8d118fb789d8330f24aff16f8278a81e859512ee,bsc,burgerswap,BurgerSwap: BURGER-CREAM,entity,eth-labels,https://github.com/dawsbot/eth-labels,medium,2026-07-17
0x8e051d5fb36932a1cd9306a0ea420367ecdc3ffb,bsc,burgerswap,BurgerSwap: BURGER-TOK,entity,eth-labels,https://github.com/dawsbot/eth-labels,medium,2026-07-17
0x8e0f61442c565da1914c4827a19356799e63822c,bsc,burgerswap,BurgerSwap: QA-BURGER,entity,eth-labels,https://github.com/dawsbot/eth-labels,medium,2026-07-17
0x8e391e8e7f7a15671d57cab9561a340835a3fec3,bsc,burgerswap,BurgerSwap: USDT 2,entity,eth-labels,https://github.com/dawsbot/eth-labels,medium,2026-07-17
0x8e9112780c81330ba6891e45b8227d2a11e4a875,bsc,burgerswap,BurgerSwap: JYB,entity,eth-labels,https://github.com/dawsbot/eth-labels,medium,2026-07-17
0x8ec12ea7f9cc568e9431bfb259d17521df079190,bsc,burgerswap,BurgerSwap: SAFEMARSCASH,entity,eth-labels,https://github.com/dawsbot/eth-labels,medium,2026-07-17
0x8ed4d9c8e5c7353f58b050ba92f0c07f4ffcd98e,bsc,burgerswap,BurgerSwap: ZUMD,entity,eth-labels,https://github.com/dawsbot/eth-labels,medium,2026-07-17
0x8f0efeb5daec54551453ad6eb35ccc6a7e8b1ad5,bsc,burgerswap,BurgerSwap: bBNS,entity,eth-labels,https://github.com/dawsbot/eth-labels,medium,2026-07-17
0x8f8b0afd3128abf39089c1e5e13afb6736ead733,bsc,burgerswap,BurgerSwap: FISH,entity,eth-labels,https://github.com/dawsbot/eth-labels,medium,2026-07-17
0x8fac10119daed63b94636f669bd4afd866f5a48e,bsc,burgerswap,BurgerSwap: USDT-BTCB 2,entity,eth-labels,https://github.com/dawsbot/eth-labels,medium,2026-07-17
0x9133f1bc34dd9f47d168012fb570b5a2fde50887,bsc,burgerswap,BurgerSwap: DXW,entity,eth-labels,https://github.com/dawsbot/eth-labels,medium,2026-07-17
0x91d9ba070d161d04d5c91617709feb0d9458c16a,bsc,burgerswap,BurgerSwap: LG-BUSD,entity,eth-labels,https://github.com/dawsbot/eth-labels,medium,2026-07-17
0x925e0eb3c2bca8ed54a28403e40e7e1962210432,bsc,burgerswap,BurgerSwap: Candy 2,entity,eth-labels,https://github.com/dawsbot/eth-labels,medium,2026-07-17
0x92b8e894cb69eba393dd4fe643ba7674b00a21bf,bsc,burgerswap,BurgerSwap: UNQT,entity,eth-labels,https://github.com/dawsbot/eth-labels,medium,2026-07-17
0x92c0cfcb37dbcdd87f715f9af8007287158ab995,bsc,burgerswap,BurgerSwap: BSC-USD-GDX,entity,eth-labels,https://github.com/dawsbot/eth-labels,medium,2026-07-17
0x92f738d23d15ea44737f65a2e62a5caa49d7e489,bsc,burgerswap,BurgerSwap: BHC,entity,eth-labels,https://github.com/dawsbot/eth-labels,medium,2026-07-17
0x9308975c0c6049b7005cfe10c3344ef351334b39,bsc,burgerswap,BurgerSwap: ANY,entity,eth-labels,https://github.com/dawsbot/eth-labels,medium,2026-07-17
0x9356e111f00a284cd5fd9a1e245323452954ee24,bsc,burgerswap,BurgerSwap: bMIXS,entity,eth-labels,https://github.com/dawsbot/eth-labels,medium,2026-07-17
0x939834368bc5dd0654336b088101ef168c6a8bef,bsc,burgerswap,BurgerSwap: BURGER-XSD,entity,eth-labels,https://github.com/dawsbot/eth-labels,medium,2026-07-17
0x93a99e20a588fa1673a8983eac3bc042d6aca604,bsc,burgerswap,BurgerSwap: bFGP,entity,eth-labels,https://github.com/dawsbot/eth-labels,medium,2026-07-17
0x93c752c850923e51516baf2e55e92f3222327f73,bsc,burgerswap,BurgerSwap: BSC-USD-DAPF,entity,eth-labels,https://github.com/dawsbot/eth-labels,medium,2026-07-17
0x93f3f609eb716116aa5309662624b4e095fb2442,bsc,burgerswap,BurgerSwap: FRIES-BAKE,entity,eth-labels,https://github.com/dawsbot/eth-labels,medium,2026-07-17
0x941711ef07796e31932f3d330e56bd73a8ee73e0,bsc,burgerswap,BurgerSwap: MT2,entity,eth-labels,https://github.com/dawsbot/eth-labels,medium,2026-07-17
0x946c55c486d9d832a46894073bc2f1279344447a,bsc,burgerswap,BurgerSwap: SXP-QUSD,entity,eth-labels,https://github.com/dawsbot/eth-labels,medium,2026-07-17
0x948655e8f93ce33944e18d6840d44c8b13d68948,bsc,burgerswap,BurgerSwap: CRP-EOS,entity,eth-labels,https://github.com/dawsbot/eth-labels,medium,2026-07-17
0x94d5cc8a37ca36b770fc82d378814e82fd9e1dec,bsc,burgerswap,BurgerSwap: BAT-BURGER,entity,eth-labels,https://github.com/dawsbot/eth-labels,medium,2026-07-17
0x952a31854580df94b02ef58edb93339621ebdab9,bsc,burgerswap,BurgerSwap: KOR-BUSD,entity,eth-labels,https://github.com/dawsbot/eth-labels,medium,2026-07-17
0x956ab52684a49b2cc011947f29d0ac13537a070d,bsc,burgerswap,BurgerSwap: QUSD,entity,eth-labels,https://github.com/dawsbot/eth-labels,medium,2026-07-17
0x95a4e5904595c8373b47329531853ba3386182e7,bsc,burgerswap,BurgerSwap: bPoor,entity,eth-labels,https://github.com/dawsbot/eth-labels,medium,2026-07-17
0x968a4104e94352057ac63af72704caf79155ecce,bsc,burgerswap,BurgerSwap: TENET-BURGER,entity,eth-labels,https://github.com/dawsbot/eth-labels,medium,2026-07-17
0x968ce6970bb57c390c7403d238a399d2e9022752,bsc,burgerswap,BurgerSwap: ETHM,entity,eth-labels,https://github.com/dawsbot/eth-labels,medium,2026-07-17
0x96f09f024986626f65b99d053ad7bb23dd0a002a,bsc,burgerswap,BurgerSwap: CZ,entity,eth-labels,https://github.com/dawsbot/eth-labels,medium,2026-07-17
0x98138593c90cb2331e21922b1cda8c2600a83c50,bsc,burgerswap,BurgerSwap: XTZ-USDT,entity,eth-labels,https://github.com/dawsbot/eth-labels,medium,2026-07-17
0x984926c3fe7235012c5c0858f72414dd6e8b55bf,bsc,burgerswap,BurgerSwap: BSC-USD-SHARIA,entity,eth-labels,https://github.com/dawsbot/eth-labels,medium,2026-07-17
0x98542428885b5cb70054e91c89241b631bc267b4,bsc,burgerswap,BurgerSwap: ht 4,entity,eth-labels,https://github.com/dawsbot/eth-labels,medium,2026-07-17
0x988899145e868c6f298d7643554df4b4722ce4a6,bsc,burgerswap,BurgerSwap: ORBS,entity,eth-labels,https://github.com/dawsbot/eth-labels,medium,2026-07-17
0x9898102e3d8c20da1e30ac49c3e1a9a86c2dfb8e,bsc,burgerswap,BurgerSwap: USDC-BURGER,entity,eth-labels,https://github.com/dawsbot/eth-labels,medium,2026-07-17
0x98bae4ffa2a86f527878f99d2cb6f4cdfe42058a,bsc,burgerswap,BurgerSwap: TITS,entity,eth-labels,https://github.com/dawsbot/eth-labels,medium,2026-07-17
0x98c633e6221264405c227031e9f2e36defcecfd8,bsc,burgerswap,BurgerSwap: bCBS3-BUSD,entity,eth-labels,https://github.com/dawsbot/eth-labels,medium,2026-07-17
0x98defe684c2e58beb52175a79760f6e802db5f7d,bsc,burgerswap,BurgerSwap: COCO,entity,eth-labels,https://github.com/dawsbot/eth-labels,medium,2026-07-17
0x98e1e7e908e29f9dcd21601b87bf75c26953ffc2,bsc,burgerswap,BurgerSwap: BURGER-ONT,entity,eth-labels,https://github.com/dawsbot/eth-labels,medium,2026-07-17
0x991b74fcc935c8c2625c88054dbc052879e70eeb,bsc,burgerswap,BurgerSwap: BONUM,entity,eth-labels,https://github.com/dawsbot/eth-labels,medium,2026-07-17
0x995992c25e2920dbe0c8b39f235303717a8d5909,bsc,burgerswap,BurgerSwap: bFREE-BURGER,entity,eth-labels,https://github.com/dawsbot/eth-labels,medium,2026-07-17
0x997041b3a1dd621632309cba52bab89e6fc44417,bsc,burgerswap,BurgerSwap: JNTR/b-BUSD,entity,eth-labels,https://github.com/dawsbot/eth-labels,medium,2026-07-17
0x99af26ba98f74320b86b133ad4e80b9780c28053,bsc,burgerswap,BurgerSwap: bREEF,entity,eth-labels,https://github.com/dawsbot/eth-labels,medium,2026-07-17
0x99b19d233fc80560aa82489bb3ed9c825178ab11,bsc,burgerswap,BurgerSwap: bRANKER,entity,eth-labels,https://github.com/dawsbot/eth-labels,medium,2026-07-17
0x9a680d92283dbb13c73a5643dcb1ecdc3a6212d5,bsc,burgerswap,BurgerSwap: AVX-BUSD,entity,eth-labels,https://github.com/dawsbot/eth-labels,medium,2026-07-17
0x9b182849c76add2786d907959414c1f8cdd34462,bsc,burgerswap,BurgerSwap: HSWAP,entity,eth-labels,https://github.com/dawsbot/eth-labels,medium,2026-07-17
0x9b7d7ed6ad1442e0145499f116f4fb016262a254,bsc,burgerswap,BurgerSwap: BFIC,entity,eth-labels,https://github.com/dawsbot/eth-labels,medium,2026-07-17
0x9b8b70ae4e7379414973b39d960916b4d6ea40b0,bsc,burgerswap,BurgerSwap: bDFSocial,entity,eth-labels,https://github.com/dawsbot/eth-labels,medium,2026-07-17
0x9c8a8ea7cad781a2aa90085e1c43c828ad4eca57,bsc,burgerswap,BurgerSwap: BURGER-BAKE,entity,eth-labels,https://github.com/dawsbot/eth-labels,medium,2026-07-17
0x9c93724eeaf494bb0f898e6c1ff024a0c4bd0371,bsc,burgerswap,BurgerSwap: BSC,entity,eth-labels,https://github.com/dawsbot/eth-labels,medium,2026-07-17
0x9cb8ebc874f49f4f2c1e7b649734a5515594f975,bsc,burgerswap,BurgerSwap: YZT,entity,eth-labels,https://github.com/dawsbot/eth-labels,medium,2026-07-17
0x9ce6bfed2893d8d43cc577f8e40a3a57f93ca571,bsc,burgerswap,BurgerSwap: CYFM,entity,eth-labels,https://github.com/dawsbot/eth-labels,medium,2026-07-17
0x9d1541e125dc60432c2380f4ea97164778e712d5,bsc,burgerswap,BurgerSwap: VTECH,entity,eth-labels,https://github.com/dawsbot/eth-labels,medium,2026-07-17
0x9d34e304982ef132ba5818d23bf0c96ebf19618a,bsc,burgerswap,BurgerSwap: BURGER-INJ,entity,eth-labels,https://github.com/dawsbot/eth-labels,medium,2026-07-17
0x9d6b349081981fa4011b989ad9b662a58284f46d,bsc,burgerswap,BurgerSwap: DEK,entity,eth-labels,https://github.com/dawsbot/eth-labels,medium,2026-07-17
0x9d700a4d764fa6759604f6a42bf303e513265b67,bsc,burgerswap,BurgerSwap: USDT-LINK,entity,eth-labels,https://github.com/dawsbot/eth-labels,medium,2026-07-17
0x9daa61d234b7f0b80100096a9d1c6be673217c9c,bsc,burgerswap,BurgerSwap: bYFTE-BURGER,entity,eth-labels,https://github.com/dawsbot/eth-labels,medium,2026-07-17
0x9dd034bb3e7b8113a36c43a5d2cbd6e7af9044ec,bsc,burgerswap,BurgerSwap: RAVEN,entity,eth-labels,https://github.com/dawsbot/eth-labels,medium,2026-07-17
0x9ea69186b6e082aec28b1ee8360119be221326ac,bsc,burgerswap,BurgerSwap: ONT,entity,eth-labels,https://github.com/dawsbot/eth-labels,medium,2026-07-17
0x9f3da12eb1ba540c3c7642cdb56df5e58825d6ba,bsc,burgerswap,BurgerSwap: BIFI,entity,eth-labels,https://github.com/dawsbot/eth-labels,medium,2026-07-17
0x9f59de5a2a5b28cbee5f9fdc3bb909d5e67cba76,bsc,burgerswap,BurgerSwap: FRIES-BURGER,entity,eth-labels,https://github.com/dawsbot/eth-labels,medium,2026-07-17
0x9fa141a1708a9af19721a79f275cd0b5e6c4b72e,bsc,burgerswap,BurgerSwap: ZEAL-BSC-USD,entity,eth-labels,https://github.com/dawsbot/eth-labels,medium,2026-07-17
0x9fde011509e81f093cf0f20ed4b73a42168e7087,bsc,burgerswap,BurgerSwap: BURGER-bFAB,entity,eth-labels,https://github.com/dawsbot/eth-labels,medium,2026-07-17
0xa0165034c7db067a789003889603376582d22202,bsc,burgerswap,BurgerSwap: USDX,entity,eth-labels,https://github.com/dawsbot/eth-labels,medium,2026-07-17
0xa02d23c9f64e0601830df955daed607db50226e2,bsc,burgerswap,BurgerSwap: BURGER-bFGP,entity,eth-labels,https://github.com/dawsbot/eth-labels,medium,2026-07-17
0xa0729ca96fb81ba95eadda3120966d40add482f5,bsc,burgerswap,BurgerSwap: BURGER-fake 2,entity,eth-labels,https://github.com/dawsbot/eth-labels,medium,2026-07-17
0xa0ecf5d3d055576a25f6f01519581b03c2b4f496,bsc,burgerswap,BurgerSwap: CCC,entity,eth-labels,https://github.com/dawsbot/eth-labels,medium,2026-07-17
0xa1119e45893856b0eaa71fd2921e36bb32c86d3e,bsc,burgerswap,BurgerSwap: MBM,entity,eth-labels,https://github.com/dawsbot/eth-labels,medium,2026-07-17
0xa1518876b638983111fdf0235fc7ad2fb1d1b749,bsc,burgerswap,BurgerSwap: USDT-BAND,entity,eth-labels,https://github.com/dawsbot/eth-labels,medium,2026-07-17
0xa154ec2ea0b61e41b6ade894f3eec19c195d3f7d,bsc,burgerswap,BurgerSwap: BCH-BUSD,entity,eth-labels,https://github.com/dawsbot/eth-labels,medium,2026-07-17
0xa2d723705f2a76d7ea5da93403e622d5babc17bf,bsc,burgerswap,BurgerSwap: bUNI,entity,eth-labels,https://github.com/dawsbot/eth-labels,medium,2026-07-17
0xa2ef59d29fb50d232b049fd1612d4a0f845cb1c4,bsc,burgerswap,BurgerSwap: MKN-BRG,entity,eth-labels,https://github.com/dawsbot/eth-labels,medium,2026-07-17
0xa32bc1428a06289eb3395febcad265c2ed6cb9be,bsc,burgerswap,BurgerSwap: QST,entity,eth-labels,https://github.com/dawsbot/eth-labels,medium,2026-07-17
0xa3c4c17766031254da5103a78adaaacff7d108b3,bsc,burgerswap,BurgerSwap: DAI-USDT,entity,eth-labels,https://github.com/dawsbot/eth-labels,medium,2026-07-17
0xa4356cd092fcc8a09ec0545ffbe9ae2032ee51cb,bsc,burgerswap,BurgerSwap: SBM,entity,eth-labels,https://github.com/dawsbot/eth-labels,medium,2026-07-17
0xa4436cb7a01e04fb27f523a9b94bd601c70443e8,bsc,burgerswap,BurgerSwap: 1337,entity,eth-labels,https://github.com/dawsbot/eth-labels,medium,2026-07-17
0xa4d05364ec5eea9f0fecb6d44e2e3aad7076ed63,bsc,burgerswap,BurgerSwap: BUSD-LINK,entity,eth-labels,https://github.com/dawsbot/eth-labels,medium,2026-07-17
0xa5435d0dff5d1a7755697dd76d74b0a71d3dff3d,bsc,burgerswap,BurgerSwap: abc 5,entity,eth-labels,https://github.com/dawsbot/eth-labels,medium,2026-07-17
0xa5631dd533d013837c2c2e8c1b5690025f272424,bsc,burgerswap,BurgerSwap: DTX-TXC,entity,eth-labels,https://github.com/dawsbot/eth-labels,medium,2026-07-17
0xa57b4a16a0313bfd4081f610b190ff46b470a50b,bsc,burgerswap,BurgerSwap: PEACH,entity,eth-labels,https://github.com/dawsbot/eth-labels,medium,2026-07-17
0xa57bad03faf38dbd6523e734c4f949be0e2c2a00,bsc,burgerswap,BurgerSwap: PROPEL,entity,eth-labels,https://github.com/dawsbot/eth-labels,medium,2026-07-17
0xa5814666c1fd9de3e952d38225f6acf401211604,bsc,burgerswap,BurgerSwap: BURGER-CSLT,entity,eth-labels,https://github.com/dawsbot/eth-labels,medium,2026-07-17
0xa591b8bd39d03b84058275b24c887b995dfeb6aa,bsc,burgerswap,BurgerSwap: bWBUNNY,entity,eth-labels,https://github.com/dawsbot/eth-labels,medium,2026-07-17
0xa59c60140c2f24c54ae35f75c1867997d9243077,bsc,burgerswap,BurgerSwap: BURGER-bKANGAL,entity,eth-labels,https://github.com/dawsbot/eth-labels,medium,2026-07-17
0xa5a0ad2d6e4ec1262e2a5484874af1a5f28c1d5a,bsc,burgerswap,BurgerSwap: QA,entity,eth-labels,https://github.com/dawsbot/eth-labels,medium,2026-07-17
0xa5c92db883069c240465ddad0305bf9eea8fd39a,bsc,burgerswap,BurgerSwap: bWFC,entity,eth-labels,https://github.com/dawsbot/eth-labels,medium,2026-07-17
0xa5e6519e1623547b7c6b1ec8f0f4f918bbace5dd,bsc,burgerswap,BurgerSwap: BUSD,entity,eth-labels,https://github.com/dawsbot/eth-labels,medium,2026-07-17
0xa6199e5fbfcc2b53ac28110f2542340da90fbc3e,bsc,burgerswap,BurgerSwap: KUTTA-BUSD,entity,eth-labels,https://github.com/dawsbot/eth-labels,medium,2026-07-17
0xa63021cef6ffa990930abd079766c518c3a29edb,bsc,burgerswap,BurgerSwap: bFuture-AI,entity,eth-labels,https://github.com/dawsbot/eth-labels,medium,2026-07-17
0xa6fce313dd837adffc8956cb4fca195f5f57cd1f,bsc,burgerswap,BurgerSwap: BNBRM,entity,eth-labels,https://github.com/dawsbot/eth-labels,medium,2026-07-17
0xa72b20e5a9175002b547350139de5e72afa533e1,bsc,burgerswap,BurgerSwap: PKGB,entity,eth-labels,https://github.com/dawsbot/eth-labels,medium,2026-07-17
0xa78deb35a3f174dbb384acd3ae7706af418cee31,bsc,burgerswap,BurgerSwap: DOT-QUSD,entity,eth-labels,https://github.com/dawsbot/eth-labels,medium,2026-07-17
0xa79d846038c74a497f58ef27e4f972496f31ad41,bsc,burgerswap,BurgerSwap: USDT-PROPEL,entity,eth-labels,https://github.com/dawsbot/eth-labels,medium,2026-07-17
0xa7c853e71a7f653163e3d0b14c582aeb9ff129ec,bsc,burgerswap,BurgerSwap: ETH-USDT,entity,eth-labels,https://github.com/dawsbot/eth-labels,medium,2026-07-17
0xa7d1e5420d8aef27178f7c3baf725c017152519d,bsc,burgerswap,BurgerSwap: bSNN,entity,eth-labels,https://github.com/dawsbot/eth-labels,medium,2026-07-17
0xa85a86b624161ed74981ad1357b002a0939fad15,bsc,burgerswap,BurgerSwap: FREE-BUSD,entity,eth-labels,https://github.com/dawsbot/eth-labels,medium,2026-07-17
0xa88a5494e926f2115aed9e90147dbb9f09b27783,bsc,burgerswap,BurgerSwap: YYCB-BURGER,entity,eth-labels,https://github.com/dawsbot/eth-labels,medium,2026-07-17
0xa892c7083a83ce72990f75b31e0e3e8bd7da2a8a,bsc,burgerswap,BurgerSwap: MER,entity,eth-labels,https://github.com/dawsbot/eth-labels,medium,2026-07-17
0xa8fffe4448130c08dc444fdbcdd96590c3898ca4,bsc,burgerswap,BurgerSwap: USDT-SPARTA,entity,eth-labels,https://github.com/dawsbot/eth-labels,medium,2026-07-17
0xa9850c255e8a04e84ef8bf6cca924f7b96788e67,bsc,burgerswap,BurgerSwap: BURGER-HT,entity,eth-labels,https://github.com/dawsbot/eth-labels,medium,2026-07-17
0xa9c114d56d589e3ab0a29a59a031f0d1384df15e,bsc,burgerswap,BurgerSwap: JDI,entity,eth-labels,https://github.com/dawsbot/eth-labels,medium,2026-07-17
0xaa0c676fd15fdf868010358b1c6500f3d374a05c,bsc,burgerswap,BurgerSwap: LUCHOW,entity,eth-labels,https://github.com/dawsbot/eth-labels,medium,2026-07-17
0xaa50b37d4902b6c431d6d42e3a8bdf4f07ab84e5,bsc,burgerswap,BurgerSwap: DEGO-BURGER,entity,eth-labels,https://github.com/dawsbot/eth-labels,medium,2026-07-17
0xaa74c2bccc5696281b75e02df713fc9820bbd348,bsc,burgerswap,BurgerSwap: TRNN-BURGER,entity,eth-labels,https://github.com/dawsbot/eth-labels,medium,2026-07-17
0xaaa14bc1292afe4537090a4eef0bc206a2c723f7,bsc,burgerswap,BurgerSwap: BURGER-bELON,entity,eth-labels,https://github.com/dawsbot/eth-labels,medium,2026-07-17
0xab2a265a99b4dd660760e389e4163363b2643262,bsc,burgerswap,BurgerSwap: ARTS-BURGER,entity,eth-labels,https://github.com/dawsbot/eth-labels,medium,2026-07-17
0xab484930f387fcbda95b567fc94eeb86bf7714a8,bsc,burgerswap,BurgerSwap: ALPA,entity,eth-labels,https://github.com/dawsbot/eth-labels,medium,2026-07-17
0xab59e51b81cf57b18d5073b4b18fba102f758a17,bsc,burgerswap,BurgerSwap: COLA-BURGER,entity,eth-labels,https://github.com/dawsbot/eth-labels,medium,2026-07-17
0xab8c59a240968fcb74655e918fe3776bc914ff26,bsc,burgerswap,BurgerSwap: bTRADE-BURGER,entity,eth-labels,https://github.com/dawsbot/eth-labels,medium,2026-07-17
0xac1092203e3213a0882aa296902915c2648cd9fe,bsc,burgerswap,BurgerSwap: PNW,entity,eth-labels,https://github.com/dawsbot/eth-labels,medium,2026-07-17
0xac10ef46c02fcb3af381dfd52f4fc1066649a2b6,bsc,burgerswap,BurgerSwap: COCO 2,entity,eth-labels,https://github.com/dawsbot/eth-labels,medium,2026-07-17
0xadc260db8e945e2f71cf535b368019fd0883acca,bsc,burgerswap,BurgerSwap: GTEX-BUSD,entity,eth-labels,https://github.com/dawsbot/eth-labels,medium,2026-07-17
0xae4871640a1d22d7f65d4755cc82511f457adbf3,bsc,burgerswap,BurgerSwap: bPROM,entity,eth-labels,https://github.com/dawsbot/eth-labels,medium,2026-07-17
0xae856c014c510b738f767fb37cf1d43e7e29f27e,bsc,burgerswap,BurgerSwap: SHEPHERD,entity,eth-labels,https://github.com/dawsbot/eth-labels,medium,2026-07-17
0xaeb89b1170de3c2141a491720de7ae850f596330,bsc,burgerswap,BurgerSwap: BURGER-TVF,entity,eth-labels,https://github.com/dawsbot/eth-labels,medium,2026-07-17
0xaf79e777f2a70a539e29894f65a9f9a5fdf40af3,bsc,burgerswap,BurgerSwap: BAND,entity,eth-labels,https://github.com/dawsbot/eth-labels,medium,2026-07-17
0xb020ae0929f1029c7e2acac08ae073c01f305d70,bsc,burgerswap,BurgerSwap: XTZ-ADA,entity,eth-labels,https://github.com/dawsbot/eth-labels,medium,2026-07-17
0xb05926907cf41ef6ab549036c82322ae20f37b50,bsc,burgerswap,BurgerSwap: CHEF-BURGER,entity,eth-labels,https://github.com/dawsbot/eth-labels,medium,2026-07-17
0xb07b7680150a26be6b5f8a62b6879b69a8f83b85,bsc,burgerswap,BurgerSwap: DAI-ETH,entity,eth-labels,https://github.com/dawsbot/eth-labels,medium,2026-07-17
0xb0cad5803d3cc7218c9a8d4768e19d8ac9e37d7d,bsc,burgerswap,BurgerSwap: bPoor-BURGER,entity,eth-labels,https://github.com/dawsbot/eth-labels,medium,2026-07-17
0xb16777412ff7a20984a3e5f759462b9f486e11ef,bsc,burgerswap,BurgerSwap: XTZ,entity,eth-labels,https://github.com/dawsbot/eth-labels,medium,2026-07-17
0xb171ae149315f6f3c975a76cfcd7ae29fca66603,bsc,burgerswap,BurgerSwap: FOR-DOT,entity,eth-labels,https://github.com/dawsbot/eth-labels,medium,2026-07-17
0xb17b9e2d4e3e1875ddf626746708d876cec2e66d,bsc,burgerswap,BurgerSwap: MASRLE-BURGER,entity,eth-labels,https://github.com/dawsbot/eth-labels,medium,2026-07-17
0xb1e373aaf37cb2b44d7fb588ec46230f607e0bb1,bsc,burgerswap,BurgerSwap: RAB,entity,eth-labels,https://github.com/dawsbot/eth-labels,medium,2026-07-17
0xb1ef97eb730e130870b598122ddea0ba4622c0e9,bsc,burgerswap,BurgerSwap: UnionPay银联International,entity,eth-labels,https://github.com/dawsbot/eth-labels,medium,2026-07-17
0xb1fd8a88c290f270862cd6b46599f6e7ab0d4804,bsc,burgerswap,BurgerSwap: RICK-BURGER,entity,eth-labels,https://github.com/dawsbot/eth-labels,medium,2026-07-17
0xb2296f642049c7b81c642e4db225f71fe4f2390a,bsc,burgerswap,BurgerSwap: TVF,entity,eth-labels,https://github.com/dawsbot/eth-labels,medium,2026-07-17
0xb22a64fba814e752ed93353d663431d0ca1f8059,bsc,burgerswap,BurgerSwap: FOR-BUSD,entity,eth-labels,https://github.com/dawsbot/eth-labels,medium,2026-07-17
0xb2d7c3a1d31b70ce366eee196aa4a325dc98b04c,bsc,burgerswap,BurgerSwap: FREE,entity,eth-labels,https://github.com/dawsbot/eth-labels,medium,2026-07-17
0xb2e4d46fac33352921f4025ec0b39f5957703048,bsc,burgerswap,BurgerSwap: NBBB,entity,eth-labels,https://github.com/dawsbot/eth-labels,medium,2026-07-17
0xb2e6056612112e9837651a2fcdd1ab17e75ce9d7,bsc,burgerswap,BurgerSwap: bPOG,entity,eth-labels,https://github.com/dawsbot/eth-labels,medium,2026-07-17
0xb2e9a9925078b929af048cdde62086837e8cf2bc,bsc,burgerswap,BurgerSwap: BURGER-TPT,entity,eth-labels,https://github.com/dawsbot/eth-labels,medium,2026-07-17
0xb359aecb1da676bc139820d65be977c7d5e11b18,bsc,burgerswap,BurgerSwap: BUSD-T-hxBURGER,entity,eth-labels,https://github.com/dawsbot/eth-labels,medium,2026-07-17
0xb3f1148dca88f904ac66bbbde306ef3c19c06753,bsc,burgerswap,BurgerSwap: ORG-BURGER,entity,eth-labels,https://github.com/dawsbot/eth-labels,medium,2026-07-17
0xb46a702bc8a9bec383b6060794aff30a74820e5f,bsc,burgerswap,BurgerSwap: bINNBC,entity,eth-labels,https://github.com/dawsbot/eth-labels,medium,2026-07-17
0xb4ed2f6c004fd2214955d7a685005d2ca7989e70,bsc,burgerswap,BurgerSwap: Cake-BURGER,entity,eth-labels,https://github.com/dawsbot/eth-labels,medium,2026-07-17
0xb5279929d532f96a1deced0dc3e73f6b74dae7d3,bsc,burgerswap,BurgerSwap: SHLIAPA-BURGER,entity,eth-labels,https://github.com/dawsbot/eth-labels,medium,2026-07-17
0xb55e39bf3171f83f67669aa3bdbee2069afdf9e6,bsc,burgerswap,BurgerSwap: MTV-BURGER,entity,eth-labels,https://github.com/dawsbot/eth-labels,medium,2026-07-17
0xb5b73337c78d963a75b7c18e2279cb26a1e5e7d3,bsc,burgerswap,BurgerSwap: USDT-GT,entity,eth-labels,https://github.com/dawsbot/eth-labels,medium,2026-07-17
0xb5be4725e9e45cf9418a669fdb149ef851750ae3,bsc,burgerswap,BurgerSwap: bPPBLZ,entity,eth-labels,https://github.com/dawsbot/eth-labels,medium,2026-07-17
0xb5d9bdd3713cf84b4fe069d1fabc9eb50efff9fa,bsc,burgerswap,BurgerSwap: DCH,entity,eth-labels,https://github.com/dawsbot/eth-labels,medium,2026-07-17
0xb658f2e115072ab89b6f273a3e493c711c2d6dca,bsc,burgerswap,BurgerSwap: bCAPC-BURGER,entity,eth-labels,https://github.com/dawsbot/eth-labels,medium,2026-07-17
0xb6aebf467332771f209f537ad1fa55f4c86d01d9,bsc,burgerswap,BurgerSwap: CHZM2,entity,eth-labels,https://github.com/dawsbot/eth-labels,medium,2026-07-17
0xb701ab2267ed1646bf68bfb3c278dfa1fd3c16d5,bsc,burgerswap,BurgerSwap: bETGF,entity,eth-labels,https://github.com/dawsbot/eth-labels,medium,2026-07-17
0xb79896cf00eb5fc88dd000bd0236a7ea61de77c5,bsc,burgerswap,BurgerSwap: YAL,entity,eth-labels,https://github.com/dawsbot/eth-labels,medium,2026-07-17
0xb7f68da00f3fb9e0694c5b35c7870b2b1e9230e5,bsc,burgerswap,BurgerSwap: LU 2,entity,eth-labels,https://github.com/dawsbot/eth-labels,medium,2026-07-17
0xb88c3b5447f3b91ea857705fe429430e365d712c,bsc,burgerswap,BurgerSwap: TUNA,entity,eth-labels,https://github.com/dawsbot/eth-labels,medium,2026-07-17
0xb8d6fb09ef18e70c7044cbb5e9719797b2ca4f12,bsc,burgerswap,BurgerSwap: bDOGEN,entity,eth-labels,https://github.com/dawsbot/eth-labels,medium,2026-07-17
0xb944d8f339a6c135ce1d5dc1889b176d3eba16a4,bsc,burgerswap,BurgerSwap: BURGER-xiaodao,entity,eth-labels,https://github.com/dawsbot/eth-labels,medium,2026-07-17
0xb98677442b9d67a02717f8a06048c5622b102832,bsc,burgerswap,BurgerSwap: AAC-BURGER,entity,eth-labels,https://github.com/dawsbot/eth-labels,medium,2026-07-17
0xb9b3dc81e974e60e99221726bb6e6d3751581cf9,bsc,burgerswap,BurgerSwap: BURGER-bSHIB,entity,eth-labels,https://github.com/dawsbot/eth-labels,medium,2026-07-17
0xba33d7861991b9b4a5c60a1dc26525e316b7e354,bsc,burgerswap,BurgerSwap: ETH-BUSD,entity,eth-labels,https://github.com/dawsbot/eth-labels,medium,2026-07-17
0xba3e1be30f5c6fb0f91641218ff4ae78506032b3,bsc,burgerswap,BurgerSwap: YYANG-BURGER,entity,eth-labels,https://github.com/dawsbot/eth-labels,medium,2026-07-17
0xba44d8adbeb9b48e68c7468d89e049610d8321c9,bsc,burgerswap,BurgerSwap: ETC-QUSD,entity,eth-labels,https://github.com/dawsbot/eth-labels,medium,2026-07-17
0xba66dfbf6dece41745c1b4210f5a64875b16146f,bsc,burgerswap,BurgerSwap: bREVO,entity,eth-labels,https://github.com/dawsbot/eth-labels,medium,2026-07-17
0xba75ff711b62599d2cc21622457366825452fc2b,bsc,burgerswap,BurgerSwap: DUCX,entity,eth-labels,https://github.com/dawsbot/eth-labels,medium,2026-07-17
0xbaf4e262d69780fd4b85bcd2647c309cebb86046,bsc,burgerswap,BurgerSwap: bPROM-BURGER,entity,eth-labels,https://github.com/dawsbot/eth-labels,medium,2026-07-17
0xbba0266e95b24cc6d7aa45900f6289aa8076bc5e,bsc,burgerswap,BurgerSwap: USDY-BUSD,entity,eth-labels,https://github.com/dawsbot/eth-labels,medium,2026-07-17
0xbc1e2dd430bf0ab82175b931d7f42870620e1810,bsc,burgerswap,BurgerSwap: JNTR/b,entity,eth-labels,https://github.com/dawsbot/eth-labels,medium,2026-07-17
0xbcfe224c0d5a53be21bfb3fc8d3a272a1c639b97,bsc,burgerswap,BurgerSwap: LG-BURGER,entity,eth-labels,https://github.com/dawsbot/eth-labels,medium,2026-07-17
0xbd15a67c44c292ea0411cc49ce4b9b7073fa0d5d,bsc,burgerswap,BurgerSwap: 100x,entity,eth-labels,https://github.com/dawsbot/eth-labels,medium,2026-07-17
0xbd37f7bea930e2adcfc0b6c81812cb50be16e383,bsc,burgerswap,BurgerSwap: BHC 2,entity,eth-labels,https://github.com/dawsbot/eth-labels,medium,2026-07-17
0xbdc4e418dca628875ecbf0c4c9a4fd2780c3fab4,bsc,burgerswap,BurgerSwap: GTEX-USDT,entity,eth-labels,https://github.com/dawsbot/eth-labels,medium,2026-07-17
0xbe07e9f9e0abdc61bdb0fe1f2594b686f375e4f8,bsc,burgerswap,BurgerSwap: bCHBS-BURGER,entity,eth-labels,https://github.com/dawsbot/eth-labels,medium,2026-07-17
0xbe99791d3b1d0df4bbe2a6ff7e20a6c6d90d1ae4,bsc,burgerswap,BurgerSwap: BURGER-REEF,entity,eth-labels,https://github.com/dawsbot/eth-labels,medium,2026-07-17
0xbecbe23b1638c3d8d83712e36d23325fb8b8f3c3,bsc,burgerswap,BurgerSwap: IEON,entity,eth-labels,https://github.com/dawsbot/eth-labels,medium,2026-07-17
0xbeea43cf3447a2e5815133748cc1aebbfbd305c7,bsc,burgerswap,BurgerSwap: SCUSD,entity,eth-labels,https://github.com/dawsbot/eth-labels,medium,2026-07-17
0xbf5f478dbcd1b65f7887d7cb88eb7bcf29e7c005,bsc,burgerswap,BurgerSwap: USDT-abc,entity,eth-labels,https://github.com/dawsbot/eth-labels,medium,2026-07-17
0xbf9126ee3a9f0f57d645c7fcc691ec478dd27642,bsc,burgerswap,BurgerSwap: bRNT-USD-T,entity,eth-labels,https://github.com/dawsbot/eth-labels,medium,2026-07-17
0xc038a779a16ab47721b9df378240f49294017cd5,bsc,burgerswap,BurgerSwap: WZCR,entity,eth-labels,https://github.com/dawsbot/eth-labels,medium,2026-07-17
0xc04f3e24b7ee587bc41b6cc0da9b204818b06668,bsc,burgerswap,BurgerSwap: CXY,entity,eth-labels,https://github.com/dawsbot/eth-labels,medium,2026-07-17
0xc09a9a41b8fc1b3676c3160f0d8ae2652a2ea2ee,bsc,burgerswap,BurgerSwap: ZUMD-BUSD,entity,eth-labels,https://github.com/dawsbot/eth-labels,medium,2026-07-17
0xc0ec4bf46af91acb1a91eb48d5d1244da8cb3b64,bsc,burgerswap,BurgerSwap: brDAO,entity,eth-labels,https://github.com/dawsbot/eth-labels,medium,2026-07-17
0xc1dcf31fa8802efc6cfac1b7cb55e10a513611fa,bsc,burgerswap,BurgerSwap: VIBE,entity,eth-labels,https://github.com/dawsbot/eth-labels,medium,2026-07-17
0xc27d8763e6e66322d3b520a75acef8730570a645,bsc,burgerswap,BurgerSwap: BUSD-T-ARTS,entity,eth-labels,https://github.com/dawsbot/eth-labels,medium,2026-07-17
0xc2fe1723564244f01c54747d61a36bb0c2204d11,bsc,burgerswap,BurgerSwap: CRP-BUSD,entity,eth-labels,https://github.com/dawsbot/eth-labels,medium,2026-07-17
0xc3c873b1569bf8f987e269764d000f57476f4f99,bsc,burgerswap,BurgerSwap: bCEZ,entity,eth-labels,https://github.com/dawsbot/eth-labels,medium,2026-07-17
0xc3fd9cdb2f6f9f88630f5b06e5e808fea94dff59,bsc,burgerswap,BurgerSwap: XRP-USDT,entity,eth-labels,https://github.com/dawsbot/eth-labels,medium,2026-07-17
0xc40ef3e4249ed440d86a2ac6a9f3d71690c7f74e,bsc,burgerswap,BurgerSwap: REEF,entity,eth-labels,https://github.com/dawsbot/eth-labels,medium,2026-07-17
0xc479bcb9326551879539c42a09dce49a3af8d36a,bsc,burgerswap,BurgerSwap: abc 2,entity,eth-labels,https://github.com/dawsbot/eth-labels,medium,2026-07-17
0xc4e964b3ad7419fcbb3f60e4b1a81b0050ea823e,bsc,burgerswap,BurgerSwap: CEO,entity,eth-labels,https://github.com/dawsbot/eth-labels,medium,2026-07-17
0xc5714ca3b2142aaf04c88d3517e83234e7779771,bsc,burgerswap,BurgerSwap: BSC-USD-WAK,entity,eth-labels,https://github.com/dawsbot/eth-labels,medium,2026-07-17
0xc5f43b28afab786cc7b5b1ad4643eafb12b1724f,bsc,burgerswap,BurgerSwap: bRNT-BURGER,entity,eth-labels,https://github.com/dawsbot/eth-labels,medium,2026-07-17
0xc647dac733978df2440bb737e9d022d3c8cec402,bsc,burgerswap,BurgerSwap: bFREDX-BURGER,entity,eth-labels,https://github.com/dawsbot/eth-labels,medium,2026-07-17
0xc66a6e1d2f202aaf101ed14db4495b5ef144089d,bsc,burgerswap,BurgerSwap: FIL-BURGER,entity,eth-labels,https://github.com/dawsbot/eth-labels,medium,2026-07-17
0xc69fcead574fdaa15a0f27afd3b8555e1cb04601,bsc,burgerswap,BurgerSwap: DB,entity,eth-labels,https://github.com/dawsbot/eth-labels,medium,2026-07-17
0xc7431c39b2f86ef308495a3bf4f8633cf670c6d8,bsc,burgerswap,BurgerSwap: bWAIF,entity,eth-labels,https://github.com/dawsbot/eth-labels,medium,2026-07-17
0xc7a8a494ecf888a1a467740dd0ffe52592335e53,bsc,burgerswap,BurgerSwap: bXED,entity,eth-labels,https://github.com/dawsbot/eth-labels,medium,2026-07-17
0xc818665856289c48b394d40f23544d405e50b2f0,bsc,burgerswap,BurgerSwap: PIM,entity,eth-labels,https://github.com/dawsbot/eth-labels,medium,2026-07-17
0xc8c49cedaf126a614abd45ce16c809ad5d347c4f,bsc,burgerswap,BurgerSwap: big fly-BURGER,entity,eth-labels,https://github.com/dawsbot/eth-labels,medium,2026-07-17
0xc8c8a87b01ebcb9bb87cf063e7121fbed88fd89b,bsc,burgerswap,BurgerSwap: NIRX,entity,eth-labels,https://github.com/dawsbot/eth-labels,medium,2026-07-17
0xc8d3b5e1a0e5cf581aa536892815667b7d94d358,bsc,burgerswap,BurgerSwap: Cake-FRIES,entity,eth-labels,https://github.com/dawsbot/eth-labels,medium,2026-07-17
0xc97f7370c4194f0d18d0911f99cb97bd9220113b,bsc,burgerswap,BurgerSwap: BURGER-bULT,entity,eth-labels,https://github.com/dawsbot/eth-labels,medium,2026-07-17
0xc989de021772b7d53e918ee0348f8c17a76f1547,bsc,burgerswap,BurgerSwap: bULT,entity,eth-labels,https://github.com/dawsbot/eth-labels,medium,2026-07-17
0xc9ceef595d01821018efd108427cd8b08b4e83f6,bsc,burgerswap,BurgerSwap: USDT-BAKE,entity,eth-labels,https://github.com/dawsbot/eth-labels,medium,2026-07-17
0xc9d9acef1c00e75ee3fbc47516f81e12dd414fdb,bsc,burgerswap,BurgerSwap: bPPDEX,entity,eth-labels,https://github.com/dawsbot/eth-labels,medium,2026-07-17
0xc9ed2c21d99e7b0b4314626197573051e5d3c2f8,bsc,burgerswap,BurgerSwap: ABIC-BSC-USD,entity,eth-labels,https://github.com/dawsbot/eth-labels,medium,2026-07-17
0xca13c813e953779ed9f0a5cdcb676be8299d7381,bsc,burgerswap,BurgerSwap: bVLO-BURGER,entity,eth-labels,https://github.com/dawsbot/eth-labels,medium,2026-07-17
0xca175251b4ef1a457bbac6d20fa2a6e90dca37d1,bsc,burgerswap,BurgerSwap: EOS-BTCB,entity,eth-labels,https://github.com/dawsbot/eth-labels,medium,2026-07-17
0xca61e73fc5d31c2b54b16f1adaad4d433ff7f7cc,bsc,burgerswap,BurgerSwap: METH,entity,eth-labels,https://github.com/dawsbot/eth-labels,medium,2026-07-17
0xcafccbfd924a7893ca07704740420abf9ef25d22,bsc,burgerswap,BurgerSwap: XAN,entity,eth-labels,https://github.com/dawsbot/eth-labels,medium,2026-07-17
0xcafce068b9222ccaf44b7b14fbdfa7c90f075528,bsc,burgerswap,BurgerSwap: BSC-USD-TVF,entity,eth-labels,https://github.com/dawsbot/eth-labels,medium,2026-07-17
0xcb025ae7dafc845de455f3ecfb609e5cc841bf47,bsc,burgerswap,BurgerSwap: ssha,entity,eth-labels,https://github.com/dawsbot/eth-labels,medium,2026-07-17
0xcb1372e52bb2b99c0d66c69d0fe2304d7418d079,bsc,burgerswap,BurgerSwap: BGOV,entity,eth-labels,https://github.com/dawsbot/eth-labels,medium,2026-07-17
0xcb3503babaa4f7ebce56824d09e75ac5f4335a52,bsc,burgerswap,BurgerSwap: YYCB,entity,eth-labels,https://github.com/dawsbot/eth-labels,medium,2026-07-17
0xcb8590e68c5958a07f6264ad6b1902d72d14c0ba,bsc,burgerswap,BurgerSwap: bBONDLY,entity,eth-labels,https://github.com/dawsbot/eth-labels,medium,2026-07-17
0xcb9efb97d3caebfda434f1d03f4a63c4a8b72b54,bsc,burgerswap,BurgerSwap: DRC,entity,eth-labels,https://github.com/dawsbot/eth-labels,medium,2026-07-17
0xcc51efb4de1a04bb3ffe3e5dd00148f5bb5ae8e1,bsc,burgerswap,BurgerSwap: AMPT,entity,eth-labels,https://github.com/dawsbot/eth-labels,medium,2026-07-17
0xcd22e399f9a81596abd5c59aeb17d05a34ac1f80,bsc,burgerswap,BurgerSwap: BUSD-T-FUN,entity,eth-labels,https://github.com/dawsbot/eth-labels,medium,2026-07-17
0xcdd4f80594f653f8e9af8276fc64dbd18cb59766,bsc,burgerswap,BurgerSwap: ANKR,entity,eth-labels,https://github.com/dawsbot/eth-labels,medium,2026-07-17
0xce17f0178462f72ea89af68a85bc6c6201ebd8b8,bsc,burgerswap,BurgerSwap: BURGER-ELASTIC,entity,eth-labels,https://github.com/dawsbot/eth-labels,medium,2026-07-17
0xce2bed56fb1ff5c5db99f1f6d1bdd27293f7a706,bsc,burgerswap,BurgerSwap: BURGER-CRAD,entity,eth-labels,https://github.com/dawsbot/eth-labels,medium,2026-07-17
0xcee55816f6d16fb37251be709036dbadb0f2b49a,bsc,burgerswap,BurgerSwap: EOS-BCH,entity,eth-labels,https://github.com/dawsbot/eth-labels,medium,2026-07-17
0xcf0230d39151cfb43b39e5d1a192ccf3ef34a5d1,bsc,burgerswap,BurgerSwap: HEFI,entity,eth-labels,https://github.com/dawsbot/eth-labels,medium,2026-07-17
0xcfcad87824a6e73bc860a6d16f95570ab95b1bb5,bsc,burgerswap,BurgerSwap: abc 3,entity,eth-labels,https://github.com/dawsbot/eth-labels,medium,2026-07-17
0xd021563827c40a1e412da007973d32325517973a,bsc,burgerswap,BurgerSwap: RCB,entity,eth-labels,https://github.com/dawsbot/eth-labels,medium,2026-07-17
0xd022292a8dae5150bec1989f3e3a4d6d219c9119,bsc,burgerswap,BurgerSwap: AAC-xBURGER,entity,eth-labels,https://github.com/dawsbot/eth-labels,medium,2026-07-17
0xd06dc8eec9a551a2788f64639b70dced3e992c4c,bsc,burgerswap,BurgerSwap: PROM,entity,eth-labels,https://github.com/dawsbot/eth-labels,medium,2026-07-17
0xd0796a187b75670c41258450d6549c0270f694a6,bsc,burgerswap,BurgerSwap: BHC-BURGER,entity,eth-labels,https://github.com/dawsbot/eth-labels,medium,2026-07-17
0xd08101a9a995c1781726c513a8bc534e9593328f,bsc,burgerswap,BurgerSwap: JMP,entity,eth-labels,https://github.com/dawsbot/eth-labels,medium,2026-07-17
0xd0cb706d168ef8b428e750cf84bbd1ab0e55b203,bsc,burgerswap,BurgerSwap: BURGER-hxBURGER,entity,eth-labels,https://github.com/dawsbot/eth-labels,medium,2026-07-17
0xd0cc66157b293fc2973b51655f47425378e478f5,bsc,burgerswap,BurgerSwap: fake-BURGER,entity,eth-labels,https://github.com/dawsbot/eth-labels,medium,2026-07-17
0xd1407fc3c04337874c8535d64fd61e962f0301f2,bsc,burgerswap,BurgerSwap: bGL-BURGER,entity,eth-labels,https://github.com/dawsbot/eth-labels,medium,2026-07-17
0xd1f9567a21661ec4bf700ce09876120819446d97,bsc,burgerswap,BurgerSwap: VAI-BUSD,entity,eth-labels,https://github.com/dawsbot/eth-labels,medium,2026-07-17
0xd1fb645fd2bcb0d3551f5a5bedd4653476c5a5a3,bsc,burgerswap,BurgerSwap: bPRQ,entity,eth-labels,https://github.com/dawsbot/eth-labels,medium,2026-07-17
0xd291be88b021321fe02684fc548510eca0405537,bsc,burgerswap,BurgerSwap: BUSD-T-SANTA,entity,eth-labels,https://github.com/dawsbot/eth-labels,medium,2026-07-17
0xd2d5ac3c37c13da62071f1981ab82a07c06acb08,bsc,burgerswap,BurgerSwap: JACKPOT,entity,eth-labels,https://github.com/dawsbot/eth-labels,medium,2026-07-17
0xd396a0762a45de539edd6b11595eba5f1179c977,bsc,burgerswap,BurgerSwap: BURGER-DEK,entity,eth-labels,https://github.com/dawsbot/eth-labels,medium,2026-07-17
0xd3a34035256194dcca55994127eb5ab03dd5d22a,bsc,burgerswap,BurgerSwap: BURGER-CFNX,entity,eth-labels,https://github.com/dawsbot/eth-labels,medium,2026-07-17
0xd3fc201b8cb769ff048ccebdc18b0421ebbf1862,bsc,burgerswap,BurgerSwap: Link 2,entity,eth-labels,https://github.com/dawsbot/eth-labels,medium,2026-07-17
0xd410ee822a5f3607c2bb0f293899680d563c16a1,bsc,burgerswap,BurgerSwap: maml,entity,eth-labels,https://github.com/dawsbot/eth-labels,medium,2026-07-17
0xd433332f422d58eda016ba4c0e85ab01a7c95dfe,bsc,burgerswap,BurgerSwap: bLINK-BURGER,entity,eth-labels,https://github.com/dawsbot/eth-labels,medium,2026-07-17
0xd4bf945e06263477106dd2f19ca31d9d1546205b,bsc,burgerswap,BurgerSwap: bDAI,entity,eth-labels,https://github.com/dawsbot/eth-labels,medium,2026-07-17
0xd61c61a49edea115d7185cde1e8d06e670b3b573,bsc,burgerswap,BurgerSwap: weew,entity,eth-labels,https://github.com/dawsbot/eth-labels,medium,2026-07-17
0xd6ad12093f75d8bd699824b0c0df81608338834b,bsc,burgerswap,BurgerSwap: LION,entity,eth-labels,https://github.com/dawsbot/eth-labels,medium,2026-07-17
0xd6c8aea92052c00eeb4e6e665f8607a69f31b488,bsc,burgerswap,BurgerSwap: Covidve,entity,eth-labels,https://github.com/dawsbot/eth-labels,medium,2026-07-17
0xd74703ecb60ccbcb14b9a9440958fd84049eb22d,bsc,burgerswap,BurgerSwap: ORG,entity,eth-labels,https://github.com/dawsbot/eth-labels,medium,2026-07-17
0xd7acc30319c7f2670a0ba3779169363b7942a312,bsc,burgerswap,BurgerSwap: DOT-BUSD,entity,eth-labels,https://github.com/dawsbot/eth-labels,medium,2026-07-17
0xd7b046af83e7b2a732c9f0043616b73e6c1cc93a,bsc,burgerswap,BurgerSwap: MCUM,entity,eth-labels,https://github.com/dawsbot/eth-labels,medium,2026-07-17
0xd7b22df7367875057572c3e2e5fd5a2b444fd318,bsc,burgerswap,BurgerSwap: DARUMA,entity,eth-labels,https://github.com/dawsbot/eth-labels,medium,2026-07-17
0xd7ed95d00e57b14178dac767d2a5948213e0ca9b,bsc,burgerswap,BurgerSwap: ADA,entity,eth-labels,https://github.com/dawsbot/eth-labels,medium,2026-07-17
0xd831800b1dfe29adbf102df888dc3e5087008db8,bsc,burgerswap,BurgerSwap: bPROM-xBURGER,entity,eth-labels,https://github.com/dawsbot/eth-labels,medium,2026-07-17
0xd87c1fff8f515593a1a07711435fbdd318750db3,bsc,burgerswap,BurgerSwap: DOT,entity,eth-labels,https://github.com/dawsbot/eth-labels,medium,2026-07-17
0xd898dcfecb871304e0a829a3e4cb0ba553745e62,bsc,burgerswap,BurgerSwap: PROM 2,entity,eth-labels,https://github.com/dawsbot/eth-labels,medium,2026-07-17
0xd972e5750d81044c60d0e76974b532af76fb3278,bsc,burgerswap,BurgerSwap: DDOS-BSC-USD,entity,eth-labels,https://github.com/dawsbot/eth-labels,medium,2026-07-17
0xd998d31fb604052abda34914fc68f3c710be8386,bsc,burgerswap,BurgerSwap: JEO,entity,eth-labels,https://github.com/dawsbot/eth-labels,medium,2026-07-17
0xd9bf19d55796d1cdcaaab6d10b876040f2131c98,bsc,burgerswap,BurgerSwap: FKK,entity,eth-labels,https://github.com/dawsbot/eth-labels,medium,2026-07-17
0xda0addacaa4dbb8a6253a48a5bd79d1c5f21c760,bsc,burgerswap,BurgerSwap: BAT-BUSD,entity,eth-labels,https://github.com/dawsbot/eth-labels,medium,2026-07-17
0xda1518275c23aaa511bac2af61e75d5a35609726,bsc,burgerswap,BurgerSwap: BT,entity,eth-labels,https://github.com/dawsbot/eth-labels,medium,2026-07-17
0xda2522a16ac71646e1eff9e40887ec5c62a15b34,bsc,burgerswap,BurgerSwap: DEK-BUSD,entity,eth-labels,https://github.com/dawsbot/eth-labels,medium,2026-07-17
0xda54e54acffe68fe5827d220dd6a0e7261ffeaeb,bsc,burgerswap,BurgerSwap: TEST2,entity,eth-labels,https://github.com/dawsbot/eth-labels,medium,2026-07-17
0xda86b8b814907b4aa9421714ce310e8df19ce78a,bsc,burgerswap,BurgerSwap: BURGER-FNX,entity,eth-labels,https://github.com/dawsbot/eth-labels,medium,2026-07-17
0xdab1c455131f529c962af54f7e63f815c86b61d1,bsc,burgerswap,BurgerSwap: ERC20,entity,eth-labels,https://github.com/dawsbot/eth-labels,medium,2026-07-17
0xdae6e69c81319a50e0b41e74f0d9628029f32c5b,bsc,burgerswap,BurgerSwap: HASH,entity,eth-labels,https://github.com/dawsbot/eth-labels,medium,2026-07-17
0xdb71dbb4d47a6e03989c5daa5c7f677fac030415,bsc,burgerswap,BurgerSwap: ZAR,entity,eth-labels,https://github.com/dawsbot/eth-labels,medium,2026-07-17
0xdbacc7689400d89c4fdfafd833c6d17d7819deaf,bsc,burgerswap,BurgerSwap: BURGER-Candy,entity,eth-labels,https://github.com/dawsbot/eth-labels,medium,2026-07-17
0xdc07786aa32a4f28b70c12deb59027a1bb9be701,bsc,burgerswap,BurgerSwap: ABC 6,entity,eth-labels,https://github.com/dawsbot/eth-labels,medium,2026-07-17
0xdc1889d88a4fc904d809b884f646e5f55f14b584,bsc,burgerswap,BurgerSwap: gwUSDN 2,entity,eth-labels,https://github.com/dawsbot/eth-labels,medium,2026-07-17
0xdc3a5ce3ef512ef864e7385d0d368e1e33fbf853,bsc,burgerswap,BurgerSwap: BFI,entity,eth-labels,https://github.com/dawsbot/eth-labels,medium,2026-07-17
0xdcf58442f2a3a457bc679a5d9d369a1b2347a831,bsc,burgerswap,BurgerSwap: BPG,entity,eth-labels,https://github.com/dawsbot/eth-labels,medium,2026-07-17
0xdd01801a8b0d40e98c3148177ca06d1ec46138e8,bsc,burgerswap,BurgerSwap: DAI-ADA,entity,eth-labels,https://github.com/dawsbot/eth-labels,medium,2026-07-17
0xdd3077844ef2cdcf7a39840c56612412e0b5af15,bsc,burgerswap,BurgerSwap: LAKE,entity,eth-labels,https://github.com/dawsbot/eth-labels,medium,2026-07-17
0xdd51eb937f2085d6defc56ea9a21c3ae35615723,bsc,burgerswap,BurgerSwap: KOR-BURGER,entity,eth-labels,https://github.com/dawsbot/eth-labels,medium,2026-07-17
0xdd947d3954315c289ab6726e8e969824a0911556,bsc,burgerswap,BurgerSwap: BURGER-FUN,entity,eth-labels,https://github.com/dawsbot/eth-labels,medium,2026-07-17
0xde9c0de688ab045305cf8b2063a16cd9bf977800,bsc,burgerswap,BurgerSwap: MASRLE,entity,eth-labels,https://github.com/dawsbot/eth-labels,medium,2026-07-17
0xdf251e66473f3838f6b35b2503421d960bf01104,bsc,burgerswap,BurgerSwap: DXW-BURGER,entity,eth-labels,https://github.com/dawsbot/eth-labels,medium,2026-07-17
0xdfe452b9f1ff118d0d61086f28981f9868ce31fe,bsc,burgerswap,BurgerSwap: NEWO,entity,eth-labels,https://github.com/dawsbot/eth-labels,medium,2026-07-17
0xdfe770001cf167da3d0f52490a2cdf1879898a2e,bsc,burgerswap,BurgerSwap: FUSDT,entity,eth-labels,https://github.com/dawsbot/eth-labels,medium,2026-07-17
0xdff26253a91f0f4b4620af78a7600a7d777d69c6,bsc,burgerswap,BurgerSwap: bPPDEX-BURGER,entity,eth-labels,https://github.com/dawsbot/eth-labels,medium,2026-07-17
0xdff7abd4c8ecb45a9c843cf834eabd6e9a724cde,bsc,burgerswap,BurgerSwap: DEL,entity,eth-labels,https://github.com/dawsbot/eth-labels,medium,2026-07-17
0xe05a72f7bab0b03c4fb88314f3305407f4787cf9,bsc,burgerswap,BurgerSwap: PBS,entity,eth-labels,https://github.com/dawsbot/eth-labels,medium,2026-07-17
0xe08f1acbc9bfaebf876f6b3b6447dee3b026a023,bsc,burgerswap,BurgerSwap: sb,entity,eth-labels,https://github.com/dawsbot/eth-labels,medium,2026-07-17
0xe12f09efa0f221833fb43d6692386060dcc8b09f,bsc,burgerswap,BurgerSwap: CUPCAKE,entity,eth-labels,https://github.com/dawsbot/eth-labels,medium,2026-07-17
0xe1c8115947a5e8ab24bca9e86746bb6e4daa4dd5,bsc,burgerswap,BurgerSwap: MGA,entity,eth-labels,https://github.com/dawsbot/eth-labels,medium,2026-07-17
0xe1d3979ca9efe59fc673345241633294a195b6d7,bsc,burgerswap,BurgerSwap: bDJ15,entity,eth-labels,https://github.com/dawsbot/eth-labels,medium,2026-07-17
0xe372e55f7bc47c251f2f5e3a32565e0ff0277bad,bsc,burgerswap,BurgerSwap: bStrong-BURGER,entity,eth-labels,https://github.com/dawsbot/eth-labels,medium,2026-07-17
0xe397c2b76a755cff1c04ac3092b00c3a8d952dce,bsc,burgerswap,BurgerSwap: ETH-BTCB,entity,eth-labels,https://github.com/dawsbot/eth-labels,medium,2026-07-17
0xe43525d81f12f20347dae318e08b3d1f49d3b59d,bsc,burgerswap,BurgerSwap: bTSD,entity,eth-labels,https://github.com/dawsbot/eth-labels,medium,2026-07-17
0xe4925e2ed3424fa44064e2203ccecd87a7543577,bsc,burgerswap,BurgerSwap: MGA-xMGA,entity,eth-labels,https://github.com/dawsbot/eth-labels,medium,2026-07-17
0xe4fc25471498216a495589a04e5fb17455e8b3f8,bsc,burgerswap,BurgerSwap: ABC-BURGER,entity,eth-labels,https://github.com/dawsbot/eth-labels,medium,2026-07-17
0xe53be13fc875f5c437b5dbf8689f327e1bfbcb2e,bsc,burgerswap,BurgerSwap: PHO,entity,eth-labels,https://github.com/dawsbot/eth-labels,medium,2026-07-17
0xe5460555c3f691d8075e169e2f956fd9739601a9,bsc,burgerswap,BurgerSwap: BZAR,entity,eth-labels,https://github.com/dawsbot/eth-labels,medium,2026-07-17
0xe5461085f39d5c4a44262a399f0072607441c3e2,bsc,burgerswap,BurgerSwap: NSB,entity,eth-labels,https://github.com/dawsbot/eth-labels,medium,2026-07-17
0xe57552e66e4b32fe1dc2590c689a4cdcdd22c9c3,bsc,burgerswap,BurgerSwap: ETH-EOS,entity,eth-labels,https://github.com/dawsbot/eth-labels,medium,2026-07-17
0xe5bd8cde6aa4fb12d7d02a1c6ce2609b42361f30,bsc,burgerswap,BurgerSwap: BUSD-T-Helmet,entity,eth-labels,https://github.com/dawsbot/eth-labels,medium,2026-07-17
0xe5caddaafad4fad666726e3be3fbba8d6da8fa8a,bsc,burgerswap,BurgerSwap: AAC-DEK,entity,eth-labels,https://github.com/dawsbot/eth-labels,medium,2026-07-17
0xe60acbb3a49550889f1a5700339d8edfced006c6,bsc,burgerswap,BurgerSwap: siri-xBURGER,entity,eth-labels,https://github.com/dawsbot/eth-labels,medium,2026-07-17
0xe6d8070443e8931183277dc6d1cda2665ce0e3eb,bsc,burgerswap,BurgerSwap: TUNA-BUSD-T,entity,eth-labels,https://github.com/dawsbot/eth-labels,medium,2026-07-17
0xe6fd2ea52b86d21dbdcbb5c89a91222fe80d637e,bsc,burgerswap,BurgerSwap: HBANK,entity,eth-labels,https://github.com/dawsbot/eth-labels,medium,2026-07-17
0xe76d898354b912f13597ec6f3991e18c19f639ef,bsc,burgerswap,BurgerSwap: bBUSD,entity,eth-labels,https://github.com/dawsbot/eth-labels,medium,2026-07-17
0xe7a539c27fa4fc29cc2aaa9d37c4e6a82bc97197,bsc,burgerswap,BurgerSwap: sb-BURGER,entity,eth-labels,https://github.com/dawsbot/eth-labels,medium,2026-07-17
0xe7bb60168f91c4191738a9f295b0d765e8369e99,bsc,burgerswap,BurgerSwap: DANGO,entity,eth-labels,https://github.com/dawsbot/eth-labels,medium,2026-07-17
0xe8037924015edcdce59f7e5579e6f534a31bc483,bsc,burgerswap,BurgerSwap: ROCKS,entity,eth-labels,https://github.com/dawsbot/eth-labels,medium,2026-07-17
0xe82d79e63ffb0ab83b391a15edf71cc2d1cef508,bsc,burgerswap,BurgerSwap: FVF,entity,eth-labels,https://github.com/dawsbot/eth-labels,medium,2026-07-17
0xe84c33c415ffe85d7a1eb871c02624e97661fafc,bsc,burgerswap,BurgerSwap: ASCOR,entity,eth-labels,https://github.com/dawsbot/eth-labels,medium,2026-07-17
0xe8c32cb9faca23abce5e73916f408e13e502a967,bsc,burgerswap,BurgerSwap: ADA-BURGER,entity,eth-labels,https://github.com/dawsbot/eth-labels,medium,2026-07-17
0xe8d5e015429111de6a2b410eaae699ecbc418c3e,bsc,burgerswap,BurgerSwap: XMAN-BURGER,entity,eth-labels,https://github.com/dawsbot/eth-labels,medium,2026-07-17
0xe8d628def0272179e05be8d5dc9d7f5ece71b57d,bsc,burgerswap,BurgerSwap: FREE-BURGER,entity,eth-labels,https://github.com/dawsbot/eth-labels,medium,2026-07-17
0xe8d7701bbbf62089071c10eef02bcaefe51da101,bsc,burgerswap,BurgerSwap: NOODS,entity,eth-labels,https://github.com/dawsbot/eth-labels,medium,2026-07-17
0xe8da266054d743886bc09a017aa40dc651364558,bsc,burgerswap,BurgerSwap: ARTS,entity,eth-labels,https://github.com/dawsbot/eth-labels,medium,2026-07-17
0xe8dd16ef39eac31c8e2c1a2f99333f4149eeb724,bsc,burgerswap,BurgerSwap: YFII,entity,eth-labels,https://github.com/dawsbot/eth-labels,medium,2026-07-17
0xe8e311585a4c6cbe420b2b5b8ba543b2e523a267,bsc,burgerswap,BurgerSwap: bPRQ-BURGER,entity,eth-labels,https://github.com/dawsbot/eth-labels,medium,2026-07-17
0xe8f30800713d452d97c7ff1febc84a37cdb96270,bsc,burgerswap,BurgerSwap: CCLT,entity,eth-labels,https://github.com/dawsbot/eth-labels,medium,2026-07-17
0xe8ffbc5ab8572937131d57abe4963a057b69bfa7,bsc,burgerswap,BurgerSwap: bFREDX,entity,eth-labels,https://github.com/dawsbot/eth-labels,medium,2026-07-17
0xe90ed14b4778cd4a60e89cc49cfb87429be78222,bsc,burgerswap,BurgerSwap: bBzB,entity,eth-labels,https://github.com/dawsbot/eth-labels,medium,2026-07-17
0xe9475a7d747bd8781e8c06459bce855129464c2a,bsc,burgerswap,BurgerSwap: ATD,entity,eth-labels,https://github.com/dawsbot/eth-labels,medium,2026-07-17
0xe9a4b7a12dd14dce397cbf996140fd5744dc9cae,bsc,burgerswap,BurgerSwap: AAA,entity,eth-labels,https://github.com/dawsbot/eth-labels,medium,2026-07-17
0xe9b2c74249e1e55ed0c5431edb8efed6458a9577,bsc,burgerswap,BurgerSwap: PROM-DPK Token,entity,eth-labels,https://github.com/dawsbot/eth-labels,medium,2026-07-17
0xea4baa9f65da44eec2588e597f5adfb5105e562f,bsc,burgerswap,BurgerSwap: BSC-USD-WELB,entity,eth-labels,https://github.com/dawsbot/eth-labels,medium,2026-07-17
0xea90edcb111af6eeb32aeea380ed1597dda1fcad,bsc,burgerswap,BurgerSwap: USDT 4,entity,eth-labels,https://github.com/dawsbot/eth-labels,medium,2026-07-17
0xeaabd53ee99199fa64cdcf52db785c5cb9b35bb2,bsc,burgerswap,BurgerSwap: MBOX,entity,eth-labels,https://github.com/dawsbot/eth-labels,medium,2026-07-17
0xeab57ceb4bad5f391b8439cf509eba9bf567b5b5,bsc,burgerswap,BurgerSwap: bUSxD-BUSD-T,entity,eth-labels,https://github.com/dawsbot/eth-labels,medium,2026-07-17
0xeb1f96ec214dffee1d3d2487e6f16c05dd2d5740,bsc,burgerswap,BurgerSwap: USDT-EOS,entity,eth-labels,https://github.com/dawsbot/eth-labels,medium,2026-07-17
0xeb564063c32495022e218522d3a179dce971a461,bsc,burgerswap,BurgerSwap: bbao,entity,eth-labels,https://github.com/dawsbot/eth-labels,medium,2026-07-17
0xeb6a9ed1baa46aabc1740b51843da645dd950bcd,bsc,burgerswap,BurgerSwap: ELASTIC-BUSD,entity,eth-labels,https://github.com/dawsbot/eth-labels,medium,2026-07-17
0xec46a71217d3560fba8393d9f49ed9e161ea89a7,bsc,burgerswap,BurgerSwap: WKT,entity,eth-labels,https://github.com/dawsbot/eth-labels,medium,2026-07-17
0xecbf249b2c40dd8b0411afc03a490d2cd1a30b8a,bsc,burgerswap,BurgerSwap: TER-BURGER,entity,eth-labels,https://github.com/dawsbot/eth-labels,medium,2026-07-17
0xecc5a779c59b5a64e40901e0128e1a670747ce71,bsc,burgerswap,BurgerSwap: bTRADE,entity,eth-labels,https://github.com/dawsbot/eth-labels,medium,2026-07-17
0xed15545687aa2adcbf9489502c3f96f50cc19777,bsc,burgerswap,BurgerSwap: CHEF,entity,eth-labels,https://github.com/dawsbot/eth-labels,medium,2026-07-17
0xed9793f8b2559d00eaf4abfbdbad307693ea98a9,bsc,burgerswap,BurgerSwap: USDT-KIT1,entity,eth-labels,https://github.com/dawsbot/eth-labels,medium,2026-07-17
0xee0e508fde33e7b876b5fe61878990963ed7ed5c,bsc,burgerswap,BurgerSwap: bNTK,entity,eth-labels,https://github.com/dawsbot/eth-labels,medium,2026-07-17
0xee58bb6e085de174c8894f126938466087b72581,bsc,burgerswap,BurgerSwap: DDG-BURGER,entity,eth-labels,https://github.com/dawsbot/eth-labels,medium,2026-07-17
0xee679facdac1a80e05e1f749ac451b98c4a33b0e,bsc,burgerswap,BurgerSwap: xBURGER,entity,eth-labels,https://github.com/dawsbot/eth-labels,medium,2026-07-17
0xee8d6f2abf2c86e907934434845666e39d769db0,bsc,burgerswap,BurgerSwap: SYRUP-Cake,entity,eth-labels,https://github.com/dawsbot/eth-labels,medium,2026-07-17
0xeeefe4541625918db998696afb2e0c1896fcd8d1,bsc,burgerswap,BurgerSwap: bStrong,entity,eth-labels,https://github.com/dawsbot/eth-labels,medium,2026-07-17
0xeef2098bd3d65a25799e6ab289d3ea542c30789a,bsc,burgerswap,BurgerSwap: BURGER-bDBD,entity,eth-labels,https://github.com/dawsbot/eth-labels,medium,2026-07-17
0xef4c7d4cf9b408b29666f39cb0c9a72ec5841c16,bsc,burgerswap,BurgerSwap: FIL,entity,eth-labels,https://github.com/dawsbot/eth-labels,medium,2026-07-17
0xf06e84648e741b0dfaf78b0e87e454f1dcbb23ad,bsc,burgerswap,BurgerSwap: BUSD-T-B-ball,entity,eth-labels,https://github.com/dawsbot/eth-labels,medium,2026-07-17
0xf0b068d6cf73d370049f97aa41930abffdfaecd7,bsc,burgerswap,BurgerSwap: bEASY-BURGER,entity,eth-labels,https://github.com/dawsbot/eth-labels,medium,2026-07-17
0xf1a383b7692496a5d1b2d78aa7b874487e52b14c,bsc,burgerswap,BurgerSwap: NEWB,entity,eth-labels,https://github.com/dawsbot/eth-labels,medium,2026-07-17
0xf258338cfac47c905cb46046798ff3644dcf4204,bsc,burgerswap,BurgerSwap: SHARIA,entity,eth-labels,https://github.com/dawsbot/eth-labels,medium,2026-07-17
0xf4314d04265ca126bb14528eb742000e6573ab15,bsc,burgerswap,BurgerSwap: BURGER-PROM,entity,eth-labels,https://github.com/dawsbot/eth-labels,medium,2026-07-17
0xf43d5fe673771b50afb7299fb2b18ba986922bc9,bsc,burgerswap,BurgerSwap: BURGER-bETGF,entity,eth-labels,https://github.com/dawsbot/eth-labels,medium,2026-07-17
0xf44a96b16557eaa2ef4bcc9fd28d919b886cee56,bsc,burgerswap,BurgerSwap: 7UP-WTC,entity,eth-labels,https://github.com/dawsbot/eth-labels,medium,2026-07-17
0xf49fa4992b7a2fae81e18210ca92547b01b3f3e6,bsc,burgerswap,BurgerSwap: bFLAP,entity,eth-labels,https://github.com/dawsbot/eth-labels,medium,2026-07-17
0xf4c4495bbb041ac8d5ed6378411b7db3278fb7a6,bsc,burgerswap,BurgerSwap: BURGER-EDEN,entity,eth-labels,https://github.com/dawsbot/eth-labels,medium,2026-07-17
0xf53d195fd9df8f97fb3cabd1e8281b1c2de93b51,bsc,burgerswap,BurgerSwap: BURGER-YYKMR,entity,eth-labels,https://github.com/dawsbot/eth-labels,medium,2026-07-17
0xf5868869ccbfef9167828c1c0e3cfcc6b0ee299a,bsc,burgerswap,BurgerSwap: BURGER-UNI,entity,eth-labels,https://github.com/dawsbot/eth-labels,medium,2026-07-17
0xf5bbeaa5dfd89ef49051830331bdef0417064c7b,bsc,burgerswap,BurgerSwap: bEASY,entity,eth-labels,https://github.com/dawsbot/eth-labels,medium,2026-07-17
0xf65d214c415bc55400470a7383d7112b6fb1f927,bsc,burgerswap,BurgerSwap: BUSD-T-ERC20,entity,eth-labels,https://github.com/dawsbot/eth-labels,medium,2026-07-17
0xf6b25d0c44603388be414e724c341f31a25ce422,bsc,burgerswap,BurgerSwap: FOR,entity,eth-labels,https://github.com/dawsbot/eth-labels,medium,2026-07-17
0xf7ea8d4e331dfaf427907e60c2bfa8c3bd13b7b2,bsc,burgerswap,BurgerSwap: CZG,entity,eth-labels,https://github.com/dawsbot/eth-labels,medium,2026-07-17
0xf7ef3ce874b94cdc26ccd80498cb9a53f04365ad,bsc,burgerswap,BurgerSwap: bKANGAL,entity,eth-labels,https://github.com/dawsbot/eth-labels,medium,2026-07-17
0xf873da02aa4ea6e50c67b7fd8f6942fc99506a44,bsc,burgerswap,BurgerSwap: MLA,entity,eth-labels,https://github.com/dawsbot/eth-labels,medium,2026-07-17
0xf94c851880852a4b6c6a0c421ba19279ceefb03c,bsc,burgerswap,BurgerSwap: BUSD-T-BBQ,entity,eth-labels,https://github.com/dawsbot/eth-labels,medium,2026-07-17
0xf959ab25953c9439e1353f50254ed7ded3a8f46d,bsc,burgerswap,BurgerSwap: FOR-SANTA,entity,eth-labels,https://github.com/dawsbot/eth-labels,medium,2026-07-17
0xf9d45bba7b401ab11dd6863c916f28e78a1fc225,bsc,burgerswap,BurgerSwap: asd-BURGER,entity,eth-labels,https://github.com/dawsbot/eth-labels,medium,2026-07-17
0xfa36550551f57486378208e80623445557aa5679,bsc,burgerswap,BurgerSwap: bWETH-BUSD,entity,eth-labels,https://github.com/dawsbot/eth-labels,medium,2026-07-17
0xfa3bae89a99670acefbcaf9429732d7ee5a2a51d,bsc,burgerswap,BurgerSwap: MRZ-BUSD,entity,eth-labels,https://github.com/dawsbot/eth-labels,medium,2026-07-17
0xfa8e06cc8c77dfdd93f268c1ca297ddd680178ae,bsc,burgerswap,BurgerSwap: POLIS,entity,eth-labels,https://github.com/dawsbot/eth-labels,medium,2026-07-17
0xfaacf4041aea4d2a0d5a71e12035f40365820845,bsc,burgerswap,BurgerSwap: LMT,entity,eth-labels,https://github.com/dawsbot/eth-labels,medium,2026-07-17
0xfb317ab397402f8701f6606ee6cc54b41becf082,bsc,burgerswap,BurgerSwap: bUSDT-MTV,entity,eth-labels,https://github.com/dawsbot/eth-labels,medium,2026-07-17
0xfc3e533920558457a50e16c94a5915437720ab7d,bsc,burgerswap,BurgerSwap: BURGER-DFY,entity,eth-labels,https://github.com/dawsbot/eth-labels,medium,2026-07-17
0xfc63e62e950fafc056c8024b20d1899154e55340,bsc,burgerswap,BurgerSwap: Helmet-hxBURGER,entity,eth-labels,https://github.com/dawsbot/eth-labels,medium,2026-07-17
0xfc73047b22848c908060c1537b6c99064dd194d1,bsc,burgerswap,BurgerSwap: FOC,entity,eth-labels,https://github.com/dawsbot/eth-labels,medium,2026-07-17
0xfc742ae6e990d66ae3abc1454349daa6a8d11b81,bsc,burgerswap,BurgerSwap: CSK,entity,eth-labels,https://github.com/dawsbot/eth-labels,medium,2026-07-17
0xfd0b85368ceaca0e44c53b668de55580a198e60b,bsc,burgerswap,BurgerSwap: BURGER-GAG,entity,eth-labels,https://github.com/dawsbot/eth-labels,medium,2026-07-17
0xfd3717da610d3cf05809a151b74945509e8f3918,bsc,burgerswap,BurgerSwap: bCAPC,entity,eth-labels,https://github.com/dawsbot/eth-labels,medium,2026-07-17
0xfd76ac6eb8893c5edf222e4a258259b14a709017,bsc,burgerswap,BurgerSwap: BUSD-T-xBURGER,entity,eth-labels,https://github.com/dawsbot/eth-labels,medium,2026-07-17
0xfdac9589b3ad4e1118c93909cfe0fb3262c7b027,bsc,burgerswap,BurgerSwap: BURGER-STORM,entity,eth-labels,https://github.com/dawsbot/eth-labels,medium,2026-07-17
0xfdcfeb10810345901bf4445a2c0aac0f62037bd5,bsc,burgerswap,BurgerSwap: ETHPAD,entity,eth-labels,https://github.com/dawsbot/eth-labels,medium,2026-07-17
0xfdfb5fc79231c401397a0667b602d47b0a724517,bsc,burgerswap,BurgerSwap: GT,entity,eth-labels,https://github.com/dawsbot/eth-labels,medium,2026-07-17
0xfe0378e48ea9b59e587122ee005557827078632f,bsc,burgerswap,BurgerSwap: BKIT-BUSD,entity,eth-labels,https://github.com/dawsbot/eth-labels,medium,2026-07-17
0xfe5d5131412855188bb4042a1b16c053ef7b6fdc,bsc,burgerswap,BurgerSwap: bIMTY-BURGER,entity,eth-labels,https://github.com/dawsbot/eth-labels,medium,2026-07-17
0xfeb35dd48a24896df00621de9f34086681c2bf10,bsc,burgerswap,BurgerSwap: SANTA,entity,eth-labels,https://github.com/dawsbot/eth-labels,medium,2026-07-17
0xfede95015ee932fd12f594842e0f1401c832cbde,bsc,burgerswap,BurgerSwap: CREAM,entity,eth-labels,https://github.com/dawsbot/eth-labels,medium,2026-07-17
0xffc087b4d1f33f738dd5193c1dd69b6132086b8e,bsc,burgerswap,BurgerSwap: CRISPY-BUSD,entity,eth-labels,https://github.com/dawsbot/eth-labels,medium,2026-07-17
0x0000000000000000000000000000000000000000,bsc,burn,Null: 0x000...000,entity,eth-labels,https://github.com/dawsbot/eth-labels,medium,2026-07-17
0x0000000000000000000000000000000000000001,bsc,burn,Null: 0x000...001,entity,eth-labels,https://github.com/dawsbot/eth-labels,medium,2026-07-17
0x0000000000000000000000000000000000000002,bsc,burn,Null: 0x000...002,entity,eth-labels,https://github.com/dawsbot/eth-labels,medium,2026-07-17
0x0000000000000000000000000000000000000003,bsc,burn,Null: 0x000...003,entity,eth-labels,https://github.com/dawsbot/eth-labels,medium,2026-07-17
0x0000000000000000000000000000000000000004,bsc,burn,Null: 0x000...004,entity,eth-labels,https://github.com/dawsbot/eth-labels,medium,2026-07-17
0x0000000000000000000000000000000000000005,bsc,burn,Null: 0x000...005,entity,eth-labels,https://github.com/dawsbot/eth-labels,medium,2026-07-17
0x0000000000000000000000000000000000000006,bsc,burn,Null: 0x000...006,entity,eth-labels,https://github.com/dawsbot/eth-labels,medium,2026-07-17
0x0000000000000000000000000000000000000007,bsc,burn,Null: 0x000...007,entity,eth-labels,https://github.com/dawsbot/eth-labels,medium,2026-07-17
0x0000000000000000000000000000000000000008,bsc,burn,Null: 0x000...008,entity,eth-labels,https://github.com/dawsbot/eth-labels,medium,2026-07-17
0x0000000000000000000000000000000000000009,bsc,burn,Null: 0x000...009,entity,eth-labels,https://github.com/dawsbot/eth-labels,medium,2026-07-17
0x000000000000000000000000000000000000dead,bsc,burn,Null: 0x000...dEaD,entity,eth-labels,https://github.com/dawsbot/eth-labels,medium,2026-07-17
0x1111111111111111111111111111111111111111,bsc,burn,Null: 0x111...111,entity,eth-labels,https://github.com/dawsbot/eth-labels,medium,2026-07-17
0x2222222222222222222222222222222222222222,bsc,burn,Null: 0x222...222,entity,eth-labels,https://github.com/dawsbot/eth-labels,medium,2026-07-17
0x3333333333333333333333333333333333333333,bsc,burn,null,entity,eth-labels,https://github.com/dawsbot/eth-labels,medium,2026-07-17
0x64b00b5ec6df675e94736bdcc006dbd9a0b8b00b,bsc,burn,SUUPER: WILDFIRE,entity,eth-labels,https://github.com/dawsbot/eth-labels,medium,2026-07-17
0x6666666666666666666666666666666666666666,bsc,burn,Null: 0x666...666,entity,eth-labels,https://github.com/dawsbot/eth-labels,medium,2026-07-17
0x8888888888888888888888888888888888888888,bsc,burn,Null: 0x888...888,entity,eth-labels,https://github.com/dawsbot/eth-labels,medium,2026-07-17
0xaaaaaaaaaaaaaaaaaaaaaaaaaaaaaaaaaaaaaaaa,bsc,burn,Null: aAa...aAa,entity,eth-labels,https://github.com/dawsbot/eth-labels,medium,2026-07-17
0xbbbbbbbbbbbbbbbbbbbbbbbbbbbbbbbbbbbbbbbb,bsc,burn,Null: 0xbBb...BbB,entity,eth-labels,https://github.com/dawsbot/eth-labels,medium,2026-07-17
0xdead000000000000000042069420694206942069,bsc,burn,Null: 0xdea...069,entity,eth-labels,https://github.com/dawsbot/eth-labels,medium,2026-07-17
0xeeeeeeeeeeeeeeeeeeeeeeeeeeeeeeeeeeeeeeee,bsc,burn,Null: 0xeee...eee,entity,eth-labels,https://github.com/dawsbot/eth-labels,medium,2026-07-17
0xffffffffffffffffffffffffffffffffffffffff,bsc,burn,Null: 0xfff...fff,entity,eth-labels,https://github.com/dawsbot/eth-labels,medium,2026-07-17
0xb7f72028d9b502dc871c444363a7ac5a52546608,bsc,bzx,bZx: Deployer,entity,eth-labels,https://github.com/dawsbot/eth-labels,medium,2026-07-17
0xf8e026dc4c0860771f691ecffbbdfe2fa51c77cf,bsc,bzx,bZx: BGOV Token,entity,eth-labels,https://github.com/dawsbot/eth-labels,medium,2026-07-17
0x02bfe714e78e2ad1bb1c2bee93ec8dc5423b66d4,bsc,chainlink,Chainlink: WOO/USD Price Feed,entity,eth-labels,https://github.com/dawsbot/eth-labels,medium,2026-07-17
0x0567f2323251f0aab15c8dfb1967e4e8a7d42aee,bsc,chainlink,Chainlink: BNB/USD Price Feed,entity,eth-labels,https://github.com/dawsbot/eth-labels,medium,2026-07-17
0x058316f8bb13acd442ee7a216c7b60cfb4ea1b53,bsc,chainlink,Chainlink: VAI/USD Price Feed,entity,eth-labels,https://github.com/dawsbot/eth-labels,medium,2026-07-17
0x0bf79f617988c472dca68ff41efe1338955b9a80,bsc,chainlink,Chainlink: EUR/USD Price Feed,entity,eth-labels,https://github.com/dawsbot/eth-labels,medium,2026-07-17
0x0db8945f9aef5651fa5bd52314c5aae78dfde540,bsc,chainlink,Chainlink: COMP/USD Price Feed,entity,eth-labels,https://github.com/dawsbot/eth-labels,medium,2026-07-17
0x0e8a53dd9c13589df6382f13da6b3ec8f919b323,bsc,chainlink,Chainlink: SOL/USD Price Feed,entity,eth-labels,https://github.com/dawsbot/eth-labels,medium,2026-07-17
0x116eeb23384451c78ed366d4f67d5ad44ee771a0,bsc,chainlink,Chainlink: BTC/BNB Price Feed,entity,eth-labels,https://github.com/dawsbot/eth-labels,medium,2026-07-17
0x132d3c0b1d2cea0bc552588063bdbb210fdeecfa,bsc,chainlink,Chainlink: DAI/USD Price Feed,entity,eth-labels,https://github.com/dawsbot/eth-labels,medium,2026-07-17
0x1b816f5e122efa230300126f97c018716c4e47f5,bsc,chainlink,Chainlink: DF/USD Price Feed,entity,eth-labels,https://github.com/dawsbot/eth-labels,medium,2026-07-17
0x22db8397a6e77e41471de256a7803829fdc8bc57,bsc,chainlink,Chainlink: JPY/USD Price Feed,entity,eth-labels,https://github.com/dawsbot/eth-labels,medium,2026-07-17
0x234c7a1da64bdf44e1b8a25c94af53ff2a199de0,bsc,chainlink,Chainlink: ARKK/USD Price Feed,entity,eth-labels,https://github.com/dawsbot/eth-labels,medium,2026-07-17
0x264990fbd0a4796a3e3d8e37c4d5f87a3aca5ebf,bsc,chainlink,Chainlink: BTC/USD Price Feed,entity,eth-labels,https://github.com/dawsbot/eth-labels,medium,2026-07-17
0x26c31ac71010af62e6b486d1132e266d6298857d,bsc,chainlink,Chainlink: BTC/ARS Price Feed,entity,eth-labels,https://github.com/dawsbot/eth-labels,medium,2026-07-17
0x2a548935a323bb7329a5e3f1667b979f16bc890b,bsc,chainlink,Chainlink: BCH/BNB Price Feed,entity,eth-labels,https://github.com/dawsbot/eth-labels,medium,2026-07-17
0x2d1ab79d059e21ae519d88f978caf39d74e31aeb,bsc,chainlink,Chainlink: COIN/USD Price Feed,entity,eth-labels,https://github.com/dawsbot/eth-labels,medium,2026-07-17
0x2d5fc41d1365ffe13d03d91e82e04ca878d69f4b,bsc,chainlink,Chainlink: ADA/BNB Price Feed,entity,eth-labels,https://github.com/dawsbot/eth-labels,medium,2026-07-17
0x3334bf7ec892ca03d1378b51769b7782eaf318c4,bsc,chainlink,Chainlink: BAND/BNB Price Feed,entity,eth-labels,https://github.com/dawsbot/eth-labels,medium,2026-07-17
0x38393201952f2764e04b290af9df427217d56b41,bsc,chainlink,Chainlink: LINA/USD Price Feed,entity,eth-labels,https://github.com/dawsbot/eth-labels,medium,2026-07-17
0x3ab0a0d137d4f946fbb19eecc6e92e64660231c8,bsc,chainlink,Chainlink: DOGE/USD Price Feed,entity,eth-labels,https://github.com/dawsbot/eth-labels,medium,2026-07-17
0x3e3aa4fc329529c8ab921c810850626021dba7e6,bsc,chainlink,Chainlink: ZIL/USD Price Feed,entity,eth-labels,https://github.com/dawsbot/eth-labels,medium,2026-07-17
0x43d80f616daf0b0b42a928eed32147dc59027d41,bsc,chainlink,Chainlink: BCH/USD Price Feed,entity,eth-labels,https://github.com/dawsbot/eth-labels,medium,2026-07-17
0x45f86ca2a8bc9ebd757225b19a1a0d7051be46db,bsc,chainlink,Chainlink: USDC/BNB Price Feed,entity,eth-labels,https://github.com/dawsbot/eth-labels,medium,2026-07-17
0x46f13472a4d4fec9e07e8a00ee52f4fa77810736,bsc,chainlink,Chainlink: REEF/USD Price Feed,entity,eth-labels,https://github.com/dawsbot/eth-labels,medium,2026-07-17
0x4e5a43a79f53c0a8e83489648ea7e429278f8b2d,bsc,chainlink,Chainlink: LTC/BNB Price Feed,entity,eth-labels,https://github.com/dawsbot/eth-labels,medium,2026-07-17
0x51597f405303c4377e36123cbc172b13269ea163,bsc,chainlink,Chainlink: USDC/USD Price Feed,entity,eth-labels,https://github.com/dawsbot/eth-labels,medium,2026-07-17
0x51d08ca89d3e8c12535ba8aed33cdf2557ab5b2a,bsc,chainlink,Chainlink: AMZN/USD Price Feed,entity,eth-labels,https://github.com/dawsbot/eth-labels,medium,2026-07-17
0x63d407f32aa72e63c7209ce1c2f5da40b3aae726,bsc,chainlink,Chainlink: ETH/BNB Price Feed,entity,eth-labels,https://github.com/dawsbot/eth-labels,medium,2026-07-17
0x6f55dfaf098a813d87bb4e6392275b502360bb9d,bsc,chainlink,Chainlink: CREAM/BNB Price Feed,entity,eth-labels,https://github.com/dawsbot/eth-labels,medium,2026-07-17
0x74e72f37a8c415c8f1a98ed42e78ff997435791d,bsc,chainlink,Chainlink: LTC/USD Price Feed,entity,eth-labels,https://github.com/dawsbot/eth-labels,medium,2026-07-17
0x798a65d349b2b5e6645695912880b54dffd79074,bsc,chainlink,Chainlink: XRP/BNB Price Feed,entity,eth-labels,https://github.com/dawsbot/eth-labels,medium,2026-07-17
0x7bc032a7c19b1bdcb981d892854d090cfb0f238e,bsc,chainlink,Chainlink: ALPHA/BNB Price Feed,entity,eth-labels,https://github.com/dawsbot/eth-labels,medium,2026-07-17
0x7c0bc703dc56645203cfebe1928e34b8e885ae37,bsc,chainlink,Chainlink: USDN/USD Price Feed,entity,eth-labels,https://github.com/dawsbot/eth-labels,medium,2026-07-17
0x7ca57b0ca6367191c94c8914d7df09a57655905f,bsc,chainlink,Chainlink: MATIC/USD Price Feed,entity,eth-labels,https://github.com/dawsbot/eth-labels,medium,2026-07-17
0x7e728dfa6bca9023d9abee759fdf56beab8ac7ad,bsc,chainlink,Chainlink: TWT/BNB Price Feed,entity,eth-labels,https://github.com/dawsbot/eth-labels,medium,2026-07-17
0x7ee7e7847ffc93f8cf67bccc0002aff9c52de524,bsc,chainlink,Chainlink: DPI/USD Price Feed,entity,eth-labels,https://github.com/dawsbot/eth-labels,medium,2026-07-17
0x7f8cad4690a38ac28bda3d132ef83db1c17557df,bsc,chainlink,Chainlink: PAXG/USD Price Feed,entity,eth-labels,https://github.com/dawsbot/eth-labels,medium,2026-07-17
0x817326922c909b16944817c207562b25c4df16ad,bsc,chainlink,Chainlink: XAG/USD Price Feed,entity,eth-labels,https://github.com/dawsbot/eth-labels,medium,2026-07-17
0x8264d6983b219be65c4d62f1c82b3a2999944cf2,bsc,chainlink,Chainlink: XTZ/BNB Price Feed,entity,eth-labels,https://github.com/dawsbot/eth-labels,medium,2026-07-17
0x83766ba8d964feaed3819b145a69c947df9cb035,bsc,chainlink,Chainlink: LIT/USD Price Feed,entity,eth-labels,https://github.com/dawsbot/eth-labels,medium,2026-07-17
0x84210d9013a30c6ab169e28840a6cc54b60fa042,bsc,chainlink,Chainlink: ICP/USD Price Feed,entity,eth-labels,https://github.com/dawsbot/eth-labels,medium,2026-07-17
0x86896feb19d8a607c3b11f2af50a0f239bd71cd0,bsc,chainlink,Chainlink: XAU/USD Price Feed,entity,eth-labels,https://github.com/dawsbot/eth-labels,medium,2026-07-17
0x87ea38c9f24264ec1fff41b04ec94a97caf99941,bsc,chainlink,Chainlink: BUSD/BNB Price Feed,entity,eth-labels,https://github.com/dawsbot/eth-labels,medium,2026-07-17
0x887f177cbed2cf555a64e7bf125e1825eb69db82,bsc,chainlink,Chainlink: ONT/USD Price Feed,entity,eth-labels,https://github.com/dawsbot/eth-labels,medium,2026-07-17
0x88e71e6520e5ac75f5338f5f0c9ded9d4f692cda,bsc,chainlink,Chainlink: AUTO/USD Price Feed,entity,eth-labels,https://github.com/dawsbot/eth-labels,medium,2026-07-17
0x8ec213e7191488c7873cec6dac8e97cdbadb7b35,bsc,chainlink,Chainlink: DAI/BNB Price Feed,entity,eth-labels,https://github.com/dawsbot/eth-labels,medium,2026-07-17
0x93a67d414896a280bf8ffb3b389fe3686e014fda,bsc,chainlink,Chainlink: XRP/USD Price Feed,entity,eth-labels,https://github.com/dawsbot/eth-labels,medium,2026-07-17
0x9a18137adcf7b05f033ad26968ed5a9cf0bf8e6b,bsc,chainlink,Chainlink: XTZ/USD Price Feed,entity,eth-labels,https://github.com/dawsbot/eth-labels,medium,2026-07-17
0x9a41b56b2c24683e2f23bde15c14bc7c4a58c3c4,bsc,chainlink,Chainlink: QQQ/USD Price Feed,entity,eth-labels,https://github.com/dawsbot/eth-labels,medium,2026-07-17
0x9ef1b8c0e4f7dc8bf5719ea496883dc6401d5b2e,bsc,chainlink,Chainlink: ETH/USD Price Feed,entity,eth-labels,https://github.com/dawsbot/eth-labels,medium,2026-07-17
0xa767f745331d267c7751297d982b050c93985627,bsc,chainlink,Chainlink: ADA/USD Price Feed,entity,eth-labels,https://github.com/dawsbot/eth-labels,medium,2026-07-17
0xa7dd120a00acf4161fda187b864b73bdc8283d77,bsc,chainlink,Chainlink: Total Marketcap USD Price Feed,entity,eth-labels,https://github.com/dawsbot/eth-labels,medium,2026-07-17
0xb056b7c804297279a9a673289264c17e6dc6055d,bsc,chainlink,Chainlink: ATOM/USD Price Feed,entity,eth-labels,https://github.com/dawsbot/eth-labels,medium,2026-07-17
0xb1bed6c1fc1ade2a975f54f24851c7f410e27718,bsc,chainlink,Chainlink: WTI/USD Price Feed,entity,eth-labels,https://github.com/dawsbot/eth-labels,medium,2026-07-17
0xb24d1dee5f9a3f761d286b56d2bc44ce1d02df7e,bsc,chainlink,Chainlink: SPY/USD Price Feed,entity,eth-labels,https://github.com/dawsbot/eth-labels,medium,2026-07-17
0xb38722f6a608646a538e882ee9972d15c86fc597,bsc,chainlink,Chainlink: LINK/BNB Price Feed,entity,eth-labels,https://github.com/dawsbot/eth-labels,medium,2026-07-17
0xb57f259e7c24e56a1da00f66b55a5640d9f9e7e4,bsc,chainlink,Chainlink: UNI/USD Price Feed,entity,eth-labels,https://github.com/dawsbot/eth-labels,medium,2026-07-17
0xb6064ed41d4f67e353768aa239ca86f4f73665a1,bsc,chainlink,Chainlink: CAKE/USD Price Feed,entity,eth-labels,https://github.com/dawsbot/eth-labels,medium,2026-07-17
0xb7ed5be7977d61e83534230f3256c021e0fae0b6,bsc,chainlink,Chainlink: AAPL/USD Price Feed,entity,eth-labels,https://github.com/dawsbot/eth-labels,medium,2026-07-17
0xb9344e4ffa6d5885b2c5830adc27ddf3fdbf883c,bsc,chainlink,Chainlink: BIDU/USD Price Feed,entity,eth-labels,https://github.com/dawsbot/eth-labels,medium,2026-07-17
0xb97ad0e74fa7d920791e90258a6e2085088b4320,bsc,chainlink,Chainlink: USDT/USD Price Feed,entity,eth-labels,https://github.com/dawsbot/eth-labels,medium,2026-07-17
0xba8683e9c3b1455be6e18e7768e8cad95eb5ed49,bsc,chainlink,Chainlink: DOT/BNB Price Feed,entity,eth-labels,https://github.com/dawsbot/eth-labels,medium,2026-07-17
0xbf63f430a79d4036a5900c19818aff1fa710f206,bsc,chainlink,Chainlink: XVS/USD Price Feed,entity,eth-labels,https://github.com/dawsbot/eth-labels,medium,2026-07-17
0xc333eb0086309a16aa7c8308dfd32c8bba0a2592,bsc,chainlink,Chainlink: DOT/USD Price Feed,entity,eth-labels,https://github.com/dawsbot/eth-labels,medium,2026-07-17
0xc861a351b2b50985b9061a5b68ebf9018e7ffb7b,bsc,chainlink,Chainlink: SPCE/USD Price Feed,entity,eth-labels,https://github.com/dawsbot/eth-labels,medium,2026-07-17
0xc94580faaf145b2fd0ab5215031833c98d3b77e4,bsc,chainlink,Chainlink: YFII/USD Price Feed,entity,eth-labels,https://github.com/dawsbot/eth-labels,medium,2026-07-17
0xca236e327f629f9fc2c30a4e95775ebf0b89fac8,bsc,chainlink,Chainlink: LINK/USD Price Feed,entity,eth-labels,https://github.com/dawsbot/eth-labels,medium,2026-07-17
0xcb23da9ea243f53194cbc2380a6d4d9bc046161f,bsc,chainlink,Chainlink: CAKE/BNB Price Feed,entity,eth-labels,https://github.com/dawsbot/eth-labels,medium,2026-07-17
0xcbb98864ef56e9042e7d2efef76141f15731b82f,bsc,chainlink,Chainlink: BUSD/USD Price Feed,entity,eth-labels,https://github.com/dawsbot/eth-labels,medium,2026-07-17
0xd1225da5fc21d17cae526ee4b6464787c6a71b4c,bsc,chainlink,Chainlink: RAMP/USD Price Feed,entity,eth-labels,https://github.com/dawsbot/eth-labels,medium,2026-07-17
0xd5508c8ffdb8f15ce336e629fd4ca9adb48f50f0,bsc,chainlink,Chainlink: EOS/USD Price Feed,entity,eth-labels,https://github.com/dawsbot/eth-labels,medium,2026-07-17
0xd5c40f5144848bd4ef08a9605d860e727b991513,bsc,chainlink,Chainlink: USDT/BNB Price Feed,entity,eth-labels,https://github.com/dawsbot/eth-labels,medium,2026-07-17
0xd7eaa5bf3013a96e3d515c055dbd98dbdc8c620d,bsc,chainlink,Chainlink: YFI/USD Price Feed,entity,eth-labels,https://github.com/dawsbot/eth-labels,medium,2026-07-17
0xe188a9875af525d25334d75f3327863b2b8cd0f1,bsc,chainlink,Chainlink: SXP/USD Price Feed,entity,eth-labels,https://github.com/dawsbot/eth-labels,medium,2026-07-17
0xe3ca2f3bad1d8327820f648c759f17162b5383ae,bsc,chainlink,Chainlink: CFX/USD Price Feed,entity,eth-labels,https://github.com/dawsbot/eth-labels,medium,2026-07-17
0xe5dbfd9003bff9df5feb2f4f445ca00fb121fb83,bsc,chainlink,Chainlink: FIL/USD Price Feed,entity,eth-labels,https://github.com/dawsbot/eth-labels,medium,2026-07-17
0xe9bec24f14ab49b0a81a482a4224e7505d2d29e9,bsc,chainlink,Chainlink: PACB/USD Price Feed,entity,eth-labels,https://github.com/dawsbot/eth-labels,medium,2026-07-17
0xed93f3764334788f2f6628b30e505fe1fc5d1d7b,bsc,chainlink,Chainlink: EOS/BNB Price Feed,entity,eth-labels,https://github.com/dawsbot/eth-labels,medium,2026-07-17
0xeda73f8acb669274b15a977cb0cda57a84f18c2a,bsc,chainlink,Chainlink: GOOGL/USD Price Feed,entity,eth-labels,https://github.com/dawsbot/eth-labels,medium,2026-07-17
0xeea2ae9c074e87596a85abe698b2afebc9b57893,bsc,chainlink,Chainlink: TSLA/USD Price Feed,entity,eth-labels,https://github.com/dawsbot/eth-labels,medium,2026-07-17
0xf4c5e535756d11994fcbb12ba8add0192d9b88be,bsc,chainlink,Chainlink: TRX/USD Price Feed,entity,eth-labels,https://github.com/dawsbot/eth-labels,medium,2026-07-17
0xf7e7c0ffcb11dac6eca1434c67fab9ae000e10a7,bsc,chainlink,Chainlink: WING/USD Price Feed,entity,eth-labels,https://github.com/dawsbot/eth-labels,medium,2026-07-17
0xf841761481df19831ccc851a54d8350ae6022583,bsc,chainlink,Chainlink: YFI/BNB Price Feed,entity,eth-labels,https://github.com/dawsbot/eth-labels,medium,2026-07-17
0xfc362828930519f236ad0c8f126b7996562a695a,bsc,chainlink,Chainlink: BZRX/USD Price Feed,entity,eth-labels,https://github.com/dawsbot/eth-labels,medium,2026-07-17
0x3ec9f2a4c604eab2cb19740d82aa3bbf322a4afc,bsc,charity,Mask On: USDT Donation,entity,eth-labels,https://github.com/dawsbot/eth-labels,medium,2026-07-17
0xbf2952b759a70250caa53d9d7f910cd985cbf6aa,bsc,charity,Mask On: NFT Donation,entity,eth-labels,https://github.com/dawsbot/eth-labels,medium,2026-07-17
0xb5ca621e6d67072a9c3050fd990106696dddb976,bsc,closure,DMND Tokens: DMND Token,entity,eth-labels,https://github.com/dawsbot/eth-labels,medium,2026-07-17
0x105a3ba3637a29d36f61c7f03f55da44b4591cd1,bsc,compromised,null,entity,eth-labels,https://github.com/dawsbot/eth-labels,medium,2026-07-17
0x0e9d900c884964dc4b26db96ba113825b1a09baa,bsc,cream-finance,Cream.Finance: crATOM Token,entity,eth-labels,https://github.com/dawsbot/eth-labels,medium,2026-07-17
0x19ee64850862cfd234e20c0db4eda286f12ec907,bsc,cream-finance,Cream.Finance: crEOS Token,entity,eth-labels,https://github.com/dawsbot/eth-labels,medium,2026-07-17
0x1af8c1c3ad36a041cb6678fed86b1e095004fd16,bsc,cream-finance,Cream.Finance: crFIL Token,entity,eth-labels,https://github.com/dawsbot/eth-labels,medium,2026-07-17
0x264bc4ea2f45cf6331ad6c3ac8d7257cf487fcbc,bsc,cream-finance,Cream.Finance: crALPHA Token,entity,eth-labels,https://github.com/dawsbot/eth-labels,medium,2026-07-17
0x2d3bfadf9bc94e3ab796029a030e863f1898aa06,bsc,cream-finance,Cream.Finance: crTWT Token,entity,eth-labels,https://github.com/dawsbot/eth-labels,medium,2026-07-17
0x3b0be453a4008ebc2edd457e7bd355f1c5469d68,bsc,cream-finance,Cream.Finance: crUNI Token,entity,eth-labels,https://github.com/dawsbot/eth-labels,medium,2026-07-17
0x426d6d53187be3288fe37f214e3f6901d8145b62,bsc,cream-finance,Cream.Finance: crCREAM Token,entity,eth-labels,https://github.com/dawsbot/eth-labels,medium,2026-07-17
0x738f3810b3da0f3e6dc8c689d0d72f3b4992c43b,bsc,cream-finance,Cream.Finance: crBAND Token,entity,eth-labels,https://github.com/dawsbot/eth-labels,medium,2026-07-17
0x81c15d3e956e55e77e1f3f257f0a65bd2725fc55,bsc,cream-finance,Cream.Finance: crADA Token,entity,eth-labels,https://github.com/dawsbot/eth-labels,medium,2026-07-17
0x9095e8d707e40982affce41c61c10895157a1b22,bsc,cream-finance,Cream.Finance: crDAI Token,entity,eth-labels,https://github.com/dawsbot/eth-labels,medium,2026-07-17
0xd83c88db3a6ca4a32fff1603b0f7ddce01f5f727,bsc,cream-finance,Cream.Finance: crUSDC Token,entity,eth-labels,https://github.com/dawsbot/eth-labels,medium,2026-07-17
0xe692714717a89e4f2ab89dd17d8dddd7bb52de8e,bsc,cream-finance,Cream.Finance: crXTZ Token,entity,eth-labels,https://github.com/dawsbot/eth-labels,medium,2026-07-17
0xea466cd2583a0290b9e7b987a769a7eb468fb0a5,bsc,cream-finance,Cream.Finance: crYFI Token,entity,eth-labels,https://github.com/dawsbot/eth-labels,medium,2026-07-17
0xe8d88301c27100b2d5c8d6adccfb36c5f3b45be8,bsc,dao,SMC DAO: SMC Mega Wallet,entity,eth-labels,https://github.com/dawsbot/eth-labels,medium,2026-07-17
0x0d1690eb95a2952fe35ed240a3970c4b4f3e95fd,bsc,defi,Pigletz: Staking,entity,eth-labels,https://github.com/dawsbot/eth-labels,medium,2026-07-17
0x157e4db6d6489583d7c312b5ea44dcfbe3d7921f,bsc,defi,Revoluzion: Airdrop & Multisender,entity,eth-labels,https://github.com/dawsbot/eth-labels,medium,2026-07-17
0x2749cf03120f859d00e7e3602e93b1dbd4d714ae,bsc,defi,Metatigr: Staking and Rewards,entity,eth-labels,https://github.com/dawsbot/eth-labels,medium,2026-07-17
0x2a723e6de06833645f0d0bd06a385a5a44bfeceb,bsc,defi,BOB: BOB - BUSD 0.008% Kyberswap Elastic Pool,entity,eth-labels,https://github.com/dawsbot/eth-labels,medium,2026-07-17
0x36ba786ad9f281cd1d7ec46fafd81cfd0228486e,bsc,defi,CIVMILK : MasterChef,entity,eth-labels,https://github.com/dawsbot/eth-labels,medium,2026-07-17
0x378085c11dc493ed90bd582dda2f248e98388dad,bsc,defi,Solana Farm: MasterChef,entity,eth-labels,https://github.com/dawsbot/eth-labels,medium,2026-07-17
0x3cafa8d80566a0dd500311ba7758772cec538e50,bsc,defi,Impossible Finance: V2 Swap Rewards Staking 1,entity,eth-labels,https://github.com/dawsbot/eth-labels,medium,2026-07-17
0x45d508e3cbfd74ed2bddc4fd168389242da76930,bsc,defi,CryptoHealth: Treasury Wallet,entity,eth-labels,https://github.com/dawsbot/eth-labels,medium,2026-07-17
0x4c31269a9257aaccf3e2431cf71e897af269827f,bsc,defi,Powabit: Powa Staking,entity,eth-labels,https://github.com/dawsbot/eth-labels,medium,2026-07-17
0x4dd90d3ce962039a3c66d613207ac2d449dfa04f,bsc,defi,Titano: Treasury,entity,eth-labels,https://github.com/dawsbot/eth-labels,medium,2026-07-17
0x4f1ddadbdd1ee5c309f67c01233af787b569c117,bsc,defi,StrikeX: Staking,entity,eth-labels,https://github.com/dawsbot/eth-labels,medium,2026-07-17
0x5fce4b46b58996a4aac0962dec2cd9b257352ee1,bsc,defi,1Tronicswap : Router02,entity,eth-labels,https://github.com/dawsbot/eth-labels,medium,2026-07-17
0x749601d67b8b2c59103779c4990e1d52d2c2d6e7,bsc,defi,Parex: Hot Wallet,entity,eth-labels,https://github.com/dawsbot/eth-labels,medium,2026-07-17
0x81df9127a67276b17fa9368062e373194d492e7a,bsc,defi,Bot Planet: Staking,entity,eth-labels,https://github.com/dawsbot/eth-labels,medium,2026-07-17
0x8e07bd3c4b24eaa38ddd47fa35de5ccadabc0ef6,bsc,defi,Meta TIGR: Marketing Wallet,entity,eth-labels,https://github.com/dawsbot/eth-labels,medium,2026-07-17
0x8effc4e9b5e43d46a5667775c549309c98d58e2b,bsc,defi,AVARA: Pinksale,entity,eth-labels,https://github.com/dawsbot/eth-labels,medium,2026-07-17
0x93e58e62059c8698ab20039af0a7a349a0828bf8,bsc,defi,TokenBB: BatchTransfer,entity,eth-labels,https://github.com/dawsbot/eth-labels,medium,2026-07-17
0xb644ee14cea2e6b1b22a093c0c294b90e4a0422f,bsc,defi,Coin Fast Alert: Coinfastalert V2,entity,eth-labels,https://github.com/dawsbot/eth-labels,medium,2026-07-17
0xbd28afc2fdc3cb76146225e82c591259b140acf1,bsc,defi,Gitshock Finance: Token Distributor,entity,eth-labels,https://github.com/dawsbot/eth-labels,medium,2026-07-17
0xbf9d97eaf551877e4710d8e9d0519f79e03e5e69,bsc,defi,Impossible Finance: V2 Swap Factory,entity,eth-labels,https://github.com/dawsbot/eth-labels,medium,2026-07-17
0xc014dca6395a943639653f7c23b674c38edffc69,bsc,defi,Bitexblock: Router Contract,entity,eth-labels,https://github.com/dawsbot/eth-labels,medium,2026-07-17
0xc458f048e181655b7f57965356e57c99296dbf1c,bsc,defi,Check Dot: Automatic Audit Service Contract,entity,eth-labels,https://github.com/dawsbot/eth-labels,medium,2026-07-17
0xc765bddb93b0d1c1a88282ba0fa6b2d00e3e0c83,bsc,defi,UNCX Network Security : LP Lockers,entity,eth-labels,https://github.com/dawsbot/eth-labels,medium,2026-07-17
0xccf4881b849d94c15c98567ba71b08ed829aba33,bsc,defi,Impossible Finance: V2 Swap Router,entity,eth-labels,https://github.com/dawsbot/eth-labels,medium,2026-07-17
0xcd27c6f77670f09907093632dbb4f1587b177435,bsc,defi,Gitshock Finance: Deployer 2,entity,eth-labels,https://github.com/dawsbot/eth-labels,medium,2026-07-17
0xdf65251716880815e47ca8d8bda7d9a32078f2dc,bsc,defi,Bot Planet:Team,entity,eth-labels,https://github.com/dawsbot/eth-labels,medium,2026-07-17
0xe219897c3376c33582acb361ca3525923f21473d,bsc,defi,Meta TIGR: TIGR Staking Pool,entity,eth-labels,https://github.com/dawsbot/eth-labels,medium,2026-07-17
0xe3e8cc42da487d1116d26687856e9fb684817c52,bsc,defi,Rasta Finance: RASTA Token,entity,eth-labels,https://github.com/dawsbot/eth-labels,medium,2026-07-17
0xebacbccaf7ea7cd2499fc72865437af5b853febf,bsc,defi,Freshgainstein: Reward Contract,entity,eth-labels,https://github.com/dawsbot/eth-labels,medium,2026-07-17
0xec45f47a6a7d86fe407ca38f428029a8bd4ae7a6,bsc,defi,RXCGames: Bankroll,entity,eth-labels,https://github.com/dawsbot/eth-labels,medium,2026-07-17
0xf987939b9ea7a43d9e6a39f6542749bb8afb09bb,bsc,defi,BOB: USDT - BOB 0.008% Kyberswap Elastic Pool,entity,eth-labels,https://github.com/dawsbot/eth-labels,medium,2026-07-17
0x1ae81a9ca1585c2aca1d81a66aa5975ba789bf96,bsc,deprecated,Dopex : Legacy BNB SSOV Router 2,entity,eth-labels,https://github.com/dawsbot/eth-labels,medium,2026-07-17
0x29037dce9ff2eb848403a090c7d4ebe4d8d6320f,bsc,deprecated,Dopex : Legacy BNB SSOV Router,entity,eth-labels,https://github.com/dawsbot/eth-labels,medium,2026-07-17
0x2f07969090a2e9247c761747ea2358e5bb033460,bsc,deprecated,ApeSwap: Timelock,entity,eth-labels,https://github.com/dawsbot/eth-labels,medium,2026-07-17
0x43a5cfb83d0decaaead90e0cc6dca60a2405442b,bsc,deprecated,Dopex : Legacy BNB SSOV,entity,eth-labels,https://github.com/dawsbot/eth-labels,medium,2026-07-17
0x54aff400858dcac39797a81894d9920f16972d1d,bsc,deprecated,null,entity,eth-labels,https://github.com/dawsbot/eth-labels,medium,2026-07-17
0x86ef5e73edb2fea111909fe35afcc564572acc06,bsc,deprecated,null,entity,eth-labels,https://github.com/dawsbot/eth-labels,medium,2026-07-17
0x1a1ec25dc08e98e5e93f1104b5e5cdd298707d31,bsc,dex,Metamask: Swap Router,entity,eth-labels,https://github.com/dawsbot/eth-labels,medium,2026-07-17
0x30d70e3c613c50da8030556aa949fbc21fd51454,bsc,dex,Merrymen Swap: Router,entity,eth-labels,https://github.com/dawsbot/eth-labels,medium,2026-07-17
0x638f32fe09baec1fdc54f962e3e8e5f2b286aa70,bsc,dex,Transit: Swap Router,entity,eth-labels,https://github.com/dawsbot/eth-labels,medium,2026-07-17
0x0326da9e3fa36f946cfdc87e59d24b45cbe4aad0,bsc,dforce,dForce: xAMZN Token,entity,eth-labels,https://github.com/dawsbot/eth-labels,medium,2026-07-17
0x0b66a250dadf3237ddb38d485082a7bfe400356e,bsc,dforce,dForce: iBTC Token,entity,eth-labels,https://github.com/dawsbot/eth-labels,medium,2026-07-17
0x0bf8c72d618b5d46b055165e21d661400008fa0f,bsc,dforce,dForce: iUSDT Token,entity,eth-labels,https://github.com/dawsbot/eth-labels,medium,2026-07-17
0x20ecc92f0a33e16e8cf0417dfc3f586cf597f3a9,bsc,dforce,dForce: xBTC Token,entity,eth-labels,https://github.com/dawsbot/eth-labels,medium,2026-07-17
0x219b850993ade4f44e24e6cac403a9a40f1d3d2e,bsc,dforce,dForce: ixBTC Token,entity,eth-labels,https://github.com/dawsbot/eth-labels,medium,2026-07-17
0x367c17d19fcd0f7746764455497d63c8e8b2bba3,bsc,dforce,dForce: EUX Token,entity,eth-labels,https://github.com/dawsbot/eth-labels,medium,2026-07-17
0x390bf37355e9df6ea2e16eed5686886da6f47669,bsc,dforce,dForce: iETH Token,entity,eth-labels,https://github.com/dawsbot/eth-labels,medium,2026-07-17
0x3d9a9ed8a28a64827a684cee3aa499da1824bf6c,bsc,dforce,dForce: xCOIN Token,entity,eth-labels,https://github.com/dawsbot/eth-labels,medium,2026-07-17
0x463e3d1e01d048fdf872710f7f3745b5cdf50d0e,bsc,dforce,dForce: xETH Token,entity,eth-labels,https://github.com/dawsbot/eth-labels,medium,2026-07-17
0x55012ad2f0a50195aef44f403536df2465009ef7,bsc,dforce,dForce: iATOM Token,entity,eth-labels,https://github.com/dawsbot/eth-labels,medium,2026-07-17
0x5511b64ae77452c7130670c79298dec978204a47,bsc,dforce,dForce: iBUSD Token,entity,eth-labels,https://github.com/dawsbot/eth-labels,medium,2026-07-17
0x70d1d7cdec24b16942669a5ffeada8527b744502,bsc,dforce,dForce: xAPPL Token,entity,eth-labels,https://github.com/dawsbot/eth-labels,medium,2026-07-17
0x7b933e1c1f44be9fb111d87501baada7c8518abe,bsc,dforce,dForce: iUSX Token,entity,eth-labels,https://github.com/dawsbot/eth-labels,medium,2026-07-17
0x983a727aa3491ab251780a13acb5e876d3f2b1d8,bsc,dforce,dForce: iEUX Token,entity,eth-labels,https://github.com/dawsbot/eth-labels,medium,2026-07-17
0x9ab060ba568b86848bf19577226184db6192725b,bsc,dforce,dForce: iDOT Token,entity,eth-labels,https://github.com/dawsbot/eth-labels,medium,2026-07-17
0xad5ec11426970c32da48f58c92b1039bc50e5492,bsc,dforce,dForce: iDAI Token,entity,eth-labels,https://github.com/dawsbot/eth-labels,medium,2026-07-17
0xaf9c10b341f55465e8785f0f81dbb52a9bfe005d,bsc,dforce,dForce: iUSDC Token,entity,eth-labels,https://github.com/dawsbot/eth-labels,medium,2026-07-17
0xb5102cee1528ce2c760893034a4603663495fd72,bsc,dforce,dForce: USX Token,entity,eth-labels,https://github.com/dawsbot/eth-labels,medium,2026-07-17
0xc35acaeedb814f42b2214378d8950f8555b2d670,bsc,dforce,dForce: iGOLDx Token,entity,eth-labels,https://github.com/dawsbot/eth-labels,medium,2026-07-17
0xd739a569ec254d6a20ecf029f024816be58fb810,bsc,dforce,dForce: iFIL Token,entity,eth-labels,https://github.com/dawsbot/eth-labels,medium,2026-07-17
0xec3fd540a2dee6f479be539d64da593a59e12d08,bsc,dforce,dForce: iDF Token,entity,eth-labels,https://github.com/dawsbot/eth-labels,medium,2026-07-17
0xee9099c1318cf960651b3196747640eb84b8806b,bsc,dforce,dForce: iUNI Token,entity,eth-labels,https://github.com/dawsbot/eth-labels,medium,2026-07-17
0xf21259b517d307f0df8ff3d3f53cf1674ebeafe8,bsc,dforce,dForce: xTSLA Token,entity,eth-labels,https://github.com/dawsbot/eth-labels,medium,2026-07-17
0xf649e651afe5f05ae5ba493fa34f44dfeadfe05d,bsc,dforce,dForce: ixETH Token,entity,eth-labels,https://github.com/dawsbot/eth-labels,medium,2026-07-17
0xfc5bb1e8c29b100ef8f12773f972477bcab68862,bsc,dforce,dForce: iADA Token,entity,eth-labels,https://github.com/dawsbot/eth-labels,medium,2026-07-17
0x0ac81b9737e44b748b5498d05cfe43cefb2f55d2,bsc,donate,Anka Relief: Turkey Donation,entity,eth-labels,https://github.com/dawsbot/eth-labels,medium,2026-07-17
0x1357ba1b8327f3c38dc7408b3cc0a9ce7c87e958,bsc,donate,RugDoc: Donate,entity,eth-labels,https://github.com/dawsbot/eth-labels,medium,2026-07-17
0x22450f585c1dc857c201e820b0e355a7d9d7793c,bsc,donate,DappStats: Donate,entity,eth-labels,https://github.com/dawsbot/eth-labels,medium,2026-07-17
0x48f846b938a71c6e79b45aafd77e505aa0599fdc,bsc,donate,Honeypot Detector: Donation,entity,eth-labels,https://github.com/dawsbot/eth-labels,medium,2026-07-17
0x71c7656ec7ab88b098defb751b7401b5f6d8976f,bsc,donate,BscScan: Donate,entity,eth-labels,https://github.com/dawsbot/eth-labels,medium,2026-07-17
0xa355ebaed6899e8a9021335de969d0c16c60b079,bsc,donate,KitaJaga: Donate,entity,eth-labels,https://github.com/dawsbot/eth-labels,medium,2026-07-17
0xa6e126a5ba7ae209a92b16fcf464e502f27fb658,bsc,donate,Bscgas: Donate,entity,eth-labels,https://github.com/dawsbot/eth-labels,medium,2026-07-17
0xd6671a43b773a3a7c4496087d69a37d4f4abb0ab,bsc,donate,NoFuture: Donate,entity,eth-labels,https://github.com/dawsbot/eth-labels,medium,2026-07-17
0x769942d8b20c3e5733e795b256ad5430d2983ec1,bsc,e-commerce,Purchasa: Ecosystem Marketing Locker,entity,eth-labels,https://github.com/dawsbot/eth-labels,medium,2026-07-17
0xbabc873cbfe56d72582f96150ebc91cd60b8d53b,bsc,e-commerce,The One Heart Platform: MRLY Token,entity,eth-labels,https://github.com/dawsbot/eth-labels,medium,2026-07-17
0xe4165a65cd78126dd3763eaaa3cfba25103e4c99,bsc,e-commerce,Purchasa: Liquidity Provisions Locker,entity,eth-labels,https://github.com/dawsbot/eth-labels,medium,2026-07-17
0xbc1ea41c3ff3c9d139cc9522c1f40d1fe10bf8d4,bsc,education,Shillings Token: SHILK Token,entity,eth-labels,https://github.com/dawsbot/eth-labels,medium,2026-07-17
0x1f68126e67030c9e1113f86deeb5a23695219a77,bsc,entertainment,Wealthy Habits: Team,entity,eth-labels,https://github.com/dawsbot/eth-labels,medium,2026-07-17
0x01c952174c24e1210d26961d456a77a39e1f0bb0,bsc,exchange,Binance Hot Wallet 10,entity,eth-labels,https://github.com/dawsbot/eth-labels,medium,2026-07-17
0x0211f3cedbef3143223d3acf0e589747933e8527,bsc,exchange,mexc.com 2,entity,eth-labels,https://github.com/dawsbot/eth-labels,medium,2026-07-17
0x1349907c197731c5ed98d8442309a15107cb6bad,bsc,exchange,MaskEX 1,entity,eth-labels,https://github.com/dawsbot/eth-labels,medium,2026-07-17
0x161ba15a5f335c9f06bb5bbb0a9ce14076fbb645,bsc,exchange,Binance: Hot Wallet 11,entity,eth-labels,https://github.com/dawsbot/eth-labels,medium,2026-07-17
0x17b692ae403a8ff3a3b2ed7676cf194310dde9af,bsc,exchange,Binance: Hot Wallet 3,entity,eth-labels,https://github.com/dawsbot/eth-labels,medium,2026-07-17
0x1fbe2acee135d991592f167ac371f3dd893a508b,bsc,exchange,Binance: Hot Wallet 19,entity,eth-labels,https://github.com/dawsbot/eth-labels,medium,2026-07-17
0x2161217d22fac0188775432f8ba32f1d4272dd19,bsc,exchange,MaskEX 2,entity,eth-labels,https://github.com/dawsbot/eth-labels,medium,2026-07-17
0x29bdfbf7d27462a2d115748ace2bd71a2646946c,bsc,exchange,Binance: Hot Wallet 17,entity,eth-labels,https://github.com/dawsbot/eth-labels,medium,2026-07-17
0x2e8f79ad740de90dc5f5a9f0d8d9661a60725e64,bsc,exchange,Mexc.com 3,entity,eth-labels,https://github.com/dawsbot/eth-labels,medium,2026-07-17
0x328130164d0f2b9d7a52edc73b3632e713ff0ec6,bsc,exchange,Bitmart: Wallet 2,entity,eth-labels,https://github.com/dawsbot/eth-labels,medium,2026-07-17
0x3c783c21a0383057d128bae431894a5c19f9cf06,bsc,exchange,Binance: Hot Wallet 8,entity,eth-labels,https://github.com/dawsbot/eth-labels,medium,2026-07-17
0x3dd878a95dcaef2800cd57bb065b5e8f2f438131,bsc,exchange,MaskEX 3,entity,eth-labels,https://github.com/dawsbot/eth-labels,medium,2026-07-17
0x46c75fc52e0263946f8f1a75a95c23a767d2f26e,bsc,exchange,MaskEX 4,entity,eth-labels,https://github.com/dawsbot/eth-labels,medium,2026-07-17
0x4727250679294802377dd6ca6541b8e459077c95,bsc,exchange,FixedFloat: Hot Wallet,entity,eth-labels,https://github.com/dawsbot/eth-labels,medium,2026-07-17
0x4982085c9e2f89f2ecb8131eca71afad896e89cb,bsc,exchange,mexc.com,entity,eth-labels,https://github.com/dawsbot/eth-labels,medium,2026-07-17
0x515b72ed8a97f42c568d6a143232775018f133c8,bsc,exchange,Binance: Hot Wallet 12,entity,eth-labels,https://github.com/dawsbot/eth-labels,medium,2026-07-17
0x540c428d67b6038c7e6199a02605cbb3b6626384,bsc,exchange,Azbit: Azbit 2,entity,eth-labels,https://github.com/dawsbot/eth-labels,medium,2026-07-17
0x631fc1ea2270e98fbd9d92658ece0f5a269aa161,bsc,exchange,Binance: Hot Wallet,entity,eth-labels,https://github.com/dawsbot/eth-labels,medium,2026-07-17
0x660e3bd3bcda11538fa331282666f1d001b87a42,bsc,exchange,CoinDCX 1,entity,eth-labels,https://github.com/dawsbot/eth-labels,medium,2026-07-17
0x6e2673095545280f6f10e22eb861a555c6e94bec,bsc,exchange,MaskEX 5,entity,eth-labels,https://github.com/dawsbot/eth-labels,medium,2026-07-17
0x72a53cdbbcc1b9efa39c834a540550e23463aacb,bsc,exchange,Crypto.com,entity,eth-labels,https://github.com/dawsbot/eth-labels,medium,2026-07-17
0x73f5ebe90f27b46ea12e5795d16c4b408b19cc6f,bsc,exchange,Binance: Hot Wallet 18,entity,eth-labels,https://github.com/dawsbot/eth-labels,medium,2026-07-17
0x73f7edc2c4e3dbb0728184e1ef565d3e05efbc05,bsc,exchange,BitKeep: NFT Exchange,entity,eth-labels,https://github.com/dawsbot/eth-labels,medium,2026-07-17
0x7a8a34db9acd10c3b6277473b192fe47192569ca,bsc,exchange,Binance: Hot Wallet 14,entity,eth-labels,https://github.com/dawsbot/eth-labels,medium,2026-07-17
0x84457412efe8b3a05583cb496e1d2c03e6f36155,bsc,exchange,MaskEX 6,entity,eth-labels,https://github.com/dawsbot/eth-labels,medium,2026-07-17
0x8458c828d602230e92eb0aac5a6aed5580011b6a,bsc,exchange,MaskEX 7,entity,eth-labels,https://github.com/dawsbot/eth-labels,medium,2026-07-17
0x8894e0a0c962cb723c1976a4421c95949be2d4e3,bsc,exchange,Binance: Hot Wallet 6,entity,eth-labels,https://github.com/dawsbot/eth-labels,medium,2026-07-17
0x8c128dba2cb66399341aa877315be1054be75da8,bsc,exchange,Bitmart: Wallet,entity,eth-labels,https://github.com/dawsbot/eth-labels,medium,2026-07-17
0x8c7efd5b04331efc618e8006f19019a3dc88973e,bsc,exchange,CoinDCX 2,entity,eth-labels,https://github.com/dawsbot/eth-labels,medium,2026-07-17
0x8ff804cc2143451f454779a40de386f913dcff20,bsc,exchange,Binance: Hot Wallet 4,entity,eth-labels,https://github.com/dawsbot/eth-labels,medium,2026-07-17
0xa180fe01b906a1be37be6c534a3300785b20d947,bsc,exchange,Binance: Hot Wallet 16,entity,eth-labels,https://github.com/dawsbot/eth-labels,medium,2026-07-17
0xa1813f73448a7392e6f069299c23120aeeab879a,bsc,exchange,CoinField,entity,eth-labels,https://github.com/dawsbot/eth-labels,medium,2026-07-17
0xa310b3eeca53b9c115af529faf92bb5ca4b41494,bsc,exchange,MaskEX 8,entity,eth-labels,https://github.com/dawsbot/eth-labels,medium,2026-07-17
0xa4e71851a8c8eaefeb20a994159f4a443e46059b,bsc,exchange,MaskEX 9,entity,eth-labels,https://github.com/dawsbot/eth-labels,medium,2026-07-17
0xad9ffffd4573b642959d3b854027735579555cbc,bsc,exchange,Binance: Hot Wallet 5,entity,eth-labels,https://github.com/dawsbot/eth-labels,medium,2026-07-17
0xb1256d6b31e4ae87da1d56e5890c66be7f1c038e,bsc,exchange,Binance: Hot Wallet 2,entity,eth-labels,https://github.com/dawsbot/eth-labels,medium,2026-07-17
0xbd612a3f30dca67bf60a39fd0d35e39b7ab80774,bsc,exchange,Binance: Hot Wallet 13,entity,eth-labels,https://github.com/dawsbot/eth-labels,medium,2026-07-17
0xc6acb77befebff0359cc581973859eee8cbaeda1,bsc,exchange,MaskEX 10,entity,eth-labels,https://github.com/dawsbot/eth-labels,medium,2026-07-17
0xc92afb747c0d6c54cfa414c4435360fd8427b635,bsc,exchange,BitDiamond: IndoEx Exchange,entity,eth-labels,https://github.com/dawsbot/eth-labels,medium,2026-07-17
0xd666ad8d95903bce9b4dcd2cacde5145e36405c2,bsc,exchange,MaskEX 11,entity,eth-labels,https://github.com/dawsbot/eth-labels,medium,2026-07-17
0xd7aed730a7c4cf8dfe313b16712af3406f6dca5b,bsc,exchange,MaskEX 12,entity,eth-labels,https://github.com/dawsbot/eth-labels,medium,2026-07-17
0xdccf3b77da55107280bd850ea519df3705d1a75a,bsc,exchange,Binance: Hot Wallet 9,entity,eth-labels,https://github.com/dawsbot/eth-labels,medium,2026-07-17
0xe2fc31f816a9b94326492132018c3aecc4a93ae1,bsc,exchange,Binance: Hot Wallet 7,entity,eth-labels,https://github.com/dawsbot/eth-labels,medium,2026-07-17
0xeb2d2f1b8c558a40207669291fda468e50c8a0bb,bsc,exchange,Binance: Hot Wallet 10,entity,eth-labels,https://github.com/dawsbot/eth-labels,medium,2026-07-17
0xefdca55e4bce6c1d535cb2d0687b5567eef2ae83,bsc,exchange,Huobi 1,entity,eth-labels,https://github.com/dawsbot/eth-labels,medium,2026-07-17
0xf379fcd9c996d85de025985ba9b1c9c96daa4a72,bsc,exchange,CoinDCX 3,entity,eth-labels,https://github.com/dawsbot/eth-labels,medium,2026-07-17
0xf977814e90da44bfa03b6295a0616a897441acec,bsc,exchange,Binance: Hot Wallet 20,entity,eth-labels,https://github.com/dawsbot/eth-labels,medium,2026-07-17
0x4eeb7a903cc5e16f5cf99e3eb2de94a51794fae9,bsc,factory-contract,null,entity,eth-labels,https://github.com/dawsbot/eth-labels,medium,2026-07-17
0xde1c04855c2828431ba637675b6929a684f84c7f,bsc,factory-contract,LlamaPay: Factory,entity,eth-labels,https://github.com/dawsbot/eth-labels,medium,2026-07-17
0x2d33a6a281d97d60602b0d8d01bd6349001600ec,bsc,finance,Twizzler:Rewards,entity,eth-labels,https://github.com/dawsbot/eth-labels,medium,2026-07-17
0x2e7242798ce2c32f4a83a6f7e8a92dbd047694c4,bsc,finance,Twizzler:Operational cost,entity,eth-labels,https://github.com/dawsbot/eth-labels,medium,2026-07-17
0x854549cfb5277ab9f9b141350b7336051d20cec1,bsc,finance,Twizzler:Distribution,entity,eth-labels,https://github.com/dawsbot/eth-labels,medium,2026-07-17
0x907eb72beb08c037ab032c64e2571488a210067e,bsc,finance,Leprechaun: LEP Token,entity,eth-labels,https://github.com/dawsbot/eth-labels,medium,2026-07-17
0xdd970c90e20bbd9e6611b45a54b29773096c2736,bsc,finance,Twizzler:Marketing,entity,eth-labels,https://github.com/dawsbot/eth-labels,medium,2026-07-17
0x05f5963ea37a72905bb206d034c0526797248f9e,bsc,fitness,Sixpack: SMF HardCore 1,entity,eth-labels,https://github.com/dawsbot/eth-labels,medium,2026-07-17
0x5c12e4a412e7a6951a9155cace58667586853719,bsc,fitness,Sixpack: SMF HardCore 3,entity,eth-labels,https://github.com/dawsbot/eth-labels,medium,2026-07-17
0x6e95aaa70fbc75ff183e77ae529e8314646ddff9,bsc,fitness,Sixpack: SMF HardCore 2,entity,eth-labels,https://github.com/dawsbot/eth-labels,medium,2026-07-17
0x7cf7116d5cf2de35fb16bd828b64507c8427fe9c,bsc,fitness,Sixpack: SMF HardCore 4,entity,eth-labels,https://github.com/dawsbot/eth-labels,medium,2026-07-17
0x9629451c535974f5230d2e4fd31a9de2b2f2e79c,bsc,fitness,Sixpack: SMF HardCore 6,entity,eth-labels,https://github.com/dawsbot/eth-labels,medium,2026-07-17
0xc6e659c1a78264a396ed75b461b7b24fba80103d,bsc,fitness,Sixpack: SMF HardCore 5,entity,eth-labels,https://github.com/dawsbot/eth-labels,medium,2026-07-17
0x0caec2f615ca18045488ba1dae43a289008b5a7d,bsc,gambling,SmartGamble: VRF Consumer,entity,eth-labels,https://github.com/dawsbot/eth-labels,medium,2026-07-17
0x1a4af1578f20c7f2b12ebfd738b501aafe3cbab5,bsc,gambling,SmartGamble: Roulette,entity,eth-labels,https://github.com/dawsbot/eth-labels,medium,2026-07-17
0x7a7f78a2af5aef01a889e8713083ab77dcc9fc9b,bsc,gambling,wolf.bet,entity,eth-labels,https://github.com/dawsbot/eth-labels,medium,2026-07-17
0x4e9e93de65f5daf77ce2a43cc338d3c357675027,bsc,gaming,The Game DAO: Daily Draws,entity,eth-labels,https://github.com/dawsbot/eth-labels,medium,2026-07-17
0xfbb465c31e334dd1a3cf03c0fe151b683805eb12,bsc,gaming,Kawaii Islands: Ecosystem,entity,eth-labels,https://github.com/dawsbot/eth-labels,medium,2026-07-17
0xfe657a3b05eabb062c9df2d34f1bb2001425730d,bsc,gaming,P12 Arcana: Reward Distributor,entity,eth-labels,https://github.com/dawsbot/eth-labels,medium,2026-07-17
0x222412af183bceadefd72e4cb1b71f1889953b1c,bsc,harvest-finance,Harvest finance: BSC Controller,entity,eth-labels,https://github.com/dawsbot/eth-labels,medium,2026-07-17
0xf00dd244228f51547f0563e60bca65a30fbf5f7f,bsc,harvest-finance,Harvest finance: BSC Deployer,entity,eth-labels,https://github.com/dawsbot/eth-labels,medium,2026-07-17
0xf71042c88458ff1702c3870f62f4c764712cc9f0,bsc,harvest-finance,Harvest finance: BSC Notify Helper,entity,eth-labels,https://github.com/dawsbot/eth-labels,medium,2026-07-17
0x03ccb56ffc86ef711545f44303ceeb44f7dfd1ed,bsc,heist,Fake_Phishing139,entity,eth-labels,https://github.com/dawsbot/eth-labels,medium,2026-07-17
0x0acc0e5faa09cb1976237c3a9af3d3d4b2f35fa5,bsc,heist,bZx PrivKey Exploiter 2,entity,eth-labels,https://github.com/dawsbot/eth-labels,medium,2026-07-17
0x0d6e286a7cfd25e0c01fee9756765d8033b32c71,bsc,heist,PolyNetwork Exploiter,entity,eth-labels,https://github.com/dawsbot/eth-labels,medium,2026-07-17
0x0e61b4aec4d8fe53fb2de64e268bf20b5e6b0e07,bsc,heist,Jumpn: JUT Token,entity,eth-labels,https://github.com/dawsbot/eth-labels,medium,2026-07-17
0x1514aaa4dcf56c4aa90da6a4ed19118e6800dc46,bsc,heist,XSURGE Hack,entity,eth-labels,https://github.com/dawsbot/eth-labels,medium,2026-07-17
0x158c244b62058330f2c328c720b072d8db2c612f,bsc,heist,Bunny Finance Exploiter 2,entity,eth-labels,https://github.com/dawsbot/eth-labels,medium,2026-07-17
0x1f5eabba9c56bca4a7828969b79bc87051125b31,bsc,heist,SQUID Token Rug 1,entity,eth-labels,https://github.com/dawsbot/eth-labels,medium,2026-07-17
0x21bcb4fa299e13c4fa97b2271099f35a1499e74c,bsc,heist,QubitFin Exploiter 2,entity,eth-labels,https://github.com/dawsbot/eth-labels,medium,2026-07-17
0x25fb126b6c6b5c8ef732b86822fa0f0024e16c61,bsc,heist,Bitmart Hacker,entity,eth-labels,https://github.com/dawsbot/eth-labels,medium,2026-07-17
0x281b22df27120cea176a9cb311169daa690af801,bsc,heist,null,entity,eth-labels,https://github.com/dawsbot/eth-labels,medium,2026-07-17
0x2c6900b24221de2b4a45c8c89482fff96ffb7e55,bsc,heist,AscendEX Hacker,entity,eth-labels,https://github.com/dawsbot/eth-labels,medium,2026-07-17
0x330bf950ab2fb1f8ed039a50b1a92478714a6c7c,bsc,heist,Maze Protocol Hacker 1,entity,eth-labels,https://github.com/dawsbot/eth-labels,medium,2026-07-17
0x34400280a169f4685193926a513618cf7fe7f0aa,bsc,heist,SQUID Token Rug 2,entity,eth-labels,https://github.com/dawsbot/eth-labels,medium,2026-07-17
0x3551fd337471a8c6374d2f9c97519ca94ba1d59a,bsc,heist,Maze Protocol Hacker 4,entity,eth-labels,https://github.com/dawsbot/eth-labels,medium,2026-07-17
0x3b6e77722e2bbe97c1cfa337b42c0939aeb83671,bsc,heist,Spartan Protocol Hacker,entity,eth-labels,https://github.com/dawsbot/eth-labels,medium,2026-07-17
0x430ad7e178d3e00145f35c041c7f486d7e8a4c7e,bsc,heist,Pinecone Finance Exploiter 2,entity,eth-labels,https://github.com/dawsbot/eth-labels,medium,2026-07-17
0x4464e91002c63a623a8a218bd5dd1f041b61ec04,bsc,heist,Stake.com Hacker,entity,eth-labels,https://github.com/dawsbot/eth-labels,medium,2026-07-17
0x4714a26e4e2e1334c80575332ec9eb043b61a2c4,bsc,heist,Arbix Finance Rug Pull,entity,eth-labels,https://github.com/dawsbot/eth-labels,medium,2026-07-17
0x472a2c88c1a5f794eb80706e587d4a120d9be255,bsc,heist,Pinecone Finance Exploiter 1,entity,eth-labels,https://github.com/dawsbot/eth-labels,medium,2026-07-17
0x49809e2a256893ae4c136bc7e44ee6a60bba1c95,bsc,heist,Fake_Phishing144,entity,eth-labels,https://github.com/dawsbot/eth-labels,medium,2026-07-17
0x4f5bc3866858bf892118ac675e015286c37bbefd,bsc,heist,Maze Protocol Hacker 2,entity,eth-labels,https://github.com/dawsbot/eth-labels,medium,2026-07-17
0x52c52cee08090fe635872c2b67badbe041fa58e2,bsc,heist,Maze Protocol Exploit 2,entity,eth-labels,https://github.com/dawsbot/eth-labels,medium,2026-07-17
0x59a82e36c401f4f6f29fe83833d778af38a398a1,bsc,heist,null,entity,eth-labels,https://github.com/dawsbot/eth-labels,medium,2026-07-17
0x59abf3837fa962d6853b4cc0a19513aa031fd32b,bsc,heist,FTX Accounts Drainer,entity,eth-labels,https://github.com/dawsbot/eth-labels,medium,2026-07-17
0x59c686272e6f11dc8701a162f938fb085d940ad3,bsc,heist,XSURGE Exploiter 1,entity,eth-labels,https://github.com/dawsbot/eth-labels,medium,2026-07-17
0x6551fb9be444987f7482012cbf7ea95a1ee8dd0e,bsc,heist,bZx PrivKey Exploiter 4,entity,eth-labels,https://github.com/dawsbot/eth-labels,medium,2026-07-17
0x6666666c0765744193f48255717f05a0105d2401,bsc,heist,Maze Protocol Hacker 6,entity,eth-labels,https://github.com/dawsbot/eth-labels,medium,2026-07-17
0x68926c8595b211bd8effd9ffee7355426cdd4ce8,bsc,heist,Eco DeFi Hacker,entity,eth-labels,https://github.com/dawsbot/eth-labels,medium,2026-07-17
0x731821d13414487ea46f1b485cfb267019917689,bsc,heist,Pancake Hunny Exploiter,entity,eth-labels,https://github.com/dawsbot/eth-labels,medium,2026-07-17
0x74487eed1e67f4787e8c0570e8d5d168a05254d4,bsc,heist,bZx PrivKey Exploiter,entity,eth-labels,https://github.com/dawsbot/eth-labels,medium,2026-07-17
0x750d4c24e414ce51483df6fc143c1dfb3b2e769d,bsc,heist,CryptoBay Rug Pull,entity,eth-labels,https://github.com/dawsbot/eth-labels,medium,2026-07-17
0x79391843a5eff373a20e9f93096b41ff38f38013,bsc,heist,Maze Protocol Hacker 5,entity,eth-labels,https://github.com/dawsbot/eth-labels,medium,2026-07-17
0x7e09ead1161d710a0f205d8d3564873f5f78c0b0,bsc,heist,Elona Rugpull 2,entity,eth-labels,https://github.com/dawsbot/eth-labels,medium,2026-07-17
0x7f5602b976c4892f1530339f85f139008fbcb771,bsc,heist,Super Fox Rug Pull,entity,eth-labels,https://github.com/dawsbot/eth-labels,medium,2026-07-17
0x87230146e138d3f296a9a77e497a2a83012e9bc5,bsc,heist,null,entity,eth-labels,https://github.com/dawsbot/eth-labels,medium,2026-07-17
0x886358f9296de461d12e791bc9ef6f5a03410c64,bsc,heist,Wault Finance Hacker,entity,eth-labels,https://github.com/dawsbot/eth-labels,medium,2026-07-17
0x8e0d334a77614a7ce089c9246e9b1d7c7172ef02,bsc,heist,Impossible Finance Exploiter,entity,eth-labels,https://github.com/dawsbot/eth-labels,medium,2026-07-17
0x967bb571f0fc9ee79c892abf9f99233aa1737e31,bsc,heist,bZx PrivKey Exploiter 3,entity,eth-labels,https://github.com/dawsbot/eth-labels,medium,2026-07-17
0xa0acc61547f6bd066f7c9663c17a312b6ad7e187,bsc,heist,Bunny Finance Exploiter 1,entity,eth-labels,https://github.com/dawsbot/eth-labels,medium,2026-07-17
0xa73505453f58e367c80f16685079dad6f4ea6b18,bsc,heist,UnderMineGold: UMG Token,entity,eth-labels,https://github.com/dawsbot/eth-labels,medium,2026-07-17
0xa7573991d44e7128e2831daa5e9722678ff020ca,bsc,heist,JAC: JAC Token,entity,eth-labels,https://github.com/dawsbot/eth-labels,medium,2026-07-17
0xad9217e427ed9df8a89e582601a8614fd4f74563,bsc,heist,Titano PLAY Exploiter,entity,eth-labels,https://github.com/dawsbot/eth-labels,medium,2026-07-17
0xafad9352eb6bcd085dd68268d353d0ed2571af89,bsc,heist,bZx PrivKey Exploiter 5,entity,eth-labels,https://github.com/dawsbot/eth-labels,medium,2026-07-17
0xb4e502bee63fb4394e682ef53150d4733dc62aa8,bsc,heist,Fake_Phishing143,entity,eth-labels,https://github.com/dawsbot/eth-labels,medium,2026-07-17
0xb7e3d0fe8349c980a7a93e8378ec6d728970bd52,bsc,heist,FTX Accounts Drainer 2,entity,eth-labels,https://github.com/dawsbot/eth-labels,medium,2026-07-17
0xb89e9365cb5bacfcf4a4b0386dfad45c3b4d3258,bsc,heist,StableMagnet Swap,entity,eth-labels,https://github.com/dawsbot/eth-labels,medium,2026-07-17
0xbaedee3beecb43ae66dcfda03600191f6f08ed0b,bsc,heist,Fake_Phishing138,entity,eth-labels,https://github.com/dawsbot/eth-labels,medium,2026-07-17
0xbc58b718b886cf62bf7000980fce96b2603e0950,bsc,heist,JET: JET Token,entity,eth-labels,https://github.com/dawsbot/eth-labels,medium,2026-07-17
0xbff2d5d4e5a4a7b1859ac5edb010fdafe4ea92a8,bsc,heist,Elona Rugpull,entity,eth-labels,https://github.com/dawsbot/eth-labels,medium,2026-07-17
0xc43b1f4e7e47be5d5663c3b26e4fb3fe7e217f90,bsc,heist,IDO Rug Pull,entity,eth-labels,https://github.com/dawsbot/eth-labels,medium,2026-07-17
0xcba47af0547d12fb6b59c105835fab6b2fbc22ed,bsc,heist,MetaSwap Exploiter,entity,eth-labels,https://github.com/dawsbot/eth-labels,medium,2026-07-17
0xd01ae1a708614948b2b5e0b7ab5be6afa01325c7,bsc,heist,QubitFin Exploiter,entity,eth-labels,https://github.com/dawsbot/eth-labels,medium,2026-07-17
0xdaf38d906a94a20b07aef895a2cde34877f9da7f,bsc,heist,Maze Protocol Hacker 3,entity,eth-labels,https://github.com/dawsbot/eth-labels,medium,2026-07-17
0xe0e02e88adb4d4eaa5cb2952842cd3c76571831a,bsc,heist,GoldMine Rugger,entity,eth-labels,https://github.com/dawsbot/eth-labels,medium,2026-07-17
0xe4ecb6c45bc8fda0472f57a981ba9682fee191cb,bsc,heist,Maze Protocol Exploit,entity,eth-labels,https://github.com/dawsbot/eth-labels,medium,2026-07-17
0xee6cacddd3a9370d87db581ee6728226883578e5,bsc,heist,Jumpn: JST Token,entity,eth-labels,https://github.com/dawsbot/eth-labels,medium,2026-07-17
0xf3a465c9fa6663ff50794c698f600faa4b05c777,bsc,heist,Ankr Exploiter,entity,eth-labels,https://github.com/dawsbot/eth-labels,medium,2026-07-17
0xfc6682db7e9f57882e8b18ebc9adc7a19f770494,bsc,heist,Pinecone Finance Exploiter 3,entity,eth-labels,https://github.com/dawsbot/eth-labels,medium,2026-07-17
0x986a2fca9eda0e06fbf7839b89bfc006ee2a23dd,bsc,hot-wallet,AscendEX Hot Wallet,entity,eth-labels,https://github.com/dawsbot/eth-labels,medium,2026-07-17
0x39aa02d6b499a76a70fab5f164e8be587c366141,bsc,hotbit,Hotbit,entity,eth-labels,https://github.com/dawsbot/eth-labels,medium,2026-07-17
0xc7029e939075f48fa2d5953381660c7d01570171,bsc,hotbit,Hotbit 2,entity,eth-labels,https://github.com/dawsbot/eth-labels,medium,2026-07-17
0x3bc677674df90a9e5d741f28f6ca303357d0e4ec,bsc,hyperjump,HyperJump: HyperSwap Router,entity,eth-labels,https://github.com/dawsbot/eth-labels,medium,2026-07-17
0x048e9b1ddf9ebbb224812372280e94ccac443f9e,bsc,jarvis-network,Jarvis Network: jGBP Token,entity,eth-labels,https://github.com/dawsbot/eth-labels,medium,2026-07-17
0x23b8683ff98f9e4781552dfe6f12aa32814924e8,bsc,jarvis-network,Jarvis Network: jEUR Token,entity,eth-labels,https://github.com/dawsbot/eth-labels,medium,2026-07-17
0x316622977073bbc3df32e7d2a9b3c77596a0a603,bsc,jarvis-network,Jarvis Network: jBRL Token,entity,eth-labels,https://github.com/dawsbot/eth-labels,medium,2026-07-17
0x414f9e74ba3a9d0acce65182809492f41ac671e0,bsc,jarvis-network,Jarvis Network: JRT Token,entity,eth-labels,https://github.com/dawsbot/eth-labels,medium,2026-07-17
0x47b19af93d0bc33805269af02b5ca953aa145127,bsc,jarvis-network,Jarvis Network: jMXN Token,entity,eth-labels,https://github.com/dawsbot/eth-labels,medium,2026-07-17
0x6b8b9ae0627a7622c593a1696859ca753c61a670,bsc,jarvis-network,Jarvis Network: jZAR Token,entity,eth-labels,https://github.com/dawsbot/eth-labels,medium,2026-07-17
0x7c869b5a294b1314e985283d01c702b62224a05f,bsc,jarvis-network,Jarvis Network: jCHF Token,entity,eth-labels,https://github.com/dawsbot/eth-labels,medium,2026-07-17
0x049beffdb026d6d1d64cfc8fe29bd12142967b09,bsc,kyberswap,KyberSwap: Elastic Pool Oracle,entity,eth-labels,https://github.com/dawsbot/eth-labels,medium,2026-07-17
0x0d125c15d54ca1f8a813c74a81aee34ebb508c1f,bsc,kyberswap,KyberSwap: Elastic Legacy Quoter V2,entity,eth-labels,https://github.com/dawsbot/eth-labels,medium,2026-07-17
0x165c68077ac06c83800d19200e6e2b08d02de75d,bsc,kyberswap,KyberSwap: Elastic Legacy Ticks Fees Reader,entity,eth-labels,https://github.com/dawsbot/eth-labels,medium,2026-07-17
0x1c758af0688502e49140230f6b0ebd376d429be5,bsc,kyberswap,KyberSwap: KSFactory,entity,eth-labels,https://github.com/dawsbot/eth-labels,medium,2026-07-17
0x2abe8750e4a65584d7452316356128c936273e0d,bsc,kyberswap,KyberSwap: ZapIn V2,entity,eth-labels,https://github.com/dawsbot/eth-labels,medium,2026-07-17
0x2b1c7b41f6a8f2b2bc45c3233a5d5fb3cd6dc9a8,bsc,kyberswap,KyberSwap: Elastic Legacy Position Manager,entity,eth-labels,https://github.com/dawsbot/eth-labels,medium,2026-07-17
0x2d49f16c9ad4f1145bb27c9af71474f468a697c8,bsc,kyberswap,Kyber LP: WBNB-HERO,entity,eth-labels,https://github.com/dawsbot/eth-labels,medium,2026-07-17
0x31de05f28568e3d3d612bfa6a78b356676367470,bsc,kyberswap,Kyber Swap: Fair Launch 0,entity,eth-labels,https://github.com/dawsbot/eth-labels,medium,2026-07-17
0x3474b537da4358a08f916b1587dccdd9585376a4,bsc,kyberswap,KyberSwap: Fair Launch 2,entity,eth-labels,https://github.com/dawsbot/eth-labels,medium,2026-07-17
0x35be3f4fd8239a35a7f120756d4d69e5c5e10870,bsc,kyberswap,KyberSwap: ElasticLM Helper,entity,eth-labels,https://github.com/dawsbot/eth-labels,medium,2026-07-17
0x3d88bda6ed7da31e15e86a41ca015ea50771448e,bsc,kyberswap,Kyber Swap: Fair Launch 4,entity,eth-labels,https://github.com/dawsbot/eth-labels,medium,2026-07-17
0x4d47fd5a29904dae0ef51b1c450c9750f15d7856,bsc,kyberswap,KyberSwap: Elastic Quoter V2,entity,eth-labels,https://github.com/dawsbot/eth-labels,medium,2026-07-17
0x5649b4dd00780e99bab7abb4a3d581ea1aeb23d0,bsc,kyberswap,KyberSwap: KSRouter,entity,eth-labels,https://github.com/dawsbot/eth-labels,medium,2026-07-17
0x58f1d0f9bff9d695010c92fb93d100cef5113f3e,bsc,kyberswap,KyberSwap: Elastic Position Desc Proxy,entity,eth-labels,https://github.com/dawsbot/eth-labels,medium,2026-07-17
0x5f1dddbf348ac2fbe22a163e30f99f9ece3dd50a,bsc,kyberswap,yberSwap: Elastic Legacy Factory,entity,eth-labels,https://github.com/dawsbot/eth-labels,medium,2026-07-17
0x6170b6d96167346896169b35e1e9585feab873bb,bsc,kyberswap,Kyber LP: WBNB-KNC,entity,eth-labels,https://github.com/dawsbot/eth-labels,medium,2026-07-17
0x617dee16b86534a5d792a4d7a62fb491b544111e,bsc,kyberswap,KyberSwap: Meta Aggregation Router,entity,eth-labels,https://github.com/dawsbot/eth-labels,medium,2026-07-17
0x6a4c79289fb5b7a7ddb71f7eff6a2cbe59be5e60,bsc,kyberswap,KyberSwap: Reward Distributor,entity,eth-labels,https://github.com/dawsbot/eth-labels,medium,2026-07-17
0x78df70615ffc8066cc0887917f2cd72092c86409,bsc,kyberswap,Kyber Swap: Router,entity,eth-labels,https://github.com/dawsbot/eth-labels,medium,2026-07-17
0x7d5ba536ab244aaa1ea42ab88428847f25e3e676,bsc,kyberswap,KyberSwap: ElasticLMv1,entity,eth-labels,https://github.com/dawsbot/eth-labels,medium,2026-07-17
0x8180a5ca4e3b94045e05a9313777955f7518d757,bsc,kyberswap,KyberSwap: Deployer,entity,eth-labels,https://github.com/dawsbot/eth-labels,medium,2026-07-17
0x829c27fd3013b944cbe76e92c3d6c45767c0c789,bsc,kyberswap,Kyber Swap: Fair Launch 3,entity,eth-labels,https://github.com/dawsbot/eth-labels,medium,2026-07-17
0x83d4908c1b4f9ca423bee264163bc1d50f251c31,bsc,kyberswap,Kyber Swap: ZapIn,entity,eth-labels,https://github.com/dawsbot/eth-labels,medium,2026-07-17
0x878dfe971d44e9122048308301f540910bbd934c,bsc,kyberswap,Kyber Swap: Factory,entity,eth-labels,https://github.com/dawsbot/eth-labels,medium,2026-07-17
0x8fd8cb948965d9305999d767a02bf79833eadbb3,bsc,kyberswap,KyberSwap: Elastic Ticks Fees Reader,entity,eth-labels,https://github.com/dawsbot/eth-labels,medium,2026-07-17
0x97dbaf4ad688aed04817121301a005b710e6067a,bsc,kyberswap,Kyber LP: WBNB-CTR,entity,eth-labels,https://github.com/dawsbot/eth-labels,medium,2026-07-17
0x98565fcad2080c5c19c3136fa367ce371cd40bd6,bsc,kyberswap,KyberSwap: Elastic Position Desc,entity,eth-labels,https://github.com/dawsbot/eth-labels,medium,2026-07-17
0xa23b26fb74b1d11bf1112bc46607d6ffc6e6557a,bsc,kyberswap,KyberDMM LP: USDC-UND,entity,eth-labels,https://github.com/dawsbot/eth-labels,medium,2026-07-17
0xaa96267806d5be3941bf9d8e4efc3dc8eb2bda0f,bsc,kyberswap,KyberSwap: Operations,entity,eth-labels,https://github.com/dawsbot/eth-labels,medium,2026-07-17
0xc1e7dfe73e1598e3910ef4c7845b68a9ab6f4c83,bsc,kyberswap,KyberSwap: Elastic Legacy Router,entity,eth-labels,https://github.com/dawsbot/eth-labels,medium,2026-07-17
0xc3dac2049616326e7d596ce52062789d96373b55,bsc,kyberswap,Kyber LP: USDT-BUSD,entity,eth-labels,https://github.com/dawsbot/eth-labels,medium,2026-07-17
0xc49b3b43565b76e5ba7a98613263e7bfdef1140c,bsc,kyberswap,Kyber Swap: Fair Launch 2,entity,eth-labels,https://github.com/dawsbot/eth-labels,medium,2026-07-17
0xc7a590291e07b9fe9e64b86c58fd8fc764308c4a,bsc,kyberswap,KyberSwap: Elastic Factory,entity,eth-labels,https://github.com/dawsbot/eth-labels,medium,2026-07-17
0xcab2fa2eeab7065b45cbcf6e3936dde2506b4f6c,bsc,kyberswap,KyberSwap: Double Signatures Limit Order,entity,eth-labels,https://github.com/dawsbot/eth-labels,medium,2026-07-17
0xccac8dfb75120140a5469282a13e9a60b1751276,bsc,kyberswap,Kyber Swap: Fair Launch 1,entity,eth-labels,https://github.com/dawsbot/eth-labels,medium,2026-07-17
0xd26fa4d47ab61c03259f0cbc9054890df5c3b7ad,bsc,kyberswap,KyberLP: ETH-WBNB,entity,eth-labels,https://github.com/dawsbot/eth-labels,medium,2026-07-17
0xd8ac7f696ae99cd7b689726cf03c5711dd8dcdb4,bsc,kyberswap,KyberSwap: Elastic Pool Oracle Proxy,entity,eth-labels,https://github.com/dawsbot/eth-labels,medium,2026-07-17
0xd93f7a2cbf4912158d6ccda585c9d234a0d70652,bsc,kyberswap,Kyberswap: Reward Locker,entity,eth-labels,https://github.com/dawsbot/eth-labels,medium,2026-07-17
0xda474537ce9b687b78b236452a05631f09b6eb6a,bsc,kyberswap,KyberSwap: Elastic Legacy Position Desc,entity,eth-labels,https://github.com/dawsbot/eth-labels,medium,2026-07-17
0xe222fbe074a436145b255442d919e4e3a6c6a480,bsc,kyberswap,KyberSwap: Elastic Anti-Snipping Position Manager,entity,eth-labels,https://github.com/dawsbot/eth-labels,medium,2026-07-17
0xe44ec65521b85612fa7bc45d842645fb4b690e4b,bsc,kyberswap,KyberSwap: Elastic Static Farm,entity,eth-labels,https://github.com/dawsbot/eth-labels,medium,2026-07-17
0xec303ce1edbebf7e71fc7b350341bb6a6a7a6381,bsc,kyberswap,Kyber LP: USDT-WBNB,entity,eth-labels,https://github.com/dawsbot/eth-labels,medium,2026-07-17
0xf81e106c5b44ba9a993fc1f456a4c8e54c47cf34,bsc,kyberswap,Kyber LP: USDT-FIWA,entity,eth-labels,https://github.com/dawsbot/eth-labels,medium,2026-07-17
0xf8e61e301a44df4e2dbaba570d2cb09039289b31,bsc,kyberswap,Kyber LP : EBA-BUSD,entity,eth-labels,https://github.com/dawsbot/eth-labels,medium,2026-07-17
0xf9c2b5746c946ef883ab2660bbbb1f10a5bdeab4,bsc,kyberswap,KyberSwap: Elastic Router,entity,eth-labels,https://github.com/dawsbot/eth-labels,medium,2026-07-17
0xfab5186a194588f5ad5074bd52659302906b4522,bsc,kyberswap,Kyber Swap: Reward Locker,entity,eth-labels,https://github.com/dawsbot/eth-labels,medium,2026-07-17
0xfe56d5892bdffc7bf58f2e84be1b2c32d21c308b,bsc,kyberswap,Kyber Network: KNC Token,entity,eth-labels,https://github.com/dawsbot/eth-labels,medium,2026-07-17
0xd7986c5473270fa256a38464c22fd2ff5dce9f52,bsc,launchpad,Dynasty X: Offerings,entity,eth-labels,https://github.com/dawsbot/eth-labels,medium,2026-07-17
0x0fa7f485271373a2e4fa484aec26df1b3f6be70e,bsc,liquidity,In Meta Travel: Liquidity Reserve 3,entity,eth-labels,https://github.com/dawsbot/eth-labels,medium,2026-07-17
0x1fbf4b6b7b67dde55bba371300e153b1142b155c,bsc,liquidity,In Meta Travel: Liquidity Reserve 5,entity,eth-labels,https://github.com/dawsbot/eth-labels,medium,2026-07-17
0xab864e2ba644b21a8f6fde498304f5e25903abc6,bsc,marketing,Social Halis: SocialHalis,entity,eth-labels,https://github.com/dawsbot/eth-labels,medium,2026-07-17
0x7dae51bd3e3376b8c7c4900e9107f12be3af1ba8,bsc,mdex,Mdex: Router,entity,eth-labels,https://github.com/dawsbot/eth-labels,medium,2026-07-17
0x399caa4fc5b4d18f7d23a8e4bea4c49a47e881d1,bsc,metaverse,METAVERSE FINANCE: MEFI Token,entity,eth-labels,https://github.com/dawsbot/eth-labels,medium,2026-07-17
0x76e13d75928a277f014bdd3c274d7660dfb8b6fa,bsc,metaverse,State1 Metaverse: Old GBK Token,entity,eth-labels,https://github.com/dawsbot/eth-labels,medium,2026-07-17
0x4f9bebe3adc3c7f647c0023c60f91ac9dffa52d5,bsc,mining,Crazy Pool,entity,eth-labels,https://github.com/dawsbot/eth-labels,medium,2026-07-17
0xe252fcb1aa2e0876e9b5f3ed1e15b9b4d11a0b00,bsc,mining,Crystal Stones: CRYSTAL STONES Token,entity,eth-labels,https://github.com/dawsbot/eth-labels,medium,2026-07-17
0x021750e46a47b2a02f4f860c93dcc774b1aba1d5,bsc,multichain,Anyswap: CHART Token,entity,eth-labels,https://github.com/dawsbot/eth-labels,medium,2026-07-17
0x04068da6c83afcfa0e13ba15a6696662335d5b75,bsc,multichain,Anyswap: STAKE Token,entity,eth-labels,https://github.com/dawsbot/eth-labels,medium,2026-07-17
0x08f6fe8f4dc577cf81e40e03e561d29b8b33e19b,bsc,multichain,Anyswap: DIGG Token,entity,eth-labels,https://github.com/dawsbot/eth-labels,medium,2026-07-17
0x0aaef3db5d2847b231468658001c278ee892b7e8,bsc,multichain,Anyswap: BAB Token,entity,eth-labels,https://github.com/dawsbot/eth-labels,medium,2026-07-17
0x1282911d3600b202698997f61f46379db3b9f01e,bsc,multichain,Multichain: anyDAI Token,entity,eth-labels,https://github.com/dawsbot/eth-labels,medium,2026-07-17
0x13b432914a996b0a48695df9b2d701eda45ff264,bsc,multichain,Anyswap: Deployer 4,entity,eth-labels,https://github.com/dawsbot/eth-labels,medium,2026-07-17
0x148e03bee63200414aa68d52b1fed6c9b4defa2a,bsc,multichain,Anyswap: TRYb Token,entity,eth-labels,https://github.com/dawsbot/eth-labels,medium,2026-07-17
0x18ac7323615f1fabf332ff4afca735eaf6dd9668,bsc,multichain,Anyswap: SOAR Token,entity,eth-labels,https://github.com/dawsbot/eth-labels,medium,2026-07-17
0x1a6990fcce4fe96be417d48f60b7ea5cc329de80,bsc,multichain,Anyswap: NIF Token,entity,eth-labels,https://github.com/dawsbot/eth-labels,medium,2026-07-17
0x1dc56f2705ff2983f31fb5964cc3e19749a7cba7,bsc,multichain,Anyswap: AnyDAI Token,entity,eth-labels,https://github.com/dawsbot/eth-labels,medium,2026-07-17
0x1f63670f1fac519ec57fca17b986871d6cf7b52f,bsc,multichain,Statera: STA Token,entity,eth-labels,https://github.com/dawsbot/eth-labels,medium,2026-07-17
0x1f7216fdb338247512ec99715587bb97bbf96eae,bsc,multichain,Anyswap: bBadger Token,entity,eth-labels,https://github.com/dawsbot/eth-labels,medium,2026-07-17
0x1fe5b870bca201db77bc0a8573fdebc35ee7a114,bsc,multichain,Anyswap: DEC Token,entity,eth-labels,https://github.com/dawsbot/eth-labels,medium,2026-07-17
0x232d9a35f3e0bfa1b34901cba525fe916d2af6d5,bsc,multichain,Anyswap: anyHT Token,entity,eth-labels,https://github.com/dawsbot/eth-labels,medium,2026-07-17
0x2442afe6cf6958bf6a026bce5d9c6cc07e03a6c9,bsc,multichain,Anyswap: YFLINK Token,entity,eth-labels,https://github.com/dawsbot/eth-labels,medium,2026-07-17
0x245d3238cbbe03f9b8e1bff4709d1ebdf22ced4b,bsc,multichain,Anyswap: FEG Token,entity,eth-labels,https://github.com/dawsbot/eth-labels,medium,2026-07-17
0x277be44551a8c4d4004e2091ff7d3f69be21782f,bsc,multichain,null,entity,eth-labels,https://github.com/dawsbot/eth-labels,medium,2026-07-17
0x2c961ff9b386b597abc58a56f3ec63e313cada76,bsc,multichain,Anyswap: SUKU Token,entity,eth-labels,https://github.com/dawsbot/eth-labels,medium,2026-07-17
0x2cd598b0513abdb52bdd92a1ab4670fc4578570f,bsc,multichain,Anyswap: anyLTC Token,entity,eth-labels,https://github.com/dawsbot/eth-labels,medium,2026-07-17
0x2e8fd877cc691eda244fdfe000c91b22a498ab3f,bsc,multichain,Anyswap: CTSI Token,entity,eth-labels,https://github.com/dawsbot/eth-labels,medium,2026-07-17
0x2ede13880e11b19b7d6113a86ac7ac84ac651042,bsc,multichain,Anyswap: anyCOMP Token,entity,eth-labels,https://github.com/dawsbot/eth-labels,medium,2026-07-17
0x3516141b1ac8751c2042a8a1bc411ab8655464ac,bsc,multichain,Anyswap: OCEAN Protocol,entity,eth-labels,https://github.com/dawsbot/eth-labels,medium,2026-07-17
0x3758428802fbeab2858d58aec5ff5176df464edd,bsc,multichain,Anyswap: PPDEX Token,entity,eth-labels,https://github.com/dawsbot/eth-labels,medium,2026-07-17
0x37bdfd6ed491ee0e0fe2ce49de2cb573880e3734,bsc,multichain,Anyswap: MFI Token,entity,eth-labels,https://github.com/dawsbot/eth-labels,medium,2026-07-17
0x3af577f9d8c86ae8dbcbf51fe9836c9df825759d,bsc,multichain,Anyswap: anyLINK Token,entity,eth-labels,https://github.com/dawsbot/eth-labels,medium,2026-07-17
0x400b971099e0ebfda2c03a3063739cb5398734a6,bsc,multichain,Multichain: Router V7,entity,eth-labels,https://github.com/dawsbot/eth-labels,medium,2026-07-17
0x4028433877f9c14764eb93d0bb6570573da2726f,bsc,multichain,Anyswap: CYC Token,entity,eth-labels,https://github.com/dawsbot/eth-labels,medium,2026-07-17
0x43fbbe7a5397117b3da58722635832ba60905285,bsc,multichain,Anyswap: eRSDL Token,entity,eth-labels,https://github.com/dawsbot/eth-labels,medium,2026-07-17
0x47eaf5f54d79d5c2b6537a90a0c58a534ab51c8c,bsc,multichain,Anyswap: BAO Token,entity,eth-labels,https://github.com/dawsbot/eth-labels,medium,2026-07-17
0x4a080377f83d669d7bb83b3184a8a5e61b500608,bsc,multichain,Anyswap: XEND Token,entity,eth-labels,https://github.com/dawsbot/eth-labels,medium,2026-07-17
0x4b5c23cac08a567ecf0c1ffca8372a45a5d33743,bsc,multichain,Harvest Finance: FARM Token,entity,eth-labels,https://github.com/dawsbot/eth-labels,medium,2026-07-17
0x4ec16da4c9007462de151c0da9f5426c69978a7b,bsc,multichain,Anyswap: AGAr Token,entity,eth-labels,https://github.com/dawsbot/eth-labels,medium,2026-07-17
0x4f6318e97011fe21fdfce3ffcf868d44e5f6994a,bsc,multichain,Anyswap: anyFSN Token,entity,eth-labels,https://github.com/dawsbot/eth-labels,medium,2026-07-17
0x518445f0db93863e5e93a7f70617c05afa8048f1,bsc,multichain,Anyswap: BITT Token,entity,eth-labels,https://github.com/dawsbot/eth-labels,medium,2026-07-17
0x51ba0b044d96c3abfca52b64d733603ccc4f0d4d,bsc,multichain,Anyswap: SUPER Token,entity,eth-labels,https://github.com/dawsbot/eth-labels,medium,2026-07-17
0x54261774905f3e6e9718f2abb10ed6555cae308a,bsc,multichain,null,entity,eth-labels,https://github.com/dawsbot/eth-labels,medium,2026-07-17
0x54f5a04417e29ff5d7141a6d33cb286f50d5d50e,bsc,multichain,Multichain: Anyswap Create2,entity,eth-labels,https://github.com/dawsbot/eth-labels,medium,2026-07-17
0x5621b5a3f4a8008c4ccdd1b942b121c8b1944f1f,bsc,multichain,Anyswap: XED Token,entity,eth-labels,https://github.com/dawsbot/eth-labels,medium,2026-07-17
0x564bef31ec942ffe1bff250786f76a5c5141b9f3,bsc,multichain,Anyswap: eQUAD Token,entity,eth-labels,https://github.com/dawsbot/eth-labels,medium,2026-07-17
0x56fb3fd352e5875c6f2771ca86f3fd361cc0d93e,bsc,multichain,Anyswap: BITX Token,entity,eth-labels,https://github.com/dawsbot/eth-labels,medium,2026-07-17
0x58a746553fff813f4301bc5605aaafc487b5328b,bsc,multichain,Anyswap: RAZOR Token,entity,eth-labels,https://github.com/dawsbot/eth-labels,medium,2026-07-17
0x5921dee8556c4593eefcfad3ca5e2f618606483b,bsc,multichain,Anyswap: anyMTLX Token,entity,eth-labels,https://github.com/dawsbot/eth-labels,medium,2026-07-17
0x5986d5c77c65e5801a5caa4fae80089f870a71da,bsc,multichain,Anyswap: bDIGG Token,entity,eth-labels,https://github.com/dawsbot/eth-labels,medium,2026-07-17
0x5e23bea955bc322f2894d94faceca744bb5c3cf9,bsc,multichain,Anyswap: BASv2 Token,entity,eth-labels,https://github.com/dawsbot/eth-labels,medium,2026-07-17
0x62334d3c6f48891deed7324abd0a3dcb23305f77,bsc,multichain,Anyswap: SPDR Token,entity,eth-labels,https://github.com/dawsbot/eth-labels,medium,2026-07-17
0x6a545f9c64d8f7b957d8d2e6410b52095a9e6c29,bsc,multichain,Anyswap: CFI Token,entity,eth-labels,https://github.com/dawsbot/eth-labels,medium,2026-07-17
0x6ab899f7c0a1bd4e9cab0501683ae90db34be1ce,bsc,multichain,Anyswap: PPBLZ Token,entity,eth-labels,https://github.com/dawsbot/eth-labels,medium,2026-07-17
0x6bb751a8cabe31a60b56ba6bc162c33cfc3917af,bsc,multichain,Anyswap: FNX Token,entity,eth-labels,https://github.com/dawsbot/eth-labels,medium,2026-07-17
0x72449ed79841981b19d4552861007a63da3963fe,bsc,multichain,Anyswap: ETHIX Token,entity,eth-labels,https://github.com/dawsbot/eth-labels,medium,2026-07-17
0x749fec660a245f8b4c3b9bbc8a1ebf1c22863c8e,bsc,multichain,Anyswap: PARETO Token,entity,eth-labels,https://github.com/dawsbot/eth-labels,medium,2026-07-17
0x753fbc5800a8c8e3fb6dc6415810d627a387dfc9,bsc,multichain,Anyswap: BADGER Token,entity,eth-labels,https://github.com/dawsbot/eth-labels,medium,2026-07-17
0x794f976c12b2616fa2af3f38a73d3b61fbf68661,bsc,multichain,Anyswap: HGET Token,entity,eth-labels,https://github.com/dawsbot/eth-labels,medium,2026-07-17
0x7b2223aa112c08356b10e4675ce32724a10fac51,bsc,multichain,Anyswap: ARMOR Token,entity,eth-labels,https://github.com/dawsbot/eth-labels,medium,2026-07-17
0x7dd300a2d3f881f44b33c96fb751746e9a0175a8,bsc,multichain,Anyswap: GDAO Token,entity,eth-labels,https://github.com/dawsbot/eth-labels,medium,2026-07-17
0x7e624fa0e1c4abfd309cc15719b7e2580887f570,bsc,multichain,Multichain: POLS Token,entity,eth-labels,https://github.com/dawsbot/eth-labels,medium,2026-07-17
0x812764fa37a4fd731a5d39f0e519b6b8d61e82a0,bsc,multichain,Multichain: DAO Token,entity,eth-labels,https://github.com/dawsbot/eth-labels,medium,2026-07-17
0x83085138ed8a96ec0cbd2013ddfe1ebb975940cc,bsc,multichain,Anyswap: BAC Token,entity,eth-labels,https://github.com/dawsbot/eth-labels,medium,2026-07-17
0x84151755679590d3c79347315c5dbeff031f1b98,bsc,multichain,Anyswap: SUTER Token,entity,eth-labels,https://github.com/dawsbot/eth-labels,medium,2026-07-17
0x84c882a4d8eb448ce086ea19418ca0f32f106117,bsc,multichain,Anyswap: BFC Token,entity,eth-labels,https://github.com/dawsbot/eth-labels,medium,2026-07-17
0x8ad96050318043166114884b59e2fc82210273b3,bsc,multichain,Anyswap: NEX Token,entity,eth-labels,https://github.com/dawsbot/eth-labels,medium,2026-07-17
0x9179089a11feddc9411236b63c8aeb25eb45e2ac,bsc,multichain,Anyswap: LIEN Token,entity,eth-labels,https://github.com/dawsbot/eth-labels,medium,2026-07-17
0x91a22f94ee917efc8f804e251f385cbeb1c6d6bc,bsc,multichain,Anyswap: WAIF Token,entity,eth-labels,https://github.com/dawsbot/eth-labels,medium,2026-07-17
0x930a7f05c5e38eaf90493325f8106806969fcbdf,bsc,multichain,Anyswap: Deployer 3,entity,eth-labels,https://github.com/dawsbot/eth-labels,medium,2026-07-17
0x96058f8c3e16576d9bd68766f3836d9a33158f89,bsc,multichain,Bondly: BONDLY Token,entity,eth-labels,https://github.com/dawsbot/eth-labels,medium,2026-07-17
0x9611579c926294b0e29e5371a81a3e463650be17,bsc,multichain,null,entity,eth-labels,https://github.com/dawsbot/eth-labels,medium,2026-07-17
0x976e33b07565b0c05b08b2e13affd3113e3d178d,bsc,multichain,Anyswap: AGA Token,entity,eth-labels,https://github.com/dawsbot/eth-labels,medium,2026-07-17
0x9883ae441105f815b472517389b979f031b5c87e,bsc,multichain,Anyswap: anyYFI Token,entity,eth-labels,https://github.com/dawsbot/eth-labels,medium,2026-07-17
0x9899a98b222fcb2f3dbee7df45d943093a4ff9ff,bsc,multichain,Anyswap: DFD Token,entity,eth-labels,https://github.com/dawsbot/eth-labels,medium,2026-07-17
0x99889048584c710b3a2383e322dd3841e2c77d34,bsc,multichain,Anyswap: XIV Token,entity,eth-labels,https://github.com/dawsbot/eth-labels,medium,2026-07-17
0x9e0846677ea91ea5308d3f525c09e782ef17da21,bsc,multichain,Anyswap: KIF Token,entity,eth-labels,https://github.com/dawsbot/eth-labels,medium,2026-07-17
0xa86bfc69c99d04552808b425a68a06430fb9bddf,bsc,multichain,Anyswap: WSCRT Token,entity,eth-labels,https://github.com/dawsbot/eth-labels,medium,2026-07-17
0xab671ea900a8e3c959f5bd29ceb5e370ba75bb9e,bsc,multichain,Anyswap: DPI Token,entity,eth-labels,https://github.com/dawsbot/eth-labels,medium,2026-07-17
0xac118686565af7393b0843587d483cbded9c3baf,bsc,multichain,Anyswap: EDDA Token,entity,eth-labels,https://github.com/dawsbot/eth-labels,medium,2026-07-17
0xacbaf478216fbb2eb3607ec2c1a6b5d434bded2f,bsc,multichain,Anyswap: KOBE Token,entity,eth-labels,https://github.com/dawsbot/eth-labels,medium,2026-07-17
0xad260f380c9a30b1d60e4548a75010ede630b665,bsc,multichain,Anyswap: BiFi Token,entity,eth-labels,https://github.com/dawsbot/eth-labels,medium,2026-07-17
0xb46d67fb63770052a07d5b7c14ed858a8c90f825,bsc,multichain,Anyswap: anyUSDT Token,entity,eth-labels,https://github.com/dawsbot/eth-labels,medium,2026-07-17
0xb614ad939e9477d5103baa32164db901214e2625,bsc,multichain,Anyswap: TFT Token,entity,eth-labels,https://github.com/dawsbot/eth-labels,medium,2026-07-17
0xbccff1c6c1ca650f533d3dcc5f4722aae6718337,bsc,multichain,Multichain: Router Config,entity,eth-labels,https://github.com/dawsbot/eth-labels,medium,2026-07-17
0xc325bd4c437a9a78eb8de486b5321253e650cf0d,bsc,multichain,Anyswap: DEGEN Token,entity,eth-labels,https://github.com/dawsbot/eth-labels,medium,2026-07-17
0xc417b45e6090bd4201d9400b48f84c9f34f4d0a5,bsc,multichain,null,entity,eth-labels,https://github.com/dawsbot/eth-labels,medium,2026-07-17
0xc56406efdea74e00207e4026617e8a888376404e,bsc,multichain,Anyswap: ROOBEE Token,entity,eth-labels,https://github.com/dawsbot/eth-labels,medium,2026-07-17
0xce57283ce0e7446364e0bc479b5de5d74b5e0ffc,bsc,multichain,Anyswap: PKG Token,entity,eth-labels,https://github.com/dawsbot/eth-labels,medium,2026-07-17
0xcfb24d3c3767364391340a2e6d99c64f1cbd7a3d,bsc,multichain,Anyswap: LPOOL Token,entity,eth-labels,https://github.com/dawsbot/eth-labels,medium,2026-07-17
0xd185c16756873b907df064bd7b4815839de4e6b9,bsc,multichain,Anyswap: UNISTAKE Token,entity,eth-labels,https://github.com/dawsbot/eth-labels,medium,2026-07-17
0xde2f075f6f14eb9d96755b24e416a53e736ca363,bsc,multichain,Anyswap: FXS Token,entity,eth-labels,https://github.com/dawsbot/eth-labels,medium,2026-07-17
0xded6a27debe293d373bc4bfed4ae8d70fbc80001,bsc,multichain,Anyswap: BOOST Token,entity,eth-labels,https://github.com/dawsbot/eth-labels,medium,2026-07-17
0xe1e66e037dc20247c2fabda5ec89c911e68724e7,bsc,multichain,Anyswap: DFX Token,entity,eth-labels,https://github.com/dawsbot/eth-labels,medium,2026-07-17
0xe6358c1d7a91915abba46d9855bd6418898fc091,bsc,multichain,Anyswap: anyOMG Token,entity,eth-labels,https://github.com/dawsbot/eth-labels,medium,2026-07-17
0xe7b91602ce96a537cb729f484b8ddb3c1fecbb45,bsc,multichain,Anyswap: ALICE Token,entity,eth-labels,https://github.com/dawsbot/eth-labels,medium,2026-07-17
0xe9b9c1c38dab5eab3b7e2ad295425e89bd8db066,bsc,multichain,Anyswap: PCNT Token,entity,eth-labels,https://github.com/dawsbot/eth-labels,medium,2026-07-17
0xea8c5b9c537f3ebbcc8f2df0573f2d084e9e2bdb,bsc,multichain,Somidax: SMDX Token,entity,eth-labels,https://github.com/dawsbot/eth-labels,medium,2026-07-17
0xeaf26191ac1d35ae30baa19a5ad5558dd8156aef,bsc,multichain,Anyswap: NORD Token,entity,eth-labels,https://github.com/dawsbot/eth-labels,medium,2026-07-17
0xebd49b26169e1b52c04cfd19fcf289405df55f80,bsc,multichain,Anyswap: ORBS Token,entity,eth-labels,https://github.com/dawsbot/eth-labels,medium,2026-07-17
0xee88c8c7d02bce62c472dcd68a746bbe2ef07189,bsc,multichain,Anyswap: Old HYVE Token,entity,eth-labels,https://github.com/dawsbot/eth-labels,medium,2026-07-17
0xf48fbc59e6b45cff26a7608ff7d5a22ebc40df7f,bsc,multichain,Anyswap: UNN Token,entity,eth-labels,https://github.com/dawsbot/eth-labels,medium,2026-07-17
0xf4a71809fd0d5715a9685caadb6f0d8beafdf8af,bsc,multichain,null,entity,eth-labels,https://github.com/dawsbot/eth-labels,medium,2026-07-17
0xf5c8054efc6acd25f31a17963462b90e82fdecad,bsc,multichain,Anyswap: MDA Token,entity,eth-labels,https://github.com/dawsbot/eth-labels,medium,2026-07-17
0xf68c9df95a18b2a5a5fa1124d79eeeffbad0b6fa,bsc,multichain,Anyswap: ANY Token,entity,eth-labels,https://github.com/dawsbot/eth-labels,medium,2026-07-17
0xfa850eca95c34aa7dcd4213868ead3ec8927416f,bsc,multichain,Anyswap: DRGN Token,entity,eth-labels,https://github.com/dawsbot/eth-labels,medium,2026-07-17
0xfa9da51631268a30ec3ddd1ccbf46c65fad99251,bsc,multichain,Multichain: Deployer,entity,eth-labels,https://github.com/dawsbot/eth-labels,medium,2026-07-17
0x00000000000000adc04c56bf30ac9d3c0aaf14dc,bsc,nft,Seaport 1.5,entity,eth-labels,https://github.com/dawsbot/eth-labels,medium,2026-07-17
0x0b53b5da7d0f275c31a6a182622bdf02474af253,bsc,nft,GhostMarket: GM Token,entity,eth-labels,https://github.com/dawsbot/eth-labels,medium,2026-07-17
0x3ce9547414ae02711ee52195dcad6cff20e1796e,bsc,nft,Cake Monster : Rewards,entity,eth-labels,https://github.com/dawsbot/eth-labels,medium,2026-07-17
0x3d6746946a80ed4a8e444e89268b16802bfe23d8,bsc,nft,Cloud Defi: NFT Cloud Staking Base,entity,eth-labels,https://github.com/dawsbot/eth-labels,medium,2026-07-17
0x4008541b729c0ef5021735cdda90e3e5795b33a1,bsc,nft,null,entity,eth-labels,https://github.com/dawsbot/eth-labels,medium,2026-07-17
0x6a0f383162d8326ae0b42c450d10ae5ef0574bed,bsc,nft,Ecio Space: Play to Earn,entity,eth-labels,https://github.com/dawsbot/eth-labels,medium,2026-07-17
0x6b6955d107407e2c938846f1370d8a811a97b82c,bsc,nft,Kekucingan : kekucinganNFT,entity,eth-labels,https://github.com/dawsbot/eth-labels,medium,2026-07-17
0x9bc752fde798bcccecc5d6dc4ab0ad74e5f684e4,bsc,nft,Ecio Space: Liquidity,entity,eth-labels,https://github.com/dawsbot/eth-labels,medium,2026-07-17
0xb6127ee29ab8b1e7c059c73e31dff3326ecfee18,bsc,nft,null,entity,eth-labels,https://github.com/dawsbot/eth-labels,medium,2026-07-17
0xe0228a1a996b9c3704bc8d2bb2415edca30167fe,bsc,nft,BlackOwned: BLKO Token,entity,eth-labels,https://github.com/dawsbot/eth-labels,medium,2026-07-17
0x00000ee41472d518b364fa09866532a792f4009b,bsc,old-contract,TBCC: Old TBCC Token,entity,eth-labels,https://github.com/dawsbot/eth-labels,medium,2026-07-17
0x0047a0deadafb7ee6b1a0d219e70fb6767057d93,bsc,old-contract,Ysl.io: Old xYSL Token,entity,eth-labels,https://github.com/dawsbot/eth-labels,medium,2026-07-17
0x0088947c06094d9ddfacffa93e1aba8f63c8221a,bsc,old-contract,French Digital Reserve: Old wFDR Token 1,entity,eth-labels,https://github.com/dawsbot/eth-labels,medium,2026-07-17
0x01a78db633940579e15e7bdb8edfee8ecdea4522,bsc,old-contract,Lithium: Old EBSC Token,entity,eth-labels,https://github.com/dawsbot/eth-labels,medium,2026-07-17
0x02634e559651ac67b8a3c73b15c8cf79b31242ec,bsc,old-contract,Outter Finance: Old OUT Token,entity,eth-labels,https://github.com/dawsbot/eth-labels,medium,2026-07-17
0x03436fe878e33be3c8caebd205ebc04a66aa3248,bsc,old-contract,Sugar Kingdom: Old CANDY Token 2,entity,eth-labels,https://github.com/dawsbot/eth-labels,medium,2026-07-17
0x037689aa21aac069e06686f08a653ee88bd612df,bsc,old-contract,Community Trust Fund: Old CTF Token,entity,eth-labels,https://github.com/dawsbot/eth-labels,medium,2026-07-17
0x039cb485212f996a9dbb85a9a75d898f94d38da6,bsc,old-contract,DeXe Network: Old DEXE Token,entity,eth-labels,https://github.com/dawsbot/eth-labels,medium,2026-07-17
0x04892c91d296764189a47d88680b2f2eefd5f2e9,bsc,old-contract,PENNY: Old PENNY Token,entity,eth-labels,https://github.com/dawsbot/eth-labels,medium,2026-07-17
0x04a03bb3ad7d02adc14aec101c9e64c699bbaa8f,bsc,old-contract,Mereo: Old MRO Token,entity,eth-labels,https://github.com/dawsbot/eth-labels,medium,2026-07-17
0x050787de0cf5da03d9387b344334d51cae5dd0fd,bsc,old-contract,PeacockCoin: Old PEKC Token,entity,eth-labels,https://github.com/dawsbot/eth-labels,medium,2026-07-17
0x053f574b35eb29deb6817bd8b3f8c848c6abbe53,bsc,old-contract,MoonX: Old MoonX Token,entity,eth-labels,https://github.com/dawsbot/eth-labels,medium,2026-07-17
0x0564e2da1e26192a185e48a73fb1c1e6ad7a1a26,bsc,old-contract,Cocoricos: Old EGG Token,entity,eth-labels,https://github.com/dawsbot/eth-labels,medium,2026-07-17
0x0581e55fdcb0874d885c5c02dd5dee3d6f7f2136,bsc,old-contract,Pieme: Old PIE Token,entity,eth-labels,https://github.com/dawsbot/eth-labels,medium,2026-07-17
0x058a7af19bdb63411d0a84e79e3312610d7fa90c,bsc,old-contract,Jedstar: Old JED Token,entity,eth-labels,https://github.com/dawsbot/eth-labels,medium,2026-07-17
0x05de1dbfcdc876f790371508b97c337640dcd6a9,bsc,old-contract,GlowV2: Old GlowV2 Token,entity,eth-labels,https://github.com/dawsbot/eth-labels,medium,2026-07-17
0x06278743169ec1d910c0a8bb5a6d3b522a425dd1,bsc,old-contract,Crypto Real Estate: Old CRE Token,entity,eth-labels,https://github.com/dawsbot/eth-labels,medium,2026-07-17
0x06677dc4fe12d3ba3c7ccfd0df8cd45e4d4095bf,bsc,old-contract,WorkQuest: Old WQT Token,entity,eth-labels,https://github.com/dawsbot/eth-labels,medium,2026-07-17
0x06df77854793849f770b6af0af4b22511df53a11,bsc,old-contract,CATCOIN: Old CATCOIN Token 2,entity,eth-labels,https://github.com/dawsbot/eth-labels,medium,2026-07-17
0x073b55edb4c75727a1fd9c45c603a1688800478e,bsc,old-contract,GameFi Tech: Old GFI Token,entity,eth-labels,https://github.com/dawsbot/eth-labels,medium,2026-07-17
0x07c4730d4300730abf060f8bf3a88e71d8283c6f,bsc,old-contract,EggPlus: Old EGGPLUS Token,entity,eth-labels,https://github.com/dawsbot/eth-labels,medium,2026-07-17
0x087cf908a2c87c9bfc8135db5f08ab5db00cfa8a,bsc,old-contract,Echelon DAO: Old ECHO Token,entity,eth-labels,https://github.com/dawsbot/eth-labels,medium,2026-07-17
0x08b80583ae903070aa25bdb222b7c490433b4daf,bsc,old-contract,Cactus: Old CACTUS Token 2,entity,eth-labels,https://github.com/dawsbot/eth-labels,medium,2026-07-17
0x099e4a42427fb80fd7e746ebab8a61bdfbf10a12,bsc,old-contract,Falcon Swaps: Old FLNS Token,entity,eth-labels,https://github.com/dawsbot/eth-labels,medium,2026-07-17
0x0a950ac7f14a4982cee3bf24adb1dad17e0a9026,bsc,old-contract,DRIVENx: Old DVX Token,entity,eth-labels,https://github.com/dawsbot/eth-labels,medium,2026-07-17
0x0b33542240d6fa323c796749f6d6869fdb7f13ca,bsc,old-contract,Ethereum Meta: Old ETHM Token,entity,eth-labels,https://github.com/dawsbot/eth-labels,medium,2026-07-17
0x0c0760562e2930e9f06e425a6db5221af5940905,bsc,old-contract,Dron Coin: Old DRONE Token,entity,eth-labels,https://github.com/dawsbot/eth-labels,medium,2026-07-17
0x0c3d646c026d1136e3185e356dbe6b4ccd04f930,bsc,old-contract,Orbler: Old ORBR Token,entity,eth-labels,https://github.com/dawsbot/eth-labels,medium,2026-07-17
0x0c9b3ab1bd0cf0745625381f5c3aa1cd9bbc7abb,bsc,old-contract,EXENO: Old EXN Token,entity,eth-labels,https://github.com/dawsbot/eth-labels,medium,2026-07-17
0x0ca01e3798d4a6b85f3719df3e3e140ca6745dd3,bsc,old-contract,Tres Leches Cupcake: Old 3LechesCC Token,entity,eth-labels,https://github.com/dawsbot/eth-labels,medium,2026-07-17
0x0cea9be99c97ce11ef1eba3f8f697c8119d838c5,bsc,old-contract,Shib Killer: Old ShibKiller Token,entity,eth-labels,https://github.com/dawsbot/eth-labels,medium,2026-07-17
0x0cf608b4c0ebe6c6fbedba1e3dde62b913c88fec,bsc,old-contract,Velocity Global: Old VLC Token,entity,eth-labels,https://github.com/dawsbot/eth-labels,medium,2026-07-17
0x0d0814c27a6ef5a4af8bea9e28fa7af4e085326a,bsc,old-contract,CashHand: Old WCHND Token,entity,eth-labels,https://github.com/dawsbot/eth-labels,medium,2026-07-17
0x0d499b25bce7aa72bb6c50e434e2ed26fe1e785d,bsc,old-contract,Base Reward Token: Old BRT Token,entity,eth-labels,https://github.com/dawsbot/eth-labels,medium,2026-07-17
0x0d9940e0c50bb41ae7d4e89b734bd59ca1b88d7e,bsc,old-contract,Baby Bali: Old BABYBALI Token,entity,eth-labels,https://github.com/dawsbot/eth-labels,medium,2026-07-17
0x0e15b66298528b4ac9cb53cadd2c2b06ceeb5f1e,bsc,old-contract,MetaF1: Old F1T Token 2,entity,eth-labels,https://github.com/dawsbot/eth-labels,medium,2026-07-17
0x0e3eaf83ea93abe756690c62c72284943b96a6bc,bsc,old-contract,Hodl: Old HODL Token,entity,eth-labels,https://github.com/dawsbot/eth-labels,medium,2026-07-17
0x0e57e084711fd92d7fe139ce4230a23455931aa8,bsc,old-contract,ikọbọ: Old ETK Token,entity,eth-labels,https://github.com/dawsbot/eth-labels,medium,2026-07-17
0x0f2420fc7ce2446c35cd37f514486aa88d703bc3,bsc,old-contract,LESLAR Metaverse: Old LESLAR Token,entity,eth-labels,https://github.com/dawsbot/eth-labels,medium,2026-07-17
0x0faba0355cfa2e998c41044eb7f4a09441c111bc,bsc,old-contract,Lotus Capital: Old LC Token,entity,eth-labels,https://github.com/dawsbot/eth-labels,medium,2026-07-17
0x106feff621a395043b21a602d4b6a2039e16bbec,bsc,old-contract,Tres Leches Cake: Old 3LechesCake Token,entity,eth-labels,https://github.com/dawsbot/eth-labels,medium,2026-07-17
0x10adf50e15611d5a4de3bd21f0db7f3491a8ae0f,bsc,old-contract,Monetas Global: Old MNTG Token,entity,eth-labels,https://github.com/dawsbot/eth-labels,medium,2026-07-17
0x10f181b87e2a4af6120452a29570fcf74b082c16,bsc,old-contract,SafeZoneFinance: Old SafeZone Token,entity,eth-labels,https://github.com/dawsbot/eth-labels,medium,2026-07-17
0x1135883a1bc6776bf90c97845adc491922106dfb,bsc,old-contract,Rejuve.AI: Old RJV Token,entity,eth-labels,https://github.com/dawsbot/eth-labels,medium,2026-07-17
0x11c97fc75e1ecf0f7315c0f7c15cf94782795ae3,bsc,old-contract,LunaChow: Old MLOKY Token,entity,eth-labels,https://github.com/dawsbot/eth-labels,medium,2026-07-17
0x11e4c2cab210cfdaf45e3dec1c9ec310607ec11b,bsc,old-contract,PLANT: Old PLN Token,entity,eth-labels,https://github.com/dawsbot/eth-labels,medium,2026-07-17
0x128699dbeafd83ad25d16d394b7849e27a7c4607,bsc,old-contract,Green Life Energy: Old GNL Token,entity,eth-labels,https://github.com/dawsbot/eth-labels,medium,2026-07-17
0x128ba6da77f67155a7ef6856c33cc714df94f2dc,bsc,old-contract,Oud: Old OUD Token,entity,eth-labels,https://github.com/dawsbot/eth-labels,medium,2026-07-17
0x12a41a3c9721096729088804f66bc156d81f47c0,bsc,old-contract,Lillion: Old LIL Token,entity,eth-labels,https://github.com/dawsbot/eth-labels,medium,2026-07-17
0x131cf6a638a1b3f9d48dfa3545321c3e770ad47b,bsc,old-contract,Base Reward Token: Old BRW Token,entity,eth-labels,https://github.com/dawsbot/eth-labels,medium,2026-07-17
0x14016e85a25aeb13065688cafb43044c2ef86784,bsc,old-contract,TrueUSD: Old TUSD Token,entity,eth-labels,https://github.com/dawsbot/eth-labels,medium,2026-07-17
0x142749adb4176ee465592bbaadd5bd71f58017f1,bsc,old-contract,HashBit Blockchain: Old HBIT Token,entity,eth-labels,https://github.com/dawsbot/eth-labels,medium,2026-07-17
0x14357d294fbabbe0fbf59503370c772d563b35b6,bsc,old-contract,Humming Bird Finance: Old HMNG Token,entity,eth-labels,https://github.com/dawsbot/eth-labels,medium,2026-07-17
0x14fc542fd0364ad8361274657cab141a8c8820e0,bsc,old-contract,Octopus Protocol: Old 1 OPS Token,entity,eth-labels,https://github.com/dawsbot/eth-labels,medium,2026-07-17
0x155040625d7ae3e9cada9a73e3e44f76d3ed1409,bsc,old-contract,Revomon: Old REVO Token,entity,eth-labels,https://github.com/dawsbot/eth-labels,medium,2026-07-17
0x17b17039711e61f8f5232c28d124ddaa2231bbff,bsc,old-contract,Okratech Token: Old ORT Token,entity,eth-labels,https://github.com/dawsbot/eth-labels,medium,2026-07-17
0x186b7dd0b7371b1bd653ba49a0920a3c3facd1ac,bsc,old-contract,DROID COIN: Old DRD Token,entity,eth-labels,https://github.com/dawsbot/eth-labels,medium,2026-07-17
0x188173379ac8963048afe01c5d3d5998fee67254,bsc,old-contract,CUSTODIY: Old CTY Token,entity,eth-labels,https://github.com/dawsbot/eth-labels,medium,2026-07-17
0x18e473ce1c461fd0dc47c7ca727c8453362baa1c,bsc,old-contract,CryptoAirlines: Old CAIR Token,entity,eth-labels,https://github.com/dawsbot/eth-labels,medium,2026-07-17
0x19178ecef9cf2dc3f2ec9cb0b68d4bd92592806a,bsc,old-contract,ALL BEST ICO: Old ALLBI Token,entity,eth-labels,https://github.com/dawsbot/eth-labels,medium,2026-07-17
0x191d1c7ab702188c2c38aa58aba1d39d881d35bd,bsc,old-contract,Metaverse2: Old MTK Token,entity,eth-labels,https://github.com/dawsbot/eth-labels,medium,2026-07-17
0x197ee5ccbae7fa037217df5ff114cc66269dcdc1,bsc,old-contract,84HUB: Old HUBT Token,entity,eth-labels,https://github.com/dawsbot/eth-labels,medium,2026-07-17
0x19e0d9ff3634b5580e55c7b1996c7d74db110aad,bsc,old-contract,Blockcage: Old BKG Token,entity,eth-labels,https://github.com/dawsbot/eth-labels,medium,2026-07-17
0x1a1c6f9f6b4e535130e9b1de46bbc76130b61feb,bsc,old-contract,Golden Duck: Old GOLDUCK Token,entity,eth-labels,https://github.com/dawsbot/eth-labels,medium,2026-07-17
0x1a3ee33da561642ba6be4671a06267ee0f36cedd,bsc,old-contract,InpulseX: Old IPX Token,entity,eth-labels,https://github.com/dawsbot/eth-labels,medium,2026-07-17
0x1a405053b38d2de9695576f815d23da73151b6b9,bsc,old-contract,Figcoin: Old FIG Token,entity,eth-labels,https://github.com/dawsbot/eth-labels,medium,2026-07-17
0x1a51dcd32474ca0b7d329bf2521fe3d3ef142e17,bsc,old-contract,Novoos: Old NOVO Token,entity,eth-labels,https://github.com/dawsbot/eth-labels,medium,2026-07-17
0x1a57dc4e3bc63b06c2b263774859f227b99ab031,bsc,old-contract,Beach Token: Old BEACH Token,entity,eth-labels,https://github.com/dawsbot/eth-labels,medium,2026-07-17
0x1a82c24dd17c2b309b8ae4807920829237d59f26,bsc,old-contract,DogeBSC: Old DOGEBSC Token,entity,eth-labels,https://github.com/dawsbot/eth-labels,medium,2026-07-17
0x1bf91d05a2bc70d99a174586bb6e235bff50c425,bsc,old-contract,Wen Lambo: Old WLBO Token,entity,eth-labels,https://github.com/dawsbot/eth-labels,medium,2026-07-17
0x1c0ae6acf1086ab15636917aeafb9e0a0e72d389,bsc,old-contract,Zum: Old ZUM Token,entity,eth-labels,https://github.com/dawsbot/eth-labels,medium,2026-07-17
0x1c50e72b9b7a44bf7e63fe7735d67d82c3e4bf74,bsc,old-contract,KRED: Old $KRED Token,entity,eth-labels,https://github.com/dawsbot/eth-labels,medium,2026-07-17
0x1c705b77444b91254bec0abe23f9103ea3b5cc83,bsc,old-contract,Equinox: Old NOX Token,entity,eth-labels,https://github.com/dawsbot/eth-labels,medium,2026-07-17
0x1d1993a4919ab5a4258ba420db7db9d67f5faa32,bsc,old-contract,Waytom: Old WTM Token,entity,eth-labels,https://github.com/dawsbot/eth-labels,medium,2026-07-17
0x1d1ae715731e994f1b07e1ba0177bca14ee04467,bsc,old-contract,TIGER: Old TIGER Token,entity,eth-labels,https://github.com/dawsbot/eth-labels,medium,2026-07-17
0x1d99666dbc3918efe23fc4ce53375878c3d8b450,bsc,old-contract,Earneo: Old RNO Token 2,entity,eth-labels,https://github.com/dawsbot/eth-labels,medium,2026-07-17
0x1e0a4d330b60babf3386125aed73b81c6afc8526,bsc,old-contract,Budz Finance: Old BUDZ Token,entity,eth-labels,https://github.com/dawsbot/eth-labels,medium,2026-07-17
0x1e160df115835454206ad69a0cb5bc47cc3eb668,bsc,old-contract,BNBRagnarok: Old ZENY Token,entity,eth-labels,https://github.com/dawsbot/eth-labels,medium,2026-07-17
0x1e3b5cf330849ee07c5213d2d01dacade02d186d,bsc,old-contract,Sunshield: Old SSHLD Token,entity,eth-labels,https://github.com/dawsbot/eth-labels,medium,2026-07-17
0x1e6cc468c6470c8ffb786b4e5bb7b4be38000794,bsc,old-contract,GreenGold: Old GNG Token,entity,eth-labels,https://github.com/dawsbot/eth-labels,medium,2026-07-17
0x1ea004397bd1f8fa68b787fba084bd7479f32872,bsc,old-contract,ARTOS: Old ARTOS Token 2,entity,eth-labels,https://github.com/dawsbot/eth-labels,medium,2026-07-17
0x1ed347b7543e0967a8e4cdcdc6da9b293fdf9643,bsc,old-contract,Dalmata Coin: Old DC Token,entity,eth-labels,https://github.com/dawsbot/eth-labels,medium,2026-07-17
0x1f01dc57c66c2f87d8eab9c625d335e9defe6912,bsc,old-contract,ZCore: Old WZCR Token,entity,eth-labels,https://github.com/dawsbot/eth-labels,medium,2026-07-17
0x1f64fdad335ed784898effb5ce22d54d8f432523,bsc,old-contract,Tenset: Old 10SET Token,entity,eth-labels,https://github.com/dawsbot/eth-labels,medium,2026-07-17
0x2095d2346e47ed497d4f39fcfa59918b4346cd65,bsc,old-contract,TacoCat: Old TCT Token,entity,eth-labels,https://github.com/dawsbot/eth-labels,medium,2026-07-17
0x20df93f426f0c61a5465be6e50b734e7624e5071,bsc,old-contract,Dx Spot: Old DXS Token,entity,eth-labels,https://github.com/dawsbot/eth-labels,medium,2026-07-17
0x217ca5ce67166a3024527ee3a3289635603aed31,bsc,old-contract,BlueBenx: Old BENX Token,entity,eth-labels,https://github.com/dawsbot/eth-labels,medium,2026-07-17
0x21c41d76183a83c51f32effa2a92d9e6aebccb0b,bsc,old-contract,AVOTEO: Old AVO Token,entity,eth-labels,https://github.com/dawsbot/eth-labels,medium,2026-07-17
0x21cf6d7f31370a85bc7172da74d4bc601858f1dd,bsc,old-contract,Lucrar: Old LCR Token,entity,eth-labels,https://github.com/dawsbot/eth-labels,medium,2026-07-17
0x228163da93b66cf3c43bc7e309e2e3b9971a0b0c,bsc,old-contract,Leisure Pay: Old LPY Token,entity,eth-labels,https://github.com/dawsbot/eth-labels,medium,2026-07-17
0x22872ad393a57d3d7d94449b259ce4b7a45672dd,bsc,old-contract,APPLE FERRET AI: Old FERRET Token,entity,eth-labels,https://github.com/dawsbot/eth-labels,medium,2026-07-17
0x22de16487955ae1f842fa0c0bff6083a7fdefedd,bsc,old-contract,Galaxy Heroes: Old GHC Token 2,entity,eth-labels,https://github.com/dawsbot/eth-labels,medium,2026-07-17
0x22eef13c3ccd9a506d43fe260f7b05116ae1af97,bsc,old-contract,Quick Transfer Coin: Old QTC Token,entity,eth-labels,https://github.com/dawsbot/eth-labels,medium,2026-07-17
0x23fc11fa7f0a47308785b071a6a1faa20dabaef1,bsc,old-contract,Focial Network: Old FOCIAL Token,entity,eth-labels,https://github.com/dawsbot/eth-labels,medium,2026-07-17
0x240eb70aafe740f753066a413ddad73b7c72b4e2,bsc,old-contract,Bank Roll: Old BaNkr Token,entity,eth-labels,https://github.com/dawsbot/eth-labels,medium,2026-07-17
0x2456e44c617d6231bb06492fa7337ee2f552bf61,bsc,old-contract,Alt Crusaders: Old ALT Token,entity,eth-labels,https://github.com/dawsbot/eth-labels,medium,2026-07-17
0x250b211ee44459dad5cd3bca803dd6a7ecb5d46c,bsc,old-contract,Switcheo: Old SWTH Token,entity,eth-labels,https://github.com/dawsbot/eth-labels,medium,2026-07-17
0x254e47f6402f48f3f12cfedf04d24aafeac3a25e,bsc,old-contract,Feu: Old FEU Token,entity,eth-labels,https://github.com/dawsbot/eth-labels,medium,2026-07-17
0x27172c77807f63e0176049b0f420e09936ee6179,bsc,old-contract,Beluga The Cat: Old BELUGA Token,entity,eth-labels,https://github.com/dawsbot/eth-labels,medium,2026-07-17
0x272b95714b8fbea5a51fbb012d814a6151b433b6,bsc,old-contract,EarnX: Old EarnX Token,entity,eth-labels,https://github.com/dawsbot/eth-labels,medium,2026-07-17
0x273971059e0082aac306a78acc67ac01551b565f,bsc,old-contract,MemElon: Old MEMELON Token,entity,eth-labels,https://github.com/dawsbot/eth-labels,medium,2026-07-17
0x27e873bee690c8e161813de3566e9e18a64b0381,bsc,old-contract,LeonicorpSwap: Old LEON Token,entity,eth-labels,https://github.com/dawsbot/eth-labels,medium,2026-07-17
0x2802eb3a20f5892956d5b9528f6bf13e648534db,bsc,old-contract,OdinProtocol: Old ODIN Token,entity,eth-labels,https://github.com/dawsbot/eth-labels,medium,2026-07-17
0x2824d8ecded273e296ca57d583d80614093c87d4,bsc,old-contract,METAQ: Old METAQ Token,entity,eth-labels,https://github.com/dawsbot/eth-labels,medium,2026-07-17
0x2874a21ee13a784477ffb4910b73aaa5a20e727d,bsc,old-contract,DogeBNB: Old DogeBNB Token,entity,eth-labels,https://github.com/dawsbot/eth-labels,medium,2026-07-17
0x288f7692a78aa9906cf5790af78a672078070535,bsc,old-contract,FarmerDoge: Old CROP Token,entity,eth-labels,https://github.com/dawsbot/eth-labels,medium,2026-07-17
0x28b0e81326ec021f0dcd9bbec9e3097faa1136f9,bsc,old-contract,Centiiv: Old CNT Token,entity,eth-labels,https://github.com/dawsbot/eth-labels,medium,2026-07-17
0x28ee988e91e06e8db47d0a39438e76c59571495c,bsc,old-contract,TR Finance: Old TRF Token,entity,eth-labels,https://github.com/dawsbot/eth-labels,medium,2026-07-17
0x28f137ce75539ef1e17f2f3e4fa6a1465008ba1e,bsc,old-contract,Glink Arts Shares: Old GARTS Token,entity,eth-labels,https://github.com/dawsbot/eth-labels,medium,2026-07-17
0x297cd71a29c987377c7b59bdf404e926a3a7a3c6,bsc,old-contract,MobiPad: Old MBP Token,entity,eth-labels,https://github.com/dawsbot/eth-labels,medium,2026-07-17
0x2a9718deff471f3bb91fa0eceab14154f150a385,bsc,old-contract,ElonGate: Old ElonGate Token,entity,eth-labels,https://github.com/dawsbot/eth-labels,medium,2026-07-17
0x2aa038f6b284471d25577672e0451d53c33750d7,bsc,old-contract,Slumdoge: Old SLMDOGE Token,entity,eth-labels,https://github.com/dawsbot/eth-labels,medium,2026-07-17
0x2aa475e7e1e05fc9fbf5c811e5c9a1b8996b27f7,bsc,old-contract,CPH4: Old CPH4 Token,entity,eth-labels,https://github.com/dawsbot/eth-labels,medium,2026-07-17
0x2ad421077d38bf23497b0d9770d7c57c1913f4ca,bsc,old-contract,Acadex Network: Old ACDX Token,entity,eth-labels,https://github.com/dawsbot/eth-labels,medium,2026-07-17
0x2ae6852a408e7a004830888ea79d4cd0bbf03ce0,bsc,old-contract,Infinity Protocol: Old Infinity Token,entity,eth-labels,https://github.com/dawsbot/eth-labels,medium,2026-07-17
0x2ae823a21f8503453f069f22216689810f7d33cb,bsc,old-contract,Boji: Old BOJI Token,entity,eth-labels,https://github.com/dawsbot/eth-labels,medium,2026-07-17
0x2b3f34e9d4b127797ce6244ea341a83733ddd6e4,bsc,old-contract,Floki: OLD FLOKI Token,entity,eth-labels,https://github.com/dawsbot/eth-labels,medium,2026-07-17
0x2b562f6d6e302692b5d681e75c187e79c8f5d7a7,bsc,old-contract,Hobbs Network: Old HFUEL Token,entity,eth-labels,https://github.com/dawsbot/eth-labels,medium,2026-07-17
0x2c24ca4375c9912f4004317b8aa23576730c77af,bsc,old-contract,AJAX Foundation: Old AJAX Token,entity,eth-labels,https://github.com/dawsbot/eth-labels,medium,2026-07-17
0x2c38c02efee54e62ab4f114b18f8c3d2312e1f9d,bsc,old-contract,Fire Fly: Old FireFly Token,entity,eth-labels,https://github.com/dawsbot/eth-labels,medium,2026-07-17
0x2cc0c50e35e82ae9e0622540aae5aad2ba8c0c45,bsc,old-contract,GalaxyBUSD: old GALAXY Token,entity,eth-labels,https://github.com/dawsbot/eth-labels,medium,2026-07-17
0x2cc24d514709fcbf598c9256ae0de32995e6b93f,bsc,old-contract,DogeWorld: Old DOGEWORLD Token,entity,eth-labels,https://github.com/dawsbot/eth-labels,medium,2026-07-17
0x2cd2664ce5639e46c6a3125257361e01d0213657,bsc,old-contract,Useless: Old USELESS Token,entity,eth-labels,https://github.com/dawsbot/eth-labels,medium,2026-07-17
0x2d4df8a0e975e15ea443933affb27afe9395e2a8,bsc,old-contract,Shibafriend: Old SHF Token,entity,eth-labels,https://github.com/dawsbot/eth-labels,medium,2026-07-17
0x2dfe5e6a0a22d20f41da87f390f780f7e4000869,bsc,old-contract,Dalmata Coin Ecosystem: Old DC Token,entity,eth-labels,https://github.com/dawsbot/eth-labels,medium,2026-07-17
0x2e121ed64eeeb58788ddb204627ccb7c7c59884c,bsc,old-contract,Sphynx: OLD SPHYNX Token,entity,eth-labels,https://github.com/dawsbot/eth-labels,medium,2026-07-17
0x2e40565771cf2bf8622c41cdd85701519f22418a,bsc,old-contract,ZCore Network: Old ZCR Token,entity,eth-labels,https://github.com/dawsbot/eth-labels,medium,2026-07-17
0x2e6bfcd0d66b83e3d615cdf4751b64b2df72f094,bsc,old-contract,Day of Defeat: Old DOD Token,entity,eth-labels,https://github.com/dawsbot/eth-labels,medium,2026-07-17
0x2e8276d68e270ece1b6d0ecc0a89fdf4f3fa35bf,bsc,old-contract,Shinzo Token: Old Shinzo Token,entity,eth-labels,https://github.com/dawsbot/eth-labels,medium,2026-07-17
0x2ea336989786e24f881ac7bcf73f4d00330b845a,bsc,old-contract,Cofinex: Old CNX Token,entity,eth-labels,https://github.com/dawsbot/eth-labels,medium,2026-07-17
0x2eb0017b4c9286fdd127e7885c47ca48d413e604,bsc,old-contract,Supreme: Old SUPREME Token,entity,eth-labels,https://github.com/dawsbot/eth-labels,medium,2026-07-17
0x2f9d9b7ffdd266f7d62bbdb0dc8e3c6cf184ea60,bsc,old-contract,KARITAS.FINANCE: Old KRT Token 2,entity,eth-labels,https://github.com/dawsbot/eth-labels,medium,2026-07-17
0x2fa0cac2c75efb50382b5091c6494194eacf65b0,bsc,old-contract,Waterfall DeFi: Old WTF Token,entity,eth-labels,https://github.com/dawsbot/eth-labels,medium,2026-07-17
0x3045d1a840364c3657b8df6c6f86a4359c23472b,bsc,old-contract,Orica: Old ORI Token,entity,eth-labels,https://github.com/dawsbot/eth-labels,medium,2026-07-17
0x3075829daf022ece5004237db3dd42547c308b5e,bsc,old-contract,Crypto Stake Token: Old CST Token,entity,eth-labels,https://github.com/dawsbot/eth-labels,medium,2026-07-17
0x31028f3639d6710b13935d1aa9e762c8704c08c7,bsc,old-contract,Skeptic: Old SKP Token,entity,eth-labels,https://github.com/dawsbot/eth-labels,medium,2026-07-17
0x31832d10f68d3112d847bd924331f3d182d268c4,bsc,old-contract,Chain Estate DAO: Old CHES Token,entity,eth-labels,https://github.com/dawsbot/eth-labels,medium,2026-07-17
0x31f22742e4987be1776c76366f5972844e7cac07,bsc,old-contract,Charles Token: Old CHARLES Token,entity,eth-labels,https://github.com/dawsbot/eth-labels,medium,2026-07-17
0x323273b8ee5ae6247b47c38c81db45e1bef13e6f,bsc,old-contract,Magnet Gold :Old MTG Token,entity,eth-labels,https://github.com/dawsbot/eth-labels,medium,2026-07-17
0x3279510e89600ee1767a037dbd0ad49c974063ae,bsc,old-contract,Nftbooks: Old NFTBS Token,entity,eth-labels,https://github.com/dawsbot/eth-labels,medium,2026-07-17
0x335f6e0e804b70a96bf9eb8af31588942e9b2515,bsc,old-contract,AmpleSwap: Old AMPLE Token,entity,eth-labels,https://github.com/dawsbot/eth-labels,medium,2026-07-17
0x337bd62ba86efe51d94be0b108cef1c388e0a6b4,bsc,old-contract,Peach Cat Coin: Old PEACHCAT Token,entity,eth-labels,https://github.com/dawsbot/eth-labels,medium,2026-07-17
0x33f73fce593373f99677ead5681f2ab1850ef2d7,bsc,old-contract,Bernie Madoff: Old PONZI Token,entity,eth-labels,https://github.com/dawsbot/eth-labels,medium,2026-07-17
0x346254614a0044377f35e26db168e285b62b3b99,bsc,old-contract,LonelyFans: Old LOF Token,entity,eth-labels,https://github.com/dawsbot/eth-labels,medium,2026-07-17
0x34bcd4b2da1caccfa98760739cb2dfa55cec485b,bsc,old-contract,Viola Token: Old VIOLA Token,entity,eth-labels,https://github.com/dawsbot/eth-labels,medium,2026-07-17
0x34ebbeac0c7e67fb0017c5bc59919f0102b438cc,bsc,old-contract,GeoToken: Old GEO Token,entity,eth-labels,https://github.com/dawsbot/eth-labels,medium,2026-07-17
0x353f2cb5a8ab2d1c3f4d0d5952d316ecf6c9cfe4,bsc,old-contract,Baby Musk: Old BabyMusk Token,entity,eth-labels,https://github.com/dawsbot/eth-labels,medium,2026-07-17
0x3609a30647d8da11b660045f7c4248d99da41858,bsc,old-contract,Infinity Realm: Old iRem Token,entity,eth-labels,https://github.com/dawsbot/eth-labels,medium,2026-07-17
0x3676dedc5df4eb1fcb526f1821130861cac52ea2,bsc,old-contract,Moovy: OLD MOIL Token,entity,eth-labels,https://github.com/dawsbot/eth-labels,medium,2026-07-17
0x36903e74b2cc3b7a660bef773732b7cf816e32d6,bsc,old-contract,TrustBaby: Old $TBABY Token,entity,eth-labels,https://github.com/dawsbot/eth-labels,medium,2026-07-17
0x36b314b562806cb3c35bd12187386da055808a43,bsc,old-contract,Run X: Old RNX Token,entity,eth-labels,https://github.com/dawsbot/eth-labels,medium,2026-07-17
0x36d0e79690e19149f02e2486fd5938afd2177639,bsc,old-contract,Terra Tritium: Old TRIT Token,entity,eth-labels,https://github.com/dawsbot/eth-labels,medium,2026-07-17
0x38ffa52c7628f5ccf871472e40c462e4483215c9,bsc,old-contract,SwirlToken: Old SWIRL Token,entity,eth-labels,https://github.com/dawsbot/eth-labels,medium,2026-07-17
0x397e6d4fd68a9e25e93fc712b8f72f826f48a8ff,bsc,old-contract,Dingo: Old DINGO Token,entity,eth-labels,https://github.com/dawsbot/eth-labels,medium,2026-07-17
0x398f7827dccbefe6990478876bbf3612d93baf05,bsc,old-contract,Mixmarvel: Old MIX Token,entity,eth-labels,https://github.com/dawsbot/eth-labels,medium,2026-07-17
0x39af062b155978f1d41b299601defac54e94cbd8,bsc,old-contract,Metaegg DeFi: Old MEGG Token,entity,eth-labels,https://github.com/dawsbot/eth-labels,medium,2026-07-17
0x3a3e55f74c8b5da94ce65f178ff9a473b6340f7f,bsc,old-contract,DOGE CLONE: Old DOGAMG Token,entity,eth-labels,https://github.com/dawsbot/eth-labels,medium,2026-07-17
0x3a5325f0e5ee4da06a285e988f052d4e45aa64b4,bsc,old-contract,Polaris: Old POLAR Token 2,entity,eth-labels,https://github.com/dawsbot/eth-labels,medium,2026-07-17
0x3ad405ef7aea80ccb41beef0a74510e18feef190,bsc,old-contract,SadBaby: Old SDBY Token 4,entity,eth-labels,https://github.com/dawsbot/eth-labels,medium,2026-07-17
0x3ade350e05f631f946b6d2b1a2deaaf95dcb243a,bsc,old-contract,metagamescoin: Old MGC Token,entity,eth-labels,https://github.com/dawsbot/eth-labels,medium,2026-07-17
0x3ba2b1c2c46200e826c56550ff7a2b29bad10f3d,bsc,old-contract,KPOP Digital: Old KPOP Token,entity,eth-labels,https://github.com/dawsbot/eth-labels,medium,2026-07-17
0x3c2423ae99dd4e0c736d580a19a4ac603b7262e6,bsc,old-contract,NFT Ocean: Old NUT Token,entity,eth-labels,https://github.com/dawsbot/eth-labels,medium,2026-07-17
0x3c2b09edc698b68cee2a40246a771fe0c5f80be2,bsc,old-contract,Gooreo: Old GOOREO Token,entity,eth-labels,https://github.com/dawsbot/eth-labels,medium,2026-07-17
0x3c59e87e1a34c4cccbcefeba01e72307fb77c1ec,bsc,old-contract,Dogo Coin: Old DOGO Token,entity,eth-labels,https://github.com/dawsbot/eth-labels,medium,2026-07-17
0x3c7f214020d014752aa90befdc815dfa7532ab96,bsc,old-contract,Evelyn: Old Eve Token,entity,eth-labels,https://github.com/dawsbot/eth-labels,medium,2026-07-17
0x3d04edc843e74935c09f54cc4b2fe1870e347ac9,bsc,old-contract,CurioInvest: Old CGT Token,entity,eth-labels,https://github.com/dawsbot/eth-labels,medium,2026-07-17
0x3e0a7c7db7bb21bda290a80c9811de6d47781671,bsc,old-contract,BetSwirl: Old BETS Token,entity,eth-labels,https://github.com/dawsbot/eth-labels,medium,2026-07-17
0x3e2b6bcc9592be3fd5cb0e943dcb67970de48085,bsc,old-contract,Shiru: Old SHIRU Token 1,entity,eth-labels,https://github.com/dawsbot/eth-labels,medium,2026-07-17
0x3e362283b86c1b45097cc3fb02213b79cf6211df,bsc,old-contract,CATCOIN: Old CATCOIN Token,entity,eth-labels,https://github.com/dawsbot/eth-labels,medium,2026-07-17
0x3e9d5920a1dc7735a3d3d550e3c1d64b97cef0c6,bsc,old-contract,Tiger Force Coin: Old TFC Token,entity,eth-labels,https://github.com/dawsbot/eth-labels,medium,2026-07-17
0x3ea8941e69cc1494efc41495a75cabfa1f3737c4,bsc,old-contract,CashHand: Old WCHND Token 3,entity,eth-labels,https://github.com/dawsbot/eth-labels,medium,2026-07-17
0x3ef96a7649abee21eb2f013481b39cab92f4d10b,bsc,old-contract,F-NFT: Old FNFT Token,entity,eth-labels,https://github.com/dawsbot/eth-labels,medium,2026-07-17
0x3f30b6169b2178fa205a7a77e8823d2b359e7224,bsc,old-contract,Dentro: Old Dentro Token 2,entity,eth-labels,https://github.com/dawsbot/eth-labels,medium,2026-07-17
0x3f515f0a8e93f2e2f891ceeb3db4e62e202d7110,bsc,old-contract,VIDT Datalink: Old VIDT Token,entity,eth-labels,https://github.com/dawsbot/eth-labels,medium,2026-07-17
0x3f526a5a8811cc1812d923d5dbb20e4b1c6028db,bsc,old-contract,Torum: Old XTM Token,entity,eth-labels,https://github.com/dawsbot/eth-labels,medium,2026-07-17
0x3f6b2d68980db7371d3d0470117393c9262621ea,bsc,old-contract,Luffy: Old LUFFY Token,entity,eth-labels,https://github.com/dawsbot/eth-labels,medium,2026-07-17
0x3fda9383a84c05ec8f7630fe10adf1fac13241cc,bsc,old-contract,Dego.Finance: Old DEGO Token,entity,eth-labels,https://github.com/dawsbot/eth-labels,medium,2026-07-17
0x3fef6bcf3449cdf9279e8baa152613df629e23bd,bsc,old-contract,ZesCoin: Old ZESC Token,entity,eth-labels,https://github.com/dawsbot/eth-labels,medium,2026-07-17
0x3fff0714a6d168aaa20334aa68baa81e7b9fc96e,bsc,old-contract,SHIBerse: Old SHIBER Token,entity,eth-labels,https://github.com/dawsbot/eth-labels,medium,2026-07-17
0x400df62c3052fdbaad8c74c0226147f9bfaaf7ec,bsc,old-contract,Eternal Cash: Old EC Token,entity,eth-labels,https://github.com/dawsbot/eth-labels,medium,2026-07-17
0x408cefb5f92f0e47fc12e9840cc50529fc986226,bsc,old-contract,ASENIX: Old ENIX Token 2,entity,eth-labels,https://github.com/dawsbot/eth-labels,medium,2026-07-17
0x40b165fd5ddc75ad0bddc9add0adabff5431a975,bsc,old-contract,Memestoken: Old MEMES Token,entity,eth-labels,https://github.com/dawsbot/eth-labels,medium,2026-07-17
0x4197c6ef3879a08cd51e5560da5064b773aa1d29,bsc,old-contract,ACryptoS: Old ACS Token,entity,eth-labels,https://github.com/dawsbot/eth-labels,medium,2026-07-17
0x41dbd81e09f651854d94f2297114c0c82456a2cb,bsc,old-contract,Save Ralph: Old CRRT Token,entity,eth-labels,https://github.com/dawsbot/eth-labels,medium,2026-07-17
0x4261a3e59691be7d2fd4ca4eb8312122dfda002e,bsc,old-contract,MRP: Old MRP Token,entity,eth-labels,https://github.com/dawsbot/eth-labels,medium,2026-07-17
0x4304033342299073923878277a4f42a4e02f8ba3,bsc,old-contract,Gamico: Old GMC Token,entity,eth-labels,https://github.com/dawsbot/eth-labels,medium,2026-07-17
0x447e6b899cf388b1df32c27a28f6f6ce6df90e07,bsc,old-contract,Crypto Scratch Cards: Old CSC Token,entity,eth-labels,https://github.com/dawsbot/eth-labels,medium,2026-07-17
0x4518231a8fdf6ac553b9bbd51bbb86825b583263,bsc,old-contract,MILC Global: Old MLT Token,entity,eth-labels,https://github.com/dawsbot/eth-labels,medium,2026-07-17
0x458a55951d7974ade50c2a53827e9144c7fe804b,bsc,old-contract,LocoMeta: Old LOCO Token,entity,eth-labels,https://github.com/dawsbot/eth-labels,medium,2026-07-17
0x45af3e747feb3c7ab6c45cefa4398e60661dd1a4,bsc,old-contract,Pomerium: Old PMR Token,entity,eth-labels,https://github.com/dawsbot/eth-labels,medium,2026-07-17
0x45c4b4b718f7e2df5c22eff8a2bb79e9090a428d,bsc,old-contract,American Dream Token: Old ADREAM Token,entity,eth-labels,https://github.com/dawsbot/eth-labels,medium,2026-07-17
0x46feda0d79f6d93148bd8159d0c66eac3a2f4cbf,bsc,old-contract,Jupiter Project: Old bwJUP Token,entity,eth-labels,https://github.com/dawsbot/eth-labels,medium,2026-07-17
0x472ab0e69493d35b4c0965f01466b04d57d97252,bsc,old-contract,Bitcoin META: Old BTCM Token,entity,eth-labels,https://github.com/dawsbot/eth-labels,medium,2026-07-17
0x4741619a7d026b659bf8cb4e8b8fd88f38997da9,bsc,old-contract,Hokk Finance: Old HOKK Token,entity,eth-labels,https://github.com/dawsbot/eth-labels,medium,2026-07-17
0x476da763fb6d22b8465f7886d2d652a428a93984,bsc,old-contract,Mero Blue: Old MERO Token,entity,eth-labels,https://github.com/dawsbot/eth-labels,medium,2026-07-17
0x4841181ae4079072ebe83a29b718388a387169e3,bsc,old-contract,Salmonation: Old SUI Token,entity,eth-labels,https://github.com/dawsbot/eth-labels,medium,2026-07-17
0x486dccaf152b271630216d62c00188f2558f6bec,bsc,old-contract,RPS Finance: Old RPS Token,entity,eth-labels,https://github.com/dawsbot/eth-labels,medium,2026-07-17
0x48776812e78fd5e8ebadf596a7c16f3b5fefcc9e,bsc,old-contract,SpritzMoon: Old Sprz Token,entity,eth-labels,https://github.com/dawsbot/eth-labels,medium,2026-07-17
0x494b5b848ebbacecbc624865d303f62f76253bac,bsc,old-contract,Fate Of Saga: Old FOFS Token,entity,eth-labels,https://github.com/dawsbot/eth-labels,medium,2026-07-17
0x49c019efa5766dc55bbd85eecd10c6e0637b2b53,bsc,old-contract,GameAntz: Old GANTZ Token,entity,eth-labels,https://github.com/dawsbot/eth-labels,medium,2026-07-17
0x4a2940263acfd179dbc1c6b69a3392671accaf5b,bsc,old-contract,ShibaWallet: Old SHWA Token,entity,eth-labels,https://github.com/dawsbot/eth-labels,medium,2026-07-17
0x4a34aa46e13def7cd98acb2dae17f7a4fa2d2df8,bsc,old-contract,Foenum: Old FNM Token,entity,eth-labels,https://github.com/dawsbot/eth-labels,medium,2026-07-17
0x4ac27c1b7eb76e28d1e24849c2da124790c00abc,bsc,old-contract,inSure: Old SURE Token,entity,eth-labels,https://github.com/dawsbot/eth-labels,medium,2026-07-17
0x4b2e366307dd2a79988437eb6446f3f486ee8ec1,bsc,old-contract,Tellastory token: Old Tellastory Token,entity,eth-labels,https://github.com/dawsbot/eth-labels,medium,2026-07-17
0x4b4135a99775368f349b6f904808b648a9948393,bsc,old-contract,Derived Finance: Old DVDX Token,entity,eth-labels,https://github.com/dawsbot/eth-labels,medium,2026-07-17
0x4b7d697635e6b9965d13e0655f538149de425f4e,bsc,old-contract,DiveWallet: Old DWT Token,entity,eth-labels,https://github.com/dawsbot/eth-labels,medium,2026-07-17
0x4bb18bf13a60dfdf2f322c879e50911710ae4913,bsc,old-contract,SciMatic Hybrid Blockchain: Old SCI Token,entity,eth-labels,https://github.com/dawsbot/eth-labels,medium,2026-07-17
0x4c134a12dd3982aee4ffab94a00c18d72ef09923,bsc,old-contract,EV Solutions: Old EVSOL Token,entity,eth-labels,https://github.com/dawsbot/eth-labels,medium,2026-07-17
0x4c4da68d45f23e38ec8407272ee4f38f280263c0,bsc,old-contract,Panda Girl: Old PGIRL Token,entity,eth-labels,https://github.com/dawsbot/eth-labels,medium,2026-07-17
0x4cbdfad03b968bf43449d0908f319ae4a5a33371,bsc,old-contract,E-COIN Finance: Old ECOIN Token,entity,eth-labels,https://github.com/dawsbot/eth-labels,medium,2026-07-17
0x4d286b58f7dc4e85cca6e1d01ba4eae25e025fcb,bsc,old-contract,xBLUE: Old xBLUE Token,entity,eth-labels,https://github.com/dawsbot/eth-labels,medium,2026-07-17
0x4d33cbabaad3c7bffe202bb6a1b815f74ef04d51,bsc,old-contract,DefiSports: Old DSC Token,entity,eth-labels,https://github.com/dawsbot/eth-labels,medium,2026-07-17
0x4d4f20efa7956624ec27b906e4a5b8c5f2b5c6c7,bsc,old-contract,SpritzMoon Crypto Token: Old SpritzMoon Token,entity,eth-labels,https://github.com/dawsbot/eth-labels,medium,2026-07-17
0x4d5eca1e4fe912904544043feceb6858ddd3d866,bsc,old-contract,Make A Difference Token: MAD Token,entity,eth-labels,https://github.com/dawsbot/eth-labels,medium,2026-07-17
0x4d7b22f72fdcdfae8e34a0f1923efe908cf9db4b,bsc,old-contract,QuantumXC: Old QXC Token,entity,eth-labels,https://github.com/dawsbot/eth-labels,medium,2026-07-17
0x4e09b6be20928b7ae4f7e29525a8838bbcad6ed7,bsc,old-contract,Burnking Protocol: Old BKP Token,entity,eth-labels,https://github.com/dawsbot/eth-labels,medium,2026-07-17
0x4e6d79cddec12c229d53b38c11b204bcec118885,bsc,old-contract,KRYZA Network: Old KRN Token,entity,eth-labels,https://github.com/dawsbot/eth-labels,medium,2026-07-17
0x4ea6dc5531c9f463823176ad863bf4a9844a90d5,bsc,old-contract,KittElon: Old $KITTY Token,entity,eth-labels,https://github.com/dawsbot/eth-labels,medium,2026-07-17
0x4f32df768f06ce993e57a62d1a7a072fdb6be2ed,bsc,old-contract,Score Health: Old $BSH Token,entity,eth-labels,https://github.com/dawsbot/eth-labels,medium,2026-07-17
0x4f7413b6ac872d971684a26825af43870864579c,bsc,old-contract,I-COIN: Old ICN Token,entity,eth-labels,https://github.com/dawsbot/eth-labels,medium,2026-07-17
0x4f7f5980bf58c530d8ef09affcd91da6097b9f9a,bsc,old-contract,TOUR: Old TOUR Token,entity,eth-labels,https://github.com/dawsbot/eth-labels,medium,2026-07-17
0x4fcfa6cc8914ab455b5b33df916d90bfe70b6ab1,bsc,old-contract,Slime: Old SLME Token,entity,eth-labels,https://github.com/dawsbot/eth-labels,medium,2026-07-17
0x502e65d5d206b6ef872e217cb63ba78396614f7f,bsc,old-contract,Athena Crypto Bank: Old ATH Token,entity,eth-labels,https://github.com/dawsbot/eth-labels,medium,2026-07-17
0x5053a8544dde242030c8ba100b213d551776aad1,bsc,old-contract,Pet Wars: Old PWARS Token,entity,eth-labels,https://github.com/dawsbot/eth-labels,medium,2026-07-17
0x5067c6e9e6c443372f2e62946273abbf3cc2f2b3,bsc,old-contract,FibSwap DEx: Old FIBO Token,entity,eth-labels,https://github.com/dawsbot/eth-labels,medium,2026-07-17
0x507056b230c439a3c1b502f0ce0529266125eaab,bsc,old-contract,Macro Protocol: Old MTP Token,entity,eth-labels,https://github.com/dawsbot/eth-labels,medium,2026-07-17
0x508e1854f3143a95da5501a945fbb49a0633a53a,bsc,old-contract,Free Speech: Old 1AMD Token,entity,eth-labels,https://github.com/dawsbot/eth-labels,medium,2026-07-17
0x50fb25c2d977061f698f314fdf03484d54cf3c3c,bsc,old-contract,Investment Fund of Predators: Old IFP Token,entity,eth-labels,https://github.com/dawsbot/eth-labels,medium,2026-07-17
0x511241337b8601873b3186f0683826a31bd44eab,bsc,old-contract,Among Finance: Old AMONG Token,entity,eth-labels,https://github.com/dawsbot/eth-labels,medium,2026-07-17
0x51812403611ff41c37dc91d8c2a4ab2a5fffc827,bsc,old-contract,Reflex Finance: Old Reflex Token,entity,eth-labels,https://github.com/dawsbot/eth-labels,medium,2026-07-17
0x51dac5f627087862d0d7461055a50fb9124c3ae0,bsc,old-contract,Halal Marketplace Ecommerce Platform: Old DC Token,entity,eth-labels,https://github.com/dawsbot/eth-labels,medium,2026-07-17
0x520f97696d4802956be45006241b349ed0efbd90,bsc,old-contract,Novoos: Old NOVO Token 2,entity,eth-labels,https://github.com/dawsbot/eth-labels,medium,2026-07-17
0x526ad7a590fc8b32e0ca22a25bead9920b6d2b2d,bsc,old-contract,STRIPTO: Old $STRIP Token,entity,eth-labels,https://github.com/dawsbot/eth-labels,medium,2026-07-17
0x52ad4d6329ca7d4bb31ae859ede4bf60116a5483,bsc,old-contract,Stobox: Old STBU Token,entity,eth-labels,https://github.com/dawsbot/eth-labels,medium,2026-07-17
0x52fd0db7597c332c0d3449a35f03625d881c3117,bsc,old-contract,Stonks: Old STONK Token,entity,eth-labels,https://github.com/dawsbot/eth-labels,medium,2026-07-17
0x530759199116b9c261211d95686fd46a5f9b3175,bsc,old-contract,XR COIN: Old XR Token,entity,eth-labels,https://github.com/dawsbot/eth-labels,medium,2026-07-17
0x5346d379e3418bcbe1c9e7fde1d6edf4e6875ff6,bsc,old-contract,Metarevolution: Old R-PC Token,entity,eth-labels,https://github.com/dawsbot/eth-labels,medium,2026-07-17
0x53d0a8bb9958272cc22bc376fcce5234e4b9278a,bsc,old-contract,iGold: Old iGold Token,entity,eth-labels,https://github.com/dawsbot/eth-labels,medium,2026-07-17
0x5411b51e9c26d06caf6616163c754be837123c78,bsc,old-contract,iDemi Transfer: Old DEMI Token,entity,eth-labels,https://github.com/dawsbot/eth-labels,medium,2026-07-17
0x54b1b039cfd3753842345b9927d2b70a55d169d3,bsc,old-contract,Gateplay: Old GPLAY Token,entity,eth-labels,https://github.com/dawsbot/eth-labels,medium,2026-07-17
0x54d0a5010d09aabc1f429a159d1931007f4c7a6b,bsc,old-contract,Pyromaniac: Old PYRO Token,entity,eth-labels,https://github.com/dawsbot/eth-labels,medium,2026-07-17
0x550db12c0a48c494675f6d75ec684be196ea412f,bsc,old-contract,BUGG Finance: Old BUGG Token,entity,eth-labels,https://github.com/dawsbot/eth-labels,medium,2026-07-17
0x5537cbab661dca456a63ec6d593a35fff32f2531,bsc,old-contract,PepeSimpsons: Old PEPES Token,entity,eth-labels,https://github.com/dawsbot/eth-labels,medium,2026-07-17
0x55382eeef32eb87aa27d13d7637954c344154151,bsc,old-contract,Metarix: Old MTRX Token,entity,eth-labels,https://github.com/dawsbot/eth-labels,medium,2026-07-17
0x556ed81b76b2197be22ae7a821eeefaa6212778e,bsc,old-contract,Kazama Senshi: Old KAZAMA Token 1,entity,eth-labels,https://github.com/dawsbot/eth-labels,medium,2026-07-17
0x55f207de4c9c1e9fa913a9232f1dad0ece358467,bsc,old-contract,Bird Bro: Old BIRDBRO Token,entity,eth-labels,https://github.com/dawsbot/eth-labels,medium,2026-07-17
0x560bf67cffd09e080d3764555b4d99d275bd4c6c,bsc,old-contract,Bear Inu: Old BEAR Token,entity,eth-labels,https://github.com/dawsbot/eth-labels,medium,2026-07-17
0x56f0b9da3077029d1c6581abe1e31615bdd8cb88,bsc,old-contract,MetaBears: Old MBT Token,entity,eth-labels,https://github.com/dawsbot/eth-labels,medium,2026-07-17
0x5788105375ecf7f675c29e822fd85fcd84d4cd86,bsc,old-contract,Hodl 2.0: Old HODL Token,entity,eth-labels,https://github.com/dawsbot/eth-labels,medium,2026-07-17
0x579f11c75eb4e47f5290122e87ca411644adcd97,bsc,old-contract,CleanOcean: Old CLEANOCEAN Token,entity,eth-labels,https://github.com/dawsbot/eth-labels,medium,2026-07-17
0x57af121a8ddb1f9a8fafcf3229c92bf2856a8a29,bsc,old-contract,Socaverse: Old SOCA Token,entity,eth-labels,https://github.com/dawsbot/eth-labels,medium,2026-07-17
0x58d3e0b885df0d40117ac10148a74ad845aa710e,bsc,old-contract,VR Educative: Old VEDU Token,entity,eth-labels,https://github.com/dawsbot/eth-labels,medium,2026-07-17
0x5903d6198f1f3d98394b186e6fff014c6849b4da,bsc,old-contract,Sugar Kingdom: Old CHOCO Token,entity,eth-labels,https://github.com/dawsbot/eth-labels,medium,2026-07-17
0x594103133cf6cf317edec9e16821ed7fbdc498f3,bsc,old-contract,LOAN: Old LOAN Token,entity,eth-labels,https://github.com/dawsbot/eth-labels,medium,2026-07-17
0x59e61327021800e2e7e69b14e39dd6026604cb36,bsc,old-contract,EcoSmart: Old ECG Token,entity,eth-labels,https://github.com/dawsbot/eth-labels,medium,2026-07-17
0x5a4f765476fd1bf010783b47a25cbf10974e6a37,bsc,old-contract,SavePlanetEarth: Old SPE Token,entity,eth-labels,https://github.com/dawsbot/eth-labels,medium,2026-07-17
0x5b3790e08920a1a5b6b26c7fc6807653090ab88e,bsc,old-contract,BITCONEY: Old BITCONEY Token,entity,eth-labels,https://github.com/dawsbot/eth-labels,medium,2026-07-17
0x5bacf846595cd00379592f07831f734653e6feb2,bsc,old-contract,Geo Leaf: Old GLT Token,entity,eth-labels,https://github.com/dawsbot/eth-labels,medium,2026-07-17
0x5c251523693cbca10a27124d71dd22ebefff452d,bsc,old-contract,PigByt: Old PBT Token,entity,eth-labels,https://github.com/dawsbot/eth-labels,medium,2026-07-17
0x5c615c65c3d9222a45f38530a31e73054adb5e64,bsc,old-contract,HORECA Crypto: Old HRC Token,entity,eth-labels,https://github.com/dawsbot/eth-labels,medium,2026-07-17
0x5c722ba2d6c5a11cfab03552cde095731bc2c913,bsc,old-contract,Crypto Troll: Old Troll Token,entity,eth-labels,https://github.com/dawsbot/eth-labels,medium,2026-07-17
0x5c85af4a1eefc283d899701b16fb72d405d56c3d,bsc,old-contract,New Live Aid: Old AID Token 2,entity,eth-labels,https://github.com/dawsbot/eth-labels,medium,2026-07-17
0x5cf1661a741b7f051214b097f84f2e5b11845018,bsc,old-contract,CUSTODIY: Old $CTY Token,entity,eth-labels,https://github.com/dawsbot/eth-labels,medium,2026-07-17
0x5d0013a83ca3b7c4da9095aefb4a590fc05017cc,bsc,old-contract,Pratis CRM: Old PRATS Token,entity,eth-labels,https://github.com/dawsbot/eth-labels,medium,2026-07-17
0x5e71f45118169b1b0be13b3b77c34f56fbc8ace0,bsc,old-contract,twenty22(2022): Old (2022) Token,entity,eth-labels,https://github.com/dawsbot/eth-labels,medium,2026-07-17
0x5ec5aae0adeac18f71ac15c6d889c9efe5f411e0,bsc,old-contract,URU Pay: Old UPY Token,entity,eth-labels,https://github.com/dawsbot/eth-labels,medium,2026-07-17
0x5ec7d03ee0c4355248aa790eba2a4f0172426a70,bsc,old-contract,RAXOW TECHNOLOGY: Old RAXOW Token,entity,eth-labels,https://github.com/dawsbot/eth-labels,medium,2026-07-17
0x5efe9c3e5b43580328104da18a091ce6a3d40651,bsc,old-contract,Shepherd Inu: Old Sinu Token 2,entity,eth-labels,https://github.com/dawsbot/eth-labels,medium,2026-07-17
0x6028f4e01141d51dafaef0076e5a898c4e929848,bsc,old-contract,Lofi Buzz: Old LOFI Token,entity,eth-labels,https://github.com/dawsbot/eth-labels,medium,2026-07-17
0x60290c4350f96a255d923df74aee8fdde3ac7cd7,bsc,old-contract,RougeCoin: Old XRGE Token 2,entity,eth-labels,https://github.com/dawsbot/eth-labels,medium,2026-07-17
0x6034120575f3a4fdc03196128f4ad2011d570a96,bsc,old-contract,Cactus: Old CACTUS Token,entity,eth-labels,https://github.com/dawsbot/eth-labels,medium,2026-07-17
0x603e65426d540cc9ce4fc2b0f7601f97616bd970,bsc,old-contract,Souls of Meta: Old SOM Token,entity,eth-labels,https://github.com/dawsbot/eth-labels,medium,2026-07-17
0x609cc6919c41bd8b15d9b7a94d8aba12519ee655,bsc,old-contract,2local: Old L2L Token,entity,eth-labels,https://github.com/dawsbot/eth-labels,medium,2026-07-17
0x60b3bc37593853c04410c4f07fe4d6748245bf77,bsc,old-contract,Shield Protocol: Old SHIELD Token,entity,eth-labels,https://github.com/dawsbot/eth-labels,medium,2026-07-17
0x60e9880daef10e960da3c45b076dbdac4f111edf,bsc,old-contract,GlobalGive: Old GGIVE Token,entity,eth-labels,https://github.com/dawsbot/eth-labels,medium,2026-07-17
0x61c85dd376f1dcef8f4b0b6dcbc573ee89a0475a,bsc,old-contract,Papu: Old PAPU Token,entity,eth-labels,https://github.com/dawsbot/eth-labels,medium,2026-07-17
0x6292f56cce9fb34e21010a1a237a4d908a6474ea,bsc,old-contract,Mastermind Games: MGT Token,entity,eth-labels,https://github.com/dawsbot/eth-labels,medium,2026-07-17
0x630d1c78bc61274294bdb008f63a41b06ff799dd,bsc,old-contract,CashHand: Old CashHand Token,entity,eth-labels,https://github.com/dawsbot/eth-labels,medium,2026-07-17
0x6346ae10a43270e9dba677f3837c9ee8f3da9c1c,bsc,old-contract,Metaclasic: Old MTC Token,entity,eth-labels,https://github.com/dawsbot/eth-labels,medium,2026-07-17
0x641babed18fc0766007e30725865f370d1f61cbf,bsc,old-contract,Dynamic: Old DYNA Token,entity,eth-labels,https://github.com/dawsbot/eth-labels,medium,2026-07-17
0x64b55bb2f27c3710349d9ca024d0d1ff2dab7f62,bsc,old-contract,BIGH BULL: Old BIGB Token,entity,eth-labels,https://github.com/dawsbot/eth-labels,medium,2026-07-17
0x64d3638a7d8747eee7bd5d402cc5f5bd00dc27dc,bsc,old-contract,Ysl.io: Old sYSL Token,entity,eth-labels,https://github.com/dawsbot/eth-labels,medium,2026-07-17
0x6549d043382972b02b32568c8943fbdcc4bc4224,bsc,old-contract,echoDeFi: Old ECHO Token,entity,eth-labels,https://github.com/dawsbot/eth-labels,medium,2026-07-17
0x65b9ed3feceb840e19f9a243c69db644dda4d6fa,bsc,old-contract,Shiba Space: Old SST Token,entity,eth-labels,https://github.com/dawsbot/eth-labels,medium,2026-07-17
0x65c43b6b426363c9f66a48a70f55113f0bde62ac,bsc,old-contract,RATHEPAY: Old RPX Token,entity,eth-labels,https://github.com/dawsbot/eth-labels,medium,2026-07-17
0x65d7f05b838f235dd8f6c5d28b9e64f2c35a1bed,bsc,old-contract,Shiba Inu Gold: Old SHIBG Token 2,entity,eth-labels,https://github.com/dawsbot/eth-labels,medium,2026-07-17
0x662d0c44f8d57e55e599f7f30c051069c5c127eb,bsc,old-contract,Laika AI: Old LKI Token,entity,eth-labels,https://github.com/dawsbot/eth-labels,medium,2026-07-17
0x6638342d0eae44f0ef15cc2e878f8dc0be4b1248,bsc,old-contract,Lucrar: Old LCR Token 3,entity,eth-labels,https://github.com/dawsbot/eth-labels,medium,2026-07-17
0x66533b1838820313d65acd347681e4b0a0c3e56a,bsc,old-contract,MetaF1: Old F1T Token,entity,eth-labels,https://github.com/dawsbot/eth-labels,medium,2026-07-17
0x66a28bf5aecfa6270d029e28895f68b1700e4bb2,bsc,old-contract,Motoverse: Old MILE Token,entity,eth-labels,https://github.com/dawsbot/eth-labels,medium,2026-07-17
0x66cdd54dfdf653ff288ed3c85d7cdd82ba142ce7,bsc,old-contract,SAFFRON: Old SAFFRON Token,entity,eth-labels,https://github.com/dawsbot/eth-labels,medium,2026-07-17
0x673140f0894143b81da9784c7624eb14656b9db7,bsc,old-contract,Luxpad: Old LXPD Token,entity,eth-labels,https://github.com/dawsbot/eth-labels,medium,2026-07-17
0x67c2d277e30670727dafc6b01209aa4d48c2e86d,bsc,old-contract,Athena Crypto Bank: Old ATH Token 2,entity,eth-labels,https://github.com/dawsbot/eth-labels,medium,2026-07-17
0x683c9e425d1876329eac86502d53352678235302,bsc,old-contract,METARICARO: Old CARO Token,entity,eth-labels,https://github.com/dawsbot/eth-labels,medium,2026-07-17
0x683fae4411249ca05243dfb919c20920f3f5bfe0,bsc,old-contract,Galaxy Heroes: Old GHC Token,entity,eth-labels,https://github.com/dawsbot/eth-labels,medium,2026-07-17
0x686ab92095745f93354f1e2e85c84bba07ba4101,bsc,old-contract,QZKCoin: Old QZK Token,entity,eth-labels,https://github.com/dawsbot/eth-labels,medium,2026-07-17
0x68808912a688a20f1de3d07d1e4fdab9418ec6f9,bsc,old-contract,Roflcoin: Old ROFL Token,entity,eth-labels,https://github.com/dawsbot/eth-labels,medium,2026-07-17
0x6910b69b87f3fa7f4d5394d9e97090162734c60f,bsc,old-contract,HORDE : Old HOR Token,entity,eth-labels,https://github.com/dawsbot/eth-labels,medium,2026-07-17
0x69448d2b9dd6ec25a729f9cf61e1e21b7b70c796,bsc,old-contract,Polystark: Old PYSK Token,entity,eth-labels,https://github.com/dawsbot/eth-labels,medium,2026-07-17
0x698855abafaedddd0f4bec4265927b522b236397,bsc,old-contract,The Landlord: Old LNDLRD Token,entity,eth-labels,https://github.com/dawsbot/eth-labels,medium,2026-07-17
0x69a96402daa3b6ab4a986f9006e1f5d4c1289816,bsc,old-contract,Frog CEO: Old FROGCEO Token,entity,eth-labels,https://github.com/dawsbot/eth-labels,medium,2026-07-17
0x6a023e642e7702919ece81d51eec43c00527b428,bsc,old-contract,BoundlessWorld: Old BLB Token,entity,eth-labels,https://github.com/dawsbot/eth-labels,medium,2026-07-17
0x6a731582f6189477c379a8da7d26dcec3f0a0919,bsc,old-contract,King of Legends: Old KOL Token,entity,eth-labels,https://github.com/dawsbot/eth-labels,medium,2026-07-17
0x6ab5c58011a428735e924e3cc619eded792203ea,bsc,old-contract,Xtra Fund: Old XTRA Token,entity,eth-labels,https://github.com/dawsbot/eth-labels,medium,2026-07-17
0x6b7d6902686de3fa5b974c83d603eceb62178dd0,bsc,old-contract,NEPTUNES: Old NEPTUNES Token,entity,eth-labels,https://github.com/dawsbot/eth-labels,medium,2026-07-17
0x6c0a568a3ffb61957812fb3e300e4c10b708d336,bsc,old-contract,Tarp: Old TARP Token,entity,eth-labels,https://github.com/dawsbot/eth-labels,medium,2026-07-17
0x6ca6d07e94b5e2a3877734e913e84014932c9265,bsc,old-contract,Avocado: Old AVO Token,entity,eth-labels,https://github.com/dawsbot/eth-labels,medium,2026-07-17
0x6cc76132a84e2095c1f4f2ea71881daef8a75d5e,bsc,old-contract,Ninebot.io GAS: Old NBG Token,entity,eth-labels,https://github.com/dawsbot/eth-labels,medium,2026-07-17
0x6dfd3103e680e85a4e1fb4903ec4e99bdfafc182,bsc,old-contract,Shinjiru Inu: Old SHINJI Token,entity,eth-labels,https://github.com/dawsbot/eth-labels,medium,2026-07-17
0x6e281f90c6d1b5e5a01fb6f14c428aff69c04c3f,bsc,old-contract,Sphynx Labs: Old SPHYNX Token,entity,eth-labels,https://github.com/dawsbot/eth-labels,medium,2026-07-17
0x6ea064445b175bd55fa31a33cd7647c830064924,bsc,old-contract,ValuableSmart: Old VS Token,entity,eth-labels,https://github.com/dawsbot/eth-labels,medium,2026-07-17
0x6f1deb53a0df1f4192c3f2237ee8c393c7aa7efe,bsc,old-contract,Litedex: OLD 2 LDX Token,entity,eth-labels,https://github.com/dawsbot/eth-labels,medium,2026-07-17
0x6fc13eace26590b80cccab1ba5d51890577d83b2,bsc,old-contract,Umbrella Network: Old UMB Token,entity,eth-labels,https://github.com/dawsbot/eth-labels,medium,2026-07-17
0x6ffbc8863b7d5ac853af995d143f9b3945688ecf,bsc,old-contract,Help Seed: Old HELPS Token 3,entity,eth-labels,https://github.com/dawsbot/eth-labels,medium,2026-07-17
0x70833f17229139a0ff53896b92d84f7bd8d3aadc,bsc,old-contract,Metalong: Old MLO Token,entity,eth-labels,https://github.com/dawsbot/eth-labels,medium,2026-07-17
0x708c671aa997da536869b50b6c67fa0c32ce80b2,bsc,old-contract,Curate: Old XCUR Token,entity,eth-labels,https://github.com/dawsbot/eth-labels,medium,2026-07-17
0x712c0a4659a7c31a81fd5a47a2d83c63a07d7d06,bsc,old-contract,LIMON GROUP: Old LIMON Token,entity,eth-labels,https://github.com/dawsbot/eth-labels,medium,2026-07-17
0x717926326fab42c12e7d6102e2cd6c43683aa1ae,bsc,old-contract,Ado.Network: Old ADO Token 2,entity,eth-labels,https://github.com/dawsbot/eth-labels,medium,2026-07-17
0x723b6795be37ad8a0376acfb50034fa21912b439,bsc,old-contract,KAINET: Old KAINET Token,entity,eth-labels,https://github.com/dawsbot/eth-labels,medium,2026-07-17
0x72690c447aa1ea53042899b7402d10a176819102,bsc,old-contract,Alyattes Finance: Old ALYA Token,entity,eth-labels,https://github.com/dawsbot/eth-labels,medium,2026-07-17
0x72a80de6cb2c99d39139ef789c1f5e78a70345ab,bsc,old-contract,Roburna: Old RBA Token,entity,eth-labels,https://github.com/dawsbot/eth-labels,medium,2026-07-17
0x72d349913e59d6134652f0aee12d9f314938232e,bsc,old-contract,Peccala: Old PECM Token,entity,eth-labels,https://github.com/dawsbot/eth-labels,medium,2026-07-17
0x732ab523d1716b6b4eaf6dec638c464cb11a01cd,bsc,old-contract,Large Chain: Old LRG Token 4,entity,eth-labels,https://github.com/dawsbot/eth-labels,medium,2026-07-17
0x733af324146dcfe743515d8d77dc25140a07f9e0,bsc,old-contract,Shido Inu: Old SHIDO Token,entity,eth-labels,https://github.com/dawsbot/eth-labels,medium,2026-07-17
0x743370645599ad355c90744d7e9388426ad52d1c,bsc,old-contract,SiaCoin: Old BSCC Token,entity,eth-labels,https://github.com/dawsbot/eth-labels,medium,2026-07-17
0x7473919d322da77b3966cda85764d57f9b13984b,bsc,old-contract,Silent Coin: Old SSH Token,entity,eth-labels,https://github.com/dawsbot/eth-labels,medium,2026-07-17
0x749b033f0e2c68aad08ba68eba7137286d976baf,bsc,old-contract,PataCoin: Old PTCN Token,entity,eth-labels,https://github.com/dawsbot/eth-labels,medium,2026-07-17
0x74b6978f0b449f71c6e7addefd62bbeb3fa89b71,bsc,old-contract,Learning Cash: Old EAD Token,entity,eth-labels,https://github.com/dawsbot/eth-labels,medium,2026-07-17
0x75e8ddb518bb757b4282cd5b83bb70d4101d12fb,bsc,old-contract,NFPrompt: Old NFP Token,entity,eth-labels,https://github.com/dawsbot/eth-labels,medium,2026-07-17
0x75f24a4e61a646729be14c58e5c12385e31103dc,bsc,old-contract,NFTBOOKINg: Old BK Token,entity,eth-labels,https://github.com/dawsbot/eth-labels,medium,2026-07-17
0x75f7f4a191f1b4df217b799a8c4ff101117b7204,bsc,old-contract,TRII: Old TRII Token,entity,eth-labels,https://github.com/dawsbot/eth-labels,medium,2026-07-17
0x76ad43b220ab45cf1604cc038950e6f0620dc185,bsc,old-contract,KYOUNEKO: Old KYO Token,entity,eth-labels,https://github.com/dawsbot/eth-labels,medium,2026-07-17
0x76b7e29212a53166d358daf2b227c3810fe7ff70,bsc,old-contract,Large Chain: Old LRG Token 5,entity,eth-labels,https://github.com/dawsbot/eth-labels,medium,2026-07-17
0x76d3e2d77bdc54ee64a8cd837e4a8b77d5a9cecb,bsc,old-contract,BlocVault: Old BVLT Token,entity,eth-labels,https://github.com/dawsbot/eth-labels,medium,2026-07-17
0x76e08e1c693d42551dd6ba7c2a659f74ff5ba261,bsc,old-contract,Shakita Inu: Old Shak Token,entity,eth-labels,https://github.com/dawsbot/eth-labels,medium,2026-07-17
0x76ebfaca030ede799c7ccbc3f22910392ef13a49,bsc,old-contract,Clowncoin: Old CLOWNS Token,entity,eth-labels,https://github.com/dawsbot/eth-labels,medium,2026-07-17
0x76f76055cf24e882d23944de4d8809309ea2a9e6,bsc,old-contract,Phantasma: Old KCAL Token,entity,eth-labels,https://github.com/dawsbot/eth-labels,medium,2026-07-17
0x7756acb7023a525c2e55041efca7c48f3debae9d,bsc,old-contract,OFFLINE: Old OFF Token,entity,eth-labels,https://github.com/dawsbot/eth-labels,medium,2026-07-17
0x775e57dab90e2d2ca3d179cfb438905579f61760,bsc,old-contract,Artificial Inteligence DeFi: Old AID Token,entity,eth-labels,https://github.com/dawsbot/eth-labels,medium,2026-07-17
0x779209eebdb7bf7eacc9f7df42de2c6d44fbaf59,bsc,old-contract,Sharder: Old SS Token,entity,eth-labels,https://github.com/dawsbot/eth-labels,medium,2026-07-17
0x77988b96e28512aaa183f0875ede8eba69f19867,bsc,old-contract,Cspro Chain: Old CSPRO Token,entity,eth-labels,https://github.com/dawsbot/eth-labels,medium,2026-07-17
0x77b31b2920ac297a5afb3cc25d1ab096847b1a80,bsc,old-contract,Bird Bro: Old BRO Token,entity,eth-labels,https://github.com/dawsbot/eth-labels,medium,2026-07-17
0x77da4c9f846c3ed1e3177bcc894211c45ba478e6,bsc,old-contract,Last Horde: Old HOR Token,entity,eth-labels,https://github.com/dawsbot/eth-labels,medium,2026-07-17
0x786b146de73fa72e5908e9ab4b026178dd8e516a,bsc,old-contract,Chameleon Coin: Old $CHC Token,entity,eth-labels,https://github.com/dawsbot/eth-labels,medium,2026-07-17
0x78e280cf466578d1f3c86cb12aeaa7545adf5672,bsc,old-contract,Help Seed: Old HELPS Token 2,entity,eth-labels,https://github.com/dawsbot/eth-labels,medium,2026-07-17
0x7a4cdf532be7e65cd776c987013727a47fb199e7,bsc,old-contract,ABITCOINGOLD COIN: Old ABG Token,entity,eth-labels,https://github.com/dawsbot/eth-labels,medium,2026-07-17
0x7a565284572d03ec50c35396f7d6001252eb43b6,bsc,old-contract,DogeZilla: Old DogeZilla Token,entity,eth-labels,https://github.com/dawsbot/eth-labels,medium,2026-07-17
0x7b2eb36891d4f5c259dc365e244a95cc7b4eeb64,bsc,old-contract,King of Games and DEX: Old KGD Token,entity,eth-labels,https://github.com/dawsbot/eth-labels,medium,2026-07-17
0x7be04e7e547fa36ab7ac1de08ef5e621ee0e26be,bsc,old-contract,1KISS: Old 1Kiss Token,entity,eth-labels,https://github.com/dawsbot/eth-labels,medium,2026-07-17
0x7c0dce613443a493d69df8aa7623486602e63b65,bsc,old-contract,Quarashi Network: Old QUA Token,entity,eth-labels,https://github.com/dawsbot/eth-labels,medium,2026-07-17
0x7c17c8bed8d14bacce824d020f994f4880d6ab3b,bsc,old-contract,EasyFi: Old EASY Token,entity,eth-labels,https://github.com/dawsbot/eth-labels,medium,2026-07-17
0x7c7cb2b894ea74b4a3ad414871a65226b82b6e30,bsc,old-contract,Rio Token: Old RIT Token,entity,eth-labels,https://github.com/dawsbot/eth-labels,medium,2026-07-17
0x7cd05db9fd7b2fd0d4419f75b7487289e4a7c8f0,bsc,old-contract,SURE FINANCE: Old SURE Token,entity,eth-labels,https://github.com/dawsbot/eth-labels,medium,2026-07-17
0x7ce910a8e811be8cda9a862f799878a96d276e7c,bsc,old-contract,DCAP: Old $DCAP Token,entity,eth-labels,https://github.com/dawsbot/eth-labels,medium,2026-07-17
0x7d7a7f452e04c2a5df792645e8bfaf529adccecf,bsc,old-contract,GEN: Old GEN Token,entity,eth-labels,https://github.com/dawsbot/eth-labels,medium,2026-07-17
0x7d8699eb2a3f328a179a25cf2253a69c1906009c,bsc,old-contract,paimon: Old paim Token,entity,eth-labels,https://github.com/dawsbot/eth-labels,medium,2026-07-17
0x7d99d2c760de063080b1300b5b09fa4e7bd60638,bsc,old-contract,LockPay: Old LOCKPAY Token,entity,eth-labels,https://github.com/dawsbot/eth-labels,medium,2026-07-17
0x7dc3577681038522d796335e73f2efeccca1878d,bsc,old-contract,SwirlToken: Old SwirlX Token,entity,eth-labels,https://github.com/dawsbot/eth-labels,medium,2026-07-17
0x7e17e3d96775d3eee36b7cfe912ec9682c38b4bf,bsc,old-contract,Peccala: Old PECH Token,entity,eth-labels,https://github.com/dawsbot/eth-labels,medium,2026-07-17
0x7e78ad4d0c4fb43df0e11bc9285ed453c2489460,bsc,old-contract,Neon Earth: Old NEARTH Token,entity,eth-labels,https://github.com/dawsbot/eth-labels,medium,2026-07-17
0x7e8a2a8258abd995b8ccae49483ab7eef7dfdc3b,bsc,old-contract,Sacred Tails: Old ST Token,entity,eth-labels,https://github.com/dawsbot/eth-labels,medium,2026-07-17
0x7e971e35ade3d42c5df6d2c979b127198a3bbd79,bsc,old-contract,Encyclopedia: Old ENC Token,entity,eth-labels,https://github.com/dawsbot/eth-labels,medium,2026-07-17
0x7ec3d67f67b5c9085a41f1c664878cbc7868e3c4,bsc,old-contract,BTCBullDog: Old BitDog BSC Token,entity,eth-labels,https://github.com/dawsbot/eth-labels,medium,2026-07-17
0x7f479d78380ad00341fdd7322fe8aef766e29e5a,bsc,old-contract,Old WHIRL Token,entity,eth-labels,https://github.com/dawsbot/eth-labels,medium,2026-07-17
0x7fca168454021700a540e7b61866b69f14c62f7e,bsc,old-contract,MYPO: Old MYPO Token,entity,eth-labels,https://github.com/dawsbot/eth-labels,medium,2026-07-17
0x7fde44d6d8fbb3407d9ef4f5b23550abf0d62dfa,bsc,old-contract,Boba Inu: Old BOBA Token,entity,eth-labels,https://github.com/dawsbot/eth-labels,medium,2026-07-17
0x8076c74c5e3f5852037f31ff0093eeb8c8add8d3,bsc,old-contract,Safemoon Protocol: Old SAFEMOON Token,entity,eth-labels,https://github.com/dawsbot/eth-labels,medium,2026-07-17
0x810390a84fedbc378699e1f5177b2bb62245d595,bsc,old-contract,ElonMars: Old SPX Token,entity,eth-labels,https://github.com/dawsbot/eth-labels,medium,2026-07-17
0x81d7a0cd230772ffdb6d72ee8f4235c2a1680ef4,bsc,old-contract,Alpha BONK: Old aBONK Token,entity,eth-labels,https://github.com/dawsbot/eth-labels,medium,2026-07-17
0x8249bc1dea00660d2d38df126b53c6c9a733e942,bsc,old-contract,Bami DeFi: Old BAMI Token,entity,eth-labels,https://github.com/dawsbot/eth-labels,medium,2026-07-17
0x833870ad206af112b30808ea88777e4f528a00ce,bsc,old-contract,Twizzler: Old TWZR Token,entity,eth-labels,https://github.com/dawsbot/eth-labels,medium,2026-07-17
0x833f263d574432eab59eaed0e2d970774c86ef98,bsc,old-contract,Parallel Universe Meta: Old METAPUL Token,entity,eth-labels,https://github.com/dawsbot/eth-labels,medium,2026-07-17
0x83cf2ffcdfd272a69cc348c2937d1c08732b7a17,bsc,old-contract,FPX: Old FPX Token,entity,eth-labels,https://github.com/dawsbot/eth-labels,medium,2026-07-17
0x841dc7a49e0825bdf3ee585cfb6e553495915ace,bsc,old-contract,Soakmont: Old SOAK Token,entity,eth-labels,https://github.com/dawsbot/eth-labels,medium,2026-07-17
0x84363f235865cd0e1f3fea6d601e75aac80cbbd7,bsc,old-contract,VORZ: Old VORZ Token,entity,eth-labels,https://github.com/dawsbot/eth-labels,medium,2026-07-17
0x8473927b49e6dd0548f8287ea94109b7b753e3cf,bsc,old-contract,Green Beli: Old GRBE Token,entity,eth-labels,https://github.com/dawsbot/eth-labels,medium,2026-07-17
0x847f74de0131fe0c7ddf4f561d9850786766d2dd,bsc,old-contract,Flipper Coin: Old FLIP Token,entity,eth-labels,https://github.com/dawsbot/eth-labels,medium,2026-07-17
0x84b03133534a1fe44a6479771574970804d3310b,bsc,old-contract,null,entity,eth-labels,https://github.com/dawsbot/eth-labels,medium,2026-07-17
0x84d1383ab686a0fa8c2b99cc51d5382933148fe1,bsc,old-contract,Adene: Old ADEN Token,entity,eth-labels,https://github.com/dawsbot/eth-labels,medium,2026-07-17
0x84e70f388aad5b4df0ee5935fda76c27c3bb63ad,bsc,old-contract,FLOSHİDO INU: Old Floshido Token,entity,eth-labels,https://github.com/dawsbot/eth-labels,medium,2026-07-17
0x84febb6e199bf61a7e0277a08edfbbfd6e39b735,bsc,old-contract,Probinex: Old PBX Token,entity,eth-labels,https://github.com/dawsbot/eth-labels,medium,2026-07-17
0x856c0f9bdd671c1fb07eef9b5f01544e35e14a16,bsc,old-contract,ChimpySwap: Old CHIMPY Token,entity,eth-labels,https://github.com/dawsbot/eth-labels,medium,2026-07-17
0x85eac5ac2f758618dfa09bdbe0cf174e7d574d5b,bsc,old-contract,Tron Network: Old TRX Token,entity,eth-labels,https://github.com/dawsbot/eth-labels,medium,2026-07-17
0x861c52c13c7c1fbd863d73501fad9007ece2fbb4,bsc,old-contract,Clear Chain Life Company: Old CCLC Token,entity,eth-labels,https://github.com/dawsbot/eth-labels,medium,2026-07-17
0x86accc2580da5bd522a0eec7c881a0d4f33de657,bsc,old-contract,Crypto Snack: Old SNACK Token,entity,eth-labels,https://github.com/dawsbot/eth-labels,medium,2026-07-17
0x872a34ebb2d54af86827810eebc7b9dc6b2144aa,bsc,old-contract,RocketVault: Old RVF Token,entity,eth-labels,https://github.com/dawsbot/eth-labels,medium,2026-07-17
0x87328c5c33f79bf44eb38063d5f306c54b405e58,bsc,old-contract,BatiCat: Old BTC Token,entity,eth-labels,https://github.com/dawsbot/eth-labels,medium,2026-07-17
0x87be61582ab6f09e6a459332695d1028b6596405,bsc,old-contract,SwedSwap: Old SVE Token,entity,eth-labels,https://github.com/dawsbot/eth-labels,medium,2026-07-17
0x87cb6515d5d732a4e5103279775e28ee00d71986,bsc,old-contract,Slinky Finance: Old INK Token,entity,eth-labels,https://github.com/dawsbot/eth-labels,medium,2026-07-17
0x87d3cde4c62e5ace93d3e51a07cbf962d3a68d61,bsc,old-contract,Dentro: OLD DENTRO Token,entity,eth-labels,https://github.com/dawsbot/eth-labels,medium,2026-07-17
0x88a6d7986971ed591f1da71adcfe817ca441bc28,bsc,old-contract,HeroFi: Old ROFI Token,entity,eth-labels,https://github.com/dawsbot/eth-labels,medium,2026-07-17
0x88f2f84be0010ddeaa29ea2eb162d9d395569a83,bsc,old-contract,LURE: Old LURE Token 2,entity,eth-labels,https://github.com/dawsbot/eth-labels,medium,2026-07-17
0x899369213fa897a0611417c7abf413e464b10114,bsc,old-contract,Cue Protocol: Old CUEX Token,entity,eth-labels,https://github.com/dawsbot/eth-labels,medium,2026-07-17
0x89f2a5463ef4e4176e57eef2b2fdd256bf4bc2bd,bsc,old-contract,Citizen Finance: Old CIFI Token,entity,eth-labels,https://github.com/dawsbot/eth-labels,medium,2026-07-17
0x8a1fd7b34e8df2a8c071783e94ebaf92d09a30c9,bsc,old-contract,PersianCoin: Old PERS Token,entity,eth-labels,https://github.com/dawsbot/eth-labels,medium,2026-07-17
0x8ab34fbc9cc4d66e889b0d0ab78cc5a4dc2709dc,bsc,old-contract,New Live Aid: Old AID Token,entity,eth-labels,https://github.com/dawsbot/eth-labels,medium,2026-07-17
0x8ad8e9b85787ddd0d31b32ecf655e93bfc0747ef,bsc,old-contract,Sombra Network: Old SMBR Token,entity,eth-labels,https://github.com/dawsbot/eth-labels,medium,2026-07-17
0x8ada51404f297bf2603912d1606340223c0a7784,bsc,old-contract,Kenshi: Old KENSHI Token,entity,eth-labels,https://github.com/dawsbot/eth-labels,medium,2026-07-17
0x8b3b45e48be6c31366ffd9dd4f29c1edffcba97d,bsc,old-contract,Wraith: Old WRAITH Token,entity,eth-labels,https://github.com/dawsbot/eth-labels,medium,2026-07-17
0x8b3f1f44bf4d1bbad3965d2745917afe3fac7343,bsc,old-contract,XHYPE: Old XHP Token,entity,eth-labels,https://github.com/dawsbot/eth-labels,medium,2026-07-17
0x8bb0d1f0d5c83845d91a14df4106acd8df25f98e,bsc,old-contract,Shiba Inu Gold: Old LEASHG Token,entity,eth-labels,https://github.com/dawsbot/eth-labels,medium,2026-07-17
0x8c29e9086001a3a2c10a39b56c01e1d053c8f8b9,bsc,old-contract,Bowled.io: Old BWLD Token,entity,eth-labels,https://github.com/dawsbot/eth-labels,medium,2026-07-17
0x8d2f15dccbf9cb28ad8c564753f7c4bf30638151,bsc,old-contract,NO COVID 19: Old CVD19 Token,entity,eth-labels,https://github.com/dawsbot/eth-labels,medium,2026-07-17
0x8dfb7d4948049269fd68419b0389609b2bda398b,bsc,old-contract,Poor Doge: Old PDOGE Token,entity,eth-labels,https://github.com/dawsbot/eth-labels,medium,2026-07-17
0x8eed244b919a452e6d1db952fa6c04e47f6a7827,bsc,old-contract,CashHand: Old WCHND Token 2,entity,eth-labels,https://github.com/dawsbot/eth-labels,medium,2026-07-17
0x8ef13629803fcfdbeaebbe357d795771896de670,bsc,old-contract,Blockchain Europe Project: Old BEPR Token,entity,eth-labels,https://github.com/dawsbot/eth-labels,medium,2026-07-17
0x8f661bd044b8799fde621079e4a48171848ad614,bsc,old-contract,8bit NFT Space: Old 8BIT Token,entity,eth-labels,https://github.com/dawsbot/eth-labels,medium,2026-07-17
0x8f74eb8c63f000fb546df9bb8c3b0193e8d30536,bsc,old-contract,Waifu: Old Waifu Token 2,entity,eth-labels,https://github.com/dawsbot/eth-labels,medium,2026-07-17
0x8f8a854865c7b16f75f2b8f251475558045d29a3,bsc,old-contract,FenixFinance: Old FENIX Token,entity,eth-labels,https://github.com/dawsbot/eth-labels,medium,2026-07-17
0x9029fdfae9a03135846381c7ce16595c3554e10a,bsc,old-contract,OpenOcean: Old OOE Token,entity,eth-labels,https://github.com/dawsbot/eth-labels,medium,2026-07-17
0x90f16381b25b80e55ae772e7bc7485a4f8ecd7f3,bsc,old-contract,XSPACEGAME: Old XSPACE Token,entity,eth-labels,https://github.com/dawsbot/eth-labels,medium,2026-07-17
0x91011693694bcb5838ddbc8cb328e6af340b1f13,bsc,old-contract,Shepherd Inu: Old Sinu Token,entity,eth-labels,https://github.com/dawsbot/eth-labels,medium,2026-07-17
0x9105f25a9d6b3d289cc7315b0b4e0b91f3806fb1,bsc,old-contract,ShibamasK: Old SHBMA Token,entity,eth-labels,https://github.com/dawsbot/eth-labels,medium,2026-07-17
0x91887c833fc675c722324699619e56b2b62f6001,bsc,old-contract,BAO: Old BAO Token,entity,eth-labels,https://github.com/dawsbot/eth-labels,medium,2026-07-17
0x92a0d359c87b8f3fe383aa0a42c19d1a2afe6be0,bsc,old-contract,Earneo: Old RNO Token,entity,eth-labels,https://github.com/dawsbot/eth-labels,medium,2026-07-17
0x9319991f12119b3effa9dde8d3d7395886088ab2,bsc,old-contract,Visionarians: Old VIS Token,entity,eth-labels,https://github.com/dawsbot/eth-labels,medium,2026-07-17
0x935c6250603cabf53e4da0edac310a1de7ddbcd5,bsc,old-contract,Rin Finance: Old RiFi Token,entity,eth-labels,https://github.com/dawsbot/eth-labels,medium,2026-07-17
0x942fe78bbc78f84765cdef069193afaee3efbca2,bsc,old-contract,BlocVault: Old BLVT Token,entity,eth-labels,https://github.com/dawsbot/eth-labels,medium,2026-07-17
0x94babbe728d9411612ee41b20241a6fa251b26ce,bsc,old-contract,Jet Fuel: Old GFCE Token,entity,eth-labels,https://github.com/dawsbot/eth-labels,medium,2026-07-17
0x94c02774ccb45e5535582809c4f65fdff75de522,bsc,old-contract,Large Chain: Old LRG Token,entity,eth-labels,https://github.com/dawsbot/eth-labels,medium,2026-07-17
0x95d069eaac385596de6f0f22ac0a5f1213242f42,bsc,old-contract,Diamond Dogs: Old DIADOGS Token,entity,eth-labels,https://github.com/dawsbot/eth-labels,medium,2026-07-17
0x95e052330ffb5831ed2c00144ee5d1aa5f6733e4,bsc,old-contract,Xiro Finance: Old XIROFI Token,entity,eth-labels,https://github.com/dawsbot/eth-labels,medium,2026-07-17
0x95e7c70b58790a1cbd377bc403cd7e9be7e0afb1,bsc,old-contract,YSL.IO: Old YSL Token,entity,eth-labels,https://github.com/dawsbot/eth-labels,medium,2026-07-17
0x960a69e979d2f507e80121f41d984ea8ad83cd76,bsc,old-contract,Gamerse: Old LFG Token,entity,eth-labels,https://github.com/dawsbot/eth-labels,medium,2026-07-17
0x961c8c0b1aad0c0b10a51fef6a867e3091bcef17,bsc,old-contract,DeFi Yield Protocol: Old DYP Token,entity,eth-labels,https://github.com/dawsbot/eth-labels,medium,2026-07-17
0x9658a570dbf8f071d1be6e103bd451e3734b5171,bsc,old-contract,Kryptomons: Old KMON Token,entity,eth-labels,https://github.com/dawsbot/eth-labels,medium,2026-07-17
0x97a62fd3d3f580f89d6617884d6c6c5051e1c5f0,bsc,old-contract,LocoMeta: Old LOCO Token 2,entity,eth-labels,https://github.com/dawsbot/eth-labels,medium,2026-07-17
0x97d858ec687b895664239b56561b4903bfc1519d,bsc,old-contract,Tres Leches Cupcake: Old 3LechesCC Token 2,entity,eth-labels,https://github.com/dawsbot/eth-labels,medium,2026-07-17
0x98474b7a245d17cd085334491289e0ac725a3d60,bsc,old-contract,Metalunr: Old MLUNR Token,entity,eth-labels,https://github.com/dawsbot/eth-labels,medium,2026-07-17
0x984e9818592bd27ede6455f6cb0970f4e90dba52,bsc,old-contract,Crypto Swap: Old CPSP Token,entity,eth-labels,https://github.com/dawsbot/eth-labels,medium,2026-07-17
0x98bc4773bd1e9a53631fd6028e06cd6cd17b7401,bsc,old-contract,Monkey Token: Old MBY Token,entity,eth-labels,https://github.com/dawsbot/eth-labels,medium,2026-07-17
0x98f8669f6481ebb341b522fcd3663f79a3d1a6a7,bsc,old-contract,Nest Protocol: Old NEST Token,entity,eth-labels,https://github.com/dawsbot/eth-labels,medium,2026-07-17
0x9906dbded3dbf64a1f69b6e89a5c9f2e94d12a79,bsc,old-contract,USDTV: Old USDTV Token,entity,eth-labels,https://github.com/dawsbot/eth-labels,medium,2026-07-17
0x99210bd0409ead49283300fd12e4c70402a402c5,bsc,old-contract,ZBoom: Old ZBM Token,entity,eth-labels,https://github.com/dawsbot/eth-labels,medium,2026-07-17
0x9974f4e6ff49ac39469928e5d7cca3e8649ae6b8,bsc,old-contract,PathFund: Old PATH Token,entity,eth-labels,https://github.com/dawsbot/eth-labels,medium,2026-07-17
0x99817d1ad80fab8f05eb3cd1afacb5a62597a83b,bsc,old-contract,nbcbanq: Old USDN Token,entity,eth-labels,https://github.com/dawsbot/eth-labels,medium,2026-07-17
0x99f1699b33f80ea30b7d0138c749363cce3d8e39,bsc,old-contract,Nft Gaming Stars: Old GS1 Token,entity,eth-labels,https://github.com/dawsbot/eth-labels,medium,2026-07-17
0x9a1f28e4968eb6e619d928b0485171c6f6b84cda,bsc,old-contract,MYPO: Old MYPO Token,entity,eth-labels,https://github.com/dawsbot/eth-labels,medium,2026-07-17
0x9aeef0e0dcd344c5180d41f666f3aba1da292eb2,bsc,old-contract,Jar: Old Jar Token,entity,eth-labels,https://github.com/dawsbot/eth-labels,medium,2026-07-17
0x9b449ce235806c2b9a2cdcb3dbe1cc2df6fa47d4,bsc,old-contract,MAFA: Old MAFA Token,entity,eth-labels,https://github.com/dawsbot/eth-labels,medium,2026-07-17
0x9b9d617d3445f0147ece2322bace8db2768d2770,bsc,old-contract,Cue Protocol: Old CUE Token,entity,eth-labels,https://github.com/dawsbot/eth-labels,medium,2026-07-17
0x9c2f291b3460677c8398a5ea19747cef4987a9f2,bsc,old-contract,Abitshadow: Old ABST Token,entity,eth-labels,https://github.com/dawsbot/eth-labels,medium,2026-07-17
0x9c6e6957b8f63f213516763d12dfd295423b5812,bsc,old-contract,INME SWAP: Old INMES Token 2,entity,eth-labels,https://github.com/dawsbot/eth-labels,medium,2026-07-17
0x9d0bbff00a3961455ccb87e43596c7e846e57e7a,bsc,old-contract,LYO CREDIT: LYO Old Token,entity,eth-labels,https://github.com/dawsbot/eth-labels,medium,2026-07-17
0x9d9affac2175ef541642035ab66f5fe7df813851,bsc,old-contract,Space Token: Old SPACE Token,entity,eth-labels,https://github.com/dawsbot/eth-labels,medium,2026-07-17
0x9ec55d57208cb28a7714a2ea3468bd9d5bb15125,bsc,old-contract,GOMA: Old GOMA Token,entity,eth-labels,https://github.com/dawsbot/eth-labels,medium,2026-07-17
0xa0451f8820cfb45ced3a90470901e1db38fb7b8f,bsc,old-contract,CashHand: Old CHND Token,entity,eth-labels,https://github.com/dawsbot/eth-labels,medium,2026-07-17
0xa123ab52a32267dc357b7599739d3c6caf856fe4,bsc,old-contract,AIR: Old AIR Token,entity,eth-labels,https://github.com/dawsbot/eth-labels,medium,2026-07-17
0xa1c81a257a8479aecb5fe999e8aff6d4483de069,bsc,old-contract,BSC Station: Old BSCS Token,entity,eth-labels,https://github.com/dawsbot/eth-labels,medium,2026-07-17
0xa1cbd4abaab211033d7ac9332c5c570f3157bfa0,bsc,old-contract,Gelle Fra: Old GFT Token,entity,eth-labels,https://github.com/dawsbot/eth-labels,medium,2026-07-17
0xa1e6c58d503e4eee986167f45a063853cefe08c3,bsc,old-contract,SUN.io: Old SUN Token,entity,eth-labels,https://github.com/dawsbot/eth-labels,medium,2026-07-17
0xa29c45d23ee1069a2a77362208daa305eda4cc7b,bsc,old-contract,Kazama Senshi: Old KAZAMA Token,entity,eth-labels,https://github.com/dawsbot/eth-labels,medium,2026-07-17
0xa29fbc10bf1c2e7b108e8704732f4bb0b10c0da5,bsc,old-contract,Spring Game: Old SPR Token,entity,eth-labels,https://github.com/dawsbot/eth-labels,medium,2026-07-17
0xa2b3b90a1c66b61e09299889a22651e4b2ba9f1a,bsc,old-contract,iRent: Old IRE Token,entity,eth-labels,https://github.com/dawsbot/eth-labels,medium,2026-07-17
0xa2caa95c31f02bfd19dcc1b96cc9e75ed337d7aa,bsc,old-contract,Roflcoin: Old ROFL Token 2,entity,eth-labels,https://github.com/dawsbot/eth-labels,medium,2026-07-17
0xa30d02c5cdb6a76e47ea0d65f369fd39618541fe,bsc,old-contract,DogeGaySon: Old GOGE Token,entity,eth-labels,https://github.com/dawsbot/eth-labels,medium,2026-07-17
0xa3506a4f978862a296b29816c4e65cf1a6f54aaa,bsc,old-contract,Cord Finance: Old CORD Token,entity,eth-labels,https://github.com/dawsbot/eth-labels,medium,2026-07-17
0xa3a9d092f40d2642b1dbaceb5df6b0c7940f9ab4,bsc,old-contract,Ninance: Old ERA Token,entity,eth-labels,https://github.com/dawsbot/eth-labels,medium,2026-07-17
0xa428ac85dbf40047645e18866e70d27103091355,bsc,old-contract,Trodl: Old TRO Token,entity,eth-labels,https://github.com/dawsbot/eth-labels,medium,2026-07-17
0xa4e26bd6dcba9021dcd3a1159ba52e97cd770b8a,bsc,old-contract,Babylonia: Old BABY Token,entity,eth-labels,https://github.com/dawsbot/eth-labels,medium,2026-07-17
0xa59402ec3f899d5f5e0b00a0da8e2d978bdc5a37,bsc,old-contract,Buff Unicorn: Old BUFFUNI Token 2,entity,eth-labels,https://github.com/dawsbot/eth-labels,medium,2026-07-17
0xa59e9a03ca703e2ae244cb3ae0796bd76c2cecaa,bsc,old-contract,TwogeCEO: Old TWOGECEO Token,entity,eth-labels,https://github.com/dawsbot/eth-labels,medium,2026-07-17
0xa5ad1a76f1864378661f9b0b3beda1af6b6ffe40,bsc,old-contract,Metaverse Future: Old METAF Token,entity,eth-labels,https://github.com/dawsbot/eth-labels,medium,2026-07-17
0xa612215a730415f4c0cae6dec401f4bb8fb599c1,bsc,old-contract,MemeVR Official Crypto Token: Old MemeVR Token,entity,eth-labels,https://github.com/dawsbot/eth-labels,medium,2026-07-17
0xa6272359bc37f61af398071b65c8934aca744d53,bsc,old-contract,Gokumarket: Old GMC Token,entity,eth-labels,https://github.com/dawsbot/eth-labels,medium,2026-07-17
0xa68fe5c34d954d515ed1ef7293aa59e69962c700,bsc,old-contract,zom.health: Old bZOM Token,entity,eth-labels,https://github.com/dawsbot/eth-labels,medium,2026-07-17
0xa6bf49ab16c2b42a6bc9c6eb531873a53f5e43d7,bsc,old-contract,DonaSwap: Old DONA Token 2,entity,eth-labels,https://github.com/dawsbot/eth-labels,medium,2026-07-17
0xa77346760341460b42c230ca6d21d4c8e743fa9c,bsc,old-contract,MicroPets: Old PETS Token,entity,eth-labels,https://github.com/dawsbot/eth-labels,medium,2026-07-17
0xa8547664f30e8ae543661a5c2d7a15f3ef13b9dc,bsc,old-contract,CoinLogin: Old CLG Token,entity,eth-labels,https://github.com/dawsbot/eth-labels,medium,2026-07-17
0xa862bdc2db5fed053c3c30d35dfeb326c1acdec4,bsc,old-contract,CryptoRose: Old CROSE Token,entity,eth-labels,https://github.com/dawsbot/eth-labels,medium,2026-07-17
0xa8736ccd4dffe852198767a2a529b94b2afd81d6,bsc,old-contract,FunFund DAO: Old FUND Token,entity,eth-labels,https://github.com/dawsbot/eth-labels,medium,2026-07-17
0xa879da2e634fa7037aef7440915fd0b4418353dd,bsc,old-contract,NFTB: Old NFTB Token,entity,eth-labels,https://github.com/dawsbot/eth-labels,medium,2026-07-17
0xa8b474f3cb2261258931ccfb3ef89865c96dee38,bsc,old-contract,Zeedex: Old ZDEXb Token,entity,eth-labels,https://github.com/dawsbot/eth-labels,medium,2026-07-17
0xa8c514d991f59bab02d32b68f04204cb89261c88,bsc,old-contract,Safe Protocol: Old SAFEP Token,entity,eth-labels,https://github.com/dawsbot/eth-labels,medium,2026-07-17
0xa923180ef71e81f21b36941fb62d954af21c60a3,bsc,old-contract,Rags: Old RAGSCOIN Token,entity,eth-labels,https://github.com/dawsbot/eth-labels,medium,2026-07-17
0xa946ceb38e931554a570fa19d576493883ffe53e,bsc,old-contract,Kazama Senshi: Old KAZAMA Token 2,entity,eth-labels,https://github.com/dawsbot/eth-labels,medium,2026-07-17
0xa9631bbbf966a0664c3b924ed6f1dfd80611081e,bsc,old-contract,The Last War: Old TLW Token,entity,eth-labels,https://github.com/dawsbot/eth-labels,medium,2026-07-17
0xa9e054014defa5bff26b7baef53a2d7faf997929,bsc,old-contract,BEP40 COIN: Old BEP40 Token,entity,eth-labels,https://github.com/dawsbot/eth-labels,medium,2026-07-17
0xa9e85f8e01e9bc1ed13ba341a6cf769efa2a7087,bsc,old-contract,Shiru: Old SHIRU Token,entity,eth-labels,https://github.com/dawsbot/eth-labels,medium,2026-07-17
0xaaa7a10a8ee237ea61e8ac46c50a8db8bcc1baaa,bsc,old-contract,QAN Platform: OLD QANX Token,entity,eth-labels,https://github.com/dawsbot/eth-labels,medium,2026-07-17
0xab14952d2902343fde7c65d7dc095e5c8be86920,bsc,old-contract,GOMA Finance: Old GOMA Token,entity,eth-labels,https://github.com/dawsbot/eth-labels,medium,2026-07-17
0xab671fc9b93fd585da61ba672d6f3c1a43436069,bsc,old-contract,iXiR SWAP: Old iXiR Token,entity,eth-labels,https://github.com/dawsbot/eth-labels,medium,2026-07-17
0xabd39b54ef6af54b64ec106b75aec10a815b02c5,bsc,old-contract,BABY HANDS COIN: Old BABYHANDS Token,entity,eth-labels,https://github.com/dawsbot/eth-labels,medium,2026-07-17
0xac019ee3863984ea66ab357a491d37fb2c9c6f17,bsc,old-contract,BAO Ecosystem: Old BAO Token,entity,eth-labels,https://github.com/dawsbot/eth-labels,medium,2026-07-17
0xacfc95585d80ab62f67a14c566c1b7a49fe91167,bsc,old-contract,Feg: Old FEG Token,entity,eth-labels,https://github.com/dawsbot/eth-labels,medium,2026-07-17
0xad070194f0644cec996b9a8076eabf09e82921ea,bsc,old-contract,CoinCAS: Old CAS Token,entity,eth-labels,https://github.com/dawsbot/eth-labels,medium,2026-07-17
0xad1898d4d222ccb2ae8e36585c7bf2a59984a736,bsc,old-contract,Edgeware: Old EDG Token,entity,eth-labels,https://github.com/dawsbot/eth-labels,medium,2026-07-17
0xae90ae6320c60da6cbdd35335cb95c76f5700023,bsc,old-contract,Prodox Ecosystem: Old DOX Token,entity,eth-labels,https://github.com/dawsbot/eth-labels,medium,2026-07-17
0xaeb9bba1377e2154e858c708d35013671993301a,bsc,old-contract,Blazar Token: Old BLAZAR Token,entity,eth-labels,https://github.com/dawsbot/eth-labels,medium,2026-07-17
0xaede8306171b2aac22cf4f39a63aae09e99a488c,bsc,old-contract,Digital Bureaucracy: Old DBC Token,entity,eth-labels,https://github.com/dawsbot/eth-labels,medium,2026-07-17
0xaf0774325a4b744dd4e7c859850dc54c478bc5f5,bsc,old-contract,Hugo Finance: Old HUGO Token,entity,eth-labels,https://github.com/dawsbot/eth-labels,medium,2026-07-17
0xaf106e95d909b76b9876ff6ffc1ccb4b3b4db0e1,bsc,old-contract,Supersonic: Old SSN Token,entity,eth-labels,https://github.com/dawsbot/eth-labels,medium,2026-07-17
0xaf271839f2e37965a255945dcb8249d5f6a0b2d3,bsc,old-contract,A.I.Genesis Official: Old AIG Token,entity,eth-labels,https://github.com/dawsbot/eth-labels,medium,2026-07-17
0xaf44400a99a9693bf3c2e89b02652babacc5cdb9,bsc,old-contract,Mafagafo: Old MAFA Token 1,entity,eth-labels,https://github.com/dawsbot/eth-labels,medium,2026-07-17
0xaf93908f5f8d66b50e11d7de06f688dde373c0cc,bsc,old-contract,Medabots: Old MON Token 2,entity,eth-labels,https://github.com/dawsbot/eth-labels,medium,2026-07-17
0xafb64e73def6faa8b6ef9a6fb7312d5c4c15ebdb,bsc,old-contract,Grove: Old GVR Token,entity,eth-labels,https://github.com/dawsbot/eth-labels,medium,2026-07-17
0xb01228c32f85db30b8f9fc59256b40c716b0e891,bsc,old-contract,Cord Finance: Old VACC Token,entity,eth-labels,https://github.com/dawsbot/eth-labels,medium,2026-07-17
0xb05f2551e4dc3f3ba59e8bc514c7d4c5ea2c60d2,bsc,old-contract,MOONCUM: Old MCUM Token,entity,eth-labels,https://github.com/dawsbot/eth-labels,medium,2026-07-17
0xb08ba4ad6bc291f4f1e79c4c7f9395141b8d5797,bsc,old-contract,INTDESTCOIN: Old INTD Token,entity,eth-labels,https://github.com/dawsbot/eth-labels,medium,2026-07-17
0xb0d9bd0937720956b3f1d4cab7d54ebab1dcba7f,bsc,old-contract,Cryptopia Land: Old CLD Token,entity,eth-labels,https://github.com/dawsbot/eth-labels,medium,2026-07-17
0xb1ad73adc0c46fa1f0303b1585570f561a5edc8c,bsc,old-contract,Shelter Coin: Old SHELTER Token,entity,eth-labels,https://github.com/dawsbot/eth-labels,medium,2026-07-17
0xb1b17dff66d75b29d34f0bf8622c406d8219b507,bsc,old-contract,Crudeoil Finance: Old OIL Token,entity,eth-labels,https://github.com/dawsbot/eth-labels,medium,2026-07-17
0xb277db4f19fc79f87569ac34eff5d1d50d4aeb8b,bsc,old-contract,Cockapoo: Old CPOO Token,entity,eth-labels,https://github.com/dawsbot/eth-labels,medium,2026-07-17
0xb2a1713acf4ab486e2e5f95d1481c476a1f0123d,bsc,old-contract,CryptoIRA: Old CIRA Token,entity,eth-labels,https://github.com/dawsbot/eth-labels,medium,2026-07-17
0xb2fca47c33cc4bf35301b702e21bcdb30e06f079,bsc,old-contract,Incinerator: Old BURNT Token,entity,eth-labels,https://github.com/dawsbot/eth-labels,medium,2026-07-17
0xb3225ac90b741f762beca76dea1ead278ef26a96,bsc,old-contract,LOFcrypto: Old LOF Token,entity,eth-labels,https://github.com/dawsbot/eth-labels,medium,2026-07-17
0xb33a7d69ce890445ff861b82d5d8f9ce2dd8f339,bsc,old-contract,Lithosphere: Old LITHO Token,entity,eth-labels,https://github.com/dawsbot/eth-labels,medium,2026-07-17
0xb35c9eaa5957563594f7411c6ca2755640253c15,bsc,old-contract,Vaulty: Old VLTY Token,entity,eth-labels,https://github.com/dawsbot/eth-labels,medium,2026-07-17
0xb37b51c5c4c934468b49b55fec15e76c9b538ff3,bsc,old-contract,DegenSwap: Old DEGEN Token,entity,eth-labels,https://github.com/dawsbot/eth-labels,medium,2026-07-17
0xb3e1d840bb97d9fc0012a6372a7c05bcc3d71077,bsc,old-contract,DogeCEO: Old DOGECEO Token,entity,eth-labels,https://github.com/dawsbot/eth-labels,medium,2026-07-17
0xb3e92a9a4fe13b54914e79c62083865b0f4ba6be,bsc,old-contract,Altostream: Old ALTO Token,entity,eth-labels,https://github.com/dawsbot/eth-labels,medium,2026-07-17
0xb45f305acaf7bec63e30c669737ed8e7aa4c1d33,bsc,old-contract,ArtemisX: Old ArtemisX Token,entity,eth-labels,https://github.com/dawsbot/eth-labels,medium,2026-07-17
0xb4df5604a119e9412c0b798c81bd7030f4ba9e9e,bsc,old-contract,Purchasa: Old PCA Token,entity,eth-labels,https://github.com/dawsbot/eth-labels,medium,2026-07-17
0xb59ee72a6b5fd99e0e9cb1130e7d697cd08c6e6d,bsc,old-contract,Nuff Respect: Old NUFF Token,entity,eth-labels,https://github.com/dawsbot/eth-labels,medium,2026-07-17
0xb5b61a66d2f2ffdbc76835981a1dc1637663cb04,bsc,old-contract,ASENIX: Old ENIX Token,entity,eth-labels,https://github.com/dawsbot/eth-labels,medium,2026-07-17
0xb5f1a79aa62b9c2ca174ad8bbbad329f0cc90255,bsc,old-contract,The ZMoney: Old ZPAYA Token,entity,eth-labels,https://github.com/dawsbot/eth-labels,medium,2026-07-17
0xb62019cabdc50b5a3706535e66020549298fdf32,bsc,old-contract,Planet Cats: Old CATCOIN Token,entity,eth-labels,https://github.com/dawsbot/eth-labels,medium,2026-07-17
0xb69a424df8c737a122d0e60695382b3eec07ff4b,bsc,old-contract,MahaDAO: Old ARTH Token,entity,eth-labels,https://github.com/dawsbot/eth-labels,medium,2026-07-17
0xb7258450681f4aad0ab24e336648d44a6696b30f,bsc,old-contract,DragonSB: Old SB Token,entity,eth-labels,https://github.com/dawsbot/eth-labels,medium,2026-07-17
0xb75634793828e03b7ec4a3eccd856ce399a4fa5a,bsc,old-contract,Feed The World Global: Old FTWG Token,entity,eth-labels,https://github.com/dawsbot/eth-labels,medium,2026-07-17
0xb78cb1bd3880cbc13c0d032e78e5f7b051eea810,bsc,old-contract,Quka DAO: Old QUKA Token,entity,eth-labels,https://github.com/dawsbot/eth-labels,medium,2026-07-17
0xb910d0cceb25de3d359cedd02e30b1ca2a9238d7,bsc,old-contract,AJAX: Old AJAX Token,entity,eth-labels,https://github.com/dawsbot/eth-labels,medium,2026-07-17
0xb9a5676c1614ab480b361a447d1e99c8826e84c9,bsc,old-contract,Community Inu: Old CTI Token,entity,eth-labels,https://github.com/dawsbot/eth-labels,medium,2026-07-17
0xb9abeb2e1256120ab085ce99803689a85aa230f7,bsc,old-contract,Lunar: Old LNR Token 2,entity,eth-labels,https://github.com/dawsbot/eth-labels,medium,2026-07-17
0xb9c7099d2fbbf82314de08045745daf951cdda85,bsc,old-contract,BitNautic: Old BTNT Token,entity,eth-labels,https://github.com/dawsbot/eth-labels,medium,2026-07-17
0xb9d55cbc1e10a72f1b4d236c7576c0672b7770bc,bsc,old-contract,KNIGHT DOGE: Old KNIGHTDOGE Token,entity,eth-labels,https://github.com/dawsbot/eth-labels,medium,2026-07-17
0xba817fdf1a800f4151d559b7072731af113df520,bsc,old-contract,Limewheels: Old LIME Token,entity,eth-labels,https://github.com/dawsbot/eth-labels,medium,2026-07-17
0xbaae1192b9a115391ed2062b3a5f5d3509461ccb,bsc,old-contract,IOTEN: Old IOTN Token,entity,eth-labels,https://github.com/dawsbot/eth-labels,medium,2026-07-17
0xbae6925313a8063ffde1e09acc76d44a5e637119,bsc,old-contract,OUD : Old OUD Token,entity,eth-labels,https://github.com/dawsbot/eth-labels,medium,2026-07-17
0xbaea100c5f47458e632462520e1e9cb5eec78f49,bsc,old-contract,Shree Live: Old SHR Token,entity,eth-labels,https://github.com/dawsbot/eth-labels,medium,2026-07-17
0xbb9827b1cf95e45c4c41c1899a7f51e37c17aaf2,bsc,old-contract,TitterShiba: TTSB Token,entity,eth-labels,https://github.com/dawsbot/eth-labels,medium,2026-07-17
0xbbaadf84b9fa0735c95d5fcb37174b31fb376cb2,bsc,old-contract,DC Pay: Old DCPAY Token,entity,eth-labels,https://github.com/dawsbot/eth-labels,medium,2026-07-17
0xbc4421912214768aa1344ecea3b4d521bc5c2f89,bsc,old-contract,Twinci: Old TWIN Token,entity,eth-labels,https://github.com/dawsbot/eth-labels,medium,2026-07-17
0xbc68c06c0d2cb2fd3ac43f6e572cdd082218a894,bsc,old-contract,Metegg DeFi: Old MDEFI Token,entity,eth-labels,https://github.com/dawsbot/eth-labels,medium,2026-07-17
0xbc81ea817b579ec0334bca8e65e436b7cb540147,bsc,old-contract,Laqira Protocol: Old LQR Token,entity,eth-labels,https://github.com/dawsbot/eth-labels,medium,2026-07-17
0xbcd11ab2bf67729f498d55d376fb9de8fee41d7f,bsc,old-contract,Shiba Shiru: Old SHIRU Token,entity,eth-labels,https://github.com/dawsbot/eth-labels,medium,2026-07-17
0xbce2b12e3aa25225ed716c09c464df528b1e5916,bsc,old-contract,Werecoin: Old BWRC Token,entity,eth-labels,https://github.com/dawsbot/eth-labels,medium,2026-07-17
0xbd28993cc3b1e2ce9caad7edb11ad3770e45ad63,bsc,old-contract,Tetherino: Old TTR Token,entity,eth-labels,https://github.com/dawsbot/eth-labels,medium,2026-07-17
0xbd9a43ba37a748b89331bd5df2ab5bc7815cc6bb,bsc,old-contract,Dx Spot: Old DXS Token 1,entity,eth-labels,https://github.com/dawsbot/eth-labels,medium,2026-07-17
0xbe6257f6562036e33ae03e21467d6afe9b7aa66c,bsc,old-contract,POGFI: Old POG Token,entity,eth-labels,https://github.com/dawsbot/eth-labels,medium,2026-07-17
0xbebd81218ff996e924a9f98473ff490ac6b6a0e8,bsc,old-contract,Lucrar: Old LCR Token 2,entity,eth-labels,https://github.com/dawsbot/eth-labels,medium,2026-07-17
0xbee5e147e6e40433ff0310f5ae1a66278bc8d678,bsc,old-contract,Virgo: Old VGO Token,entity,eth-labels,https://github.com/dawsbot/eth-labels,medium,2026-07-17
0xc091377110acfb780dfb9f6c200b2ef81d8ce4ab,bsc,old-contract,NutGain: Old NUTG Token,entity,eth-labels,https://github.com/dawsbot/eth-labels,medium,2026-07-17
0xc0b7d0da96c310dc1ec81163506144c6ad28a381,bsc,old-contract,null,entity,eth-labels,https://github.com/dawsbot/eth-labels,medium,2026-07-17
0xc0d5b6f263e5ce3273d509cff03254e3a4bfca18,bsc,old-contract,DORAYAKI Farm: Old DORA Token,entity,eth-labels,https://github.com/dawsbot/eth-labels,medium,2026-07-17
0xc0e6ad13bd58413ed308729b688d601243e1cf77,bsc,old-contract,BLKWHALE: Old BLK Token,entity,eth-labels,https://github.com/dawsbot/eth-labels,medium,2026-07-17
0xc11caa3ed4150aa38604b2fa51f5a13bf7bb19a6,bsc,old-contract,Infinity Lotto: Old iLOTTO Token,entity,eth-labels,https://github.com/dawsbot/eth-labels,medium,2026-07-17
0xc132027f85041d38d06396ffc6a0a1efe27f2154,bsc,old-contract,KARITAS.FINANCE: Old KRT Token,entity,eth-labels,https://github.com/dawsbot/eth-labels,medium,2026-07-17
0xc18083cc09da5fb3e29ae39e186a817efce6cb3f,bsc,old-contract,Viva Classic: Old VIVA Token,entity,eth-labels,https://github.com/dawsbot/eth-labels,medium,2026-07-17
0xc19f66af5d06504e4193fd9486d3b65b0c320d14,bsc,old-contract,RoboCoin Exchnage: Old RCX Token,entity,eth-labels,https://github.com/dawsbot/eth-labels,medium,2026-07-17
0xc1bf8d85f46afea4b44e89257b45567bf838f0d1,bsc,old-contract,ARTOS: Old ARTOS Token,entity,eth-labels,https://github.com/dawsbot/eth-labels,medium,2026-07-17
0xc2098a8938119a52b1f7661893c0153a6cb116d5,bsc,old-contract,Rangers Protocol: Old RPG Token,entity,eth-labels,https://github.com/dawsbot/eth-labels,medium,2026-07-17
0xc2aba6c18d77d0841e04ace1f68e7c42a27ebdde,bsc,old-contract,C6Digital: Old CDIG Token,entity,eth-labels,https://github.com/dawsbot/eth-labels,medium,2026-07-17
0xc2c5a924806a88ade7f4ba3dadda248669f878d8,bsc,old-contract,Jupiter Orbit: Old JPO Token,entity,eth-labels,https://github.com/dawsbot/eth-labels,medium,2026-07-17
0xc2e3289987524c63d49fe543024c86c0da79c829,bsc,old-contract,MusesNFT: Old MSS Token,entity,eth-labels,https://github.com/dawsbot/eth-labels,medium,2026-07-17
0xc2e753391c80a7723ca3cef4d38bfec9e84a246f,bsc,old-contract,Gafa: Old GAFA Token,entity,eth-labels,https://github.com/dawsbot/eth-labels,medium,2026-07-17
0xc34c85a3d7a84212b6234146773f7939a931a8af,bsc,old-contract,Tribe: Old TRIBEX Token,entity,eth-labels,https://github.com/dawsbot/eth-labels,medium,2026-07-17
0xc3adbf524513863102df6784e1ab5652165c7912,bsc,old-contract,Phantasma: Old SOUL Token,entity,eth-labels,https://github.com/dawsbot/eth-labels,medium,2026-07-17
0xc3b613982460ebd50571799ce91623e7ab7c8803,bsc,old-contract,Token Revolution: Old TKREV Token,entity,eth-labels,https://github.com/dawsbot/eth-labels,medium,2026-07-17
0xc3c69e7a909944193a35fdfb535cfca408174c21,bsc,old-contract,Hongkong: Old HK Token,entity,eth-labels,https://github.com/dawsbot/eth-labels,medium,2026-07-17
0xc46180bedf5c78e536f511d00e535ca8b63dfda8,bsc,old-contract,Bonkey: Old BNKY Token,entity,eth-labels,https://github.com/dawsbot/eth-labels,medium,2026-07-17
0xc4caf585c2b7eaf3f61ac69b1529e79f90b15569,bsc,old-contract,BSC Mithril: Old MITHRIL Token,entity,eth-labels,https://github.com/dawsbot/eth-labels,medium,2026-07-17
0xc4f6549f2c137313d0d24d024bae6c536ea4a5d1,bsc,old-contract,Davim Games: Old DGT Token,entity,eth-labels,https://github.com/dawsbot/eth-labels,medium,2026-07-17
0xc534e26db9a2f185a3535cc2833beb99e5eb6ce0,bsc,old-contract,APPLE COIN: Old AC Token,entity,eth-labels,https://github.com/dawsbot/eth-labels,medium,2026-07-17
0xc5556254ad1e4c77af8b532133f2f85d0593a272,bsc,old-contract,DogeBlox Online (PoS): Old DOGEX Token,entity,eth-labels,https://github.com/dawsbot/eth-labels,medium,2026-07-17
0xc55b03dc07ec7bb8b891100e927e982540f0d181,bsc,old-contract,Ajira Pay Finance:Old AJP Token,entity,eth-labels,https://github.com/dawsbot/eth-labels,medium,2026-07-17
0xc577b6599234b5b29e602aeb5bc6eeab333829a3,bsc,old-contract,American Coin: Old AC Token,entity,eth-labels,https://github.com/dawsbot/eth-labels,medium,2026-07-17
0xc5872a96b974ef5a180811481aed0f85b290e347,bsc,old-contract,Manilla Finance: Old MNLA Token,entity,eth-labels,https://github.com/dawsbot/eth-labels,medium,2026-07-17
0xc5d365c27f1e75915b319d5ac25b2b4983cf843e,bsc,old-contract,GETIT4FREE: Old GIFT Token,entity,eth-labels,https://github.com/dawsbot/eth-labels,medium,2026-07-17
0xc64c9b30c981fc2ee4e13d0ca3f08258e725fd24,bsc,old-contract,Polar Sync: Old POLAR Token,entity,eth-labels,https://github.com/dawsbot/eth-labels,medium,2026-07-17
0xc6d66b80c052916cbcf1d83610e8bdaba67f4937,bsc,old-contract,MooneyTrain: Old MNYTR Token,entity,eth-labels,https://github.com/dawsbot/eth-labels,medium,2026-07-17
0xc6d736123fa8e8a5d85803b5c22799e394245fab,bsc,old-contract,RYI Unity: Old RYIU Token,entity,eth-labels,https://github.com/dawsbot/eth-labels,medium,2026-07-17
0xc709878167ed069aea15fd0bd4e9758ceb4da193,bsc,old-contract,Day of Defeat: Old DOD Token,entity,eth-labels,https://github.com/dawsbot/eth-labels,medium,2026-07-17
0xc72a66a6b2f4c0c1935deaeb0dbe2fa65ab2f297,bsc,old-contract,Shiba Toby: Old SHBT Token,entity,eth-labels,https://github.com/dawsbot/eth-labels,medium,2026-07-17
0xc7981767f644c7f8e483dabdc413e8a371b83079,bsc,old-contract,Liquidus: Old LIQ Token,entity,eth-labels,https://github.com/dawsbot/eth-labels,medium,2026-07-17
0xc7bf1f9c9674dc172a56a426f22596637e863b85,bsc,old-contract,Smart Places Protocol: Old SMARTEE Token,entity,eth-labels,https://github.com/dawsbot/eth-labels,medium,2026-07-17
0xc8581870db5305b2c14588e7e58484086cc3ed4f,bsc,old-contract,SportInvesting: Old SITX Token,entity,eth-labels,https://github.com/dawsbot/eth-labels,medium,2026-07-17
0xc8f0504e876eaa182365bb69da7b34215bc2a660,bsc,old-contract,Mansion: Old MNS Token,entity,eth-labels,https://github.com/dawsbot/eth-labels,medium,2026-07-17
0xc8f469f2ada4f8908a53b0a7a48501d2a99d0b32,bsc,old-contract,Droid Token: Old DRD Token 2,entity,eth-labels,https://github.com/dawsbot/eth-labels,medium,2026-07-17
0xca0d640a401406f3405b4c252a5d0c4d17f38ebb,bsc,old-contract,Metarun: Old METARUN Token,entity,eth-labels,https://github.com/dawsbot/eth-labels,medium,2026-07-17
0xcab599d699f818e6cefd07cf54f448dab9367b05,bsc,old-contract,Kishimoto: Old KISHIMOTO Token,entity,eth-labels,https://github.com/dawsbot/eth-labels,medium,2026-07-17
0xcafdfd97b0a2e69a85ad7ecff15659956d55e5c4,bsc,old-contract,SOWL Token: Old SOWL Token,entity,eth-labels,https://github.com/dawsbot/eth-labels,medium,2026-07-17
0xcb4530025841d9af803ee2710c89ec87a1d9b524,bsc,old-contract,Tank Battle: Old TBL Token,entity,eth-labels,https://github.com/dawsbot/eth-labels,medium,2026-07-17
0xcb73918ac58d0c90d71c7992637c61094c15305b,bsc,old-contract,Scorefam: Old SFT Token,entity,eth-labels,https://github.com/dawsbot/eth-labels,medium,2026-07-17
0xcb8bd8082b8c29455a3b6f1e6c3bca749f3c56e7,bsc,old-contract,The Flash: Old FLASH Token,entity,eth-labels,https://github.com/dawsbot/eth-labels,medium,2026-07-17
0xcc1873c2d5eb2c5f9b503f96a316cf059b3a75f7,bsc,old-contract,Froggies Token: Old FROGGIES Token,entity,eth-labels,https://github.com/dawsbot/eth-labels,medium,2026-07-17
0xcc88982f38dbdfda5ed9748363294966fc2d707e,bsc,old-contract,LumiShare: Old LUMI Token,entity,eth-labels,https://github.com/dawsbot/eth-labels,medium,2026-07-17
0xcce7f9eb881248e04f2975a3fb3b62631ad9ee37,bsc,old-contract,SLAM TOKEN : Old SLAM Token,entity,eth-labels,https://github.com/dawsbot/eth-labels,medium,2026-07-17
0xccf4b473ae8139196205ca72770c0330d43a0541,bsc,old-contract,FarSwap: FAR Old Token,entity,eth-labels,https://github.com/dawsbot/eth-labels,medium,2026-07-17
0xcd1faff6e578fa5cac469d2418c95671ba1a62fe,bsc,old-contract,Torum: Old XTM Token 2,entity,eth-labels,https://github.com/dawsbot/eth-labels,medium,2026-07-17
0xcdb943908de5ee37998a53f23467017d1a307e60,bsc,old-contract,Son of Doge v2: Old SODV2 Token,entity,eth-labels,https://github.com/dawsbot/eth-labels,medium,2026-07-17
0xce4b5ab8106f57209bba877072d14348d9d16a31,bsc,old-contract,Lucky You: Old LYOU Token,entity,eth-labels,https://github.com/dawsbot/eth-labels,medium,2026-07-17
0xcea68cfc92f3c0db464a80a3cb07fe12313de478,bsc,old-contract,Lyca Island: Old LYCA Token,entity,eth-labels,https://github.com/dawsbot/eth-labels,medium,2026-07-17
0xcf9facdab3df8ac702620a01a216d8ade5dc964d,bsc,old-contract,Blun: Old BLUN Token,entity,eth-labels,https://github.com/dawsbot/eth-labels,medium,2026-07-17
0xd12b4384ef38fd7431421aa218ed62b49c739fb6,bsc,old-contract,Bitchain: Old BTC Token,entity,eth-labels,https://github.com/dawsbot/eth-labels,medium,2026-07-17
0xd1a890f7f3a000eb77cf40774c6f855818ce1bdc,bsc,old-contract,inSHAPE: Old SHAPE Token,entity,eth-labels,https://github.com/dawsbot/eth-labels,medium,2026-07-17
0xd1cee2a7673173ec6b8a4a0a71d81c50346a9eb1,bsc,old-contract,Tres Leches Cake: Old 3LechesCake Token,entity,eth-labels,https://github.com/dawsbot/eth-labels,medium,2026-07-17
0xd21e7c609f9d545d883b029296cd8a24129eaf3f,bsc,old-contract,Wealthy Habits: Old WHB Token,entity,eth-labels,https://github.com/dawsbot/eth-labels,medium,2026-07-17
0xd22fb0de88ef5d43bfe49d8ee7c733baaaba1ef3,bsc,old-contract,Zatcoin: Old Zatcoin Token,entity,eth-labels,https://github.com/dawsbot/eth-labels,medium,2026-07-17
0xd27d3f7f329d93d897612e413f207a4dbe8bf799,bsc,old-contract,Moonshot: Old MOONSHOT Token,entity,eth-labels,https://github.com/dawsbot/eth-labels,medium,2026-07-17
0xd3543698ed8e26ed11b4bce43402f3cf4b7af054,bsc,old-contract,Byepix: Old EPIX Token,entity,eth-labels,https://github.com/dawsbot/eth-labels,medium,2026-07-17
0xd36ba39778e2d97043a6de2081e845db51d90eff,bsc,old-contract,Zedrium: Old ZED Token,entity,eth-labels,https://github.com/dawsbot/eth-labels,medium,2026-07-17
0xd3d8cb32623ba286ae920838080f2cd09848392f,bsc,old-contract,Fafy: Old FAFY Token,entity,eth-labels,https://github.com/dawsbot/eth-labels,medium,2026-07-17
0xd3fa2a4fd73495f9ebf6ba333891e94ca1ecb36c,bsc,old-contract,ExtendSwap: Old DOUGH Token,entity,eth-labels,https://github.com/dawsbot/eth-labels,medium,2026-07-17
0xd456b63ff18fe0a935bcd730503c8a9f82775d1a,bsc,old-contract,Altera Social: Old ALTERA Token,entity,eth-labels,https://github.com/dawsbot/eth-labels,medium,2026-07-17
0xd485d6f7c4052e22619bb5568a2a00ce71627c92,bsc,old-contract,Digitalatto: Old DGTL Token,entity,eth-labels,https://github.com/dawsbot/eth-labels,medium,2026-07-17
0xd486fc80160f0a2c684e3b12a0bb98a204f3f990,bsc,old-contract,Power Inu: OLD PowerInu Token,entity,eth-labels,https://github.com/dawsbot/eth-labels,medium,2026-07-17
0xd492468d8a6b8066be4bae515da53b53ec0423ad,bsc,old-contract,Cofinex Coin: Old CNX Token,entity,eth-labels,https://github.com/dawsbot/eth-labels,medium,2026-07-17
0xd498095949f3d24f03910a918de51f6c865e6523,bsc,old-contract,Irish Shiba Coin: Old ISC Token,entity,eth-labels,https://github.com/dawsbot/eth-labels,medium,2026-07-17
0xd4e5280998788319e6ea18bbd6824c0324cd18c2,bsc,old-contract,Motorcoin: Old MTRC Token,entity,eth-labels,https://github.com/dawsbot/eth-labels,medium,2026-07-17
0xd57cfb45347573f4f2471fa1572eb79d0ba29fd0,bsc,old-contract,SafeOne Chain: Old SAFO Token,entity,eth-labels,https://github.com/dawsbot/eth-labels,medium,2026-07-17
0xd5fcb5ac64090375d0646b6a27cf228e312c1732,bsc,old-contract,Blocvest: Old BVST Token,entity,eth-labels,https://github.com/dawsbot/eth-labels,medium,2026-07-17
0xd6225b43f1e2c80381225b49d650f928ee3f19d4,bsc,old-contract,RugSeekers: Old SEEK Token,entity,eth-labels,https://github.com/dawsbot/eth-labels,medium,2026-07-17
0xd63ff888ba1197f2ed09a7bc0beaf4d0afab320e,bsc,old-contract,Lucky Farm: Old LFC Token,entity,eth-labels,https://github.com/dawsbot/eth-labels,medium,2026-07-17
0xd66572ed1c3471ed2fb6168ac3a8d7174049b1d1,bsc,old-contract,ApeFarmer: Old APEF Token,entity,eth-labels,https://github.com/dawsbot/eth-labels,medium,2026-07-17
0xd6ba31cba47ea062f575a2216d2a9dbb004ca884,bsc,old-contract,World 6 Game: Old W6G Token,entity,eth-labels,https://github.com/dawsbot/eth-labels,medium,2026-07-17
0xd6d88d4ae5099a6e3cf6ed2374dede5c4c4f5203,bsc,old-contract,Royal Token: Old ROYAL Token,entity,eth-labels,https://github.com/dawsbot/eth-labels,medium,2026-07-17
0xd6f98f87237b7ec9e353cc9482d590a7fe6dc482,bsc,old-contract,DOGE IPA: Old DIPA Token,entity,eth-labels,https://github.com/dawsbot/eth-labels,medium,2026-07-17
0xd790d1bea5269985b07e967d610197dab3791d13,bsc,old-contract,Kalissa: Old KALI Token,entity,eth-labels,https://github.com/dawsbot/eth-labels,medium,2026-07-17
0xd7eed0fcde8d805b6798cda396968c25335cd379,bsc,old-contract,BitPlay: Old BTP Token,entity,eth-labels,https://github.com/dawsbot/eth-labels,medium,2026-07-17
0xd85b5e9a7c33832dcdb554ec07cdcc56810b2e5a,bsc,old-contract,Holdex Finance: Old HOLDEX Token,entity,eth-labels,https://github.com/dawsbot/eth-labels,medium,2026-07-17
0xd8a31016cd7da048ca21ffe04256c6d08c3a2251,bsc,old-contract,WenLambo: Old WENLAMBO Token,entity,eth-labels,https://github.com/dawsbot/eth-labels,medium,2026-07-17
0xd8ccc9e9c95a24310a88c19b26b40045878d5e71,bsc,old-contract,Cashback: Old CBK Token 2,entity,eth-labels,https://github.com/dawsbot/eth-labels,medium,2026-07-17
0xd9b4806a672a8da6666c9d9d4b3b30ef6311611d,bsc,old-contract,RISQ Protocol: Old RISQ Token,entity,eth-labels,https://github.com/dawsbot/eth-labels,medium,2026-07-17
0xd9b96fb20610a7d09f68309c524c8c72b7810b40,bsc,old-contract,Tokerr Ecosystem: Old TOKR Token,entity,eth-labels,https://github.com/dawsbot/eth-labels,medium,2026-07-17
0xd9ea58350bf120e2169a35fa1afc31975b07de01,bsc,old-contract,GAINS Associates: Old GAINS Token,entity,eth-labels,https://github.com/dawsbot/eth-labels,medium,2026-07-17
0xd9ea86b189e97c6119238d10fa940e23fb6bd073,bsc,old-contract,The Clan: Old CLAN Token,entity,eth-labels,https://github.com/dawsbot/eth-labels,medium,2026-07-17
0xda150fef579a6477e6abcbad549541bb58210f76,bsc,old-contract,STRT BUTTON: Old STRT Token,entity,eth-labels,https://github.com/dawsbot/eth-labels,medium,2026-07-17
0xda179357b3e05cd91e0fde992c7ef4158b37eafb,bsc,old-contract,DaoSpace: Old DAOP Token,entity,eth-labels,https://github.com/dawsbot/eth-labels,medium,2026-07-17
0xdaef10843d95f79a586a176d6a453f0b52652186,bsc,old-contract,Lofi Buzz: Old LOFI Token 2,entity,eth-labels,https://github.com/dawsbot/eth-labels,medium,2026-07-17
0xdb0fa7c745a397f8e5265ec1145aa9ee7199b9ca,bsc,old-contract,Nali Project: Old NALI Token,entity,eth-labels,https://github.com/dawsbot/eth-labels,medium,2026-07-17
0xdb8068c80a618a8a27cad29672fa89f30c0da61c,bsc,old-contract,Space Taco: Old TACO Token,entity,eth-labels,https://github.com/dawsbot/eth-labels,medium,2026-07-17
0xdbaaa36b347d56b77ce0e36f050fceebbf9fbc38,bsc,old-contract,Save Planet Earth: Old SPE Token,entity,eth-labels,https://github.com/dawsbot/eth-labels,medium,2026-07-17
0xdcaf1afc07d9e1c057bd5cd144659910c4b91682,bsc,old-contract,Oxbull Tech: Old SCB Token,entity,eth-labels,https://github.com/dawsbot/eth-labels,medium,2026-07-17
0xddd9d7d280c78b564c55beb26562e367d4b9bd8a,bsc,old-contract,XODEX: Old XODEX Token,entity,eth-labels,https://github.com/dawsbot/eth-labels,medium,2026-07-17
0xde12c7959e1a72bbe8a5f7a1dc8f8eef9ab011b3,bsc,old-contract,Deus Finance: Old DEI Token,entity,eth-labels,https://github.com/dawsbot/eth-labels,medium,2026-07-17
0xde5ea375ffbdc8b25a80fe13d631e8ba0ab4bb02,bsc,old-contract,Geracoin: Old GERA Token,entity,eth-labels,https://github.com/dawsbot/eth-labels,medium,2026-07-17
0xde7c6452072a4bd77a6633969bdf579f8644f111,bsc,old-contract,Zombie Farm: Old Zombie Token,entity,eth-labels,https://github.com/dawsbot/eth-labels,medium,2026-07-17
0xde83b24ffe06bc20ab91f68362563d2e53f58f44,bsc,old-contract,BombHeroes: Old BHEROES Token,entity,eth-labels,https://github.com/dawsbot/eth-labels,medium,2026-07-17
0xdfb5a2c954023a13764f0865bb50d0ea6d0a411e,bsc,old-contract,Oracledao: Old ORC Token,entity,eth-labels,https://github.com/dawsbot/eth-labels,medium,2026-07-17
0xdff6bcd23742b2421be999084c352303abe7935c,bsc,old-contract,In Meta Travel: Old IMT Token,entity,eth-labels,https://github.com/dawsbot/eth-labels,medium,2026-07-17
0xdff88a0a43271344b760b58a35076bf05524195c,bsc,old-contract,Phoenix Global: Old PHB Token,entity,eth-labels,https://github.com/dawsbot/eth-labels,medium,2026-07-17
0xe05e41b4a3896704811031364e6fb2c2be1f4814,bsc,old-contract,Green Life Tree: Old GTree Token,entity,eth-labels,https://github.com/dawsbot/eth-labels,medium,2026-07-17
0xe10e9822a5de22f8761919310dda35cd997d63c0,bsc,old-contract,Thugs: Old THUGS Token,entity,eth-labels,https://github.com/dawsbot/eth-labels,medium,2026-07-17
0xe1761315adace883792382daad6134823f778731,bsc,old-contract,Sharder: Old SS Token 2,entity,eth-labels,https://github.com/dawsbot/eth-labels,medium,2026-07-17
0xe1a4af407a124777a4db6bb461b6f256c1f8e341,bsc,old-contract,Xanalia: Old ALIA Token,entity,eth-labels,https://github.com/dawsbot/eth-labels,medium,2026-07-17
0xe1f8787b35f76c7c138c8330be86ada000006c68,bsc,old-contract,Kredict: Old KDT Token 2,entity,eth-labels,https://github.com/dawsbot/eth-labels,medium,2026-07-17
0xe2c6236d8a6235e51bbd096cd370d90c52ba707a,bsc,old-contract,SquadX: Old CTO Token,entity,eth-labels,https://github.com/dawsbot/eth-labels,medium,2026-07-17
0xe320df552e78d57e95cf1182b6960746d5016561,bsc,old-contract,DogeCola: Old DOGECOLA Token,entity,eth-labels,https://github.com/dawsbot/eth-labels,medium,2026-07-17
0xe327ce757cd206721e100812e744fc56e4e0a969,bsc,old-contract,Sekuya: Old SKUY Token,entity,eth-labels,https://github.com/dawsbot/eth-labels,medium,2026-07-17
0xe38d9ae2ab3c1eccc701e3617297e1f4f48899c4,bsc,old-contract,Blockombat: Old BKB Token 2,entity,eth-labels,https://github.com/dawsbot/eth-labels,medium,2026-07-17
0xe3d2ba4ebcc6e9ae3569d6418bc2eaabb8feef60,bsc,old-contract,Hyperon Chain: Old HPN Token,entity,eth-labels,https://github.com/dawsbot/eth-labels,medium,2026-07-17
0xe405b8148d731e4e1117e00542264dac5375bc97,bsc,old-contract,Aarma: Old ARMA Token,entity,eth-labels,https://github.com/dawsbot/eth-labels,medium,2026-07-17
0xe440b9af0ae99174b3faab87174e31634d135f6d,bsc,old-contract,Monetas Global: Old MNTG Token,entity,eth-labels,https://github.com/dawsbot/eth-labels,medium,2026-07-17
0xe45ff7cd0483b607a1599ded97554c9d012e4e83,bsc,old-contract,Warp Beam: Old WBM Token,entity,eth-labels,https://github.com/dawsbot/eth-labels,medium,2026-07-17
0xe4ddbbd505132519361d55c449eacd153d6d7bce,bsc,old-contract,MicroCreditToken: Old MCT Token,entity,eth-labels,https://github.com/dawsbot/eth-labels,medium,2026-07-17
0xe52ec5001b31afb845cb325c14d1764065c6ca0c,bsc,old-contract,ANATION: Old ANTN Token,entity,eth-labels,https://github.com/dawsbot/eth-labels,medium,2026-07-17
0xe53b185ed220ab14460a9a2ac46e096ff3a90171,bsc,old-contract,Kuwa: Old KUOR Token,entity,eth-labels,https://github.com/dawsbot/eth-labels,medium,2026-07-17
0xe56a473043eaab7947c0a2408cea623074500ee3,bsc,old-contract,SafeSwap Online: Old SWAP Token,entity,eth-labels,https://github.com/dawsbot/eth-labels,medium,2026-07-17
0xe5e0ebb9982ccb9c6e46efee69cbe02ddeb6fcdd,bsc,old-contract,Beatgen: Old BGN Token,entity,eth-labels,https://github.com/dawsbot/eth-labels,medium,2026-07-17
0xe603992cf8a58cfefef608afd76edbbbb2f7fa5a,bsc,old-contract,Neatio: Old NEAT Token,entity,eth-labels,https://github.com/dawsbot/eth-labels,medium,2026-07-17
0xe620541a2b10d137f85b851e695fb325b7706cb5,bsc,old-contract,PoBit: Old PBT Token,entity,eth-labels,https://github.com/dawsbot/eth-labels,medium,2026-07-17
0xe64972c311840cfaf2267dcfd365571f9d9544d9,bsc,old-contract,Sphynx BSC: Old SPHYNX Token,entity,eth-labels,https://github.com/dawsbot/eth-labels,medium,2026-07-17
0xe6edfa31ce33ce5f3bb35106333b8b2b76b171a2,bsc,old-contract,Metacontinental: Old CON Token 2,entity,eth-labels,https://github.com/dawsbot/eth-labels,medium,2026-07-17
0xe75d618bc287ea5cb95075f2ad30399ab260b9e1,bsc,old-contract,Large Chain: Old LRG Token 2,entity,eth-labels,https://github.com/dawsbot/eth-labels,medium,2026-07-17
0xe89200d1b9d0c50ba637c71f0f1af3cb0ad2e78f,bsc,old-contract,BITNOUSWAP: Old BNOU Token,entity,eth-labels,https://github.com/dawsbot/eth-labels,medium,2026-07-17
0xe8be6182b67fd17e16c293226bd8a27c9923bc67,bsc,old-contract,Beatgen: Old BGN Token 3,entity,eth-labels,https://github.com/dawsbot/eth-labels,medium,2026-07-17
0xe90334c19c798c3a18d81b8cd16594247d5b19dd,bsc,old-contract,Balance Network: Old BLN Token,entity,eth-labels,https://github.com/dawsbot/eth-labels,medium,2026-07-17
0xe983d99875e06e00dfb4c01617491b2225f70422,bsc,old-contract,QueenBee: Old QUBE Token,entity,eth-labels,https://github.com/dawsbot/eth-labels,medium,2026-07-17
0xea02412ed7290623acc267e98b69ad81ad4c9481,bsc,old-contract,Myra Token: Old MYRA Token,entity,eth-labels,https://github.com/dawsbot/eth-labels,medium,2026-07-17
0xea358745779b0b33f36fa2c99d2f334c6f982f98,bsc,old-contract,Sugar Kingdom: Old CANDY Token,entity,eth-labels,https://github.com/dawsbot/eth-labels,medium,2026-07-17
0xeb58b47404f386286b0bf09cae3c14d8b82f65cf,bsc,old-contract,Cartoon Doge: Old CARTD Token,entity,eth-labels,https://github.com/dawsbot/eth-labels,medium,2026-07-17
0xeb5bb9d14d27f75c787cf7475e7ed00d21dc7279,bsc,old-contract,MetFi: OLD MFI Token,entity,eth-labels,https://github.com/dawsbot/eth-labels,medium,2026-07-17
0xebb4250e88c47c0809c96fe47a091158f7347f1c,bsc,old-contract,World 6 Game: Old W6G Token 2,entity,eth-labels,https://github.com/dawsbot/eth-labels,medium,2026-07-17
0xebc781670da4d22ff539a95b13c6a54c08517a19,bsc,old-contract,RougeCoin: Old XRGE Token,entity,eth-labels,https://github.com/dawsbot/eth-labels,medium,2026-07-17
0xec4de12deb48731396e940f8f5f3911b625241df,bsc,old-contract,Bings Protocol: Old BINGSV3 Token,entity,eth-labels,https://github.com/dawsbot/eth-labels,medium,2026-07-17
0xed0603c779198d824c4963922daa62b1d25c8d2c,bsc,old-contract,Six.Network: Old Six Token,entity,eth-labels,https://github.com/dawsbot/eth-labels,medium,2026-07-17
0xed28a457a5a76596ac48d87c0f577020f6ea1c4c,bsc,old-contract,pTokens BTC: Old pBTC Token,entity,eth-labels,https://github.com/dawsbot/eth-labels,medium,2026-07-17
0xeda21b525ac789eab1a08ef2404dd8505ffb973d,bsc,old-contract,Happiness: Old HPS Token,entity,eth-labels,https://github.com/dawsbot/eth-labels,medium,2026-07-17
0xeda3866f07566d9379a91a07f8d62e19c03183e0,bsc,old-contract,HashBit-Peg HBIT Token: Old HBIT Token,entity,eth-labels,https://github.com/dawsbot/eth-labels,medium,2026-07-17
0xedaf1f5b8078d4feb4e13c8d5a2c8de1365be7b6,bsc,old-contract,: Old ALTRUCOIN Token,entity,eth-labels,https://github.com/dawsbot/eth-labels,medium,2026-07-17
0xee1dacd28ba291adf835b5a4879036b9993d961d,bsc,old-contract,AMBARCOIN: Old BAR Token,entity,eth-labels,https://github.com/dawsbot/eth-labels,medium,2026-07-17
0xee878855bb65bd9d724d4946aa32ba7d988d1939,bsc,old-contract,WORLD ID: Old WOID Token,entity,eth-labels,https://github.com/dawsbot/eth-labels,medium,2026-07-17
0xeea3118ae5ffa00218393f311bb87589bf4a53f9,bsc,old-contract,Frog CEO: Old FROGCEO Token 2,entity,eth-labels,https://github.com/dawsbot/eth-labels,medium,2026-07-17
0xef33fd3d46c3efa1804b513e3ddb7fdff215def1,bsc,old-contract,Myra Token: Old MYR Token,entity,eth-labels,https://github.com/dawsbot/eth-labels,medium,2026-07-17
0xf07a32eb035b786898c00bb1c64d8c6f8e7a46d5,bsc,old-contract,BitWell: Old WELL Token,entity,eth-labels,https://github.com/dawsbot/eth-labels,medium,2026-07-17
0xf09611a964535b32285bff5fcf9937c52bab8ea5,bsc,old-contract,EVDC: Old EVDC Token,entity,eth-labels,https://github.com/dawsbot/eth-labels,medium,2026-07-17
0xf144ede302126faef5546b95e3f238f5f0e1cf7b,bsc,old-contract,TitterShiba: Old TTSB Token,entity,eth-labels,https://github.com/dawsbot/eth-labels,medium,2026-07-17
0xf1713d61622fe7a6ef3e4168f2986611d3137583,bsc,old-contract,Energyfi: Old EFT Token,entity,eth-labels,https://github.com/dawsbot/eth-labels,medium,2026-07-17
0xf2673f49d2737f97d70995ed43d128e0b8e560c5,bsc,old-contract,Buff Shiba Inu: Old BUFFSHIBA Token,entity,eth-labels,https://github.com/dawsbot/eth-labels,medium,2026-07-17
0xf2a92bc1cf798ff4de14502a9c6fda58865e8d5d,bsc,old-contract,Thoreum V2: Old THOREUM Token,entity,eth-labels,https://github.com/dawsbot/eth-labels,medium,2026-07-17
0xf307f542af989d3de8069ab9a86f3daa3bbdc53c,bsc,old-contract,Biokript: Old BKPT Token,entity,eth-labels,https://github.com/dawsbot/eth-labels,medium,2026-07-17
0xf36e6cd9e7b1b0784c2ee163a19e82fcf9d579ef,bsc,old-contract,Dali: Old DALI Token,entity,eth-labels,https://github.com/dawsbot/eth-labels,medium,2026-07-17
0xf37ae3af76bff33bc0788805f4a65dad9c267f30,bsc,old-contract,Primal Network: Old PRM Token,entity,eth-labels,https://github.com/dawsbot/eth-labels,medium,2026-07-17
0xf45a449d7e0aabbbe217a0d7f47a01cd09814873,bsc,old-contract,DXB Pay: Old DXB Token,entity,eth-labels,https://github.com/dawsbot/eth-labels,medium,2026-07-17
0xf506345ccd3f53d1d0e724992416e4f36093f67e,bsc,old-contract,BlueBenx: Old BENX Token 2,entity,eth-labels,https://github.com/dawsbot/eth-labels,medium,2026-07-17
0xf513203f0ad2077e4baa8a3c02d2fb91709e052b,bsc,old-contract,JEN COIN: Old JEN Token,entity,eth-labels,https://github.com/dawsbot/eth-labels,medium,2026-07-17
0xf530be62fae3f0a85d73aa35bd96d2fc5166d22c,bsc,old-contract,Fantasy Girl: Old FMEV2 Token,entity,eth-labels,https://github.com/dawsbot/eth-labels,medium,2026-07-17
0xf56021538098c1923be5bc8b42894dff7da3d85c,bsc,old-contract,Elon Musk CEO: Old ELONMUSKCEO Token,entity,eth-labels,https://github.com/dawsbot/eth-labels,medium,2026-07-17
0xf568db7e88015a3017b2efa589ee82a233e6da04,bsc,old-contract,Fourty Acres And a Mule: Old FAAM Token,entity,eth-labels,https://github.com/dawsbot/eth-labels,medium,2026-07-17
0xf58e91f0c96e9a0f5f984fc6cf476edd311a04ba,bsc,old-contract,Lulu: Old LULU Token,entity,eth-labels,https://github.com/dawsbot/eth-labels,medium,2026-07-17
0xf626e1e30de2b532741e6d4de9d7f5fe201c3f31,bsc,old-contract,SOWL Token: Old SOWL Token 4,entity,eth-labels,https://github.com/dawsbot/eth-labels,medium,2026-07-17
0xf65130742121fb4702c9fa2bb002b81f7dc30d3c,bsc,old-contract,Proteo Defi: Old PROD Token,entity,eth-labels,https://github.com/dawsbot/eth-labels,medium,2026-07-17
0xf65319a81a2d954b6d1988a724b56d774862df74,bsc,old-contract,Legend of Fantasy War: Old LFW Token,entity,eth-labels,https://github.com/dawsbot/eth-labels,medium,2026-07-17
0xf6663f46ecd7ae8ee8b6cc54681a42eba0ef52b4,bsc,old-contract,Candela Coin: Old CLA Token,entity,eth-labels,https://github.com/dawsbot/eth-labels,medium,2026-07-17
0xf67fc4d0468d81bda60474b8bf4af8940db40141,bsc,old-contract,null,entity,eth-labels,https://github.com/dawsbot/eth-labels,medium,2026-07-17
0xf68e57342e4e52102eb1c0dd5b1afabcca57aaee,bsc,old-contract,Jadeite: Old JDT Token,entity,eth-labels,https://github.com/dawsbot/eth-labels,medium,2026-07-17
0xf69ec56cfd157801bbac47e24540782b6db94d29,bsc,old-contract,Public Meme: Old PMT Token,entity,eth-labels,https://github.com/dawsbot/eth-labels,medium,2026-07-17
0xf6f8fcc37bbdb3daef86938363c50b83e5242756,bsc,old-contract,Bernie Madoff: PONZI Token,entity,eth-labels,https://github.com/dawsbot/eth-labels,medium,2026-07-17
0xf76175325baf6a0e3460378beba3efdf3c1e8edf,bsc,old-contract,Ado.Network: Old ADO Token,entity,eth-labels,https://github.com/dawsbot/eth-labels,medium,2026-07-17
0xf7b2656f10d0c8cf819867e61724e244c76f8f92,bsc,old-contract,Memestoken: Old MEMES Token 2,entity,eth-labels,https://github.com/dawsbot/eth-labels,medium,2026-07-17
0xf7dff19ce4506ce3b95b0051eb51c7158a967b80,bsc,old-contract,Matrix Neo Protocol: Old NEO Token,entity,eth-labels,https://github.com/dawsbot/eth-labels,medium,2026-07-17
0xf7f3821f9aa45d2ccce22d3627b4cde0254483c7,bsc,old-contract,Loom Network: Old LOOM Token,entity,eth-labels,https://github.com/dawsbot/eth-labels,medium,2026-07-17
0xf9a2d40589271be17612a3f57a9028a568f56e3d,bsc,old-contract,DoKEN: Old DoKEN Token,entity,eth-labels,https://github.com/dawsbot/eth-labels,medium,2026-07-17
0xf9d6ddf44016953dbf7ab135a0f64d7a41870ede,bsc,old-contract,Doge Floki: Old DOFI Token,entity,eth-labels,https://github.com/dawsbot/eth-labels,medium,2026-07-17
0xfac3a1ed2480da8f5c34576c0da13f245239717d,bsc,old-contract,Fanadise: Old FAN Token,entity,eth-labels,https://github.com/dawsbot/eth-labels,medium,2026-07-17
0xfb16b31fa8a6edcd2dde78654cb0668c724c1dac,bsc,old-contract,SafePokeman: Old SAFEPOKEMAN Token,entity,eth-labels,https://github.com/dawsbot/eth-labels,medium,2026-07-17
0xfb2ce259628c767fdf838f82a38eed1838061b09,bsc,old-contract,CURE: Old CURE Token,entity,eth-labels,https://github.com/dawsbot/eth-labels,medium,2026-07-17
0xfb4950bc51abbaef9c4da51349a355631bbc9909,bsc,old-contract,PEPE GOLD: Old Pepe Gold Token,entity,eth-labels,https://github.com/dawsbot/eth-labels,medium,2026-07-17
0xfb8afc8724dd517401ad98f8d7ad0f62ca008da9,bsc,old-contract,AI Bunny: Old AIB Token,entity,eth-labels,https://github.com/dawsbot/eth-labels,medium,2026-07-17
0xfc206f429d55c71cb7294eff40c6adb20dc21508,bsc,old-contract,DeHub: Old DeHub Token,entity,eth-labels,https://github.com/dawsbot/eth-labels,medium,2026-07-17
0xfc428c28e02a7d78682395168a4a35e0c4a02a91,bsc,old-contract,Tetrix: Old TET Token,entity,eth-labels,https://github.com/dawsbot/eth-labels,medium,2026-07-17
0xfcab93b4b98ac0f9c65a724b10cd5ed1892bb9d7,bsc,old-contract,Belifex: BEFX Old Token,entity,eth-labels,https://github.com/dawsbot/eth-labels,medium,2026-07-17
0xfcec7556b204008e26f78dfa0996f0df4994a354,bsc,old-contract,Mama Saitama Inu: Old MAMASAITAMA Token,entity,eth-labels,https://github.com/dawsbot/eth-labels,medium,2026-07-17
0xfcf71d52d1ad105a4dcf5809af5bd560abdaca0c,bsc,old-contract,Ephere: Old EPH Token,entity,eth-labels,https://github.com/dawsbot/eth-labels,medium,2026-07-17
0xfd290c590866f8282d89671a85ac9964b165d682,bsc,old-contract,Subme: Old SUB Token,entity,eth-labels,https://github.com/dawsbot/eth-labels,medium,2026-07-17
0xfd46f44a5ad3227a7325b695b6ea1aa549862309,bsc,old-contract,Lira Financial: Old LIRA Token,entity,eth-labels,https://github.com/dawsbot/eth-labels,medium,2026-07-17
0xfdc4910f57b4f53e014404fd69988611a0d07c08,bsc,old-contract,THE FLASH EVOLUTION: Old FLASH Token,entity,eth-labels,https://github.com/dawsbot/eth-labels,medium,2026-07-17
0xfe9549bb13bf62db64860edbcdbebc094d78e3f5,bsc,old-contract,SkyLight: Old SKY Token,entity,eth-labels,https://github.com/dawsbot/eth-labels,medium,2026-07-17
0xfeea0bdd3d07eb6fe305938878c0cadbfa169042,bsc,old-contract,8PAY Network: Old 8PAY Token,entity,eth-labels,https://github.com/dawsbot/eth-labels,medium,2026-07-17
0x000000008924d42d98026c656545c3c1fb3ad31c,bsc,opensea,SeaDrop Factory,entity,eth-labels,https://github.com/dawsbot/eth-labels,medium,2026-07-17
0x00005ea00ac477b1030ce78506496e8c2de24bf5,bsc,opensea,SeaDrop,entity,eth-labels,https://github.com/dawsbot/eth-labels,medium,2026-07-17
0x3ff813827371d458be800c0387bca53e9b3b9a74,bsc,play-to-earn,Cryptopia Land: CLD Token,entity,eth-labels,https://github.com/dawsbot/eth-labels,medium,2026-07-17
0x7bdaf7a6e6eaa846b69da14ed2c7ca7457069df3,bsc,real-estate,Hacienda: HADA Token,entity,eth-labels,https://github.com/dawsbot/eth-labels,medium,2026-07-17
0x139ae647499d762b2c589670be7546298c66f821,bsc,scam,Fake_Phishing454,entity,eth-labels,https://github.com/dawsbot/eth-labels,medium,2026-07-17
0xa24155e615136363c8c5af4ecde325948621a0af,bsc,scam,Fake_Phishing462,entity,eth-labels,https://github.com/dawsbot/eth-labels,medium,2026-07-17
0xac2eeb78f25ac8f19e3097a9dbab102c27dffa8e,bsc,scam,Fake_Phishing459,entity,eth-labels,https://github.com/dawsbot/eth-labels,medium,2026-07-17
0xb524a9a21702813f8ea7a79c16afcb5fb4660544,bsc,scam,Fake_Phishing1723,entity,eth-labels,https://github.com/dawsbot/eth-labels,medium,2026-07-17
0x863b49ae97c3d2a87fd43186dfd921f42783c853,bsc,security,UNCX Network: BEP-20 Minting Factory,entity,eth-labels,https://github.com/dawsbot/eth-labels,medium,2026-07-17
0xeaed594b5926a7d5fbbc61985390baaf936a6b8d,bsc,security,UNCX Network Security : Token Vesting,entity,eth-labels,https://github.com/dawsbot/eth-labels,medium,2026-07-17
0x02204af1abef948e4d416abc2004b39274143c7d,bsc,services-solutions,Crypto Swap : CRYPTO SWAP,entity,eth-labels,https://github.com/dawsbot/eth-labels,medium,2026-07-17
0x4d170bc8d9665862456fcc50ce9a21b9d10ad763,bsc,social-media,Waifer: Migration Platform,entity,eth-labels,https://github.com/dawsbot/eth-labels,medium,2026-07-17
0x6a4b4b579f447af41fa4082c65b8fd84c0b33780,bsc,social-media,Waifer: Marketing Wallet,entity,eth-labels,https://github.com/dawsbot/eth-labels,medium,2026-07-17
0xc9b9ef3c43461c48f7e54971cca72400d4c65bb9,bsc,social-media,Waifer:Listing Wallet,entity,eth-labels,https://github.com/dawsbot/eth-labels,medium,2026-07-17
0x71753d0586ea6b979dfccbb492a45e611e0e0ad6,bsc,spam-token,Fake_Phishing448,entity,eth-labels,https://github.com/dawsbot/eth-labels,medium,2026-07-17
0x7aa3a53360541283ffa9192972223b47a902dc0c,bsc,spam-token,Fake_Phishing465,entity,eth-labels,https://github.com/dawsbot/eth-labels,medium,2026-07-17
0xd048b4c23af828e5be412505a51a8dd7b37782dd,bsc,spam-token,Fake_Phishing1556,entity,eth-labels,https://github.com/dawsbot/eth-labels,medium,2026-07-17
0xc5f0f7b66764f6ec8c8dff7ba683102295e16409,bsc,stablecoin,First Digital USD: FDUSD Token,entity,eth-labels,https://github.com/dawsbot/eth-labels,medium,2026-07-17
0x0356440679284a45c091aaef8d6737e165d2670e,bsc,staking,DegenDuckRace: Staking 3,entity,eth-labels,https://github.com/dawsbot/eth-labels,medium,2026-07-17
0x1836406f5715573266ab3e4458ecd75c7fca2158,bsc,staking,Collie Inu: Gold Staking Pool,entity,eth-labels,https://github.com/dawsbot/eth-labels,medium,2026-07-17
0x1f7c2168713f7c18cdff6f02513b6dda39a771ae,bsc,staking,Lanuna Finance: Risk Control Fund,entity,eth-labels,https://github.com/dawsbot/eth-labels,medium,2026-07-17
0x280c0a85f168367fa471e3ab7a0c4f65d3ef4458,bsc,staking,Tres Leches: Cake Staking,entity,eth-labels,https://github.com/dawsbot/eth-labels,medium,2026-07-17
0x43ece8569781ef4e34fdf6bafe491d85f9d587c3,bsc,staking,Tres Leches Cake: NFT Staking,entity,eth-labels,https://github.com/dawsbot/eth-labels,medium,2026-07-17
0x76f39359a1c09331aac490d7e72cc86316bf02e6,bsc,staking,Collie Inu: Platinum Staking Pool,entity,eth-labels,https://github.com/dawsbot/eth-labels,medium,2026-07-17
0x9e2f3f37452bec6cb4dd4704037c5a439883b093,bsc,staking,DegenDuckRace: Staking 2,entity,eth-labels,https://github.com/dawsbot/eth-labels,medium,2026-07-17
0xab1534f312f34e0857b77e903836e2a2896effed,bsc,staking,AVARA: Staking Module,entity,eth-labels,https://github.com/dawsbot/eth-labels,medium,2026-07-17
0xbb3e4b4a8762736a97ce87a2a8de6e64e70da7c5,bsc,staking,Collie Inu: Diamond Staking Pool,entity,eth-labels,https://github.com/dawsbot/eth-labels,medium,2026-07-17
0xf70a1d4e8150c23069c1c512a4feff30370b8eef,bsc,staking,DegenDuckRace: Staking 1,entity,eth-labels,https://github.com/dawsbot/eth-labels,medium,2026-07-17
0xfd562672bf1da0f80d43f26bfc4ca19121ba661b,bsc,staking,Nemesis DAO: Staking,entity,eth-labels,https://github.com/dawsbot/eth-labels,medium,2026-07-17
0x47bead2563dcbf3bf2c9407fea4dc236faba485a,bsc,swipe-io,Swipe: SXP Token,entity,eth-labels,https://github.com/dawsbot/eth-labels,medium,2026-07-17
0x3f97fa8420d67d2b778c2b3318dd8c59fa0cc2ec,bsc,swipeswap,SwipeSwap: USDC-WBNB,entity,eth-labels,https://github.com/dawsbot/eth-labels,medium,2026-07-17
0x70b31abf9be826edc188a15fc35cc6037103a58f,bsc,swipeswap,SwipeSwap: SXP-BTCB,entity,eth-labels,https://github.com/dawsbot/eth-labels,medium,2026-07-17
0x95b7693a9dfeca69e1b46031390d5a36bfcaab9e,bsc,swipeswap,SwipeSwap: DOT-WBNB,entity,eth-labels,https://github.com/dawsbot/eth-labels,medium,2026-07-17
0x98fb4fa5776f1300017dd11365c761dc142fe7bf,bsc,swipeswap,SwipeSwap: ADA-WBNB,entity,eth-labels,https://github.com/dawsbot/eth-labels,medium,2026-07-17
0xa12128bbb1c24fb851d8ba6ec6836f00916712c2,bsc,swipeswap,SwipeSwap: BTCB-WBNB,entity,eth-labels,https://github.com/dawsbot/eth-labels,medium,2026-07-17
0xa14dd52106abc9fb12ada0e8d7bdebe95943f831,bsc,swipeswap,SwipeSwap: BUSD-T-WBNB,entity,eth-labels,https://github.com/dawsbot/eth-labels,medium,2026-07-17
0xa3b511a340017e858dc572355a594db035525137,bsc,swipeswap,SwipeSwap: BUSD-T-BUSD,entity,eth-labels,https://github.com/dawsbot/eth-labels,medium,2026-07-17
0xad68d41305fb22171716c98f81f801f39880cbda,bsc,swipeswap,SwipeSwap: TWT-WBNB,entity,eth-labels,https://github.com/dawsbot/eth-labels,medium,2026-07-17
0xb450606703743d557a1c8384fffe6b941f8f60f4,bsc,swipeswap,SwipeSwap: SXP-WBNB,entity,eth-labels,https://github.com/dawsbot/eth-labels,medium,2026-07-17
0xb4e861775e0e3ee83862149e81245985ad82b861,bsc,swipeswap,SwipeSwap: WBNB-BUSD,entity,eth-labels,https://github.com/dawsbot/eth-labels,medium,2026-07-17
0xbe3e418441cf4ec44147af1a48dee11fa91da87d,bsc,swipeswap,SwipeSwap: VAI-BUSD,entity,eth-labels,https://github.com/dawsbot/eth-labels,medium,2026-07-17
0xc61fb584daf69bedf912768aedc0658b11a1a75c,bsc,swipeswap,SwipeSwap: VAI-WBNB,entity,eth-labels,https://github.com/dawsbot/eth-labels,medium,2026-07-17
0xdaeab56550ee42bb5b094511bcfcd92844527126,bsc,swipeswap,SwipeSwap: DAI-WBNB,entity,eth-labels,https://github.com/dawsbot/eth-labels,medium,2026-07-17
0xdca1d335d30c9f185d4d70a3fcac6feef9eb440c,bsc,swipeswap,SwipeSwap: WBNB-XVS,entity,eth-labels,https://github.com/dawsbot/eth-labels,medium,2026-07-17
0xf570d6e751976d0d10aa64acfa829a5ea4a51727,bsc,swipeswap,SwipeSwap: SXP-BUSD,entity,eth-labels,https://github.com/dawsbot/eth-labels,medium,2026-07-17
0xfd08e722343ab852f627c3442d924b60ccc5449a,bsc,swipeswap,SwipeSwap: ETH-WBNB,entity,eth-labels,https://github.com/dawsbot/eth-labels,medium,2026-07-17
0x1a83dc9533dd1e0dccdb51a7505e0b42f679d210,bsc,trader-joe,Trader Joe : BNB-USDT_15bps,entity,eth-labels,https://github.com/dawsbot/eth-labels,medium,2026-07-17
0x43646a8e839b2f2766392c1bf8f60f6e587b6960,bsc,trader-joe,Trader Joe : LB Factory V2.0,entity,eth-labels,https://github.com/dawsbot/eth-labels,medium,2026-07-17
0x46ba84780f9a7b34c8b0e24df07a260fa952195d,bsc,trader-joe,Trader Joe : Limit Order Manager,entity,eth-labels,https://github.com/dawsbot/eth-labels,medium,2026-07-17
0x4f8bdc85e3eec5b9de67097c3f59b6db025d9986,bsc,trader-joe,Trader Joe : Factory V1,entity,eth-labels,https://github.com/dawsbot/eth-labels,medium,2026-07-17
0x57ff9d1a7cf23fd1a9fd9dc07823f950a22a718c,bsc,trader-joe,Trader Joe : APT Farm,entity,eth-labels,https://github.com/dawsbot/eth-labels,medium,2026-07-17
0x89c71f2065aa505956a86fcadae4a625a5b5e842,bsc,trader-joe,Trader Joe : LB Quoter V2.0,entity,eth-labels,https://github.com/dawsbot/eth-labels,medium,2026-07-17
0x89fa1974120d2a7f83a0cb80df3654721c6a38cd,bsc,trader-joe,Trader Joe: Router,entity,eth-labels,https://github.com/dawsbot/eth-labels,medium,2026-07-17
0x8e42f2f4101563bf679975178e880fd87d3efd4e,bsc,trader-joe,Trader Joe : LB Factory,entity,eth-labels,https://github.com/dawsbot/eth-labels,medium,2026-07-17
0xa3d87597fdafc3b8f3ac6b68f90cd1f4c05fa960,bsc,trader-joe,Trader Joe : Vault Factory,entity,eth-labels,https://github.com/dawsbot/eth-labels,medium,2026-07-17
0xb4315e873dbcf96ffd0acd8ea43f689d8c20fb30,bsc,trader-joe,Trader Joe: LBRouter v2.1,entity,eth-labels,https://github.com/dawsbot/eth-labels,medium,2026-07-17
0xb66a2704a0dabc1660941628be987b4418f7a9e8,bsc,trader-joe,Trader Joe: LBRouter v2.0,entity,eth-labels,https://github.com/dawsbot/eth-labels,medium,2026-07-17
0xd76019a16606fda4651f636d9751f500ed776250,bsc,trader-joe,Trader Joe : LB Quoter,entity,eth-labels,https://github.com/dawsbot/eth-labels,medium,2026-07-17
0xeb84fa19b7912fe2821f9fa4f5717a311b776c63,bsc,trader-joe,Trader Joe : APT Farm Lens,entity,eth-labels,https://github.com/dawsbot/eth-labels,medium,2026-07-17
0x02c94e9ed6264031d2c61b49b63c5f5de6ae1568,bsc,typhoon-network,Typhoon Network: 1000 BUSD,entity,eth-labels,https://github.com/dawsbot/eth-labels,medium,2026-07-17
0x0fc5b5bd6455a3c16c1847a91ebea94d00d5ff8a,bsc,typhoon-network,Typhoon Network: 10 BNB,entity,eth-labels,https://github.com/dawsbot/eth-labels,medium,2026-07-17
0x224a0da5c31ed1a06982159fd4cd93614aa57050,bsc,typhoon-network,Typhoon Network: Community Locked Token,entity,eth-labels,https://github.com/dawsbot/eth-labels,medium,2026-07-17
0x318ff5454006a4585d16d57f4ea6d9bce618cfa0,bsc,typhoon-network,Typhoon Network: 100 TYPH,entity,eth-labels,https://github.com/dawsbot/eth-labels,medium,2026-07-17
0x3b39a8ede4bc9b81eda595f5b0eeca9503a3b4b0,bsc,typhoon-network,Typhoon Network: 1000 TYPH,entity,eth-labels,https://github.com/dawsbot/eth-labels,medium,2026-07-17
0x3b786ea1ba84f52b7a1ee2fa6e18326ad7dc26b7,bsc,typhoon-network,Typhoon Network: 10000 TYPH,entity,eth-labels,https://github.com/dawsbot/eth-labels,medium,2026-07-17
0x3e505920df6be0ceb8ef4e7af0a13c8347929ca7,bsc,typhoon-network,Typhoon Network: 1 CAKE,entity,eth-labels,https://github.com/dawsbot/eth-labels,medium,2026-07-17
0x4090e535f2e251f5f88518998b18b54d26b3b07c,bsc,typhoon-network,Typhoon Network: TYPH Token,entity,eth-labels,https://github.com/dawsbot/eth-labels,medium,2026-07-17
0x4ad6b15c2ce67b6a8dfa50d491e4ca0492649e81,bsc,typhoon-network,Typhoon Network: 50 BNB,entity,eth-labels,https://github.com/dawsbot/eth-labels,medium,2026-07-17
0x5359e7606438a0de0ffd4d217800204e559db0d3,bsc,typhoon-network,Typhoon Network: 10 CAKE,entity,eth-labels,https://github.com/dawsbot/eth-labels,medium,2026-07-17
0x63436fb9a6c54a427bcd61243048472cdc91375a,bsc,typhoon-network,Typhoon Network: Community Wallet,entity,eth-labels,https://github.com/dawsbot/eth-labels,medium,2026-07-17
0x66e90e4f92f39873c2feb394ab87616b37afffdb,bsc,typhoon-network,Typhoon Network: 0.1 BNB,entity,eth-labels,https://github.com/dawsbot/eth-labels,medium,2026-07-17
0x692a25335cfc91e35eea71ae2eb4f102f897c1aa,bsc,typhoon-network,Typhoon Network: Development Locked Token,entity,eth-labels,https://github.com/dawsbot/eth-labels,medium,2026-07-17
0x6ff1d9e9fb6d3e118f39672ceb7a7a2234007053,bsc,typhoon-network,Typhoon Network: 1 BNB,entity,eth-labels,https://github.com/dawsbot/eth-labels,medium,2026-07-17
0x88c264573bf4f424eae64cdb93c3f4f60efc47ec,bsc,typhoon-network,Typhoon Network: 10 BUSD,entity,eth-labels,https://github.com/dawsbot/eth-labels,medium,2026-07-17
0x95725847cd075ef920de1d70e773aeda6788d402,bsc,typhoon-network,Typhoon Network: Deployer,entity,eth-labels,https://github.com/dawsbot/eth-labels,medium,2026-07-17
0xa831738509eeb65403d73a5e0c81229c8ce67dea,bsc,typhoon-network,Typhoon Network: Vesting,entity,eth-labels,https://github.com/dawsbot/eth-labels,medium,2026-07-17
0xc79e1844b41530c112e57d93fb181fa9526f3260,bsc,typhoon-network,null,entity,eth-labels,https://github.com/dawsbot/eth-labels,medium,2026-07-17
0xd4dc87cc7694114b2bbb21efcc7b6f2a910a1bc4,bsc,typhoon-network,Typhoon Network: 100 CAKE,entity,eth-labels,https://github.com/dawsbot/eth-labels,medium,2026-07-17
0xd9689b0ae0eeddbbb817b4c8bfabad5bb29dd0df,bsc,typhoon-network,Typhoon Network 100 BUSD,entity,eth-labels,https://github.com/dawsbot/eth-labels,medium,2026-07-17
0xdcdf4048359fa26f550df0f8a226606706828636,bsc,typhoon-network,Typhoon Network: 10000 BUSD,entity,eth-labels,https://github.com/dawsbot/eth-labels,medium,2026-07-17
0xf91447097f2daa714095c86f2aef79a733b28aea,bsc,typhoon-network,Typhoon Network: Development Wallet,entity,eth-labels,https://github.com/dawsbot/eth-labels,medium,2026-07-17
0x09a6c44c3947b69e2b45f4d51b67e6a39acfb506,bsc,uncx-network,UNCX Network : UNCX Token,entity,eth-labels,https://github.com/dawsbot/eth-labels,medium,2026-07-17
0x0d29598ec01fa03665feead91d4fb423f393886c,bsc,uncx-network,UNCX Network Lockers: V3 Proof of Reserves,entity,eth-labels,https://github.com/dawsbot/eth-labels,medium,2026-07-17
0x0e8d5504bf54d9e44260f8d153ecd5412130cabb,bsc,uncx-network,UNCX Network: UNCL Token,entity,eth-labels,https://github.com/dawsbot/eth-labels,medium,2026-07-17
0x13b923726ef12b9f5761076377aa73fe4b6509f8,bsc,uncx-network,UNCX Network : Tax Token Minter,entity,eth-labels,https://github.com/dawsbot/eth-labels,medium,2026-07-17
0xaa3d85ad9d128dfecb55424085754f6dfa643eb1,bsc,uncx-network,UNCX Network: Deployer,entity,eth-labels,https://github.com/dawsbot/eth-labels,medium,2026-07-17
0xacefd9907f5d4d7fc387193414733a111863c8d6,bsc,uncx-network,UNCX Network: Deployer 1,entity,eth-labels,https://github.com/dawsbot/eth-labels,medium,2026-07-17
0xf1f7f21e2ea80ab110d0f95faa64655688341990,bsc,uncx-network,UNCX Network Lockers: V3 Proof of Reserves 2,entity,eth-labels,https://github.com/dawsbot/eth-labels,medium,2026-07-17
0x0bac492386862ad3df4b666bc096b0505bb694da,bsc,validator,Validator: Claude Shannon,entity,eth-labels,https://github.com/dawsbot/eth-labels,medium,2026-07-17
0x1252feb82c34eed907b294be442e4dd413e58138,bsc,validator,Validator: Burnaby,entity,eth-labels,https://github.com/dawsbot/eth-labels,medium,2026-07-17
0x22b81f8e175ffde54d797fe11eb03f9e3bf75f1d,bsc,validator,Validator: Aconcagua,entity,eth-labels,https://github.com/dawsbot/eth-labels,medium,2026-07-17
0x2465176c461afb316ebc773c61faee85a6515daa,bsc,validator,Validator: TW Staking,entity,eth-labels,https://github.com/dawsbot/eth-labels,medium,2026-07-17
0x295e26495cef6f69dfa69911d9d8e4f3bbadb89b,bsc,validator,Validator: Legend,entity,eth-labels,https://github.com/dawsbot/eth-labels,medium,2026-07-17
0x29a97c6effb8a411dabc6adeefaa84f5067c8bbe,bsc,validator,Validator: CREAM,entity,eth-labels,https://github.com/dawsbot/eth-labels,medium,2026-07-17
0x2a7cdd959bfe8d9487b2a43b33565295a698f7e2,bsc,validator,Validator: Sigm8,entity,eth-labels,https://github.com/dawsbot/eth-labels,medium,2026-07-17
0x2d4c407bbe49438ed859fe965b140dcf1aab71a9,bsc,validator,Validator: NodeReal,entity,eth-labels,https://github.com/dawsbot/eth-labels,medium,2026-07-17
0x2f7be8361c80a4c1e7e9aaf001d0877f1cfde218,bsc,validator,Validator: Raptas,entity,eth-labels,https://github.com/dawsbot/eth-labels,medium,2026-07-17
0x35e7a025f4da968de7e4d7e4004197917f4070f1,bsc,validator,Validator: Piececoin,entity,eth-labels,https://github.com/dawsbot/eth-labels,medium,2026-07-17
0x3f349bbafec1551819b8be1efea2fc46ca749aa1,bsc,validator,Validator: Legend II,entity,eth-labels,https://github.com/dawsbot/eth-labels,medium,2026-07-17
0x4396e28197653d0c244d95f8c1e57da902a72b4e,bsc,validator,Validator: Alps,entity,eth-labels,https://github.com/dawsbot/eth-labels,medium,2026-07-17
0x4430b3230294d12c6ab2aac5c2cd68e80b16b581,bsc,validator,Validator: Ciscox,entity,eth-labels,https://github.com/dawsbot/eth-labels,medium,2026-07-17
0x61dd481a114a2e761c554b641742c973867899d3,bsc,validator,Validator: Synclub,entity,eth-labels,https://github.com/dawsbot/eth-labels,medium,2026-07-17
0x6488aa4d1955ee33403f8ccb1d4de5fb97c7ade2,bsc,validator,Validator: Seoraksan,entity,eth-labels,https://github.com/dawsbot/eth-labels,medium,2026-07-17
0x685b1ded8013785d6623cc18d214320b6bb64759,bsc,validator,Validator: Namelix,entity,eth-labels,https://github.com/dawsbot/eth-labels,medium,2026-07-17
0x68bf0b8b6fb4e317a0f9d6f03eaf8ce6675bc60d,bsc,validator,Validator: Stakepulse,entity,eth-labels,https://github.com/dawsbot/eth-labels,medium,2026-07-17
0x69c77a677c40c7fbea129d4b171a39b7a8ddabfa,bsc,validator,Blockorus,entity,eth-labels,https://github.com/dawsbot/eth-labels,medium,2026-07-17
0x6bbad7cf34b5fa511d8e963dbba288b1960e75d6,bsc,validator,Validator: Ararat,entity,eth-labels,https://github.com/dawsbot/eth-labels,medium,2026-07-17
0x70f657164e5b75689b64b7fd1fa275f334f28e18,bsc,validator,Validator: BscScan,entity,eth-labels,https://github.com/dawsbot/eth-labels,medium,2026-07-17
0x72b61c6014342d914470ec7ac2975be345796c2b,bsc,validator,Validator: 48 Club,entity,eth-labels,https://github.com/dawsbot/eth-labels,medium,2026-07-17
0x78f3adfc719c99674c072166708589033e2d9afe,bsc,validator,Validator: Nariox,entity,eth-labels,https://github.com/dawsbot/eth-labels,medium,2026-07-17
0x7ae2f5b9e386cd1b50a4550696d957cb4900f03a,bsc,validator,Validator: Fuji,entity,eth-labels,https://github.com/dawsbot/eth-labels,medium,2026-07-17
0x82012708dafc9e1b880fd083b32182b869be8e09,bsc,validator,Validator: Kita,entity,eth-labels,https://github.com/dawsbot/eth-labels,medium,2026-07-17
0x8b6c8fd93d6f4cea42bbb345dbc6f0dfdb5bec73,bsc,validator,Validator: Legend III,entity,eth-labels,https://github.com/dawsbot/eth-labels,medium,2026-07-17
0x8c4d90829ce8f72d0163c1d5cf348a862d550630,bsc,validator,Validator: Everest,entity,eth-labels,https://github.com/dawsbot/eth-labels,medium,2026-07-17
0x9bb832254baf4e8b4cc26bd2b52b31389b56e98b,bsc,validator,Validator: Stake2me,entity,eth-labels,https://github.com/dawsbot/eth-labels,medium,2026-07-17
0x9ef9f4360c606c7ab4db26b016007d3ad0ab86a0,bsc,validator,Validator: Nozti,entity,eth-labels,https://github.com/dawsbot/eth-labels,medium,2026-07-17
0x9f8ccdafcc39f3c7d6ebf637c9151673cbc36b88,bsc,validator,Validator: Ankr,entity,eth-labels,https://github.com/dawsbot/eth-labels,medium,2026-07-17
0xa34efe6222e33adb84307f41b218d1823afb6f6d,bsc,validator,Validator: Enrico Fermi,entity,eth-labels,https://github.com/dawsbot/eth-labels,medium,2026-07-17
0xa6f79b60359f141df90a0c745125b131caaffd12,bsc,validator,Validator: Avengers,entity,eth-labels,https://github.com/dawsbot/eth-labels,medium,2026-07-17
0xada8c942f31098482748fcf2b9d3dc1d8de7b0e4,bsc,validator,Validator: James Clerk Maxwell,entity,eth-labels,https://github.com/dawsbot/eth-labels,medium,2026-07-17
0xb218c5d6af1f979ac42bc68d98a5a0d796c6ab01,bsc,validator,Validator: Alan Turing,entity,eth-labels,https://github.com/dawsbot/eth-labels,medium,2026-07-17
0xb8f7166496996a7da21cf1f1b04d9b3e26a3d077,bsc,validator,Validator: Coinlix,entity,eth-labels,https://github.com/dawsbot/eth-labels,medium,2026-07-17
0xbe807dddb074639cd9fa61b47676c064fc50d62c,bsc,validator,Validator: Certik,entity,eth-labels,https://github.com/dawsbot/eth-labels,medium,2026-07-17
0xc2be4ec20253b8642161bc3f444f53679c1f3d47,bsc,validator,Validator: Tiollo,entity,eth-labels,https://github.com/dawsbot/eth-labels,medium,2026-07-17
0xce2fd7544e0b2cc94692d4a704debef7bcb61328,bsc,validator,Validator: Pexmons,entity,eth-labels,https://github.com/dawsbot/eth-labels,medium,2026-07-17
0xd6caa02bbebaebb5d7e581e4b66559e635f805ff,bsc,validator,Validator: Leapbnb,entity,eth-labels,https://github.com/dawsbot/eth-labels,medium,2026-07-17
0xe2d3a739effcd3a99387d015e260eefac72ebea1,bsc,validator,Validator: MathWallet,entity,eth-labels,https://github.com/dawsbot/eth-labels,medium,2026-07-17
0xe9ae3261a475a27bb1028f140bc2a7c843318afd,bsc,validator,Validator: HashQuark,entity,eth-labels,https://github.com/dawsbot/eth-labels,medium,2026-07-17
0xea0a6e3c511bbd10f4519ece37dc24887e11b55d,bsc,validator,Validator: Defibit,entity,eth-labels,https://github.com/dawsbot/eth-labels,medium,2026-07-17
0xee01c3b1283aa067c58eab4709f85e99d46de5fe,bsc,validator,Validator: Glorin,entity,eth-labels,https://github.com/dawsbot/eth-labels,medium,2026-07-17
0xee226379db83cffc681495730c11fdde79ba4c0c,bsc,validator,Validator: InfStones,entity,eth-labels,https://github.com/dawsbot/eth-labels,medium,2026-07-17
0x027f1e1a1d4c36b383e490da919c7f895afe3c89,bsc,vaults,Tryvium: Team Vault,entity,eth-labels,https://github.com/dawsbot/eth-labels,medium,2026-07-17
0x46940dc651bfe3f2cc3e04cf9dc5579b50cf0765,bsc,vaults,Morphex: Vault,entity,eth-labels,https://github.com/dawsbot/eth-labels,medium,2026-07-17
0x741523f00b1a2575d670d367f587c7c027f29762,bsc,vaults,Tryvium: Reserved Funds Vault,entity,eth-labels,https://github.com/dawsbot/eth-labels,medium,2026-07-17
0x74157b38ec19e823ea4501b0d169533b33418392,bsc,vaults,Tryvium: Sales Vault,entity,eth-labels,https://github.com/dawsbot/eth-labels,medium,2026-07-17
0xc48b0868df84436c6624de4859aeec6a87f805a3,bsc,vaults,Tryvium: Bounty Vault,entity,eth-labels,https://github.com/dawsbot/eth-labels,medium,2026-07-17
0x151b1e2635a717bcdc836ecd6fbb62b674fe3e1d,bsc,venus-protocol,Venus: vXVS Token,entity,eth-labels,https://github.com/dawsbot/eth-labels,medium,2026-07-17
0x1b43ea8622e76627b81665b1ecebb4867566b963,bsc,venus-protocol,Venus: GameFi Comptroller,entity,eth-labels,https://github.com/dawsbot/eth-labels,medium,2026-07-17
0x1ca3ac3686071be692be7f1fbecd668641476d7e,bsc,venus-protocol,Venus: Deployer,entity,eth-labels,https://github.com/dawsbot/eth-labels,medium,2026-07-17
0x23b4404e4e5ec5ff5a6ffb70b7d14e3fabf237b0,bsc,venus-protocol,Venus: Tron Comptroller,entity,eth-labels,https://github.com/dawsbot/eth-labels,medium,2026-07-17
0x25e215cce40bd849b7c286912b85212f984ff1e0,bsc,venus-protocol,Venus: Pool Lens,entity,eth-labels,https://github.com/dawsbot/eth-labels,medium,2026-07-17
0x2b8a1c539abac89cbf7e2bc6987a0a38a5e660d4,bsc,venus-protocol,Venus: VToken Beacon,entity,eth-labels,https://github.com/dawsbot/eth-labels,medium,2026-07-17
0x2ff3d0f6990a40261c66e1ff2017acbc282eb6d0,bsc,venus-protocol,Venus: vSXP Token,entity,eth-labels,https://github.com/dawsbot/eth-labels,medium,2026-07-17
0x3344417c9360b963ca93a4e8305361aede340ab9,bsc,venus-protocol,Venus: DeFi Comptroller,entity,eth-labels,https://github.com/dawsbot/eth-labels,medium,2026-07-17
0x38b4efab9ea1bacd19dc81f19c4d1c2f9deae1b2,bsc,venus-protocol,Venus: Comptroller Beacon,entity,eth-labels,https://github.com/dawsbot/eth-labels,medium,2026-07-17
0x47bee99bd8cf5d8d7e815e2d2a3e2985cbccc04b,bsc,venus-protocol,Venus: DeFi Swap Router,entity,eth-labels,https://github.com/dawsbot/eth-labels,medium,2026-07-17
0x4bd17003473389a42daf6a0a729f6fdb328bbbd7,bsc,venus-protocol,Venus: VAI Token,entity,eth-labels,https://github.com/dawsbot/eth-labels,medium,2026-07-17
0x57a5297f2cb2c0aac9d554660acd6d385ab50c6b,bsc,venus-protocol,Venus: vLTC Token,entity,eth-labels,https://github.com/dawsbot/eth-labels,medium,2026-07-17
0x6beb6d2695b67feb73ad4f172e8e2975497187e4,bsc,venus-protocol,Venus: Proxy Admin,entity,eth-labels,https://github.com/dawsbot/eth-labels,medium,2026-07-17
0x882c173bc7ff3b7786ca16dfed3dfffb9ee7847b,bsc,venus-protocol,Venus: vBTC Token,entity,eth-labels,https://github.com/dawsbot/eth-labels,medium,2026-07-17
0x94c1495cd4c557f1560cbd68eab0d197e6291571,bsc,venus-protocol,Venus: Stablecoin Comptroller,entity,eth-labels,https://github.com/dawsbot/eth-labels,medium,2026-07-17
0x95c78222b3d6e262426483d42cfa53685a67ab9d,bsc,venus-protocol,Venus: vBUSD Token,entity,eth-labels,https://github.com/dawsbot/eth-labels,medium,2026-07-17
0x9b15462a79d0948bddf679e0e5a9841c44aafb7a,bsc,venus-protocol,Venus: GameFi Swap router,entity,eth-labels,https://github.com/dawsbot/eth-labels,medium,2026-07-17
0x9f7b01a536afa00ef10310a162877fd792cd0666,bsc,venus-protocol,Venus: Pool Registry,entity,eth-labels,https://github.com/dawsbot/eth-labels,medium,2026-07-17
0xa07c5b74c9b40447a954e1466938b865b6bbea36,bsc,venus-protocol,Venus: vBNB Token,entity,eth-labels,https://github.com/dawsbot/eth-labels,medium,2026-07-17
0xacd270ed7dfd4466bd931d84fe5b904080e28bfc,bsc,venus-protocol,Venus: Tron Swap router,entity,eth-labels,https://github.com/dawsbot/eth-labels,medium,2026-07-17
0xb248a295732e0225acd3337607cc01068e3b9c10,bsc,venus-protocol,Venus: vXRP Token,entity,eth-labels,https://github.com/dawsbot/eth-labels,medium,2026-07-17
0xbbd8e2b5d69fce9aaa599c50f0f0960aa58b32aa,bsc,venus-protocol,Venus: Stablecoin Swap Router,entity,eth-labels,https://github.com/dawsbot/eth-labels,medium,2026-07-17
0xca01d5a9a248a830e9d93231e791b1affed7c446,bsc,venus-protocol,Venus: Protocol Share Reserve,entity,eth-labels,https://github.com/dawsbot/eth-labels,medium,2026-07-17
0xcf6bb5389c92bdda8a3747ddb454cb7a64626c63,bsc,venus-protocol,Venus: XVS Token,entity,eth-labels,https://github.com/dawsbot/eth-labels,medium,2026-07-17
0xdf31a28d68a2ab381d42b380649ead7ae2a76e42,bsc,venus-protocol,Venus: Risk Fund,entity,eth-labels,https://github.com/dawsbot/eth-labels,medium,2026-07-17
0xeca88125a5adbe82614ffc12d0db554e2e2867c8,bsc,venus-protocol,Venus: vUSDC Token,entity,eth-labels,https://github.com/dawsbot/eth-labels,medium,2026-07-17
0xf37530a8a810fcb501aa0ecd0b0699388f0f2209,bsc,venus-protocol,Venus: Shortfall,entity,eth-labels,https://github.com/dawsbot/eth-labels,medium,2026-07-17
0xf508fcd89b8bd15579dc79a6827cb4686a3592c8,bsc,venus-protocol,Venus: vETH Token,entity,eth-labels,https://github.com/dawsbot/eth-labels,medium,2026-07-17
0xfd36e2c2a6789db23113685031d7f16329158384,bsc,venus-protocol,Venus: Distribution,entity,eth-labels,https://github.com/dawsbot/eth-labels,medium,2026-07-17
0xfd5840cd36d94d7229439859c0112a4185bc0255,bsc,venus-protocol,Venus: vUSDT Token,entity,eth-labels,https://github.com/dawsbot/eth-labels,medium,2026-07-17
0x9faf937bb5c46952bb8395cb2a837cb49422528d,bsc,website-down,AnonymousMask.Finance: MASK Token,entity,eth-labels,https://github.com/dawsbot/eth-labels,medium,2026-07-17
0x066d5544a0b05b19f08e45dbc13758a3590386c4,bsc,yield-farming,FryWorld: Staking Contract,entity,eth-labels,https://github.com/dawsbot/eth-labels,medium,2026-07-17
0x0639556F03714A74a5fEEaF5736a4A64fF70D206,bsc,Bitget,Bitget (proof-of-reserves),exchange,defillama-cex,https://github.com/DefiLlama/DefiLlama-Adapters,high,2026-07-17
0x092fe28430bade62c7c044b9c77d0aaa06241319,bsc,Bitget,Bitget (proof-of-reserves),exchange,defillama-cex,https://github.com/DefiLlama/DefiLlama-Adapters,high,2026-07-17
0x1084203d70950bd7a93aef75eb32a51df2422a07,bsc,Bitget,Bitget (proof-of-reserves),exchange,defillama-cex,https://github.com/DefiLlama/DefiLlama-Adapters,high,2026-07-17
0x149ded7438caf5e5bfdc507a6c25436214d445e1,bsc,Bitget,Bitget (proof-of-reserves),exchange,defillama-cex,https://github.com/DefiLlama/DefiLlama-Adapters,high,2026-07-17
0x14b5f559c27bc00c39f668a88471498d68d18768,bsc,Bitget,Bitget (proof-of-reserves),exchange,defillama-cex,https://github.com/DefiLlama/DefiLlama-Adapters,high,2026-07-17
0x1ab4973a48dc892cd9971ece8e01dcc7688f8f23,bsc,Bitget,Bitget (proof-of-reserves),exchange,defillama-cex,https://github.com/DefiLlama/DefiLlama-Adapters,high,2026-07-17
0x1ff33329a8f8c1927131cbb72362b00abeea02d3,bsc,Bitget,Bitget (proof-of-reserves),exchange,defillama-cex,https://github.com/DefiLlama/DefiLlama-Adapters,high,2026-07-17
0x3a7d1a8c3a8dc9d48a68e628432198a2ead4917c,bsc,Bitget,Bitget (proof-of-reserves),exchange,defillama-cex,https://github.com/DefiLlama/DefiLlama-Adapters,high,2026-07-17
0x4c1d7de286d7c20df5f2ba44b3bc706c1e03bf13,bsc,Bitget,Bitget (proof-of-reserves),exchange,defillama-cex,https://github.com/DefiLlama/DefiLlama-Adapters,high,2026-07-17
0x5bdf85216ec1e38d6458c870992a69e38e03f7ef,bsc,Bitget,Bitget (proof-of-reserves),exchange,defillama-cex,https://github.com/DefiLlama/DefiLlama-Adapters,high,2026-07-17
0x80097a87a7dcde470e34c10b5cceb85abf83b531,bsc,Bitget,Bitget (proof-of-reserves),exchange,defillama-cex,https://github.com/DefiLlama/DefiLlama-Adapters,high,2026-07-17
0x864a7fa57e0f8902a2de4892e925f1272edbe3fa,bsc,Bitget,Bitget (proof-of-reserves),exchange,defillama-cex,https://github.com/DefiLlama/DefiLlama-Adapters,high,2026-07-17
0x8911b8f5127eec40c14e1ad0500dc4dbd279d7a7,bsc,Bitget,Bitget (proof-of-reserves),exchange,defillama-cex,https://github.com/DefiLlama/DefiLlama-Adapters,high,2026-07-17
0x934186fd8352fa734eb0df82e8863e6449193294,bsc,Bitget,Bitget (proof-of-reserves),exchange,defillama-cex,https://github.com/DefiLlama/DefiLlama-Adapters,high,2026-07-17
0x97b9d2102a9a65a26e1ee82d59e42d1b73b68689,bsc,Bitget,Bitget (proof-of-reserves),exchange,defillama-cex,https://github.com/DefiLlama/DefiLlama-Adapters,high,2026-07-17
0xa316c725bc8401c97d6d96f283c14b827541744e,bsc,Bitget,Bitget (proof-of-reserves),exchange,defillama-cex,https://github.com/DefiLlama/DefiLlama-Adapters,high,2026-07-17
0xac65bdf867103ae2c3a75cdd4b68f9d7178c604f,bsc,Bitget,Bitget (proof-of-reserves),exchange,defillama-cex,https://github.com/DefiLlama/DefiLlama-Adapters,high,2026-07-17
0xbcf6011192399df75a96b0a4ce47c4820853e9e5,bsc,Bitget,Bitget (proof-of-reserves),exchange,defillama-cex,https://github.com/DefiLlama/DefiLlama-Adapters,high,2026-07-17
0xc43999113f8fe724d91356c26105def1449ebdfd,bsc,Bitget,Bitget (proof-of-reserves),exchange,defillama-cex,https://github.com/DefiLlama/DefiLlama-Adapters,high,2026-07-17
0xe4786cfe980ef5a6428a2fffafabf24f1fc79b64,bsc,Bitget,Bitget (proof-of-reserves),exchange,defillama-cex,https://github.com/DefiLlama/DefiLlama-Adapters,high,2026-07-17
0xe7b3b0a59b026ec1fef16561daf93672a61bafec,bsc,Bitget,Bitget (proof-of-reserves),exchange,defillama-cex,https://github.com/DefiLlama/DefiLlama-Adapters,high,2026-07-17
0xffa8db7b38579e6a2d14f9b347a9ace4d044cd54,bsc,Bitget,Bitget (proof-of-reserves),exchange,defillama-cex,https://github.com/DefiLlama/DefiLlama-Adapters,high,2026-07-17
0x868f027a5e3bd1cd29606a6681c3ddb7d3dd9b67,bsc,Bitrue,Bitrue (proof-of-reserves),exchange,defillama-cex,https://github.com/DefiLlama/DefiLlama-Adapters,high,2026-07-17
0x0d0707963952f2fba59dd06f2b425ace40b492fe,bsc,Gate.io,Gate.io (proof-of-reserves),exchange,defillama-cex+eth-labels,https://github.com/DefiLlama/DefiLlama-Adapters,high,2026-07-17
0x1c4b70a3968436b9a0a9cf5205c787eb81bb558c,bsc,Gate.io,Gate.io (proof-of-reserves),exchange,defillama-cex,https://github.com/DefiLlama/DefiLlama-Adapters,high,2026-07-17
0x6596da8b65995d5feacff8c2936f0b7a2051b0d0,bsc,Gate.io,Gate.io (proof-of-reserves),exchange,defillama-cex,https://github.com/DefiLlama/DefiLlama-Adapters,high,2026-07-17
0x85faa6c1f2450b9caea300838981c2e6e120c35c,bsc,Gate.io,Gate.io (proof-of-reserves),exchange,defillama-cex,https://github.com/DefiLlama/DefiLlama-Adapters,high,2026-07-17
0xD793281182A0e3E023116004778F45c29fc14F19,bsc,Gate.io,Gate.io (proof-of-reserves),exchange,defillama-cex,https://github.com/DefiLlama/DefiLlama-Adapters,high,2026-07-17
0xa4992ccf2a74132936b87cbf28b5d52304ba3be7,bsc,Gate.io,Gate.io (proof-of-reserves),exchange,defillama-cex,https://github.com/DefiLlama/DefiLlama-Adapters,high,2026-07-17
0xc882b111a75c0c657fc507c04fbfcd2cc984f071,bsc,Gate.io,Gate.io (proof-of-reserves),exchange,defillama-cex,https://github.com/DefiLlama/DefiLlama-Adapters,high,2026-07-17
0xf379a3d1ab6625eef34347d054cfaeafdf8f24a7,bsc,Gate.io,Gate.io (proof-of-reserves),exchange,defillama-cex,https://github.com/DefiLlama/DefiLlama-Adapters,high,2026-07-17
0xffeb0f61871acdb4838dfc6d5082f063e738e421,bsc,Gate.io,Gate.io (proof-of-reserves),exchange,defillama-cex,https://github.com/DefiLlama/DefiLlama-Adapters,high,2026-07-17
0x18709e89bd403f470088abdacebe86cc60dda12e,bsc,HTX (Huobi),HTX (Huobi) (proof-of-reserves),exchange,defillama-cex,https://github.com/DefiLlama/DefiLlama-Adapters,high,2026-07-17
0xafdfd157d9361e621e476036fee62f688450692b,bsc,HTX (Huobi),HTX (Huobi) (proof-of-reserves),exchange,defillama-cex,https://github.com/DefiLlama/DefiLlama-Adapters,high,2026-07-17
0xdd3cb5c974601bc3974d908ea4a86020f9999e0c,bsc,HTX (Huobi),HTX (Huobi) (proof-of-reserves),exchange,defillama-cex,https://github.com/DefiLlama/DefiLlama-Adapters,high,2026-07-17
0x1692e170361cefd1eb7240ec13d048fd9af6d667,bsc,KuCoin,KuCoin (proof-of-reserves),exchange,defillama-cex,https://github.com/DefiLlama/DefiLlama-Adapters,high,2026-07-17
0x175ce6204bfda2a509c7e9c786b74407f569c9cc,bsc,KuCoin,KuCoin (proof-of-reserves),exchange,defillama-cex,https://github.com/DefiLlama/DefiLlama-Adapters,high,2026-07-17
0x17a30350771d02409046a683b18fe1c13ccfc4a8,bsc,KuCoin,KuCoin (proof-of-reserves),exchange,defillama-cex,https://github.com/DefiLlama/DefiLlama-Adapters,high,2026-07-17
0x2677c4c8757da1857cc7cc4071e0e0dd32ccb975,bsc,KuCoin,KuCoin (proof-of-reserves),exchange,defillama-cex,https://github.com/DefiLlama/DefiLlama-Adapters,high,2026-07-17
0x2933782B5A8D72F2754103D1489614F29BFA4625,bsc,KuCoin,KuCoin (proof-of-reserves),exchange,defillama-cex,https://github.com/DefiLlama/DefiLlama-Adapters,high,2026-07-17
0x3ad7d43702bc2177cc9ec655b6ee724136891ef4,bsc,KuCoin,KuCoin (proof-of-reserves),exchange,defillama-cex,https://github.com/DefiLlama/DefiLlama-Adapters,high,2026-07-17
0x53f78a071d04224b8e254e243fffc6d9f2f3fa23,bsc,KuCoin,KuCoin (proof-of-reserves),exchange,defillama-cex+eth-labels,https://github.com/DefiLlama/DefiLlama-Adapters,high,2026-07-17
0x69be413d648ae00f0fbd9856f1355e22b36ee5e0,bsc,KuCoin,KuCoin (proof-of-reserves),exchange,defillama-cex,https://github.com/DefiLlama/DefiLlama-Adapters,high,2026-07-17
0x6d6cc65e2060d0a280fcd47b6c22ec5636797fec,bsc,KuCoin,KuCoin (proof-of-reserves),exchange,defillama-cex,https://github.com/DefiLlama/DefiLlama-Adapters,high,2026-07-17
0x8dac80ce96f69f9762bc450faa4d7fbd5891ae18,bsc,KuCoin,KuCoin (proof-of-reserves),exchange,defillama-cex,https://github.com/DefiLlama/DefiLlama-Adapters,high,2026-07-17
0xb8e6d31e7b212b2b7250ee9c26c56cebbfbe6b23,bsc,KuCoin,KuCoin (proof-of-reserves),exchange,defillama-cex,https://github.com/DefiLlama/DefiLlama-Adapters,high,2026-07-17
0xd6216fc19db775df9774a6e33526131da7d19a2c,bsc,KuCoin,KuCoin (proof-of-reserves),exchange,defillama-cex,https://github.com/DefiLlama/DefiLlama-Adapters,high,2026-07-17
0xf8ba3ec49212ca45325a2335a8ab1279770df6c0,bsc,KuCoin,KuCoin (proof-of-reserves),exchange,defillama-cex,https://github.com/DefiLlama/DefiLlama-Adapters,high,2026-07-17
0x267e0c7456df5254492127ea7b2e14e556b492b8,bsc,old-contract,RocketX Exchange: Old RVF Token,exchange,eth-labels,https://github.com/dawsbot/eth-labels,medium,2026-07-17
0x3d66fc32829e154d270a2a0ce4887d9fbc677dd5,bsc,old-contract,TrustBit Exchange: Old TRS Token,exchange,eth-labels,https://github.com/dawsbot/eth-labels,medium,2026-07-17
0xfcfc325875c949f049649101082f703000cb205d,bsc,old-contract,Dexo Exchange: Old DEXO Token,exchange,eth-labels,https://github.com/dawsbot/eth-labels,medium,2026-07-17
0x1ba8d3c4c219b124d351f603060663bd1bcd9bbf,bsc,binance-pegged,Tornado.Cash: TORN Token,mixer,eth-labels,https://github.com/dawsbot/eth-labels,medium,2026-07-17
0x6b6726c610692a738d27295a7f247f044ca656ac,bsc,burgerswap,BurgerSwap: bWASABI-BURGER,mixer,eth-labels,https://github.com/dawsbot/eth-labels,medium,2026-07-17
0x7826b6d0b072035189fd7f080778523da322e49b,bsc,burgerswap,BurgerSwap: WASABI,mixer,eth-labels,https://github.com/dawsbot/eth-labels,medium,2026-07-17
0x80ffdfcf647b54b1872bbd579fb331881d17ff01,bsc,burgerswap,BurgerSwap: WASABI-BURGER,mixer,eth-labels,https://github.com/dawsbot/eth-labels,medium,2026-07-17
0x4f47bc496083c727c5fbe3ce9cdf2b0f6496270c,bsc,OFAC SDN,OFAC sanctioned (BSC),sanctioned,ofac-sdn,https://github.com/0xB10C/ofac-sanctioned-digital-currency-addresses,high,2026-07-17
