address,network,entity,label,category,source,source_url,confidence,last_updated
0x0451255563e2aca170b2552111837572e7a0bacd,optimism,aura-finance,Aura: Bridge Sender,bridge,eth-labels,https://github.com/dawsbot/eth-labels,medium,2026-07-17
0x3c2269811836af69497e5f486a85d7316753cf62,optimism,bridge,LayerZero: Optimism Endpoint,bridge,eth-labels,https://github.com/dawsbot/eth-labels,medium,2026-07-17
0x9d39fc627a6d9d9f8c831c16995b209548cc3401,optimism,bridge,Celer Network: cBridge,bridge,eth-labels,https://github.com/dawsbot/eth-labels,medium,2026-07-17
0xaf41a65f786339e7911f4acdad6bd49426f2dc6b,optimism,bridge,Synapse: Bridge,bridge,eth-labels,https://github.com/dawsbot/eth-labels,medium,2026-07-17
0xc10ef9f491c9b59f936957026020c321651ac078,optimism,bridge,Multichain: anyCall V6,bridge,eth-labels,https://github.com/dawsbot/eth-labels,medium,2026-07-17
0xdc42728b0ea910349ed3c6e1c9dc06b5fb591f98,optimism,bridge,Multichain: Router V6,bridge,eth-labels,https://github.com/dawsbot/eth-labels,medium,2026-07-17
0xe4edb277e41dc89ab076a1f049f4a3efa700bce8,optimism,bridge,Orbiter Finance: Bridge 2,bridge,eth-labels,https://github.com/dawsbot/eth-labels,medium,2026-07-17
0xe7351fd770a37282b91d153ee690b63579d6dd7f,optimism,bridge,Dln: Destination,bridge,eth-labels,https://github.com/dawsbot/eth-labels,medium,2026-07-17
0x0af91fa049a7e1894f480bfe5bba20142c6c29a9,optimism,contract-deployer,Synapse: Deployer,bridge,eth-labels,https://github.com/dawsbot/eth-labels,medium,2026-07-17
0x1d7c6783328c145393e84fb47a7f7c548f5ee28d,optimism,contract-deployer,Stargate Finance: Deployer,bridge,eth-labels,https://github.com/dawsbot/eth-labels,medium,2026-07-17
0x5e9bf1dd74b4d25b7009af11582f537b08ea3d3c,optimism,contract-deployer,LayerZero: Deployer,bridge,eth-labels,https://github.com/dawsbot/eth-labels,medium,2026-07-17
0x9a8f92a830a5cb89a3816e3d267cb7791c16b04d,optimism,contract-deployer,Across Protocol: Deployer,bridge,eth-labels,https://github.com/dawsbot/eth-labels,medium,2026-07-17
0xaea98f9f0bb6eb53fe8b98372e91a46da8504f07,optimism,contract-deployer,Wormhole: Deployer,bridge,eth-labels,https://github.com/dawsbot/eth-labels,medium,2026-07-17
0xd31f9113fdb5bd97d7ddf969f15956808db4a6fb,optimism,contract-deployer,Bridged TrueUSD: Deployer,bridge,eth-labels,https://github.com/dawsbot/eth-labels,medium,2026-07-17
0x489a8756c18c0b8b24ec2a2b9ff3d4d447f79bec,optimism,exploit,BNB Bridge Exploiter,bridge,eth-labels,https://github.com/dawsbot/eth-labels,medium,2026-07-17
0x03d7f750777ec48d39d080b020d83eb2cb4e3547,optimism,hop-protocol,Hop Protocol: HOP Bridge,bridge,eth-labels,https://github.com/dawsbot/eth-labels,medium,2026-07-17
0x2057c8ecb70afd7bee667d76b4cd373a325b1a20,optimism,hop-protocol,Hop Protocol: hUSDT Token,bridge,eth-labels,https://github.com/dawsbot/eth-labels,medium,2026-07-17
0x22d63a26c730d49e5eab461e4f5de1d8bdf89c92,optimism,hop-protocol,Hop Protocol: HOP - DAI Token,bridge,eth-labels,https://github.com/dawsbot/eth-labels,medium,2026-07-17
0x25d8039bb044dc227f741a9e381ca4ceae2e6ae8,optimism,hop-protocol,Hop Protocol: hUSDC Token,bridge,eth-labels,https://github.com/dawsbot/eth-labels,medium,2026-07-17
0x2ad09850b0ca4c7c1b33f5acd6cbabcab5d6e796,optimism,hop-protocol,Hop Protocol: USDC Wrapper,bridge,eth-labels,https://github.com/dawsbot/eth-labels,medium,2026-07-17
0x2e17b8193566345a2dd467183526dedc42d2d5a8,optimism,hop-protocol,Hop Protocol: HOP - USDC Token,bridge,eth-labels,https://github.com/dawsbot/eth-labels,medium,2026-07-17
0x46ae9bab8cea96610807a275ebd36f8e916b5c61,optimism,hop-protocol,Hop Protocol: USDT Bridge,bridge,eth-labels,https://github.com/dawsbot/eth-labels,medium,2026-07-17
0x56900d66d74cb14e3c86895789901c9135c95b16,optimism,hop-protocol,Hop Protocol: hDAI Token,bridge,eth-labels,https://github.com/dawsbot/eth-labels,medium,2026-07-17
0x5c2048094baade483d0b1da85c3da6200a88a849,optimism,hop-protocol,Hop Protocol: HOP - ETH Token,bridge,eth-labels,https://github.com/dawsbot/eth-labels,medium,2026-07-17
0x7191061d5d4c60f598214cc6913502184baddf18,optimism,hop-protocol,Hop Protocol: DAI Bridge,bridge,eth-labels,https://github.com/dawsbot/eth-labels,medium,2026-07-17
0x7d269d3e0d61a05a0ba976b7dbf8805bf844af3f,optimism,hop-protocol,Hop Protocol: USDT Wrapper,bridge,eth-labels,https://github.com/dawsbot/eth-labels,medium,2026-07-17
0x83f6244bd87662118d96d9a6d44f09dfff14b30e,optimism,hop-protocol,Hop Protocol: ETH Bridge,bridge,eth-labels,https://github.com/dawsbot/eth-labels,medium,2026-07-17
0x86ca30bef97fb651b8d866d45503684b90cb3312,optimism,hop-protocol,Hop Protocol: ETH Wrapper,bridge,eth-labels,https://github.com/dawsbot/eth-labels,medium,2026-07-17
0xaa30d6bba6285d0585722e2440ff89e23ef68864,optimism,hop-protocol,Hop Protocol: ETH Liquidity Pool,bridge,eth-labels,https://github.com/dawsbot/eth-labels,medium,2026-07-17
0xb3c68a491608952cb1257fc9909a537a0173b63b,optimism,hop-protocol,Hop Protocol: DAI Wrapper,bridge,eth-labels,https://github.com/dawsbot/eth-labels,medium,2026-07-17
0xe38faf9040c7f09958c638bbdb977083722c5156,optimism,hop-protocol,Hop Protocol: hETH Token,bridge,eth-labels,https://github.com/dawsbot/eth-labels,medium,2026-07-17
0xec4b41af04cf917b54aeb6df58c0f8d78895b5ef,optimism,hop-protocol,Hop Protocol: USDT Liquidity Pool,bridge,eth-labels,https://github.com/dawsbot/eth-labels,medium,2026-07-17
0xf181ed90d6cfac84b8073fdea6d34aa744b41810,optimism,hop-protocol,Hop Protocol: DAI Liquidity Pool,bridge,eth-labels,https://github.com/dawsbot/eth-labels,medium,2026-07-17
0xf753a50fc755c6622bbcaa0f59f0522f264f006e,optimism,hop-protocol,Hop Protocol: HOP - USDT Token,bridge,eth-labels,https://github.com/dawsbot/eth-labels,medium,2026-07-17
0x3f87ff1de58128ef8fcb4c807efd776e1ac72e51,optimism,optimism-bridge,Optimism Bridge 2,bridge,eth-labels,https://github.com/dawsbot/eth-labels,medium,2026-07-17
0x4200000000000000000000000000000000000010,optimism,optimism-bridge,Optimism Bridge,bridge,eth-labels,https://github.com/dawsbot/eth-labels,medium,2026-07-17
0x99c9fc46f92e8a1c0dec1b1747d010903e884be1,optimism,optimism-bridge,Optimism: Gateway,bridge,eth-labels,https://github.com/dawsbot/eth-labels,medium,2026-07-17
0x136b1ec699c62b0606854056f02dc7bb80482d63,optimism,synthetix,Synthetix: Bridge To Base,bridge,eth-labels,https://github.com/dawsbot/eth-labels,medium,2026-07-17
0x8f7b21bf5f8490faa63386f6f6434c6ae8d8a120,optimism,synthetix,Synthetix: Synthetix Bridge To Base,bridge,eth-labels,https://github.com/dawsbot/eth-labels,medium,2026-07-17
0x296f55f8fb28e498b858d0bcda06d955b2cb3f97,optimism,token-contract,Stargate Finance: STG Token,bridge,eth-labels,https://github.com/dawsbot/eth-labels,medium,2026-07-17
0x3e7ef8f50246f725885102e8238cbba33f276747,optimism,token-contract,BarnBridge: BOND Token,bridge,eth-labels,https://github.com/dawsbot/eth-labels,medium,2026-07-17
0x809dc529f07651bd43a172e8db6f4a7a0d771036,optimism,token-contract,Synapse: nETH Token,bridge,eth-labels,https://github.com/dawsbot/eth-labels,medium,2026-07-17
0x9b88d293b7a791e40d36a39765ffd5a1b9b5c349,optimism,token-contract,Wormhole: CELO Token,bridge,eth-labels,https://github.com/dawsbot/eth-labels,medium,2026-07-17
0xb69c8cbcd90a39d8d3d3ccf0a3e968511c3856a0,optimism,token-contract,Stargate Finance: SGETH Token,bridge,eth-labels,https://github.com/dawsbot/eth-labels,medium,2026-07-17
0xcb59a0a753fdb7491d5f3d794316f1ade197b21e,optimism,token-contract,Bridged TrueUSD: TUSD Token,bridge,eth-labels,https://github.com/dawsbot/eth-labels,medium,2026-07-17
0xd22363e3762ca7339569f3d33eade20127d5f98c,optimism,token-contract,Stargate Finance: S*SGETH Token,bridge,eth-labels,https://github.com/dawsbot/eth-labels,medium,2026-07-17
0xdd69db25f6d620a7bad3023c5d32761d353d3de9,optimism,token-contract,LayerZero: GETH Token,bridge,eth-labels,https://github.com/dawsbot/eth-labels,medium,2026-07-17
0xdecc0c09c3b5f6e92ef4184125d5648a66e35298,optimism,token-contract,Stargate Finance: S*USDC Token,bridge,eth-labels,https://github.com/dawsbot/eth-labels,medium,2026-07-17
0xff733b2a3557a7ed6697007ab5d11b79fdd1b76b,optimism,token-contract,Across Protocol: ACX Token,bridge,eth-labels,https://github.com/dawsbot/eth-labels,medium,2026-07-17
0x3a539ed6bd42de8fbaf3899fb490c792e153d647,optimism,0x-protocol,0x: Transformer Deployer,defi,eth-labels,https://github.com/dawsbot/eth-labels,medium,2026-07-17
0x6d506b2847df0c6f04d2628da1adaf4d8fb2e81b,optimism,0x-protocol,0x: Exchange Proxy Governor,defi,eth-labels,https://github.com/dawsbot/eth-labels,medium,2026-07-17
0xa3128d9b7cca7d5af29780a56abeec12b05a6740,optimism,0x-protocol,0x: Flash Wallet,defi,eth-labels,https://github.com/dawsbot/eth-labels,medium,2026-07-17
0xdef1abe32c034e558cdd535791643c58a13acc10,optimism,0x-protocol,0x: Exchange Proxy,defi,eth-labels,https://github.com/dawsbot/eth-labels,medium,2026-07-17
0x078f358208685046a11c85e8ad32895ded33a249,optimism,aave,Aave: aWBTC Token V3,defi,eth-labels,https://github.com/dawsbot/eth-labels,medium,2026-07-17
0x0c84331e39d6658cd6e6b9ba04736cc4c4734351,optimism,aave,Aave: vWETH Token V3,defi,eth-labels,https://github.com/dawsbot/eth-labels,medium,2026-07-17
0x0e1a3af1f9cc76a62ed31ededca291e63632e7c4,optimism,aave,Aave: Payloads Controller,defi,eth-labels,https://github.com/dawsbot/eth-labels,medium,2026-07-17
0x191c10aa4af7c30e871e70c95db0e4eb77237530,optimism,aave,Aave: aLINK Token V3,defi,eth-labels,https://github.com/dawsbot/eth-labels,medium,2026-07-17
0x307ffe186f84a3bc2613d1ea417a5737d69a7007,optimism,aave,Aave: sUSDC Token V3,defi,eth-labels,https://github.com/dawsbot/eth-labels,medium,2026-07-17
0x4a1c3ad6ed28a636ee1751c69071f6be75deb8b8,optimism,aave,Aave: vSUSD Token V3,defi,eth-labels,https://github.com/dawsbot/eth-labels,medium,2026-07-17
0x625e7708f30ca75bfd92586e17077590c60eb4cd,optimism,aave,Aave: aUSDC Token V3,defi,eth-labels,https://github.com/dawsbot/eth-labels,medium,2026-07-17
0x633b207dd676331c413d4c013a6294b0fe47cd0e,optimism,aave,Aave: sWBTC Token V3,defi,eth-labels,https://github.com/dawsbot/eth-labels,medium,2026-07-17
0x64f558d4bfc1c03a8c8b2ff84976ff04c762b51f,optimism,aave,Aave: Ui Pool Data Provider V3,defi,eth-labels,https://github.com/dawsbot/eth-labels,medium,2026-07-17
0x69fa688f1dc47d4b5d8029d5a35fb7a548310654,optimism,aave,Aave: Pool Data Provider V3,defi,eth-labels,https://github.com/dawsbot/eth-labels,medium,2026-07-17
0x6ab707aca953edaefbc4fd23ba73294241490620,optimism,aave,Aave: aUSDT Token V3,defi,eth-labels,https://github.com/dawsbot/eth-labels,medium,2026-07-17
0x6d80113e533a2c0fe82eabd35f1875dcea89ea97,optimism,aave,Aave: aSUSD Token V3,defi,eth-labels,https://github.com/dawsbot/eth-labels,medium,2026-07-17
0x6dd4b295b457a26cc2646aaf2519436681afb5d4,optimism,aave,Aave: Ui Incentive Data Provider V3,defi,eth-labels,https://github.com/dawsbot/eth-labels,medium,2026-07-17
0x6f143fe2f7b02424ad3cad1593d6f36c0aab69d7,optimism,aave,Aave: UiIncentive Data Provider V3,defi,eth-labels,https://github.com/dawsbot/eth-labels,medium,2026-07-17
0x70effc565db6eef7b927610155602d31b670e802,optimism,aave,Aave: sUSDT Token V3,defi,eth-labels,https://github.com/dawsbot/eth-labels,medium,2026-07-17
0x746c675dab49bcd5bb9dc85161f2d7eb435009bf,optimism,aave,Aave : Executor Lvl1,defi,eth-labels,https://github.com/dawsbot/eth-labels,medium,2026-07-17
0x76d3030728e52deb8848d5613abade88441cbc59,optimism,aave,Aave: Wrapped Token Gateway V3,defi,eth-labels,https://github.com/dawsbot/eth-labels,medium,2026-07-17
0x770ef9f4fe897e59dacc474ef11238303f9552b6,optimism,aave,Aave: Pool Addresses Provider Registry V3,defi,eth-labels,https://github.com/dawsbot/eth-labels,medium,2026-07-17
0x794a61358d6845594f94dc1db02a252b5b4814ad,optimism,aave,Aave: Pool V3,defi,eth-labels,https://github.com/dawsbot/eth-labels,medium,2026-07-17
0x8145edddf43f50276641b55bd3ad95944510021e,optimism,aave,Aave: Pool Configurator V3,defi,eth-labels,https://github.com/dawsbot/eth-labels,medium,2026-07-17
0x82e64f49ed5ec1bc6e43dad4fc8af9bb3a2312ee,optimism,aave,Aave: aDAI Token V3,defi,eth-labels,https://github.com/dawsbot/eth-labels,medium,2026-07-17
0x8619d80fb0141ba7f184cbf22fd724116d9f7ffc,optimism,aave,Aave: vDAI Token V3,defi,eth-labels,https://github.com/dawsbot/eth-labels,medium,2026-07-17
0x86b4d2636ec473ac4a5dd83fc2beda98845249a7,optimism,aave,Aave: WETH Gateway V3,defi,eth-labels,https://github.com/dawsbot/eth-labels,medium,2026-07-17
0x89d976629b7055ff1ca02b927ba3e020f22a44e4,optimism,aave,Aave: sLINK Token V3,defi,eth-labels,https://github.com/dawsbot/eth-labels,medium,2026-07-17
0x8aa68ca9e25aab6f9f41bf341d12ab407ae099e2,optimism,aave,Aave: Fallback Oracle V3,defi,eth-labels,https://github.com/dawsbot/eth-labels,medium,2026-07-17
0x8eb270e296023e9d92081fdf967ddd7878724424,optimism,aave,Aave: aOptLUSD Token,defi,eth-labels,https://github.com/dawsbot/eth-labels,medium,2026-07-17
0x929ec64c34a17401f460460d4b9390518e5b473e,optimism,aave,Aave: Incentives V3,defi,eth-labels,https://github.com/dawsbot/eth-labels,medium,2026-07-17
0x92b42c66840c7ad907b4bf74879ff3ef7c529473,optimism,aave,Aave: vWBTC Token V3,defi,eth-labels,https://github.com/dawsbot/eth-labels,medium,2026-07-17
0x953a573793604af8d41f306feb8274190db4ae0e,optimism,aave,Aave: vLINK Token V3,defi,eth-labels,https://github.com/dawsbot/eth-labels,medium,2026-07-17
0x9abadecd08572e0ea5af4d47a9c7984a5aa503dc,optimism,aave,Aave: L2 Encoder V3,defi,eth-labels,https://github.com/dawsbot/eth-labels,medium,2026-07-17
0x9ae6d130fa8a44c8f1487dd767ab6ba33ca2b498,optimism,aave,Aave: Pull Rewards Transfer Strategy V3,defi,eth-labels,https://github.com/dawsbot/eth-labels,medium,2026-07-17
0xa72636cbcaa8f5ff95b2cc47f3cdee83f3294a0b,optimism,aave,Aave: ACL Manager V3,defi,eth-labels,https://github.com/dawsbot/eth-labels,medium,2026-07-17
0xa77e4a084d7d4f064e326c0f6c0acefd47a5cb21,optimism,aave,Aave: Treasury Controller V3,defi,eth-labels,https://github.com/dawsbot/eth-labels,medium,2026-07-17
0xa97684ead0e402dc232d5a977953df7ecbab3cdb,optimism,aave,Aave: Pool Addresses Provider V3,defi,eth-labels,https://github.com/dawsbot/eth-labels,medium,2026-07-17
0xb2289e329d2f85f1ed31adbb30ea345278f21bcf,optimism,aave,Aave: Treasury V3,defi,eth-labels,https://github.com/dawsbot/eth-labels,medium,2026-07-17
0xbc790382b3686abffe4be14a030a96ac6154023a,optimism,aave,Aave: Wallet Balance Provider V3,defi,eth-labels,https://github.com/dawsbot/eth-labels,medium,2026-07-17
0xbd83ddbe37fc91923d59c8c1e0bde0cccca332d5,optimism,aave,Aave: UiPool Data Provider V3,defi,eth-labels,https://github.com/dawsbot/eth-labels,medium,2026-07-17
0xd81eb3728a631871a7ebbad631b5f424909f0c77,optimism,aave,Aave: Aave Oracle V3,defi,eth-labels,https://github.com/dawsbot/eth-labels,medium,2026-07-17
0xd8ad37849950903571df17049516a5cd4cbe55f6,optimism,aave,Aave: sWETH Token V3,defi,eth-labels,https://github.com/dawsbot/eth-labels,medium,2026-07-17
0xd94112b5b62d53c9402e7a60289c6810def1dc9b,optimism,aave,Aave: sDAI Token V3,defi,eth-labels,https://github.com/dawsbot/eth-labels,medium,2026-07-17
0xe50fa9b3c56ffb159cb0fca61f5c9d750e8128c8,optimism,aave,Aave: aWETH Token V3,defi,eth-labels,https://github.com/dawsbot/eth-labels,medium,2026-07-17
0xe80761ea617f66f96274ea5e8c37f03960ecc679,optimism,aave,Aave: vAAVE Token V3,defi,eth-labels,https://github.com/dawsbot/eth-labels,medium,2026-07-17
0xf15f26710c827dde8acba678682f3ce24f2fb56e,optimism,aave,Aave: sSUSD Token V3,defi,eth-labels,https://github.com/dawsbot/eth-labels,medium,2026-07-17
0xf329e36c7bf6e5e86ce2150875a84ce77f477375,optimism,aave,Aave: aAAVE Token V3,defi,eth-labels,https://github.com/dawsbot/eth-labels,medium,2026-07-17
0xfaef6a702d15428e588d4c0614aefb4348d83d48,optimism,aave,Aave: sAAVE Token V3,defi,eth-labels,https://github.com/dawsbot/eth-labels,medium,2026-07-17
0xfb00ac187a8eb5afae4eace434f493eb62672df7,optimism,aave,Aave: vUSDT Token V3,defi,eth-labels,https://github.com/dawsbot/eth-labels,medium,2026-07-17
0xfccf3cabbe80101232d343252614b6a3ee81c989,optimism,aave,Aave: vUSDC Token V3,defi,eth-labels,https://github.com/dawsbot/eth-labels,medium,2026-07-17
0x246e20bf778b3e16cb71eca535f40f8c4e6c4185,optimism,contract-deployer,Aave: Deployer 3,defi,eth-labels,https://github.com/dawsbot/eth-labels,medium,2026-07-17
0x2a61d3ba5030ef471c74f612962c7367eca3a62d,optimism,contract-deployer,Lido: Deployer,defi,eth-labels,https://github.com/dawsbot/eth-labels,medium,2026-07-17
0x2c01f405e3c525c0cb867789aaf077f3553ccbb7,optimism,contract-deployer,Lido: Deployer 1,defi,eth-labels,https://github.com/dawsbot/eth-labels,medium,2026-07-17
0x4365f8e70cf38c6ca67de41448508f2da8825500,optimism,contract-deployer,Aave: Deployer,defi,eth-labels,https://github.com/dawsbot/eth-labels,medium,2026-07-17
0x4fbe899d37fb7514adf2f41b0630e018ec275a0c,optimism,contract-deployer,Balancer: Deployer,defi,eth-labels,https://github.com/dawsbot/eth-labels,medium,2026-07-17
0x68d03de837cc395ec34c61c078fa901468a3bb29,optimism,contract-deployer,Frax Finance: Deployer,defi,eth-labels,https://github.com/dawsbot/eth-labels,medium,2026-07-17
0x6c9fc64a53c1b71fb3f9af64d1ae3a4931a5f4e9,optimism,contract-deployer,Uniswap V3: Deployer,defi,eth-labels,https://github.com/dawsbot/eth-labels,medium,2026-07-17
0x7492ce19d83b3a0bac1bebc9706ce0df4add105f,optimism,contract-deployer,Curve DAO: Deployer,defi,eth-labels,https://github.com/dawsbot/eth-labels,medium,2026-07-17
0x7a1285a7381a3099bfe6706549859316e6f90e6a,optimism,contract-deployer,Aave: Deployer 1,defi,eth-labels,https://github.com/dawsbot/eth-labels,medium,2026-07-17
0xc42705a210f082ff29e6beac80f56c41f0a54091,optimism,contract-deployer,Aave: Deployer 4,defi,eth-labels,https://github.com/dawsbot/eth-labels,medium,2026-07-17
0xe6ef45a2ef96791685cdee512f36f16ee85d891d,optimism,contract-deployer,Aave: Deployer 2,defi,eth-labels,https://github.com/dawsbot/eth-labels,medium,2026-07-17
0x6432037739ccd0201987472604826097b55813e9,optimism,defi,BOB: USDC - BOB 0.05% Uniswap V3 pool,defi,eth-labels,https://github.com/dawsbot/eth-labels,medium,2026-07-17
0x7b17fc02d85cb5589ec1d1c3db507dc557590c79,optimism,defi,BOB: USDC - BOB 0.01% Uniswap V3 pool,defi,eth-labels,https://github.com/dawsbot/eth-labels,medium,2026-07-17
0xbe90fd3cddaf0d3b8576ffb5e51adbfd304d0437,optimism,deprecated,Frax Finance:Fraxswap Factory V1,defi,eth-labels,https://github.com/dawsbot/eth-labels,medium,2026-07-17
0xffe66a866b249f5d7c97b4a4c84742a393bc9354,optimism,deprecated,Frax Finance: Fraxswap Router V1,defi,eth-labels,https://github.com/dawsbot/eth-labels,medium,2026-07-17
0x68b3465833fb72a70ecdf485e0e4c7bd8665fc45,optimism,dex,Uniswap V3: Router 2,defi,eth-labels,https://github.com/dawsbot/eth-labels,medium,2026-07-17
0xe592427a0aece92de3edee1f18e0157c05861564,optimism,dex,Uniswap V3: Router,defi,eth-labels,https://github.com/dawsbot/eth-labels,medium,2026-07-17
0xd420d6c8aa81c087829a64ce59936b7c1176a81a,optimism,lido,Lido: Curve Rewards Manager,defi,eth-labels,https://github.com/dawsbot/eth-labels,medium,2026-07-17
0x001b7876f567f0b3a639332ed1e363839c6d85e2,optimism,synthetix,Synthetix: Futures Market AAVE,defi,eth-labels,https://github.com/dawsbot/eth-labels,medium,2026-07-17
0x00b8d5a5e1ac97cb4341c4bc4367443c8776e8d9,optimism,synthetix,Synthetix: sAAVE Token,defi,eth-labels,https://github.com/dawsbot/eth-labels,medium,2026-07-17
0x06ba4e6246a0c4bcbb53ec860be5372fc40629ab,optimism,synthetix,Synthetix: Perps V2 Market 1INCHPERP,defi,eth-labels,https://github.com/dawsbot/eth-labels,medium,2026-07-17
0x070e7b0447e096704c54923826ac0cb6c6472400,optimism,synthetix,Synthetix: Perps V2 Market SUSHIPERP,defi,eth-labels,https://github.com/dawsbot/eth-labels,medium,2026-07-17
0x08388dc122a956887c2f736aaec4a0ce6f0536ce,optimism,synthetix,Synthetix: Perps V2 Proxy SUSHIPERP,defi,eth-labels,https://github.com/dawsbot/eth-labels,medium,2026-07-17
0x08e52251d4434eadf1f2ce01d419b6249694d9e5,optimism,synthetix,Synthetix: Perps V2 Market Liquidate 1INCHPERP,defi,eth-labels,https://github.com/dawsbot/eth-labels,medium,2026-07-17
0x10305c1854d6db8a1060df60bdf8a8b2981249cf,optimism,synthetix,Synthetix: Futures Market DYDX,defi,eth-labels,https://github.com/dawsbot/eth-labels,medium,2026-07-17
0x1f6b92eb7aa3daca3dccbad74928827cf003f9a4,optimism,synthetix,Synthetix: Perps V2 Market Liquidate DYDXPERP,defi,eth-labels,https://github.com/dawsbot/eth-labels,medium,2026-07-17
0x21f660512a18dead0664f189af73d74373ddc45f,optimism,synthetix,Synthetix: Perps V2 Market Liquidate SUSHIPERP,defi,eth-labels,https://github.com/dawsbot/eth-labels,medium,2026-07-17
0x222eb6ce2461798382d044abe53edcf8752b47f7,optimism,synthetix,Synthetix: Perps V2 Market GMXPERP,defi,eth-labels,https://github.com/dawsbot/eth-labels,medium,2026-07-17
0x23d5291fea095d8851ce3bb711a10b4982923d9a,optimism,synthetix,Synthetix: Perps V2 Market Views 1INCHPERP,defi,eth-labels,https://github.com/dawsbot/eth-labels,medium,2026-07-17
0x26a035d9a2ed696eacc3816674c66a7eb73aab70,optimism,synthetix,Synthetix: Perps V2 Market State 1INCHPERP,defi,eth-labels,https://github.com/dawsbot/eth-labels,medium,2026-07-17
0x2e26d4bec1464409c154f653a238ce5baaa00198,optimism,synthetix,Synthetix: Perps V2 Market Views DYDX PERP,defi,eth-labels,https://github.com/dawsbot/eth-labels,medium,2026-07-17
0x3382a15bd1956e908a1ef2d027f92b2bfc84558c,optimism,synthetix,Synthetix: Perps V2 Delayed Execution GMXPERP,defi,eth-labels,https://github.com/dawsbot/eth-labels,medium,2026-07-17
0x34783a738ddc355cd7c737d4101b20622681332a,optimism,synthetix,Synthetix: SynthsAAVE,defi,eth-labels,https://github.com/dawsbot/eth-labels,medium,2026-07-17
0x3773dfbbc894bfa9df22855fcec1d1572efc5e0a,optimism,synthetix,Synthetix: Perps V2 Market State AAVEPERP,defi,eth-labels,https://github.com/dawsbot/eth-labels,medium,2026-07-17
0x42aaa33a13bdac31d8b9e04d9d5db7f9fc8c0119,optimism,synthetix,Synthetix: Perps V2 Market AAVEPERP,defi,eth-labels,https://github.com/dawsbot/eth-labels,medium,2026-07-17
0x5ea2544551448cf6dcc1d853addd663d480fd8d3,optimism,synthetix,Synthetix: synth sAAVE,defi,eth-labels,https://github.com/dawsbot/eth-labels,medium,2026-07-17
0x619676df5c402d0eb008104e9a658c1f65dbf702,optimism,synthetix,Synthetix: Perps V2 Market Views AAVE PERP,defi,eth-labels,https://github.com/dawsbot/eth-labels,medium,2026-07-17
0x65df3ec0d5fd06a2f29c68e7894804b496945ef2,optimism,synthetix,Synthetix: Perps V2 Market DYDXPERP,defi,eth-labels,https://github.com/dawsbot/eth-labels,medium,2026-07-17
0x6d5403b5b195f0f26aaf5e2a7fd58ab1d0fb2f3e,optimism,synthetix,Synthetix: Perps V2 Delayed Intent 1INCHPERP,defi,eth-labels,https://github.com/dawsbot/eth-labels,medium,2026-07-17
0x7ea760077b84f5e9a5d8a51bf2a49b91d7cd5aa9,optimism,synthetix,Synthetix: Perps V2 Proxy AAVEPERP,defi,eth-labels,https://github.com/dawsbot/eth-labels,medium,2026-07-17
0x854a3500f1443ba99f746ca605d8fc25f0d06f32,optimism,synthetix,Synthetix: Perps V2 Market State SUSHIPERP,defi,eth-labels,https://github.com/dawsbot/eth-labels,medium,2026-07-17
0x9053e51047ba7f0141f3d1f23ac7ec6861bf9fba,optimism,synthetix,Synthetix: Perps V2 Delayed Intent GMXPERP,defi,eth-labels,https://github.com/dawsbot/eth-labels,medium,2026-07-17
0x9a05f2f00ca385ba7d4368737ec1485384ca8874,optimism,synthetix,Synthetix: Perps V2 Market Views GMX PERP,defi,eth-labels,https://github.com/dawsbot/eth-labels,medium,2026-07-17
0x9f564ffb60945dec03fb8ddef491465dd9b4c9fb,optimism,synthetix,Synthetix: Perps V2 Market State GMXPERP,defi,eth-labels,https://github.com/dawsbot/eth-labels,medium,2026-07-17
0xac3f9a2753f185731324907e6802395d59bb62a2,optimism,synthetix,Synthetix: Perps V2 Market State DYDXPERP,defi,eth-labels,https://github.com/dawsbot/eth-labels,medium,2026-07-17
0xaf918f4a72bc34e59dfaf65866fec87947f1f590,optimism,synthetix,Synthetix: Token State sAAVE,defi,eth-labels,https://github.com/dawsbot/eth-labels,medium,2026-07-17
0xc18f85a6dd3bcd0516a1ca08d3b1f0a4e191a2c4,optimism,synthetix,Synthetix: Perps V2 Proxy GMXPERP,defi,eth-labels,https://github.com/dawsbot/eth-labels,medium,2026-07-17
0xc4786c4484c06bd463f124ebef2175f67759ea1a,optimism,synthetix,Synthetix: Perps V2 Delayed Intent AAVEPERP,defi,eth-labels,https://github.com/dawsbot/eth-labels,medium,2026-07-17
0xc7a869deeee1acab2b30b6022c246194c83ed49c,optimism,synthetix,Synthetix: Perps V2 Market Views SUSHI PERP,defi,eth-labels,https://github.com/dawsbot/eth-labels,medium,2026-07-17
0xd01a18c2edb9f411a8329ef9b2905f3cf7d35408,optimism,synthetix,Synthetix: Perps V2 Delayed Intent SUSHIPERP,defi,eth-labels,https://github.com/dawsbot/eth-labels,medium,2026-07-17
0xd5fbf7136b86021ef9d0be5d798f948dce9c0dea,optimism,synthetix,Synthetix: Perps V2 Proxy DYDXPERP,defi,eth-labels,https://github.com/dawsbot/eth-labels,medium,2026-07-17
0xdb87f699ae4045c290033240f22c0cbe80d95724,optimism,synthetix,Synthetix: Perps V2 Delayed Execution SUSHIPERP,defi,eth-labels,https://github.com/dawsbot/eth-labels,medium,2026-07-17
0xdc7a51f5c32909acd5d03d11944c4480bee1cd47,optimism,synthetix,Synthetix: Perps V2 Delayed Execution 1INCH PERP,defi,eth-labels,https://github.com/dawsbot/eth-labels,medium,2026-07-17
0xdfaebe6a2b2bdac52ac2e172e0175988d7472c60,optimism,synthetix,Synthetix: Perps V2 Delayed Intent DYDXPERP,defi,eth-labels,https://github.com/dawsbot/eth-labels,medium,2026-07-17
0xf73fa296df4c46b7182b14ac7862f6e08da84150,optimism,synthetix,Synthetix: Perps V2 Delayed Execution AAVE PERP,defi,eth-labels,https://github.com/dawsbot/eth-labels,medium,2026-07-17
0xfafe2ec4999aefd162aa3c0aba16d08235662606,optimism,synthetix,Synthetix: Perps V2 Market Liquidate GMXPERP,defi,eth-labels,https://github.com/dawsbot/eth-labels,medium,2026-07-17
0xfcce7f97100c0bdd63c3d53ce0ac35be1f900a5e,optimism,synthetix,Synthetix: Perps V2 Market Liquidate AAVEPERP,defi,eth-labels,https://github.com/dawsbot/eth-labels,medium,2026-07-17
0x0994206dfe8de6ec6920ff4d779b0d950605fb53,optimism,token-contract,Curve DAO: CRV Token,defi,eth-labels,https://github.com/dawsbot/eth-labels,medium,2026-07-17
0x1f32b1c2345538c0c6f582fcb022739c4a194ebb,optimism,token-contract,Lido: wstETH Token,defi,eth-labels,https://github.com/dawsbot/eth-labels,medium,2026-07-17
0x2680b58945a31602e4b6122c965c2849eb76dd3b,optimism,token-contract,Alchemix Finance: Static Aave USDT,defi,eth-labels,https://github.com/dawsbot/eth-labels,medium,2026-07-17
0x2e3d870790dc77a83dd1d18184acc7439a53f475,optimism,token-contract,Frax Finance: FRAX Token,defi,eth-labels,https://github.com/dawsbot/eth-labels,medium,2026-07-17
0x337b4b933d60f40cb57dd19ae834af103f049810,optimism,token-contract,Alchemix Finance: Static Aave WETH,defi,eth-labels,https://github.com/dawsbot/eth-labels,medium,2026-07-17
0x484c2d6e3cdd945a8b2df735e079178c1036578c,optimism,token-contract,Frax Finance: sfrxETH Token,defi,eth-labels,https://github.com/dawsbot/eth-labels,medium,2026-07-17
0x4ecb5300d9ec6bca09d66bfd8dcb532e3192dda1,optimism,token-contract,PoolTogether: Aave V3 Yield Source,defi,eth-labels,https://github.com/dawsbot/eth-labels,medium,2026-07-17
0x513c7e3a9c69ca3e22550ef58ac1c0088e918fff,optimism,token-contract,Aave: aOptOP Token,defi,eth-labels,https://github.com/dawsbot/eth-labels,medium,2026-07-17
0x67ccea5bb16181e7b4109c9c2143c24a1c2205be,optimism,token-contract,Frax Finance: FXS Token,defi,eth-labels,https://github.com/dawsbot/eth-labels,medium,2026-07-17
0x6806411765af15bddd26f8f544a34cc40cb9838b,optimism,token-contract,Frax Finance: frxETH Token,defi,eth-labels,https://github.com/dawsbot/eth-labels,medium,2026-07-17
0x724dc807b04555b71ed48a6896b6f41593b8c637,optimism,token-contract,Aave: aOptrETH Token,defi,eth-labels,https://github.com/dawsbot/eth-labels,medium,2026-07-17
0x76fb31fb4af56892a25e32cfc43de717950c9278,optimism,token-contract,Aave: AAVE Token,defi,eth-labels,https://github.com/dawsbot/eth-labels,medium,2026-07-17
0x8368dca5ce2a4db530c0f6e535d90b6826428dee,optimism,token-contract,Frax Finance: FPIS Token,defi,eth-labels,https://github.com/dawsbot/eth-labels,medium,2026-07-17
0x9046d36440290ffde54fe0dd84db8b1cfee9107b,optimism,token-contract,Yearn: YFI Token,defi,eth-labels,https://github.com/dawsbot/eth-labels,medium,2026-07-17
0xaab1688899a833d0b6e0226afcd9a4c1128a5a77,optimism,token-contract,Multichain: anymooCurveFsUSD Token,defi,eth-labels,https://github.com/dawsbot/eth-labels,medium,2026-07-17
0xc36442b4a4522e871399cd717abdd847ab11fe88,optimism,token-contract,Uniswap V3: Positions NFT,defi,eth-labels,https://github.com/dawsbot/eth-labels,medium,2026-07-17
0xc45a479877e1e9dfe9fcd4056c699575a1045daa,optimism,token-contract,Aave: aOptwstETH Token,defi,eth-labels,https://github.com/dawsbot/eth-labels,medium,2026-07-17
0xc5d43a94e26fca47a9b21cf547ae4aa0268670e1,optimism,token-contract,Frax Finance: FPI Token,defi,eth-labels,https://github.com/dawsbot/eth-labels,medium,2026-07-17
0xda10009cbd5d07dd0cecc66161fc93d7c9000da1,optimism,token-contract,Maker: DAI Stablecoin,defi,eth-labels,https://github.com/dawsbot/eth-labels,medium,2026-07-17
0xefaeee334f0fd1712f9a8cc375f427d9cdd40d73,optimism,token-contract,Multichain: anyFRAX Token,defi,eth-labels,https://github.com/dawsbot/eth-labels,medium,2026-07-17
0xfdb794692724153d1488ccdbe0c56c252596735f,optimism,token-contract,Lido: LDO Token,defi,eth-labels,https://github.com/dawsbot/eth-labels,medium,2026-07-17
0xfe8b128ba8c78aabc59d4c64cee7ff28e9379921,optimism,token-contract,Balancer: BAL Token,defi,eth-labels,https://github.com/dawsbot/eth-labels,medium,2026-07-17
0x000000000022d473030f116ddee9f6b43ac78ba3,optimism,uniswap,Uniswap Protocol: Permit2,defi,eth-labels,https://github.com/dawsbot/eth-labels,medium,2026-07-17
0x0d162447b8df47c2e7910441bf3c8c1b55b9b124,optimism,uniswap,Uniswap: Uniswap Grants Program,defi,eth-labels,https://github.com/dawsbot/eth-labels,medium,2026-07-17
0x1f98431c8ad98523631ae4a59f267346ea31f984,optimism,uniswap,Uniswap V3: Factory,defi,eth-labels,https://github.com/dawsbot/eth-labels,medium,2026-07-17
0x42b24a95702b9986e82d421cc3568932790a48ec,optimism,uniswap,Uniswap V3: NFT Descriptor,defi,eth-labels,https://github.com/dawsbot/eth-labels,medium,2026-07-17
0x5ba1e12693dc8f9c48aad8770482f4739beed696,optimism,uniswap,Uniswap V3: Old Multicall 2,defi,eth-labels,https://github.com/dawsbot/eth-labels,medium,2026-07-17
0x61ffe014ba17989e743c5f6cb21bf9697530b21e,optimism,uniswap,Uniswap: Quoter V2,defi,eth-labels,https://github.com/dawsbot/eth-labels,medium,2026-07-17
0x6fd9d7ad17242c41f7131d257212c54a0e816691,optimism,uniswap,null,defi,eth-labels,https://github.com/dawsbot/eth-labels,medium,2026-07-17
0x91ae842a5ffd8d12023116943e72a606179294f3,optimism,uniswap,Uniswap V3: LP Descriptor NFT,defi,eth-labels,https://github.com/dawsbot/eth-labels,medium,2026-07-17
0xa5644e29708357803b5a882d272c41cc0df92b34,optimism,uniswap,Uniswap V3: Migrator,defi,eth-labels,https://github.com/dawsbot/eth-labels,medium,2026-07-17
0xb27308f9f90d607463bb33ea1bebb41c27ce5ab6,optimism,uniswap,Uniswap V3: Quoter,defi,eth-labels,https://github.com/dawsbot/eth-labels,medium,2026-07-17
0xb555edf5dcf85f42ceef1f3630a52a108e55a654,optimism,uniswap,Uniswap: Universal Router,defi,eth-labels,https://github.com/dawsbot/eth-labels,medium,2026-07-17
0xb753548f6e010e7e680ba186f9ca1bdab2e90cf2,optimism,uniswap,Uniswap V3: Proxy Admin,defi,eth-labels,https://github.com/dawsbot/eth-labels,medium,2026-07-17
0xbfd8137f7d1516d3ea5ca83523914859ec47f573,optimism,uniswap,Uniswap V3: Tick Lens,defi,eth-labels,https://github.com/dawsbot/eth-labels,medium,2026-07-17
0xd9bfe9979e9ca4b2fe84ba5d4cf963bbcb376974,optimism,uniswap,Uniswap V3: Multicall 2,defi,eth-labels,https://github.com/dawsbot/eth-labels,medium,2026-07-17
0xee6a57ec80ea46401049e92587e52f5ec1c24785,optimism,uniswap,Uniswap V3: Transparent Upgradeable Proxy,defi,eth-labels,https://github.com/dawsbot/eth-labels,medium,2026-07-17
0xef1c6e67703c7bd7107eed8303fbe6ec2554bf6b,optimism,uniswap,Uniswap: Universal Router 2,defi,eth-labels,https://github.com/dawsbot/eth-labels,medium,2026-07-17
0x1509706a6c66ca549ff0cb464de88231ddbe213b,optimism,aura-finance,Aura: AURA Token,entity,eth-labels,https://github.com/dawsbot/eth-labels,medium,2026-07-17
0x37aa9ad9744d0686df1c7053225e700ce13e31dd,optimism,aura-finance,Aura: Keeper Multicall,entity,eth-labels,https://github.com/dawsbot/eth-labels,medium,2026-07-17
0x53c09096b1dc52e2ef223b2969a714ee75da364f,optimism,aura-finance,Aura: Create2Factory,entity,eth-labels,https://github.com/dawsbot/eth-labels,medium,2026-07-17
0x617963d46b882ece880ab18bc232f513e91fdd47,optimism,aura-finance,Aura: Claim Zap,entity,eth-labels,https://github.com/dawsbot/eth-labels,medium,2026-07-17
0x98ef32edd24e2c92525e59afc4475c1242a30184,optimism,aura-finance,Aura: Booster Lite,entity,eth-labels,https://github.com/dawsbot/eth-labels,medium,2026-07-17
0xc181edc719480bd089b94647c2dc504e2700a2b0,optimism,aura-finance,Aura: Voter Proxy Lite,entity,eth-labels,https://github.com/dawsbot/eth-labels,medium,2026-07-17
0xd86ceb76e9430d3bde90ded79c82ae62bc66d68b,optimism,aura-finance,Aura: Protocol Multi-sig,entity,eth-labels,https://github.com/dawsbot/eth-labels,medium,2026-07-17
0xec1c780a275438916e7ceb174d80878f29580606,optimism,aura-finance,Aura: L2 Coordinator,entity,eth-labels,https://github.com/dawsbot/eth-labels,medium,2026-07-17
0xf044ee152c7d731825280350d876cf760181d96f,optimism,aura-finance,Aura: Booster Owner,entity,eth-labels,https://github.com/dawsbot/eth-labels,medium,2026-07-17
0xf24074a1a6ad620adc14745f9cc1fb1e7ba6ca71,optimism,aura-finance,Aura: Pool Manager Lite,entity,eth-labels,https://github.com/dawsbot/eth-labels,medium,2026-07-17
0x12c985f40849ad2c07549909f09a30c9d7c4117c,optimism,axelar,Axelar: Relayer 1,entity,eth-labels,https://github.com/dawsbot/eth-labels,medium,2026-07-17
0x2102c32a09cbced4146c3db2d27ae21a185bda43,optimism,axelar,Axelar: Relayer 2,entity,eth-labels,https://github.com/dawsbot/eth-labels,medium,2026-07-17
0x345662abfe0e257e23552a434d02ef274ccb6a90,optimism,axelar,Axelar: Relayer 4,entity,eth-labels,https://github.com/dawsbot/eth-labels,medium,2026-07-17
0x7f8d1146b65e40cb8349690eab749c9fd3d975e7,optimism,axelar,Axelar: Relayer (Legacy),entity,eth-labels,https://github.com/dawsbot/eth-labels,medium,2026-07-17
0xb28837949e7a3f1ac862036e8a0ae392c9ff9bb4,optimism,axelar,Axelar: Relayer 3,entity,eth-labels,https://github.com/dawsbot/eth-labels,medium,2026-07-17
0xd36aac0c9676e984d72823fb662ce94d3ab5e551,optimism,axelar,Axelar: Relayer 5,entity,eth-labels,https://github.com/dawsbot/eth-labels,medium,2026-07-17
0xe743a49f04f2f77eb2d3b753ae3ad599de8cea84,optimism,axelar,Axelar: Express Relayer 1,entity,eth-labels,https://github.com/dawsbot/eth-labels,medium,2026-07-17
0x4aba01fb8e1f6bfe80c56deb367f19f35df0f4ae,optimism,beefy,Beefy: Multisig,entity,eth-labels,https://github.com/dawsbot/eth-labels,medium,2026-07-17
0x61645ae7bb524c2ea11cf90d673079ee2abbb961,optimism,beefy,Beefy: Reward Pool,entity,eth-labels,https://github.com/dawsbot/eth-labels,medium,2026-07-17
0xc55e93c62874d8100dbd2dfe307edc1036ad5434,optimism,beefy,Beefy: mooBIFI Token,entity,eth-labels,https://github.com/dawsbot/eth-labels,medium,2026-07-17
0x000000f9ee1842bb72f6bbdd75e6d3d4e3e9594c,optimism,biconomy,Biconomy: ERC-4337 Factory 1,entity,eth-labels,https://github.com/dawsbot/eth-labels,medium,2026-07-17
0x000031dd6d9d3a133e663660b959162870d755d4,optimism,biconomy,Biconomy: ERC-4337 Paymaster 1,entity,eth-labels,https://github.com/dawsbot/eth-labels,medium,2026-07-17
0x125ad1988cf1ec8c2dd7357621ad825603768365,optimism,biconomy,Biconomy: ERC-4337 Bundler 6,entity,eth-labels,https://github.com/dawsbot/eth-labels,medium,2026-07-17
0x3540b9de3c81b87d565884d4b73e3a48465744e6,optimism,biconomy,Biconomy: ERC-4337 Bundler 7,entity,eth-labels,https://github.com/dawsbot/eth-labels,medium,2026-07-17
0x37f1e47461465fc5cffd6cf0cc0bad3214ff4d38,optimism,biconomy,Biconomy: ERC-4337 Bundler 1,entity,eth-labels,https://github.com/dawsbot/eth-labels,medium,2026-07-17
0x38de38e6c2140e7382f4cc473775e290bda1f7ec,optimism,biconomy,Biconomy: ERC-4337 Bundler 9,entity,eth-labels,https://github.com/dawsbot/eth-labels,medium,2026-07-17
0x42cd60db9fec81eeb6059c3a39c8c1411418896a,optimism,biconomy,Biconomy: ERC-4337 Bundler 13,entity,eth-labels,https://github.com/dawsbot/eth-labels,medium,2026-07-17
0x67b4a9832dfbec071319e492f70e582ee316afc0,optimism,biconomy,Biconomy: ERC-4337 Bundler 14,entity,eth-labels,https://github.com/dawsbot/eth-labels,medium,2026-07-17
0x6dcdd525084aef7ba3819ba819b3fbba0bf9af2e,optimism,biconomy,Biconomy: ERC-4337 Bundler 12,entity,eth-labels,https://github.com/dawsbot/eth-labels,medium,2026-07-17
0x80213f829c8543eda6b1f0f303e94b8e504b53d8,optimism,biconomy,Biconomy: ERC-4337 Bundler 15,entity,eth-labels,https://github.com/dawsbot/eth-labels,medium,2026-07-17
0x85ea2ed4e0ef2121b02a05c2da5ce5f4a7d6548d,optimism,biconomy,Biconomy: ERC-4337 Bundler 11,entity,eth-labels,https://github.com/dawsbot/eth-labels,medium,2026-07-17
0x931ea9c1f469c56481fa33c23d365092e3f473cb,optimism,biconomy,Biconomy: ERC-4337 Bundler 4,entity,eth-labels,https://github.com/dawsbot/eth-labels,medium,2026-07-17
0x962718024f19a40959dc25f1546216b3293f1da1,optimism,biconomy,Biconomy: ERC-4337 Bundler 10,entity,eth-labels,https://github.com/dawsbot/eth-labels,medium,2026-07-17
0xa0104fd8afbe3cf0b8b21ccf0890a8100941cf2d,optimism,biconomy,Biconomy: ERC-4337 Bundler 5,entity,eth-labels,https://github.com/dawsbot/eth-labels,medium,2026-07-17
0xbae8a5e668769ad612f45758306dc1961de9a645,optimism,biconomy,Biconomy: ERC-4337 Bundler 2,entity,eth-labels,https://github.com/dawsbot/eth-labels,medium,2026-07-17
0xc251a9fb38f6272813f7d8b50dfc1b68400764b4,optimism,biconomy,Biconomy: ERC-4337 Bundler 3,entity,eth-labels,https://github.com/dawsbot/eth-labels,medium,2026-07-17
0xf5e78bb0fae26ddf88b5cf36fe8be63a51d66b95,optimism,biconomy,Biconomy: ERC-4337 Bundler 8,entity,eth-labels,https://github.com/dawsbot/eth-labels,medium,2026-07-17
0xa312d8d37be746bd09cbd9e9ba2ef16bc7da48ff,optimism,blocto,Blocto: ERC-4337 Paymaster 1,entity,eth-labels,https://github.com/dawsbot/eth-labels,medium,2026-07-17
0xf7ccfaee69cd8a0b3a62c2a0f35f95cc7e588183,optimism,blocto,Blocto: ERC-4337 Factory 1,entity,eth-labels,https://github.com/dawsbot/eth-labels,medium,2026-07-17
0x0000000000000000000000000000000000000000,optimism,burn,Null: 0x000…000,entity,eth-labels,https://github.com/dawsbot/eth-labels,medium,2026-07-17
0x000000000000000000000000000000000000dead,optimism,burn,Null: 0x000...dEaD,entity,eth-labels,https://github.com/dawsbot/eth-labels,medium,2026-07-17
0x3cfdc212769c890907bce93d3d8c2c53de6a7a89,optimism,candide-wallet,Candide: ERC-4337 Bundler 1,entity,eth-labels,https://github.com/dawsbot/eth-labels,medium,2026-07-17
0x769f68e4ba8f53f3092eef34a42a811ab6365b05,optimism,candide-wallet,Candide: ERC-4337 Paymaster 2,entity,eth-labels,https://github.com/dawsbot/eth-labels,medium,2026-07-17
0xb73eb505abc30d0e7e15b73a492863235b3f4309,optimism,candide-wallet,Candide: ERC-4337 Factory 1,entity,eth-labels,https://github.com/dawsbot/eth-labels,medium,2026-07-17
0x0b2c639c533813f4aa9d7837caf62653d097ff85,optimism,circle,Circle: USDC Token,entity,eth-labels,https://github.com/dawsbot/eth-labels,medium,2026-07-17
0x9bccd51ee5cf97791e39544827ef675cd81171b8,optimism,circle,Circle: Deployer,entity,eth-labels,https://github.com/dawsbot/eth-labels,medium,2026-07-17
0x06263e1a856b36e073ba7a50d240123411501611,optimism,contract-deployer,Giveth: Deployer,entity,eth-labels,https://github.com/dawsbot/eth-labels,medium,2026-07-17
0x074a2bb7686da8dacad178aece2ad280b8d4c25d,optimism,contract-deployer,Minereum: Deployer,entity,eth-labels,https://github.com/dawsbot/eth-labels,medium,2026-07-17
0x07537d4360af2489fc1ca086ea9741c054d804de,optimism,contract-deployer,null,entity,eth-labels,https://github.com/dawsbot/eth-labels,medium,2026-07-17
0x075da589886ba445d7c7e81c472059de7ae65250,optimism,contract-deployer,null,entity,eth-labels,https://github.com/dawsbot/eth-labels,medium,2026-07-17
0x080f08076e8eadc66006c3cbfed28a34918a1fa6,optimism,contract-deployer,Rigo Block: Deployer,entity,eth-labels,https://github.com/dawsbot/eth-labels,medium,2026-07-17
0x0cdb34e6a4d635142bb92fe403d38f636bbb77b8,optimism,contract-deployer,Penpie: Deployer,entity,eth-labels,https://github.com/dawsbot/eth-labels,medium,2026-07-17
0x0d7effefdb084dfeb1621348c8c70cc4e871eba4,optimism,contract-deployer,Tellor Tributes: Deployer,entity,eth-labels,https://github.com/dawsbot/eth-labels,medium,2026-07-17
0x0e19fad56864eadf64848bdc79ee6299c3374b0f,optimism,contract-deployer,Sipher: Deployer,entity,eth-labels,https://github.com/dawsbot/eth-labels,medium,2026-07-17
0x0f3bf5c241b6625c0fa781ed137fde6786b2e66f,optimism,contract-deployer,Lemma Finance: Deployer,entity,eth-labels,https://github.com/dawsbot/eth-labels,medium,2026-07-17
0x10850762bac0dc6660630c1effe188a7cbfddc88,optimism,contract-deployer,OptiChads: Deployer,entity,eth-labels,https://github.com/dawsbot/eth-labels,medium,2026-07-17
0x1203ef354cd5c228d5de2e7633ed6685ffcec1b1,optimism,contract-deployer,deathOS: Deployer,entity,eth-labels,https://github.com/dawsbot/eth-labels,medium,2026-07-17
0x123694886dbf5ac94dda07135349534536d14caf,optimism,contract-deployer,Threshold Network: Deployer,entity,eth-labels,https://github.com/dawsbot/eth-labels,medium,2026-07-17
0x13b0d85ccb8bf860b6b79af3029fca081ae9bef2,optimism,contract-deployer,xdeployer: Deployer,entity,eth-labels,https://github.com/dawsbot/eth-labels,medium,2026-07-17
0x13c716188c38ce27b9b2b672a59543cf1170eabe,optimism,contract-deployer,Alchemix Finance: Deployer,entity,eth-labels,https://github.com/dawsbot/eth-labels,medium,2026-07-17
0x156d8fac8cd3deb51ab194d906abfc81cf323c11,optimism,contract-deployer,Minerva Money: Deployer,entity,eth-labels,https://github.com/dawsbot/eth-labels,medium,2026-07-17
0x1aad33f754e47d693562dde3e944332420d27493,optimism,contract-deployer,Bolide: Deployer,entity,eth-labels,https://github.com/dawsbot/eth-labels,medium,2026-07-17
0x1ba608d6a354fbeb41fd7cc799e7f09b2612ab26,optimism,contract-deployer,Iron Bank: Deployer,entity,eth-labels,https://github.com/dawsbot/eth-labels,medium,2026-07-17
0x1e7b390149abb3b891e0a7027e111188032d4540,optimism,contract-deployer,BUILD: Deployer,entity,eth-labels,https://github.com/dawsbot/eth-labels,medium,2026-07-17
0x1f9d367d68fc68a30062166f73512e06840ab4a4,optimism,contract-deployer,Royal Crows: Deployer,entity,eth-labels,https://github.com/dawsbot/eth-labels,medium,2026-07-17
0x1fccc097db89a86bfc474a1028f93958295b1fb7,optimism,contract-deployer,Pendle: Deployer 1,entity,eth-labels,https://github.com/dawsbot/eth-labels,medium,2026-07-17
0x2202a7fe406ddab2f85af596d4f4818a903cb85e,optimism,contract-deployer,Pyth Network: Deployer,entity,eth-labels,https://github.com/dawsbot/eth-labels,medium,2026-07-17
0x226e71e2165249494532c0bde6303e7c025e30cd,optimism,contract-deployer,PoolTogether: Deployer 2,entity,eth-labels,https://github.com/dawsbot/eth-labels,medium,2026-07-17
0x253956aedc059947e700071bc6d74bd8e34fe2ab,optimism,contract-deployer,mStable Governance Meta: Deployer,entity,eth-labels,https://github.com/dawsbot/eth-labels,medium,2026-07-17
0x26adb982d061b5e667d75f9dec1360cc671007f3,optimism,contract-deployer,Hedgey Finance:: Deployer,entity,eth-labels,https://github.com/dawsbot/eth-labels,medium,2026-07-17
0x27e80db1f5a975f4c43c5ec163114e796cdb603d,optimism,contract-deployer,Rocket Pool: Deployer,entity,eth-labels,https://github.com/dawsbot/eth-labels,medium,2026-07-17
0x2a069e21395dc7f89f780f8cf5383a0ff598b672,optimism,contract-deployer,Hats Protocol: Deployer,entity,eth-labels,https://github.com/dawsbot/eth-labels,medium,2026-07-17
0x2bf6e2f1ec751eb79517de3f237d0f280a16af9c,optimism,contract-deployer,Medisync: Deployer,entity,eth-labels,https://github.com/dawsbot/eth-labels,medium,2026-07-17
0x2c305888a456e7004663bc12a74395e637eabcbc,optimism,contract-deployer,BetSwirl: Deployer,entity,eth-labels,https://github.com/dawsbot/eth-labels,medium,2026-07-17
0x2ca2584f1565489ef9598a2c8610ed40f06f251f,optimism,contract-deployer,WaweSwaps Global: Deployer,entity,eth-labels,https://github.com/dawsbot/eth-labels,medium,2026-07-17
0x2d7af0f04c935b647a995f71d1ec14089224d5ca,optimism,contract-deployer,Mountain Protocol: Deployer,entity,eth-labels,https://github.com/dawsbot/eth-labels,medium,2026-07-17
0x30019eb135532bddf2da17659101cc000c73c8e4,optimism,contract-deployer,Aura: Deployer,entity,eth-labels,https://github.com/dawsbot/eth-labels,medium,2026-07-17
0x30109f25428cbe2aa7fd33646a097bfbecf17365,optimism,contract-deployer,USDV.Money: Deployer,entity,eth-labels,https://github.com/dawsbot/eth-labels,medium,2026-07-17
0x302d2451d9f47620374b54c521423bf0403916a2,optimism,contract-deployer,Synthetix: Deployer,entity,eth-labels,https://github.com/dawsbot/eth-labels,medium,2026-07-17
0x31b8939c6e55a4ddaf0d6479320a0dfd9766ee9d,optimism,contract-deployer,wTBT: Deployer,entity,eth-labels,https://github.com/dawsbot/eth-labels,medium,2026-07-17
0x34b490578f3baec3d1ad4eca6bd34271bf772b5e,optimism,contract-deployer,Magicaltux: Deployer,entity,eth-labels,https://github.com/dawsbot/eth-labels,medium,2026-07-17
0x34e5527555cfe3688ef3044d2aad180741f7aea7,optimism,contract-deployer,0Fx Protocol: Deployer,entity,eth-labels,https://github.com/dawsbot/eth-labels,medium,2026-07-17
0x36bde71c97b33cc4729cf772ae268934f7ab70b2,optimism,contract-deployer,Optimism: Aliased L1 Cross-Domain Messenger,entity,eth-labels,https://github.com/dawsbot/eth-labels,medium,2026-07-17
0x38a93e70b0d8343657f802c1c3fdb06ac8f8fe99,optimism,contract-deployer,AladdinDAO: Deployer,entity,eth-labels,https://github.com/dawsbot/eth-labels,medium,2026-07-17
0x38e63793993ae54be374d129f34a3faf2c382e97,optimism,contract-deployer,TokenFunder: Deployer,entity,eth-labels,https://github.com/dawsbot/eth-labels,medium,2026-07-17
0x3976d5b90cfa0a0cc4d62983455ff6a6909f0f18,optimism,contract-deployer,Dentacoin: Deployer,entity,eth-labels,https://github.com/dawsbot/eth-labels,medium,2026-07-17
0x39dcbb3929844aad5675984924a33b07a5fa2835,optimism,contract-deployer,st0ked: Deployer,entity,eth-labels,https://github.com/dawsbot/eth-labels,medium,2026-07-17
0x39f0bd56c1439a22ee90b4972c16b7868d161981,optimism,contract-deployer,BOB: Deployer,entity,eth-labels,https://github.com/dawsbot/eth-labels,medium,2026-07-17
0x3a326de86fbc731fc3e0823da5a46a23be65c836,optimism,contract-deployer,dHEDGE: Deployer,entity,eth-labels,https://github.com/dawsbot/eth-labels,medium,2026-07-17
0x3c05b1239b223c969540fefc0270227a2b00e047,optimism,contract-deployer,null,entity,eth-labels,https://github.com/dawsbot/eth-labels,medium,2026-07-17
0x3cdb9bc080efe321a797e7286d302b90227cc6de,optimism,contract-deployer,Token Name Service: Deployer,entity,eth-labels,https://github.com/dawsbot/eth-labels,medium,2026-07-17
0x3dca46c993f3ec21775051ba8cf1e00022ebffcd,optimism,contract-deployer,Coinbase Wrapped Staked ETH: Deployer,entity,eth-labels,https://github.com/dawsbot/eth-labels,medium,2026-07-17
0x3e579180cf01f0e2abf6ff4d566b7891fbf9b868,optimism,contract-deployer,BitBTC: Deployer,entity,eth-labels,https://github.com/dawsbot/eth-labels,medium,2026-07-17
0x4023ef3aaa0669faaf3a712626f4d8ccc3eaf2e5,optimism,contract-deployer,Pickle Finance: Deployer,entity,eth-labels,https://github.com/dawsbot/eth-labels,medium,2026-07-17
0x41a742d0cb523b0c313518309ade763fb609da25,optimism,contract-deployer,Lyra Finance: Deployer,entity,eth-labels,https://github.com/dawsbot/eth-labels,medium,2026-07-17
0x4283b3469a9edce1fda34ec6e8a453cf82b9cab7,optimism,contract-deployer,O3 Swap: Deployer,entity,eth-labels,https://github.com/dawsbot/eth-labels,medium,2026-07-17
0x43834c6a65c64a4529e048ba55a685ff5aa43cb4,optimism,contract-deployer,Fantom Bomb: Deployer,entity,eth-labels,https://github.com/dawsbot/eth-labels,medium,2026-07-17
0x4a56a3ef7bf8dfa2d427ced3765e4d546fa941f6,optimism,contract-deployer,null,entity,eth-labels,https://github.com/dawsbot/eth-labels,medium,2026-07-17
0x4a7016c0b1edb6e3a28038b361cb59f1f0592d02,optimism,contract-deployer,Minato DAO: Deployer,entity,eth-labels,https://github.com/dawsbot/eth-labels,medium,2026-07-17
0x4b785041d6a705d41f7578b13f93a7e315d2f8ff,optimism,contract-deployer,Bankless DAO: Deployer,entity,eth-labels,https://github.com/dawsbot/eth-labels,medium,2026-07-17
0x4b9f696c998f9549485a3a85dca692fd6cce491f,optimism,contract-deployer,Flashstake: Deployer,entity,eth-labels,https://github.com/dawsbot/eth-labels,medium,2026-07-17
0x4c8d9fc6d9d4323e8d226c62aee2f6d698dd9be6,optimism,contract-deployer,Popcorn: Deployer,entity,eth-labels,https://github.com/dawsbot/eth-labels,medium,2026-07-17
0x4ce69fd760ad0c07490178f9a47863dc0358cccd,optimism,contract-deployer,xShrap: Deployer,entity,eth-labels,https://github.com/dawsbot/eth-labels,medium,2026-07-17
0x4d40eb12430a57965cee3015348d490c6156df20,optimism,contract-deployer,PoolTogether: Deployer,entity,eth-labels,https://github.com/dawsbot/eth-labels,medium,2026-07-17
0x4fed5491693007f0cd49f4614ffc38ab6a04b619,optimism,contract-deployer,Beefy: Deployer,entity,eth-labels,https://github.com/dawsbot/eth-labels,medium,2026-07-17
0x5117438e943ab870625dda4b0fe3b8118640ffdb,optimism,contract-deployer,RillaFi: Deployer,entity,eth-labels,https://github.com/dawsbot/eth-labels,medium,2026-07-17
0x54b5e06c82f0d3d91377e5827bfb2381ef1cc2b7,optimism,contract-deployer,Ericaverse: Deployer,entity,eth-labels,https://github.com/dawsbot/eth-labels,medium,2026-07-17
0x55507d81f85f5c0a80469e3483e716915716d212,optimism,contract-deployer,null,entity,eth-labels,https://github.com/dawsbot/eth-labels,medium,2026-07-17
0x558ef269bcc4cc9f2e14e3f4301231fbeb85d95f,optimism,contract-deployer,null,entity,eth-labels,https://github.com/dawsbot/eth-labels,medium,2026-07-17
0x55986cc9eb57e29875a80a7f70b9abcef063cfaf,optimism,contract-deployer,BitcoinBR: Deployer,entity,eth-labels,https://github.com/dawsbot/eth-labels,medium,2026-07-17
0x57d1eae9f0972723f0e78eaf4e6c08e90565206f,optimism,contract-deployer,motorheadz: Deployer,entity,eth-labels,https://github.com/dawsbot/eth-labels,medium,2026-07-17
0x599bc88e8f837a821a9ed6c133a4932c39552342,optimism,contract-deployer,Promethios: Deployer,entity,eth-labels,https://github.com/dawsbot/eth-labels,medium,2026-07-17
0x5a33b47507e5225fcd7df11de06c84680ea5db87,optimism,contract-deployer,Follow Me: Deployer,entity,eth-labels,https://github.com/dawsbot/eth-labels,medium,2026-07-17
0x5afae3d2b0dcee1833bb947fac15d4f2d2d5d523,optimism,contract-deployer,Ax Protocol: Deployer,entity,eth-labels,https://github.com/dawsbot/eth-labels,medium,2026-07-17
0x5bd973c3841b754386963abb117ffc796041aecf,optimism,contract-deployer,The Open X Project: Deployer,entity,eth-labels,https://github.com/dawsbot/eth-labels,medium,2026-07-17
0x5cb01385d3097b6a189d1ac8ba3364d900666445,optimism,contract-deployer,Overnight: Deployer,entity,eth-labels,https://github.com/dawsbot/eth-labels,medium,2026-07-17
0x615b5313a927571343f9355225e555cf7688d5e1,optimism,contract-deployer,Cartesi: Deployer,entity,eth-labels,https://github.com/dawsbot/eth-labels,medium,2026-07-17
0x685723b9dc89bdf28ba5f98f9a8c0ac899bd6e77,optimism,contract-deployer,Jarvis Network: Deployer,entity,eth-labels,https://github.com/dawsbot/eth-labels,medium,2026-07-17
0x69bdb276a17dd90f9d3a545944ccb20e593ae8e3,optimism,contract-deployer,Index Coop: Deployer,entity,eth-labels,https://github.com/dawsbot/eth-labels,medium,2026-07-17
0x6b80fd0457273494007813d1dca3fa4ab11f272e,optimism,contract-deployer,Nonagon Finance: Deployer,entity,eth-labels,https://github.com/dawsbot/eth-labels,medium,2026-07-17
0x7396f133baa2543ea7917ba3254e61fea3028288,optimism,contract-deployer,Fuse: Deployer,entity,eth-labels,https://github.com/dawsbot/eth-labels,medium,2026-07-17
0x763b9dba40c3d03507df454823fe03517f84a5ab,optimism,contract-deployer,WePiggy: Deployer 2,entity,eth-labels,https://github.com/dawsbot/eth-labels,medium,2026-07-17
0x7678883acc347ceb2460d1aee3d231641ed84749,optimism,contract-deployer,Glo Dollar: Deployer,entity,eth-labels,https://github.com/dawsbot/eth-labels,medium,2026-07-17
0x76d84163bc0bbf58d6d3f2332f8a9c5b339df983,optimism,contract-deployer,Otterspace: Deployer,entity,eth-labels,https://github.com/dawsbot/eth-labels,medium,2026-07-17
0x76ef4b28df1f590db4cd680675d734c27caa32ba,optimism,contract-deployer,Rocket Pool ETH: Deployer,entity,eth-labels,https://github.com/dawsbot/eth-labels,medium,2026-07-17
0x7856f2a12a7a18b4a115d295f548434a9b078fa1,optimism,contract-deployer,Aelin: Deployer,entity,eth-labels,https://github.com/dawsbot/eth-labels,medium,2026-07-17
0x79e2b9c1f6c9ed1375c93aaf139e6c4537f48523,optimism,contract-deployer,null,entity,eth-labels,https://github.com/dawsbot/eth-labels,medium,2026-07-17
0x7a4535c67f2617d2590617666295c46c9f044f0d,optimism,contract-deployer,Galleon: Deployer,entity,eth-labels,https://github.com/dawsbot/eth-labels,medium,2026-07-17
0x7a6468f8161ef39d7639c67dfa5637ba1b7ba74b,optimism,contract-deployer,null,entity,eth-labels,https://github.com/dawsbot/eth-labels,medium,2026-07-17
0x7efdc11929225f1756479006149b0bd7a2b89c1e,optimism,contract-deployer,Apetimism: Deployer,entity,eth-labels,https://github.com/dawsbot/eth-labels,medium,2026-07-17
0x7f3b192ab3220940d66236792f3ebdb0e4e74138,optimism,contract-deployer,Biconomy: Deployer,entity,eth-labels,https://github.com/dawsbot/eth-labels,medium,2026-07-17
0x80898b704baa55e7e37f1128fc6ae5836661f54a,optimism,contract-deployer,Pika Protocol: Deployer,entity,eth-labels,https://github.com/dawsbot/eth-labels,medium,2026-07-17
0x8314125c8b68af2afd0d151eb4a551e88128a2ae,optimism,contract-deployer,Thales: Deployer,entity,eth-labels,https://github.com/dawsbot/eth-labels,medium,2026-07-17
0x8550fb4040c1fe7df47c20de4e700a5787c34b5f,optimism,contract-deployer,Crypto Toffe: Deployer,entity,eth-labels,https://github.com/dawsbot/eth-labels,medium,2026-07-17
0x857e7ee37252621345d3225db8f74f9ac0a57953,optimism,contract-deployer,Deggkies: Deployer,entity,eth-labels,https://github.com/dawsbot/eth-labels,medium,2026-07-17
0x8602ee2f8aaeb671e409b26d48e36dd8cc3b7ed7,optimism,contract-deployer,ZipSwap: Deployer,entity,eth-labels,https://github.com/dawsbot/eth-labels,medium,2026-07-17
0x86665ef1660418ad0992c96929e02f97bcbf4698,optimism,contract-deployer,Decentralized USD: Deployer,entity,eth-labels,https://github.com/dawsbot/eth-labels,medium,2026-07-17
0x866d5facfb5533a650e9d4f4c52d6de9b4735548,optimism,contract-deployer,Ether.fi: Deployer,entity,eth-labels,https://github.com/dawsbot/eth-labels,medium,2026-07-17
0x89d761935ca2d85e3a6f8d917751133ec00167c3,optimism,contract-deployer,Reunit Wallet: Deployer,entity,eth-labels,https://github.com/dawsbot/eth-labels,medium,2026-07-17
0x8b08d16f8ed6d00e539a4da896bd124828615a96,optimism,contract-deployer,Polyhedra 2024: Deployer,entity,eth-labels,https://github.com/dawsbot/eth-labels,medium,2026-07-17
0x8fcba7279af1d5d12c77e7062caf1e09a0623f97,optimism,contract-deployer,Hundred Finance: Deployer,entity,eth-labels,https://github.com/dawsbot/eth-labels,medium,2026-07-17
0x9088b976e9542d0a27f4f9ddc7a716c7714806ea,optimism,contract-deployer,Extra Finance: Deployer,entity,eth-labels,https://github.com/dawsbot/eth-labels,medium,2026-07-17
0x91f23057ee6e2d1e1ba00a7c1d71ba1a0b2c3113,optimism,contract-deployer,Alongside Crypto Market Index: Deployer,entity,eth-labels,https://github.com/dawsbot/eth-labels,medium,2026-07-17
0x961a14beabd590229b1c68a21d7068c8233c8542,optimism,contract-deployer,CheckDot: Deployer,entity,eth-labels,https://github.com/dawsbot/eth-labels,medium,2026-07-17
0x962193e0101ab216f362435a276b22e2172fc847,optimism,contract-deployer,Gladiators of the Galaxy: Deployer,entity,eth-labels,https://github.com/dawsbot/eth-labels,medium,2026-07-17
0x97471c0fdddb5e5cc34cb08cb17961bd3a53f38f,optimism,contract-deployer,WOO: Deployer,entity,eth-labels,https://github.com/dawsbot/eth-labels,medium,2026-07-17
0x97f351c6e87af8941ae6caf0465254c14ac65ffb,optimism,contract-deployer,YieldTopia: Deployer,entity,eth-labels,https://github.com/dawsbot/eth-labels,medium,2026-07-17
0x9aa99c23f67c81701c772b106b4f83f6e858dd2e,optimism,contract-deployer,Hop: Deployer,entity,eth-labels,https://github.com/dawsbot/eth-labels,medium,2026-07-17
0x9c6373de60c2d3297b18a8f964618ac46e011b58,optimism,contract-deployer,Optimism: Deployer,entity,eth-labels,https://github.com/dawsbot/eth-labels,medium,2026-07-17
0xa2bcad247c64da44739e141b491fe4238a4d0480,optimism,contract-deployer,null,entity,eth-labels,https://github.com/dawsbot/eth-labels,medium,2026-07-17
0xa2ec022d89b0a80012c2446b0e8e5ff12f88dfc1,optimism,contract-deployer,Wagmi: Deployer,entity,eth-labels,https://github.com/dawsbot/eth-labels,medium,2026-07-17
0xa5b34197b0ea6d23792a527172806f32d18ed712,optimism,contract-deployer,Cloudbit Classic: Deployer,entity,eth-labels,https://github.com/dawsbot/eth-labels,medium,2026-07-17
0xa5f146cbd3ee13f482315dd0f873c2bfbbc5f2c4,optimism,contract-deployer,Aevo: Deployer,entity,eth-labels,https://github.com/dawsbot/eth-labels,medium,2026-07-17
0xa80481e3f9098602954b2e5cf306e6dee053ef3e,optimism,contract-deployer,GYSR: Deployer,entity,eth-labels,https://github.com/dawsbot/eth-labels,medium,2026-07-17
0xa8979df21b6dc13935a17f9c13ec6c82942eb9f5,optimism,contract-deployer,Davos: Deployer,entity,eth-labels,https://github.com/dawsbot/eth-labels,medium,2026-07-17
0xa89ef3afdb636a0c4b39554fb6dccd3577d02fe2,optimism,contract-deployer,Open intelligent Chain: Deployer,entity,eth-labels,https://github.com/dawsbot/eth-labels,medium,2026-07-17
0xaaa6640f36ae35d61ce5e6f2a3c8975d07d1ab90,optimism,contract-deployer,Equalizer Finance: Deployer,entity,eth-labels,https://github.com/dawsbot/eth-labels,medium,2026-07-17
0xab44ae5f00fc4d79ff6d61853ae9ea3f1c2457c7,optimism,contract-deployer,HanChain: Deployer,entity,eth-labels,https://github.com/dawsbot/eth-labels,medium,2026-07-17
0xade09131c6f43fe22c2cbabb759636c43cfc181e,optimism,contract-deployer,Centre: Deployer,entity,eth-labels,https://github.com/dawsbot/eth-labels,medium,2026-07-17
0xae0c5140744bfc6bc33ce73298f10f7b538f02dd,optimism,contract-deployer,Eco: Deployer,entity,eth-labels,https://github.com/dawsbot/eth-labels,medium,2026-07-17
0xaf66c75fda4ca9546920a4f7270265adfb90f43d,optimism,contract-deployer,Collab.Land: Deployer,entity,eth-labels,https://github.com/dawsbot/eth-labels,medium,2026-07-17
0xb1bef51ebca01eb12001a639bdbbff6eeca12b9f,optimism,contract-deployer,Sablier: Deployer,entity,eth-labels,https://github.com/dawsbot/eth-labels,medium,2026-07-17
0xbe2f0354d970265bfc36d383af77f72736b81b54,optimism,contract-deployer,Kyber Network: Deployer,entity,eth-labels,https://github.com/dawsbot/eth-labels,medium,2026-07-17
0xbfdffcd81a3796f55b476b36937253fa6267644b,optimism,contract-deployer,BAXagent Coin: Deployer,entity,eth-labels,https://github.com/dawsbot/eth-labels,medium,2026-07-17
0xc0de1436c4e247f8652476a0b9ff55699801e1d0,optimism,contract-deployer,Velodrome Finance: Deployer,entity,eth-labels,https://github.com/dawsbot/eth-labels,medium,2026-07-17
0xc107dacaf1d6e369cfdc67695beadf5e2068191e,optimism,contract-deployer,Pendle: Deployer,entity,eth-labels,https://github.com/dawsbot/eth-labels,medium,2026-07-17
0xc253af7b80f3dd3d469bf4b94aa9e3df59e71e43,optimism,contract-deployer,InverseFinance: Deployer,entity,eth-labels,https://github.com/dawsbot/eth-labels,medium,2026-07-17
0xc31249ba48763df46388ba5c4e7565d62ed4801c,optimism,contract-deployer,Jarvis Network: Liquidity Provision,entity,eth-labels,https://github.com/dawsbot/eth-labels,medium,2026-07-17
0xc496dfe5da45263742cdce69be460c8a90df141e,optimism,contract-deployer,Essence Finance: Deployer,entity,eth-labels,https://github.com/dawsbot/eth-labels,medium,2026-07-17
0xc4ad9f58c4c7cba47191be635ecf40b4515cf6cf,optimism,contract-deployer,Stable Coin: Deployer,entity,eth-labels,https://github.com/dawsbot/eth-labels,medium,2026-07-17
0xc6387e937bcef8de3334f80edc623275d42457ff,optimism,contract-deployer,null,entity,eth-labels,https://github.com/dawsbot/eth-labels,medium,2026-07-17
0xc7f8d87734ab2cbf70030ac8aa82abfe3e8126cb,optimism,contract-deployer,Premia: Deployer,entity,eth-labels,https://github.com/dawsbot/eth-labels,medium,2026-07-17
0xcd0b087e113152324fca962488b4d9beb6f4caf6,optimism,contract-deployer,NFTEarth: Deployer,entity,eth-labels,https://github.com/dawsbot/eth-labels,medium,2026-07-17
0xcd526ee406bc8349ba8135758cee11fa3aaa59a0,optimism,contract-deployer,OPX Finance: Deployer,entity,eth-labels,https://github.com/dawsbot/eth-labels,medium,2026-07-17
0xcdcad75dcc583bf51d7e8b993d5c2a29da2df9ea,optimism,contract-deployer,Doodles Dick: Deployer,entity,eth-labels,https://github.com/dawsbot/eth-labels,medium,2026-07-17
0xcea80f944a0b90e62adbd2999c89d27e39e51c73,optimism,contract-deployer,Nebula Revelation: Deployer,entity,eth-labels,https://github.com/dawsbot/eth-labels,medium,2026-07-17
0xcfa1bf8ca39a89b6c0e9aff55454b20e589c0da0,optimism,contract-deployer,Draconic Egg: Deployer,entity,eth-labels,https://github.com/dawsbot/eth-labels,medium,2026-07-17
0xd23199f1222c418ffc74c385171330b21b16e452,optimism,contract-deployer,OptiDoge: Deployer,entity,eth-labels,https://github.com/dawsbot/eth-labels,medium,2026-07-17
0xd37af52c1d214027582eac330ab9854d9f62f8cb,optimism,contract-deployer,Intelligent Monsters: Deployer,entity,eth-labels,https://github.com/dawsbot/eth-labels,medium,2026-07-17
0xd54790451558007d9bc8616248416c43c45bca9e,optimism,contract-deployer,Okcash: Deployer,entity,eth-labels,https://github.com/dawsbot/eth-labels,medium,2026-07-17
0xd5b643e97086705fc3e55a0e27096d79cee5879b,optimism,contract-deployer,Validator: Deployer,entity,eth-labels,https://github.com/dawsbot/eth-labels,medium,2026-07-17
0xdb4e4cd74e9bfdf78e4da8d2953bb624fbebe6b3,optimism,contract-deployer,DexToro: Deployer,entity,eth-labels,https://github.com/dawsbot/eth-labels,medium,2026-07-17
0xdbaabc182e5fcebf216c353a3ebe32cdb7390094,optimism,contract-deployer,Kromatika: Deployer,entity,eth-labels,https://github.com/dawsbot/eth-labels,medium,2026-07-17
0xdbea55bad7404f00df5cd12d30d2086151e83950,optimism,contract-deployer,JEFE: Deployer,entity,eth-labels,https://github.com/dawsbot/eth-labels,medium,2026-07-17
0xdc9bef318b9eb31da40a1a09a0c4feee65289469,optimism,contract-deployer,GMO Trust: Deployer,entity,eth-labels,https://github.com/dawsbot/eth-labels,medium,2026-07-17
0xde6d6f23aabbdc9469c8907ece7c379f98e4cb75,optimism,contract-deployer,dForce: Deployer,entity,eth-labels,https://github.com/dawsbot/eth-labels,medium,2026-07-17
0xdead1cb30b3ca13cd67d1d6f4e2790d12484fdd8,optimism,contract-deployer,null,entity,eth-labels,https://github.com/dawsbot/eth-labels,medium,2026-07-17
0xe00691e65cd4400c84a174a4c56f20ba43dffd89,optimism,contract-deployer,Ethos Reserve Note: Deployer,entity,eth-labels,https://github.com/dawsbot/eth-labels,medium,2026-07-17
0xe00eaa2787a8830a485153b7bf508bc781e4a220,optimism,contract-deployer,Qi Dao: Deployer,entity,eth-labels,https://github.com/dawsbot/eth-labels,medium,2026-07-17
0xe027880ceb8114f2e367211df977899d00e66138,optimism,contract-deployer,Granary: Deployer,entity,eth-labels,https://github.com/dawsbot/eth-labels,medium,2026-07-17
0xe029c32d412972c5f3d107da6d6ecf8f1c1e788c,optimism,contract-deployer,Kwenta: Deployer,entity,eth-labels,https://github.com/dawsbot/eth-labels,medium,2026-07-17
0xe0e7b7c5ae92fe94d2ae677d81214d6ad7a11c27,optimism,contract-deployer,PoolTogether: Deployer 1,entity,eth-labels,https://github.com/dawsbot/eth-labels,medium,2026-07-17
0xe1d7df53a55d6116af1bde150ffb21f551d95f1e,optimism,contract-deployer,Unitus: Deployer,entity,eth-labels,https://github.com/dawsbot/eth-labels,medium,2026-07-17
0xe228c34252bd874c489c2a99e03476162d74db02,optimism,contract-deployer,Base: Deployer,entity,eth-labels,https://github.com/dawsbot/eth-labels,medium,2026-07-17
0xe3f641ad659249a020e2af63c3f9abd6cffb668b,optimism,contract-deployer,Alta Finance: Deployer,entity,eth-labels,https://github.com/dawsbot/eth-labels,medium,2026-07-17
0xe48a5173ade669651120cb5e99e6fe140d4d73da,optimism,contract-deployer,Mean Finance: Deployer,entity,eth-labels,https://github.com/dawsbot/eth-labels,medium,2026-07-17
0xe61bdef3fff4c3cf7a07996dcb8802b5c85b665a,optimism,contract-deployer,Exactly: Deployer,entity,eth-labels,https://github.com/dawsbot/eth-labels,medium,2026-07-17
0xe6db2e4c2f7f4c6b06d062b52319f81753d1dbb9,optimism,contract-deployer,Merge Bears: Deployer,entity,eth-labels,https://github.com/dawsbot/eth-labels,medium,2026-07-17
0xe906b91103d216420f7ae13b29fde73ce9c206cd,optimism,contract-deployer,CyberConnect: Deployer,entity,eth-labels,https://github.com/dawsbot/eth-labels,medium,2026-07-17
0xe9ec891ead0e2a4bd3b14f86b9b4ab8efd1d5180,optimism,contract-deployer,GTPS: Deployer,entity,eth-labels,https://github.com/dawsbot/eth-labels,medium,2026-07-17
0xeb011594f5324eb9590df88545db1f8077d43419,optimism,contract-deployer,DRODEC: Deployer,entity,eth-labels,https://github.com/dawsbot/eth-labels,medium,2026-07-17
0xf2cafb99992ce6a49f948b452c783614808612d1,optimism,contract-deployer,WePiggy: Deployer,entity,eth-labels,https://github.com/dawsbot/eth-labels,medium,2026-07-17
0xf5094335199ec1dba6b6d8b8b0299f1d7192423c,optimism,contract-deployer,ShapeShift: Deployer,entity,eth-labels,https://github.com/dawsbot/eth-labels,medium,2026-07-17
0xf632ce27ea72dea30d30c1a9700b6b3bceaa05cf,optimism,contract-deployer,Token Engineering Commons: Deployer,entity,eth-labels,https://github.com/dawsbot/eth-labels,medium,2026-07-17
0xf7c1daf7443d7307df13c81f5f0328d4c7803e7b,optimism,contract-deployer,BoringDAO: Deployer,entity,eth-labels,https://github.com/dawsbot/eth-labels,medium,2026-07-17
0xf8c3875bfa461a38532fedf90453985901c55114,optimism,contract-deployer,Dope Wars Paper: Deployer,entity,eth-labels,https://github.com/dawsbot/eth-labels,medium,2026-07-17
0xfa9da51631268a30ec3ddd1ccbf46c65fad99251,optimism,contract-deployer,Multichain: Deployer,entity,eth-labels,https://github.com/dawsbot/eth-labels,medium,2026-07-17
0xfadede2cfbfa7443497acacf76cfc4fe59112dbb,optimism,contract-deployer,Zoomer: Deployer,entity,eth-labels,https://github.com/dawsbot/eth-labels,medium,2026-07-17
0xfb59ce8986943163f14c590755b29db2998f2322,optimism,contract-deployer,Sonne Finance: Deployer,entity,eth-labels,https://github.com/dawsbot/eth-labels,medium,2026-07-17
0xfcc8c70a7ea0f588135b7b8892995ada7c0117b2,optimism,contract-deployer,Galleon: Deployer 1,entity,eth-labels,https://github.com/dawsbot/eth-labels,medium,2026-07-17
0xfd0bd19e849493f77d8f77ed026520c1368102bd,optimism,contract-deployer,Layer2DAO: Deployer,entity,eth-labels,https://github.com/dawsbot/eth-labels,medium,2026-07-17
0xfda462548ce04282f4b6d6619823a7c64fdc0185,optimism,contract-deployer,Angle Protocol: Deployer,entity,eth-labels,https://github.com/dawsbot/eth-labels,medium,2026-07-17
0xfdf6fa86058d1eacb441adb5acfc143672e59a58,optimism,contract-deployer,MetalSwap: Deployer,entity,eth-labels,https://github.com/dawsbot/eth-labels,medium,2026-07-17
0xfeebd6b860d4f33ec03014af0ee0a35ce8d6fd97,optimism,contract-deployer,Pegasus: Deployer,entity,eth-labels,https://github.com/dawsbot/eth-labels,medium,2026-07-17
0x01e6b50557ef1a2ca58a621998ace3f278e808b8,optimism,delegate,null,entity,eth-labels,https://github.com/dawsbot/eth-labels,medium,2026-07-17
0x0331969e189d63fbc31d771bb04ab44227d748d8,optimism,delegate,null,entity,eth-labels,https://github.com/dawsbot/eth-labels,medium,2026-07-17
0x062a07cbf4848fda67292a96a5e02c97e402233f,optimism,delegate,null,entity,eth-labels,https://github.com/dawsbot/eth-labels,medium,2026-07-17
0x070341aa5ed571f0fb2c4a5641409b1a46b4961b,optimism,delegate,null,entity,eth-labels,https://github.com/dawsbot/eth-labels,medium,2026-07-17
0x0f9457824adb0649f57b91f21fcaf598b7ed9230,optimism,delegate,null,entity,eth-labels,https://github.com/dawsbot/eth-labels,medium,2026-07-17
0x1372eda77df5a048db8af4db3d8680ff56388824,optimism,delegate,null,entity,eth-labels,https://github.com/dawsbot/eth-labels,medium,2026-07-17
0x13838884271ec954cb036d0b29d404afab5eae2a,optimism,delegate,null,entity,eth-labels,https://github.com/dawsbot/eth-labels,medium,2026-07-17
0x1b686ee8e31c5959d9f5bbd8122a58682788eead,optimism,delegate,null,entity,eth-labels,https://github.com/dawsbot/eth-labels,medium,2026-07-17
0x1d1a13b16667c284b87de62caeeff0ce89e342b2,optimism,delegate,null,entity,eth-labels,https://github.com/dawsbot/eth-labels,medium,2026-07-17
0x1de2a056508e0d0dd88a88f1f5cdf9cfa510795c,optimism,delegate,null,entity,eth-labels,https://github.com/dawsbot/eth-labels,medium,2026-07-17
0x2345f4e0cdf00d427d773413dd4617d0156c29a9,optimism,delegate,null,entity,eth-labels,https://github.com/dawsbot/eth-labels,medium,2026-07-17
0x265c328bf0cad7f6fcddd375a4c02754963e3a2e,optimism,delegate,null,entity,eth-labels,https://github.com/dawsbot/eth-labels,medium,2026-07-17
0x2b888954421b424c5d3d9ce9bb67c9bd47537d12,optimism,delegate,null,entity,eth-labels,https://github.com/dawsbot/eth-labels,medium,2026-07-17
0x2fd8bd701461684957a9d6a9d15f9d5cbf17a58d,optimism,delegate,null,entity,eth-labels,https://github.com/dawsbot/eth-labels,medium,2026-07-17
0x406b607644c5d7bfda95963201e45a4c6ab1c159,optimism,delegate,null,entity,eth-labels,https://github.com/dawsbot/eth-labels,medium,2026-07-17
0x429f9ada43e9f345cbb85ec88681bb70df808892,optimism,delegate,null,entity,eth-labels,https://github.com/dawsbot/eth-labels,medium,2026-07-17
0x45a10f35befa4ab841c77860204b133118b7ccae,optimism,delegate,null,entity,eth-labels,https://github.com/dawsbot/eth-labels,medium,2026-07-17
0x46abfe1c972fca43766d6ad70e1c1df72f4bb4d1,optimism,delegate,null,entity,eth-labels,https://github.com/dawsbot/eth-labels,medium,2026-07-17
0x48a63097e1ac123b1f5a8bbffafa4afa8192fab0,optimism,delegate,null,entity,eth-labels,https://github.com/dawsbot/eth-labels,medium,2026-07-17
0x4ac799e9b0e252bc45d499857c84809a5a444ae0,optimism,delegate,null,entity,eth-labels,https://github.com/dawsbot/eth-labels,medium,2026-07-17
0x512fce9b07ce64590849115ee6b32fd40ec0f5f3,optimism,delegate,null,entity,eth-labels,https://github.com/dawsbot/eth-labels,medium,2026-07-17
0x523d007855b3543797e0d3d462cb44b601274819,optimism,delegate,null,entity,eth-labels,https://github.com/dawsbot/eth-labels,medium,2026-07-17
0x5e349eca2dc61abcd9dd99ce94d04136151a09ee,optimism,delegate,null,entity,eth-labels,https://github.com/dawsbot/eth-labels,medium,2026-07-17
0x62a43123fe71f9764f26554b3f5017627996816a,optimism,delegate,null,entity,eth-labels,https://github.com/dawsbot/eth-labels,medium,2026-07-17
0x6cea573473348367a5f66e0f261bfa25799e6a60,optimism,delegate,null,entity,eth-labels,https://github.com/dawsbot/eth-labels,medium,2026-07-17
0x6eda5acaff7f5964e1ecc3fd61c62570c186ca0c,optimism,delegate,null,entity,eth-labels,https://github.com/dawsbot/eth-labels,medium,2026-07-17
0x6fc69da059944b4895d65f385b9a26b1285cab88,optimism,delegate,null,entity,eth-labels,https://github.com/dawsbot/eth-labels,medium,2026-07-17
0x70d95a4e6f514149af97de9a107d12bf1cf57169,optimism,delegate,null,entity,eth-labels,https://github.com/dawsbot/eth-labels,medium,2026-07-17
0x75536cf4f01c2bfa528f5c74ddc1232db3af3ee5,optimism,delegate,null,entity,eth-labels,https://github.com/dawsbot/eth-labels,medium,2026-07-17
0x7899d9b1181cbb427b0b1be0684c096c260f7474,optimism,delegate,null,entity,eth-labels,https://github.com/dawsbot/eth-labels,medium,2026-07-17
0x7ae109a63ff4dc852e063a673b40bed85d22e585,optimism,delegate,null,entity,eth-labels,https://github.com/dawsbot/eth-labels,medium,2026-07-17
0x839395e20bbb182fa440d08f850e6c7a8f6f0780,optimism,delegate,null,entity,eth-labels,https://github.com/dawsbot/eth-labels,medium,2026-07-17
0x8c580556fdb1f57853e49f409ae9b89f7658e7a2,optimism,delegate,null,entity,eth-labels,https://github.com/dawsbot/eth-labels,medium,2026-07-17
0x8f07bc36ff569312fdc41f3867d80bbd2fe94b76,optimism,delegate,null,entity,eth-labels,https://github.com/dawsbot/eth-labels,medium,2026-07-17
0x8f73be66ca8c79382f72139be03746343bf5faa0,optimism,delegate,null,entity,eth-labels,https://github.com/dawsbot/eth-labels,medium,2026-07-17
0x94db037207f6fb697dbd33524aadffd108819dc8,optimism,delegate,null,entity,eth-labels,https://github.com/dawsbot/eth-labels,medium,2026-07-17
0x9b7df3a2df61e72df5c4d565a0e017d7c5c6e532,optimism,delegate,null,entity,eth-labels,https://github.com/dawsbot/eth-labels,medium,2026-07-17
0x9cbe5b896d0c24acf41860b9e3df6750c2040a40,optimism,delegate,null,entity,eth-labels,https://github.com/dawsbot/eth-labels,medium,2026-07-17
0x9e5b45e4872de2ee4b6ffbd06b3735501826b032,optimism,delegate,null,entity,eth-labels,https://github.com/dawsbot/eth-labels,medium,2026-07-17
0xa6e8772af29b29b9202a073f8e36f447689beef6,optimism,delegate,null,entity,eth-labels,https://github.com/dawsbot/eth-labels,medium,2026-07-17
0xb1ea5a3e5ea7fa1834d48058ecda26d8c59e8251,optimism,delegate,null,entity,eth-labels,https://github.com/dawsbot/eth-labels,medium,2026-07-17
0xb55a948763e0d386b6defcd8070a522216ae42b1,optimism,delegate,null,entity,eth-labels,https://github.com/dawsbot/eth-labels,medium,2026-07-17
0xb7abf554aefd4686639afcf2a653adfda3d9b038,optimism,delegate,null,entity,eth-labels,https://github.com/dawsbot/eth-labels,medium,2026-07-17
0xc20687cd6fff6bcfe8032fda567c35f55543c2ac,optimism,delegate,null,entity,eth-labels,https://github.com/dawsbot/eth-labels,medium,2026-07-17
0xc540eb6c7b3e44ef8a45db3ad8618404baed88f6,optimism,delegate,null,entity,eth-labels,https://github.com/dawsbot/eth-labels,medium,2026-07-17
0xdab0d648a2a771e6952916a822dddf738b535f5a,optimism,delegate,null,entity,eth-labels,https://github.com/dawsbot/eth-labels,medium,2026-07-17
0xdb5781a835b60110298ff7205d8ef9678ff1f800,optimism,delegate,null,entity,eth-labels,https://github.com/dawsbot/eth-labels,medium,2026-07-17
0xdcf7be2ff93e1a7671724598b1526f3a33b1ec25,optimism,delegate,null,entity,eth-labels,https://github.com/dawsbot/eth-labels,medium,2026-07-17
0xdf629daa1e3a099d4c87d7ba855e9561d2300032,optimism,delegate,null,entity,eth-labels,https://github.com/dawsbot/eth-labels,medium,2026-07-17
0xe31b7439693889cae4490eb6e7ca88fb23b1d11b,optimism,delegate,null,entity,eth-labels,https://github.com/dawsbot/eth-labels,medium,2026-07-17
0xed11e5ea95a5a3440fbaadc4cc404c56d0a5bb04,optimism,delegate,null,entity,eth-labels,https://github.com/dawsbot/eth-labels,medium,2026-07-17
0xeef440ea127a0aabf70601c6c68c425c29d02018,optimism,delegate,null,entity,eth-labels,https://github.com/dawsbot/eth-labels,medium,2026-07-17
0xf3f527b70af6012f328d3ede7fcd3f5f3ca6cba2,optimism,delegate,null,entity,eth-labels,https://github.com/dawsbot/eth-labels,medium,2026-07-17
0xf417ace7b13c0ef4fcb5548390a450a4b75d3eb3,optimism,delegate,null,entity,eth-labels,https://github.com/dawsbot/eth-labels,medium,2026-07-17
0xf9551c66995ed3ff9bb05c9fd7ff148bd75dc99a,optimism,delegate,null,entity,eth-labels,https://github.com/dawsbot/eth-labels,medium,2026-07-17
0xfc61965861b679c5aa728d41fa6ea0b29544f554,optimism,delegate,null,entity,eth-labels,https://github.com/dawsbot/eth-labels,medium,2026-07-17
0xfd4f24676ed4588928213f37b126b53c07186f45,optimism,delegate,null,entity,eth-labels,https://github.com/dawsbot/eth-labels,medium,2026-07-17
0x41626ba92c0c2a1ad38fc83920300434082b1870,optimism,donate,L2BEAT: Donate,entity,eth-labels,https://github.com/dawsbot/eth-labels,medium,2026-07-17
0x71c7656ec7ab88b098defb751b7401b5f6d8976f,optimism,donate,Etherscan: Donate,entity,eth-labels,https://github.com/dawsbot/eth-labels,medium,2026-07-17
0xfb925186f787694009ab6404b9caab95bc7ae377,optimism,etherspot,Etherspot: ERC-4337 Bundler 1,entity,eth-labels,https://github.com/dawsbot/eth-labels,medium,2026-07-17
0x72a53cdbbcc1b9efa39c834a540550e23463aacb,optimism,exchange,Crypto.com,entity,eth-labels,https://github.com/dawsbot/eth-labels,medium,2026-07-17
0x000000000000be0ab658f92dddac29d6df19a3be,optimism,exploit,Exactly Protocol Exploiter 4,entity,eth-labels,https://github.com/dawsbot/eth-labels,medium,2026-07-17
0x00000000002088951336d7972746a135f2956417,optimism,exploit,Exactly Protocol Exploiter 3,entity,eth-labels,https://github.com/dawsbot/eth-labels,medium,2026-07-17
0x155da45d374a286d383839b1ef27567a15e67528,optimism,exploit,HundredFinance Exploiter,entity,eth-labels,https://github.com/dawsbot/eth-labels,medium,2026-07-17
0x3747dbbcb5c07786a4c59883e473a2e38f571af9,optimism,exploit,Exactly Protocol Exploiter,entity,eth-labels,https://github.com/dawsbot/eth-labels,medium,2026-07-17
0x4f3a120e72c76c22ae802d129f599bfdbc31cb81,optimism,exploit,Wintermute Exploiter Multisig,entity,eth-labels,https://github.com/dawsbot/eth-labels,medium,2026-07-17
0x60b28637879b5a09d21b68040020ffbf7dba5107,optimism,exploit,Wintermute/OP Exploiter,entity,eth-labels,https://github.com/dawsbot/eth-labels,medium,2026-07-17
0x964c192e54e5ef4176626875bb53071956579fca,optimism,exploit,CoinEx Fund Drainer,entity,eth-labels,https://github.com/dawsbot/eth-labels,medium,2026-07-17
0xc9b826bad20872eb29f9b1d8af4befe8460b50c6,optimism,exploit,KyberSwap Exploiter 1,entity,eth-labels,https://github.com/dawsbot/eth-labels,medium,2026-07-17
0xd3641c912a6a4c30338787e3c464420b561a9467,optimism,exploit,Arcadia Finance Exploiter,entity,eth-labels,https://github.com/dawsbot/eth-labels,medium,2026-07-17
0xe4f34a72d7c18b6f666d6ca53fbc3790bc9da042,optimism,exploit,Exactly Protocol Exploiter 2,entity,eth-labels,https://github.com/dawsbot/eth-labels,medium,2026-07-17
0xde1c04855c2828431ba637675b6929a684f84c7f,optimism,factory-contract,LlamaPay: Factory,entity,eth-labels,https://github.com/dawsbot/eth-labels,medium,2026-07-17
0xc5102fe9359fd9a28f877a67e36b0f050d81a3cc,optimism,hop-protocol,Hop: HOP Token,entity,eth-labels,https://github.com/dawsbot/eth-labels,medium,2026-07-17
0x1574564fcfd15bccb3fe04e9818f61131ea74066,optimism,jarvis-network,Jarvis Network: JARVIS Token 2,entity,eth-labels,https://github.com/dawsbot/eth-labels,medium,2026-07-17
0x15e770b95edd73fd96b02ece0266247d50895e76,optimism,jarvis-network,Jarvis Network: JRT Token,entity,eth-labels,https://github.com/dawsbot/eth-labels,medium,2026-07-17
0x79af5dd14e855823fa3e9ecacdf001d99647d043,optimism,jarvis-network,Jarvis Network: jEUR Token,entity,eth-labels,https://github.com/dawsbot/eth-labels,medium,2026-07-17
0x9f46a936be9114bd2f71965a87c003341448b47e,optimism,jarvis-network,Jarvis Network: JARVIS Token,entity,eth-labels,https://github.com/dawsbot/eth-labels,medium,2026-07-17
0x049beffdb026d6d1d64cfc8fe29bd12142967b09,optimism,kyberswap,KyberSwap: Elastic Pool Oracle,entity,eth-labels,https://github.com/dawsbot/eth-labels,medium,2026-07-17
0x0d125c15d54ca1f8a813c74a81aee34ebb508c1f,optimism,kyberswap,KyberSwap: Elastic Legacy Quoter V2,entity,eth-labels,https://github.com/dawsbot/eth-labels,medium,2026-07-17
0x165c68077ac06c83800d19200e6e2b08d02de75d,optimism,kyberswap,KyberSwap: Elastic Legacy Ticks Fees Reader,entity,eth-labels,https://github.com/dawsbot/eth-labels,medium,2026-07-17
0x1c758af0688502e49140230f6b0ebd376d429be5,optimism,kyberswap,KyberSwap: KSFactory,entity,eth-labels,https://github.com/dawsbot/eth-labels,medium,2026-07-17
0x227b0c196ea8db17a665ea6824d972a64202e936,optimism,kyberswap,KyberSwap: Limit Order,entity,eth-labels,https://github.com/dawsbot/eth-labels,medium,2026-07-17
0x2abe8750e4a65584d7452316356128c936273e0d,optimism,kyberswap,KyberSwap: ZapIn V2,entity,eth-labels,https://github.com/dawsbot/eth-labels,medium,2026-07-17
0x2b1c7b41f6a8f2b2bc45c3233a5d5fb3cd6dc9a8,optimism,kyberswap,KyberSwap: Elastic Legacy Position Manager,entity,eth-labels,https://github.com/dawsbot/eth-labels,medium,2026-07-17
0x30c5322e4e08ad500c348007f92f120ab4e2b79e,optimism,kyberswap,KyberSwap: Zap In Router,entity,eth-labels,https://github.com/dawsbot/eth-labels,medium,2026-07-17
0x35be3f4fd8239a35a7f120756d4d69e5c5e10870,optimism,kyberswap,KyberSwap: ElasticLM Helper,entity,eth-labels,https://github.com/dawsbot/eth-labels,medium,2026-07-17
0x3d6afe2fb73ffed2e3dd00c501a174554e147a43,optimism,kyberswap,KyberSwap: Elastic Static Farm 3,entity,eth-labels,https://github.com/dawsbot/eth-labels,medium,2026-07-17
0x4d47fd5a29904dae0ef51b1c450c9750f15d7856,optimism,kyberswap,KyberSwap: Elastic Quoter V2,entity,eth-labels,https://github.com/dawsbot/eth-labels,medium,2026-07-17
0x5649b4dd00780e99bab7abb4a3d581ea1aeb23d0,optimism,kyberswap,KyberSwap: KSRouter,entity,eth-labels,https://github.com/dawsbot/eth-labels,medium,2026-07-17
0x58f1d0f9bff9d695010c92fb93d100cef5113f3e,optimism,kyberswap,KyberSwap: Elastic Position Desc Proxy,entity,eth-labels,https://github.com/dawsbot/eth-labels,medium,2026-07-17
0x5f1dddbf348ac2fbe22a163e30f99f9ece3dd50a,optimism,kyberswap,KyberSwap: Elastic Legacy Factory,entity,eth-labels,https://github.com/dawsbot/eth-labels,medium,2026-07-17
0x617dee16b86534a5d792a4d7a62fb491b544111e,optimism,kyberswap,KyberSwap: Meta Aggregation Router,entity,eth-labels,https://github.com/dawsbot/eth-labels,medium,2026-07-17
0x6a4c79289fb5b7a7ddb71f7eff6a2cbe59be5e60,optimism,kyberswap,KyberSwap: Reward Distributor,entity,eth-labels,https://github.com/dawsbot/eth-labels,medium,2026-07-17
0x715cc6c0d591ca3fa8ea6e4cb445ada0dc79069a,optimism,kyberswap,KyberSwap: FairLaunch2,entity,eth-labels,https://github.com/dawsbot/eth-labels,medium,2026-07-17
0x7d5ba536ab244aaa1ea42ab88428847f25e3e676,optimism,kyberswap,KyberSwap: ElasticLMv1,entity,eth-labels,https://github.com/dawsbot/eth-labels,medium,2026-07-17
0x8180a5ca4e3b94045e05a9313777955f7518d757,optimism,kyberswap,KyberSwap: Deployer,entity,eth-labels,https://github.com/dawsbot/eth-labels,medium,2026-07-17
0x8abd8c92f1901cf204590c16b5ef690a35b3741e,optimism,kyberswap,KyberSwap: Elastic Legacy Position Desc Proxy,entity,eth-labels,https://github.com/dawsbot/eth-labels,medium,2026-07-17
0x8fd8cb948965d9305999d767a02bf79833eadbb3,optimism,kyberswap,KyberSwap: Elastic Ticks Fees Reader,entity,eth-labels,https://github.com/dawsbot/eth-labels,medium,2026-07-17
0x98565fcad2080c5c19c3136fa367ce371cd40bd6,optimism,kyberswap,KyberSwap: Elastic Position Desc,entity,eth-labels,https://github.com/dawsbot/eth-labels,medium,2026-07-17
0xa70a1ad0f91c52c79e177c5a18a7c9e1c4360e0e,optimism,kyberswap,KyberSwap: Elastic Static Farm 2,entity,eth-labels,https://github.com/dawsbot/eth-labels,medium,2026-07-17
0xaa96267806d5be3941bf9d8e4efc3dc8eb2bda0f,optimism,kyberswap,KyberSwap: Operations,entity,eth-labels,https://github.com/dawsbot/eth-labels,medium,2026-07-17
0xc1e7dfe73e1598e3910ef4c7845b68a9ab6f4c83,optimism,kyberswap,KyberSwap: Elastic Legacy Router,entity,eth-labels,https://github.com/dawsbot/eth-labels,medium,2026-07-17
0xc7a590291e07b9fe9e64b86c58fd8fc764308c4a,optimism,kyberswap,KyberSwap: Elastic Factory,entity,eth-labels,https://github.com/dawsbot/eth-labels,medium,2026-07-17
0xcab2fa2eeab7065b45cbcf6e3936dde2506b4f6c,optimism,kyberswap,KyberSwap: Double Signatures Limit Order,entity,eth-labels,https://github.com/dawsbot/eth-labels,medium,2026-07-17
0xd8ac7f696ae99cd7b689726cf03c5711dd8dcdb4,optimism,kyberswap,KyberSwap: Elastic Pool Oracle Proxy,entity,eth-labels,https://github.com/dawsbot/eth-labels,medium,2026-07-17
0xda474537ce9b687b78b236452a05631f09b6eb6a,optimism,kyberswap,KyberSwap: Elastic Legacy Position Desc,entity,eth-labels,https://github.com/dawsbot/eth-labels,medium,2026-07-17
0xdb2802994104fad228b49a3c7534187b9794b4ce,optimism,kyberswap,KyberSwap: Reward Locker,entity,eth-labels,https://github.com/dawsbot/eth-labels,medium,2026-07-17
0xe222fbe074a436145b255442d919e4e3a6c6a480,optimism,kyberswap,KyberSwap: Elastic Anti-Snipping Position Manager,entity,eth-labels,https://github.com/dawsbot/eth-labels,medium,2026-07-17
0xf0096e5b4aafeea1df557264091569ba125c1172,optimism,kyberswap,KyberSwap: Zap In Validator,entity,eth-labels,https://github.com/dawsbot/eth-labels,medium,2026-07-17
0xf2bcdf38baa52f6b0c1db5b025dfff01ae1d6dbd,optimism,kyberswap,KyberSwap: Elastic Static Farm 4,entity,eth-labels,https://github.com/dawsbot/eth-labels,medium,2026-07-17
0xf9c2b5746c946ef883ab2660bbbb1f10a5bdeab4,optimism,kyberswap,KyberSwap: Elastic Router,entity,eth-labels,https://github.com/dawsbot/eth-labels,medium,2026-07-17
0x000a2c01f114b89952749359922d85e27edda38d,optimism,lyra-finance,Lyra: Pool Hedger (Old),entity,eth-labels,https://github.com/dawsbot/eth-labels,medium,2026-07-17
0x074edcbabee9cb019d217c158ab4e92c1cd7caf0,optimism,lyra-finance,Lyra: Lyra Globals (Old),entity,eth-labels,https://github.com/dawsbot/eth-labels,medium,2026-07-17
0x0a68e15f8e289b9f1ad1bcad524fea30c6125c2d,optimism,lyra-finance,Lyra: BTC Short Collateral,entity,eth-labels,https://github.com/dawsbot/eth-labels,medium,2026-07-17
0x0a99c0643b00fcd5fcd16c46e4efebff650b5ea1,optimism,lyra-finance,Lyra: Option Token (Old),entity,eth-labels,https://github.com/dawsbot/eth-labels,medium,2026-07-17
0x0dec3173683e4b1e587d466fd0e3a8ad81a39a19,optimism,lyra-finance,Lyra: LINK Option Market Safe Slippage,entity,eth-labels,https://github.com/dawsbot/eth-labels,medium,2026-07-17
0x121c7eaf4af34e075136bf5c549bdd0ad40040ec,optimism,lyra-finance,Lyra: Option Greek Cache (Old),entity,eth-labels,https://github.com/dawsbot/eth-labels,medium,2026-07-17
0x176b9e1bce6757ab23235fa9899b32e89b105b0d,optimism,lyra-finance,Lyra: Option Market (Old),entity,eth-labels,https://github.com/dawsbot/eth-labels,medium,2026-07-17
0x1f6d98638eee9f689684767c3021230dd68df419,optimism,lyra-finance,Lyra: ETH Option Market,entity,eth-labels,https://github.com/dawsbot/eth-labels,medium,2026-07-17
0x1f80f640a9d53d8cc339b1314061b6d14a24c78c,optimism,lyra-finance,Lyra: BTC Option Greek Cache,entity,eth-labels,https://github.com/dawsbot/eth-labels,medium,2026-07-17
0x22c39ce1c3a49224aea6d8c2aaa0019828e1b5e4,optimism,lyra-finance,Lyra: BTC Option Market Viewer,entity,eth-labels,https://github.com/dawsbot/eth-labels,medium,2026-07-17
0x2935cd347b79c319a6464fe3b1087170f142418c,optimism,lyra-finance,Lyra: ETH Liquidity Pool,entity,eth-labels,https://github.com/dawsbot/eth-labels,medium,2026-07-17
0x307d49a289df36023240dfa6746fd8c181c2971c,optimism,lyra-finance,Lyra: BTC Pool Hedger,entity,eth-labels,https://github.com/dawsbot/eth-labels,medium,2026-07-17
0x325d4217c73872bc9f4693d756d6a78c1c82796a,optimism,lyra-finance,Lyra: Black Scholes (Old),entity,eth-labels,https://github.com/dawsbot/eth-labels,medium,2026-07-17
0x36ab8de9f177b70fbdbc4050e47d0d578adf3cfe,optimism,lyra-finance,Lyra: LINK Option Market Pricer,entity,eth-labels,https://github.com/dawsbot/eth-labels,medium,2026-07-17
0x3856c594d35a24f7435731f9f5d7835887f0b94b,optimism,lyra-finance,Lyra: Lyra Globals,entity,eth-labels,https://github.com/dawsbot/eth-labels,medium,2026-07-17
0x39a023fde14d44c01bcb43993b3a51117174f336,optimism,lyra-finance,Lyra: ETH Option Market Pricer,entity,eth-labels,https://github.com/dawsbot/eth-labels,medium,2026-07-17
0x4341a26f8b32a6f79572351faa4ec91964cf63eb,optimism,lyra-finance,Lyra: LINK Liquidity Certificate,entity,eth-labels,https://github.com/dawsbot/eth-labels,medium,2026-07-17
0x43592bffcf14f1e0a096091e125f023b2ccc2525,optimism,lyra-finance,Lyra: ETH Option Market Viewer,entity,eth-labels,https://github.com/dawsbot/eth-labels,medium,2026-07-17
0x469e9f00cc30350a4e1c3f3109c8460b532f5fa1,optimism,lyra-finance,Lyra: Option Market Pricer (Old),entity,eth-labels,https://github.com/dawsbot/eth-labels,medium,2026-07-17
0x47b5bb79f06f06db3d77c6cc4db1ad6e84faf1f4,optimism,lyra-finance,Lyra: BTC Option Market,entity,eth-labels,https://github.com/dawsbot/eth-labels,medium,2026-07-17
0x48a157f01ccf4bf24d42185cbcd9fc0c376292f0,optimism,lyra-finance,Lyra: LINK Option Token,entity,eth-labels,https://github.com/dawsbot/eth-labels,medium,2026-07-17
0x5287d03553e736c732bc71b20248954f2e70f714,optimism,lyra-finance,Lyra: BTC Liquidity Certificate,entity,eth-labels,https://github.com/dawsbot/eth-labels,medium,2026-07-17
0x585a72ccecde68ddfe5327b23134723a305d70f3,optimism,lyra-finance,Lyra: LINK Short Collateral,entity,eth-labels,https://github.com/dawsbot/eth-labels,medium,2026-07-17
0x644e589fd7d6aec00ddc4212d17d4d71ce947b8a,optimism,lyra-finance,Lyra: BTC Option Market Safe Slippage,entity,eth-labels,https://github.com/dawsbot/eth-labels,medium,2026-07-17
0x69b4b35504a8c1d6179fef7addcdb37a8c663bc9,optimism,lyra-finance,Lyra: LINK Liquidity Pool,entity,eth-labels,https://github.com/dawsbot/eth-labels,medium,2026-07-17
0x6c1d7b56a266752c611c022f4130e72952bf1327,optimism,lyra-finance,Lyra: BTC Option Token,entity,eth-labels,https://github.com/dawsbot/eth-labels,medium,2026-07-17
0x6d3c6f37b3f59098bd3652d8df7152b091b12521,optimism,lyra-finance,Lyra: Black Scholes,entity,eth-labels,https://github.com/dawsbot/eth-labels,medium,2026-07-17
0x788843de0be1598155bffaab7cfa2ecbd542e7f1,optimism,lyra-finance,Lyra: BTC Liquidity Pool,entity,eth-labels,https://github.com/dawsbot/eth-labels,medium,2026-07-17
0x7af4e1ce484f40d927b9c90fb6905df4376fc3f6,optimism,lyra-finance,Lyra: Liquidity Pool (Old),entity,eth-labels,https://github.com/dawsbot/eth-labels,medium,2026-07-17
0x8e9c516c202277d47ccd33aceb081b90be2fd5dc,optimism,lyra-finance,Lyra: ETH Liquidity Certificate,entity,eth-labels,https://github.com/dawsbot/eth-labels,medium,2026-07-17
0x8f69783db37905f026cf62223c9957ae0ca90a38,optimism,lyra-finance,Lyra: Liquidity Certificate (Old),entity,eth-labels,https://github.com/dawsbot/eth-labels,medium,2026-07-17
0x9093f670c780d8d09a0c88d03d60aaa0b5a9e7a1,optimism,lyra-finance,Lyra: ETH Pool Hedger,entity,eth-labels,https://github.com/dawsbot/eth-labels,medium,2026-07-17
0x96e91f8dafc58975025dd6163a41eb593e6e2c62,optimism,lyra-finance,Lyra: LINK Pool Hedger,entity,eth-labels,https://github.com/dawsbot/eth-labels,medium,2026-07-17
0xa5a20f41f367a7ed71d7a617a708de965cc80db5,optimism,lyra-finance,Lyra: LINK Option Greek Cache,entity,eth-labels,https://github.com/dawsbot/eth-labels,medium,2026-07-17
0xb921e22de51f17b4227787a6d264f37399eb7d8c,optimism,lyra-finance,Lyra: ETH Option Market Safe Slippage,entity,eth-labels,https://github.com/dawsbot/eth-labels,medium,2026-07-17
0xbbaa63be0e3feacb3a3798cb101962b8608fca99,optimism,lyra-finance,Lyra: ETH Option Greek Cache,entity,eth-labels,https://github.com/dawsbot/eth-labels,medium,2026-07-17
0xbcb01210bd1c0790ca45cc4c49d9a183be99824d,optimism,lyra-finance,Lyra: LINK Option Market,entity,eth-labels,https://github.com/dawsbot/eth-labels,medium,2026-07-17
0xc1729854837578dc867c6d644304407f0ebc5a3d,optimism,lyra-finance,Lyra: BTC Option Market Pricer,entity,eth-labels,https://github.com/dawsbot/eth-labels,medium,2026-07-17
0xd7d974e81382d05e8d9fc6d0d17d0d852e9806dd,optimism,lyra-finance,Lyra: Short Collateral (Old),entity,eth-labels,https://github.com/dawsbot/eth-labels,medium,2026-07-17
0xe34af32082aa2be75f0a80dc179d597e852af6a1,optimism,lyra-finance,Lyra: LINK Option Market Viewer,entity,eth-labels,https://github.com/dawsbot/eth-labels,medium,2026-07-17
0xe722f9aee66f649fbfc8cb0d4f906cb55803553c,optimism,lyra-finance,Lyra: ETH Short Collateral,entity,eth-labels,https://github.com/dawsbot/eth-labels,medium,2026-07-17
0xf34542369b4d39968a27307f76621ba802deb05a,optimism,lyra-finance,Lyra: Multi Step Swapper,entity,eth-labels,https://github.com/dawsbot/eth-labels,medium,2026-07-17
0xf54a551fc1223d91e766c519723f8f7af5ea9a2b,optimism,lyra-finance,Lyra: Markets Registry,entity,eth-labels,https://github.com/dawsbot/eth-labels,medium,2026-07-17
0xfb1951b7eef8e7613d3b09424fb4aef805c16267,optimism,lyra-finance,Lyra: ETH Option Token,entity,eth-labels,https://github.com/dawsbot/eth-labels,medium,2026-07-17
0x20975da6eb930d592b9d78f451a9156db5e4c77b,optimism,marketplace,Quix: Exchange,entity,eth-labels,https://github.com/dawsbot/eth-labels,medium,2026-07-17
0x4518231a8fdf6ac553b9bbd51bbb86825b583263,optimism,multichain,Multichain: KNC Token,entity,eth-labels,https://github.com/dawsbot/eth-labels,medium,2026-07-17
0x4e720dd3ac5cfe1e1fbde4935f386bb1c66f4642,optimism,old-contract,Beefy: Old BIFI Token,entity,eth-labels,https://github.com/dawsbot/eth-labels,medium,2026-07-17
0xc22885e06cd8507c5c74a948c59af853aed1ea5c,optimism,old-contract,Decentralized USD: Old USDD Token,entity,eth-labels,https://github.com/dawsbot/eth-labels,medium,2026-07-17
0xc96f4f893286137ac17e07ae7f217ffca5db3ab6,optimism,old-contract,NFTEarth: Old NFTE Token,entity,eth-labels,https://github.com/dawsbot/eth-labels,medium,2026-07-17
0x000000008924d42d98026c656545c3c1fb3ad31c,optimism,opensea,SeaDrop Factory,entity,eth-labels,https://github.com/dawsbot/eth-labels,medium,2026-07-17
0x00005ea00ac477b1030ce78506496e8c2de24bf5,optimism,opensea,SeaDrop,entity,eth-labels,https://github.com/dawsbot/eth-labels,medium,2026-07-17
0x0000000000d67e5d5f991a40f04ed40fa3b150df,optimism,phish-hack,Fake_Phishing62,entity,eth-labels,https://github.com/dawsbot/eth-labels,medium,2026-07-17
0x0000028989b636b15f5e164e039814ff61000000,optimism,phish-hack,Fake_Phishing47,entity,eth-labels,https://github.com/dawsbot/eth-labels,medium,2026-07-17
0x00000734f1ba0bd1d0317a6dd519ca712ce00000,optimism,phish-hack,Fake_Phishing51,entity,eth-labels,https://github.com/dawsbot/eth-labels,medium,2026-07-17
0x00000952c5165e391ed0f8adffcfaf45f3b80000,optimism,phish-hack,Fake_Phishing59,entity,eth-labels,https://github.com/dawsbot/eth-labels,medium,2026-07-17
0x00000cad74214b2771b692b1065f9d0ad7b00000,optimism,phish-hack,Fake_Phishing46,entity,eth-labels,https://github.com/dawsbot/eth-labels,medium,2026-07-17
0x000037bb05b2cef17c6469f4bcdb198826ce0000,optimism,phish-hack,Fake_Phishing28,entity,eth-labels,https://github.com/dawsbot/eth-labels,medium,2026-07-17
0x00003ffa7857408ab714c28b1451914330240000,optimism,phish-hack,Fake_Phishing34,entity,eth-labels,https://github.com/dawsbot/eth-labels,medium,2026-07-17
0x000067464bdcbec51051ddcce8551e702f130000,optimism,phish-hack,Fake_Phishing35,entity,eth-labels,https://github.com/dawsbot/eth-labels,medium,2026-07-17
0x000082cc936dbb9d995d5a83bfcd38fa15b20000,optimism,phish-hack,Fake_Phishing50,entity,eth-labels,https://github.com/dawsbot/eth-labels,medium,2026-07-17
0x0000ac6fcf8c237eb2596c91f893b1fa39a30000,optimism,phish-hack,Fake_Phishing49,entity,eth-labels,https://github.com/dawsbot/eth-labels,medium,2026-07-17
0x0000db5c8b030ae20308ac975898e09741e70000,optimism,phish-hack,Inferno Drainer,entity,eth-labels,https://github.com/dawsbot/eth-labels,medium,2026-07-17
0x1395b37cc69f1d1bc5c03c4a6bd1b677d7e193d8,optimism,phish-hack,Fake_Phishing53,entity,eth-labels,https://github.com/dawsbot/eth-labels,medium,2026-07-17
0x1986e7c4176ec29e339f5d31b9cf23913cf39a5f,optimism,phish-hack,Fake_Phishing30,entity,eth-labels,https://github.com/dawsbot/eth-labels,medium,2026-07-17
0x1fd0a6a5e232eeba8020a40535ad07013ec4ef12,optimism,phish-hack,Fake_Phishing41,entity,eth-labels,https://github.com/dawsbot/eth-labels,medium,2026-07-17
0x230d119bb0bc603050fca253e1d4d926eb92c967,optimism,phish-hack,Fake_Phishing45,entity,eth-labels,https://github.com/dawsbot/eth-labels,medium,2026-07-17
0x245fa834de8322033e26d3bef11ac16d0c68f3c1,optimism,phish-hack,Fake_Phishing60,entity,eth-labels,https://github.com/dawsbot/eth-labels,medium,2026-07-17
0x2f48e4cf013f8a8e5e1245f629100e6c6aeb2ba2,optimism,phish-hack,Fake_Phishing52,entity,eth-labels,https://github.com/dawsbot/eth-labels,medium,2026-07-17
0x3448872bba4b87ca48cae98602795a9ceb9c57c1,optimism,phish-hack,Fake_Phishing4,entity,eth-labels,https://github.com/dawsbot/eth-labels,medium,2026-07-17
0x3769e3cee6100ef07123e229d8c6610871b1aada,optimism,phish-hack,Fake_Phishing26,entity,eth-labels,https://github.com/dawsbot/eth-labels,medium,2026-07-17
0x394a5a96ccc9796ca11b96d3072f05203c8df3d2,optimism,phish-hack,Fake_Phishing8,entity,eth-labels,https://github.com/dawsbot/eth-labels,medium,2026-07-17
0x47e3d9c821a8444e3b7394447d2377ba992eb8e6,optimism,phish-hack,Fake_Phishing24,entity,eth-labels,https://github.com/dawsbot/eth-labels,medium,2026-07-17
0x490ce4616672e93b1c8f5e43aa80312fd73dee8c,optimism,phish-hack,Fake_Phishing27,entity,eth-labels,https://github.com/dawsbot/eth-labels,medium,2026-07-17
0x5b9aabe3f7b43e08b99384997ea153bbe8c46d46,optimism,phish-hack,Fake_Phishing31,entity,eth-labels,https://github.com/dawsbot/eth-labels,medium,2026-07-17
0x658729879fca881d9526480b82ae00efc54b5c2d,optimism,phish-hack,Fake_Phishing33,entity,eth-labels,https://github.com/dawsbot/eth-labels,medium,2026-07-17
0x65d496ca33ad571424c4d73a2f6972ef7216398f,optimism,phish-hack,Fake_Phishing55,entity,eth-labels,https://github.com/dawsbot/eth-labels,medium,2026-07-17
0x67acf0d2292264a27df2c8643c696387f956a773,optimism,phish-hack,Fake_Phishing57,entity,eth-labels,https://github.com/dawsbot/eth-labels,medium,2026-07-17
0x6ccb8031717637a00a1bfeb6a6f2946052c2baa4,optimism,phish-hack,Fake_Phishing56,entity,eth-labels,https://github.com/dawsbot/eth-labels,medium,2026-07-17
0x6e09449f1b52ef4215c9615243f1fb95956d258f,optimism,phish-hack,Fake_Phishing7,entity,eth-labels,https://github.com/dawsbot/eth-labels,medium,2026-07-17
0x7615c9de1618b7feb2f6de30352b10ec137e8365,optimism,phish-hack,Fake_Phishing40,entity,eth-labels,https://github.com/dawsbot/eth-labels,medium,2026-07-17
0x77918ebd23fdbf4232eef4811a016f4fec1db546,optimism,phish-hack,Fake_Phishing21,entity,eth-labels,https://github.com/dawsbot/eth-labels,medium,2026-07-17
0x7e2d35a00d73a534d4d5508e557e0b1c6e60c977,optimism,phish-hack,Fake_Phishing3,entity,eth-labels,https://github.com/dawsbot/eth-labels,medium,2026-07-17
0x8138dd7d6a8818e77a0e5ab4c70d09304aa5f4cc,optimism,phish-hack,Fake_Phishing11,entity,eth-labels,https://github.com/dawsbot/eth-labels,medium,2026-07-17
0x82242f63946c6198ec5bdf765bb013995195a586,optimism,phish-hack,Fake_Phishing15,entity,eth-labels,https://github.com/dawsbot/eth-labels,medium,2026-07-17
0x8500a5b492a26ee1128dfdf28af4ee44b8dd2987,optimism,phish-hack,Fake_Phishing5,entity,eth-labels,https://github.com/dawsbot/eth-labels,medium,2026-07-17
0x89b8eeea71d3fdd3767f02f3677dd55ba7254b69,optimism,phish-hack,Fake_Phishing48,entity,eth-labels,https://github.com/dawsbot/eth-labels,medium,2026-07-17
0x8b292645c31924c63279d0e24bc710def0ddbf95,optimism,phish-hack,Fake_Phishing54,entity,eth-labels,https://github.com/dawsbot/eth-labels,medium,2026-07-17
0x8c8b69a8350cda44889f10c983c19aec709b7eff,optimism,phish-hack,Fake_Phishing20,entity,eth-labels,https://github.com/dawsbot/eth-labels,medium,2026-07-17
0x9760446d99f9b16afe5a475129edd593fc32cd72,optimism,phish-hack,Fake_Phishing58,entity,eth-labels,https://github.com/dawsbot/eth-labels,medium,2026-07-17
0x9d00d4c16c7751e4f82dba1432d8a77813812157,optimism,phish-hack,Fake_Phishing22,entity,eth-labels,https://github.com/dawsbot/eth-labels,medium,2026-07-17
0xa069a0ec5d506d788ed0c1a0e9e202598c702deb,optimism,phish-hack,Fake_Phishing29,entity,eth-labels,https://github.com/dawsbot/eth-labels,medium,2026-07-17
0xa192fc457b14f91d6cb1da47df5b1a980e5d29b5,optimism,phish-hack,Fake_Phishing37,entity,eth-labels,https://github.com/dawsbot/eth-labels,medium,2026-07-17
0xa8b6d2c439d1efd1f56bdb28386ed5337418647b,optimism,phish-hack,Fake_Phishing6,entity,eth-labels,https://github.com/dawsbot/eth-labels,medium,2026-07-17
0xabd75cd4117fa7bfaa096f581abcec69b8d68f50,optimism,phish-hack,Fake_Phishing43,entity,eth-labels,https://github.com/dawsbot/eth-labels,medium,2026-07-17
0xadd166ccc856aea8be7093f1aaea28846cd99ca1,optimism,phish-hack,Fake_Phishing32,entity,eth-labels,https://github.com/dawsbot/eth-labels,medium,2026-07-17
0xb2686d5f22198987ad4f915ad677cadeaae82e00,optimism,phish-hack,Fake_Phishing9,entity,eth-labels,https://github.com/dawsbot/eth-labels,medium,2026-07-17
0xbcd2ef59005d063f551d3748e7efb11e00233b67,optimism,phish-hack,Fake_Phishing18,entity,eth-labels,https://github.com/dawsbot/eth-labels,medium,2026-07-17
0xd7031e2b1850340cc668ffae5f11e6f9e2046c2f,optimism,phish-hack,Fake_Phishing23,entity,eth-labels,https://github.com/dawsbot/eth-labels,medium,2026-07-17
0xd9048c1c192b96dc889a6c8d0c423a68ad592ce8,optimism,phish-hack,Fake_Phishing42,entity,eth-labels,https://github.com/dawsbot/eth-labels,medium,2026-07-17
0xdf86b09ac88bf718d8180f661c82d031c105670f,optimism,phish-hack,Fake_Phishing13,entity,eth-labels,https://github.com/dawsbot/eth-labels,medium,2026-07-17
0xe6e83f9dbc454205322c43c861ed5e8745e4e572,optimism,phish-hack,Fake_Phishing63,entity,eth-labels,https://github.com/dawsbot/eth-labels,medium,2026-07-17
0xe8e9520a363746b2eb25f1819d2b011419f087fb,optimism,phish-hack,Fake_Phishing12,entity,eth-labels,https://github.com/dawsbot/eth-labels,medium,2026-07-17
0xea59d61040dc83c0688fc2eabe3538085eabb31b,optimism,phish-hack,Fake_Phishing14,entity,eth-labels,https://github.com/dawsbot/eth-labels,medium,2026-07-17
0xf156cfd6c91cfe9c4bd0858798a2127e53813aba,optimism,phish-hack,Fake_Phishing38,entity,eth-labels,https://github.com/dawsbot/eth-labels,medium,2026-07-17
0xf29eb1bcc4b778e4b44904e575753c5c492c4d11,optimism,phish-hack,Fake_Phishing44,entity,eth-labels,https://github.com/dawsbot/eth-labels,medium,2026-07-17
0xf51e2c4174a3406f469f993850b33e80c470eef3,optimism,phish-hack,Fake_Phishing25,entity,eth-labels,https://github.com/dawsbot/eth-labels,medium,2026-07-17
0xf6d7a91774ac81af5b18c11b73806e4d559216ae,optimism,phish-hack,Fake_Phishing39,entity,eth-labels,https://github.com/dawsbot/eth-labels,medium,2026-07-17
0xfb4d3eb37bde8fa4b52c60aabe55b3cd9908ec73,optimism,phish-hack,Fake_Phishing10,entity,eth-labels,https://github.com/dawsbot/eth-labels,medium,2026-07-17
0xffbb557de61eb22b72f4dce0fc7dd9cc2c36c12e,optimism,phish-hack,Fake_Phishing36,entity,eth-labels,https://github.com/dawsbot/eth-labels,medium,2026-07-17
0x2672a6a67c37c104db47d52baaa721c8eca39421,optimism,pimlico,Pimlico: ERC-4337 Paymaster 5,entity,eth-labels,https://github.com/dawsbot/eth-labels,medium,2026-07-17
0x4337001fff419768e088ce247456c1b892888084,optimism,pimlico,Pimlico: ERC-4337 Bundler 1,entity,eth-labels,https://github.com/dawsbot/eth-labels,medium,2026-07-17
0x4337002c5702ce424cb62a56ca038e31e1d4a93d,optimism,pimlico,Pimlico: ERC-4337 Bundler 2,entity,eth-labels,https://github.com/dawsbot/eth-labels,medium,2026-07-17
0x4337003fcd2f56de3977ccb806383e9161628d0e,optimism,pimlico,Pimlico: ERC-4337 Bundler 3,entity,eth-labels,https://github.com/dawsbot/eth-labels,medium,2026-07-17
0x4337004ec9c1417f1c7a26ebd4b4fbed6acf9e5d,optimism,pimlico,Pimlico: ERC-4337 Bundler 4,entity,eth-labels,https://github.com/dawsbot/eth-labels,medium,2026-07-17
0x4337005db25dbad41da5692ba1188751ee5d98b6,optimism,pimlico,Pimlico: ERC-4337 Bundler 5,entity,eth-labels,https://github.com/dawsbot/eth-labels,medium,2026-07-17
0x4337006f33e2940fcbebd899bf2396117e65df9b,optimism,pimlico,Pimlico: ERC-4337 Bundler 6,entity,eth-labels,https://github.com/dawsbot/eth-labels,medium,2026-07-17
0x4337007ab182ebe9cdb0bc4b96734c32176d44cc,optimism,pimlico,Pimlico: ERC-4337 Bundler 7,entity,eth-labels,https://github.com/dawsbot/eth-labels,medium,2026-07-17
0x433700890211c1c776c391d414cffd38efdd1811,optimism,pimlico,Pimlico: ERC-4337 Bundler 8,entity,eth-labels,https://github.com/dawsbot/eth-labels,medium,2026-07-17
0x4337009be43c7ecc9bfbde0f1780553aa065187e,optimism,pimlico,Pimlico: ERC-4337 Bundler 9,entity,eth-labels,https://github.com/dawsbot/eth-labels,medium,2026-07-17
0x43370108f30ee5ed54a9565f37af3be8502903f5,optimism,pimlico,Pimlico: ERC-4337 Bundler 10,entity,eth-labels,https://github.com/dawsbot/eth-labels,medium,2026-07-17
0x4337011463ef6bd863e47e7b5e743d2522261131,optimism,pimlico,Pimlico: ERC-4337 Bundler 11,entity,eth-labels,https://github.com/dawsbot/eth-labels,medium,2026-07-17
0x4337012eaf1f862b8dbdc6b62a01782ae01ef038,optimism,pimlico,Pimlico: ERC-4337 Bundler 12,entity,eth-labels,https://github.com/dawsbot/eth-labels,medium,2026-07-17
0x4337012ec8e3e13d3950f8f648540b5a75079cd8,optimism,pimlico,Pimlico: ERC-4337 Bundler 245,entity,eth-labels,https://github.com/dawsbot/eth-labels,medium,2026-07-17
0x4337013ef5cd421cef649fc58c1b0defd37bbeb1,optimism,pimlico,Pimlico: ERC-4337 Bundler 13,entity,eth-labels,https://github.com/dawsbot/eth-labels,medium,2026-07-17
0x43370146366cfea21302962ae3a558d72bbcc487,optimism,pimlico,Pimlico: ERC-4337 Bundler 14,entity,eth-labels,https://github.com/dawsbot/eth-labels,medium,2026-07-17
0x4337015333e7c8a3c5af4acd2c4aa4befb0d663c,optimism,pimlico,Pimlico: ERC-4337 Bundler 15,entity,eth-labels,https://github.com/dawsbot/eth-labels,medium,2026-07-17
0x4337016838785634c63fce393bfc6222564436c4,optimism,pimlico,Pimlico: ERC-4337 Bundler 16,entity,eth-labels,https://github.com/dawsbot/eth-labels,medium,2026-07-17
0x4337017d2e3f5e4160a27f6fdbdc38719343c62f,optimism,pimlico,Pimlico: ERC-4337 Bundler 17,entity,eth-labels,https://github.com/dawsbot/eth-labels,medium,2026-07-17
0x433701873ccc6c0b38282ce67d58bef4147376a5,optimism,pimlico,Pimlico: ERC-4337 Bundler 188,entity,eth-labels,https://github.com/dawsbot/eth-labels,medium,2026-07-17
0x43370188473a398394e4ba4a7c7cbb2c6265e22a,optimism,pimlico,Pimlico: ERC-4337 Bundler 18,entity,eth-labels,https://github.com/dawsbot/eth-labels,medium,2026-07-17
0x4337019d937ebcbd73dd750072d86c1ce664b350,optimism,pimlico,Pimlico: ERC-4337 Bundler 19,entity,eth-labels,https://github.com/dawsbot/eth-labels,medium,2026-07-17
0x433701eea505139a14cc37d8956658c632467ca5,optimism,pimlico,Pimlico: ERC-4337 Bundler 343,entity,eth-labels,https://github.com/dawsbot/eth-labels,medium,2026-07-17
0x433701ef95649a78f7a8c9609bf82fa169fd0f6b,optimism,pimlico,Pimlico: ERC-4337 Bundler 82,entity,eth-labels,https://github.com/dawsbot/eth-labels,medium,2026-07-17
0x4337020f43d3d7d2f5e4160397efea49aefa5e7d,optimism,pimlico,Pimlico: ERC-4337 Bundler 20,entity,eth-labels,https://github.com/dawsbot/eth-labels,medium,2026-07-17
0x4337021d22bcd0775a0fd1b4a6665051dc15d995,optimism,pimlico,Pimlico: ERC-4337 Bundler 21,entity,eth-labels,https://github.com/dawsbot/eth-labels,medium,2026-07-17
0x433702256b464248dcbe403c1334757be4ed9f26,optimism,pimlico,Pimlico: ERC-4337 Bundler 22,entity,eth-labels,https://github.com/dawsbot/eth-labels,medium,2026-07-17
0x4337023cce7419f20db4057b4dc3e2ea0c2151e0,optimism,pimlico,Pimlico: ERC-4337 Bundler 23,entity,eth-labels,https://github.com/dawsbot/eth-labels,medium,2026-07-17
0x43370240c309f6cc0815929a176609267971224f,optimism,pimlico,Pimlico: ERC-4337 Bundler 24,entity,eth-labels,https://github.com/dawsbot/eth-labels,medium,2026-07-17
0x43370250bfc02c7f085cb105558da41e9cdb2d79,optimism,pimlico,Pimlico: ERC-4337 Bundler 25,entity,eth-labels,https://github.com/dawsbot/eth-labels,medium,2026-07-17
0x4337026d731283f9917fa3c9194d74809bfbec26,optimism,pimlico,Pimlico: ERC-4337 Bundler 26,entity,eth-labels,https://github.com/dawsbot/eth-labels,medium,2026-07-17
0x43370277ecaab8cb1f98622138efc679f9ac3063,optimism,pimlico,Pimlico: ERC-4337 Bundler 27,entity,eth-labels,https://github.com/dawsbot/eth-labels,medium,2026-07-17
0x433702873e33d4846d399a75aaf96eacf181d0b2,optimism,pimlico,Pimlico: ERC-4337 Bundler 28,entity,eth-labels,https://github.com/dawsbot/eth-labels,medium,2026-07-17
0x433702948d7be4201a2bcee6c349ad807c547a5d,optimism,pimlico,Pimlico: ERC-4337 Bundler 29,entity,eth-labels,https://github.com/dawsbot/eth-labels,medium,2026-07-17
0x43370308b53e3611521ba48e2f7632a5644d7b1f,optimism,pimlico,Pimlico: ERC-4337 Bundler 30,entity,eth-labels,https://github.com/dawsbot/eth-labels,medium,2026-07-17
0x4337031ade3a53d10121f350369907076b6d32a4,optimism,pimlico,Pimlico: ERC-4337 Bundler 31,entity,eth-labels,https://github.com/dawsbot/eth-labels,medium,2026-07-17
0x4337032d9c9291f05bebded166d947f22b25fa00,optimism,pimlico,Pimlico: ERC-4337 Bundler 32,entity,eth-labels,https://github.com/dawsbot/eth-labels,medium,2026-07-17
0x43370330be39d388f6219d8241dc1f76fb9df268,optimism,pimlico,Pimlico: ERC-4337 Bundler 33,entity,eth-labels,https://github.com/dawsbot/eth-labels,medium,2026-07-17
0x4337034c17597470b36ce40a761f2e9f55a2df48,optimism,pimlico,Pimlico: ERC-4337 Bundler 34,entity,eth-labels,https://github.com/dawsbot/eth-labels,medium,2026-07-17
0x43370350f0a1c28aba50545fb34722b06ae25627,optimism,pimlico,Pimlico: ERC-4337 Bundler 69,entity,eth-labels,https://github.com/dawsbot/eth-labels,medium,2026-07-17
0x43370351c9a297bf8377ca1e46576401a9ac4bba,optimism,pimlico,Pimlico: ERC-4337 Bundler 35,entity,eth-labels,https://github.com/dawsbot/eth-labels,medium,2026-07-17
0x43370368dccceb147c89d1d78f14589225220290,optimism,pimlico,Pimlico: ERC-4337 Bundler 36,entity,eth-labels,https://github.com/dawsbot/eth-labels,medium,2026-07-17
0x4337036ebccfc588b7eabd32995f67f3afd30e20,optimism,pimlico,Pimlico: ERC-4337 Bundler 275,entity,eth-labels,https://github.com/dawsbot/eth-labels,medium,2026-07-17
0x43370371e0bb085d04d02a815230aaf67b35ef25,optimism,pimlico,Pimlico: ERC-4337 Bundler 37,entity,eth-labels,https://github.com/dawsbot/eth-labels,medium,2026-07-17
0x4337038429b76948ee97eb2d8115513277c3abf5,optimism,pimlico,Pimlico: ERC-4337 Bundler 38,entity,eth-labels,https://github.com/dawsbot/eth-labels,medium,2026-07-17
0x43370398500dae4ba10669646a1fd1577407f637,optimism,pimlico,Pimlico: ERC-4337 Bundler 39,entity,eth-labels,https://github.com/dawsbot/eth-labels,medium,2026-07-17
0x433703e5a62864150debf90d3d4caa91b8793a10,optimism,pimlico,Pimlico: ERC-4337 Bundler 286,entity,eth-labels,https://github.com/dawsbot/eth-labels,medium,2026-07-17
0x43370402cbeba6ab53fbc8a52894537024a39269,optimism,pimlico,Pimlico: ERC-4337 Bundler 40,entity,eth-labels,https://github.com/dawsbot/eth-labels,medium,2026-07-17
0x4337041d8047569945950ec533e3f1af96d7be70,optimism,pimlico,Pimlico: ERC-4337 Bundler 41,entity,eth-labels,https://github.com/dawsbot/eth-labels,medium,2026-07-17
0x4337042d8a539c80c92d84e141271db09f9bec68,optimism,pimlico,Pimlico: ERC-4337 Bundler 42,entity,eth-labels,https://github.com/dawsbot/eth-labels,medium,2026-07-17
0x4337043aedb812f09b4eb3682be2cd510d38217c,optimism,pimlico,Pimlico: ERC-4337 Bundler 43,entity,eth-labels,https://github.com/dawsbot/eth-labels,medium,2026-07-17
0x4337044e8b7a221d141fe622eb2460f050a6b6c2,optimism,pimlico,Pimlico: ERC-4337 Bundler 44,entity,eth-labels,https://github.com/dawsbot/eth-labels,medium,2026-07-17
0x4337045b9bc98b68963633ae96b34446a0c8f965,optimism,pimlico,Pimlico: ERC-4337 Bundler 45,entity,eth-labels,https://github.com/dawsbot/eth-labels,medium,2026-07-17
0x43370460d26b10de805d4cdfe4d331adb7219ffe,optimism,pimlico,Pimlico: ERC-4337 Bundler 46,entity,eth-labels,https://github.com/dawsbot/eth-labels,medium,2026-07-17
0x43370473d8d9527c84d8cc9464dbbed89085dddf,optimism,pimlico,Pimlico: ERC-4337 Bundler 47,entity,eth-labels,https://github.com/dawsbot/eth-labels,medium,2026-07-17
0x43370483638fd43f9a9ed2884c028bfa4e546ca5,optimism,pimlico,Pimlico: ERC-4337 Bundler 48,entity,eth-labels,https://github.com/dawsbot/eth-labels,medium,2026-07-17
0x433704940ad127f33b441418a3c17e4c47e45393,optimism,pimlico,Pimlico: ERC-4337 Bundler 49,entity,eth-labels,https://github.com/dawsbot/eth-labels,medium,2026-07-17
0x433704f6c197ac13955baa5fc30b2ea7dcd163b8,optimism,pimlico,Pimlico: ERC-4337 Bundler 289,entity,eth-labels,https://github.com/dawsbot/eth-labels,medium,2026-07-17
0x4337050608d02173feea2e27ba65a1af0f948538,optimism,pimlico,Pimlico: ERC-4337 Bundler 50,entity,eth-labels,https://github.com/dawsbot/eth-labels,medium,2026-07-17
0x43370513f9a748ee8ee1cd856ea115756b8a7b5f,optimism,pimlico,Pimlico: ERC-4337 Bundler 51,entity,eth-labels,https://github.com/dawsbot/eth-labels,medium,2026-07-17
0x43370525d26c72e0a096e19cd4f45367b4b29369,optimism,pimlico,Pimlico: ERC-4337 Bundler 52,entity,eth-labels,https://github.com/dawsbot/eth-labels,medium,2026-07-17
0x4337053498bf3de9bab4d55a345f727dba05d6af,optimism,pimlico,Pimlico: ERC-4337 Bundler 53,entity,eth-labels,https://github.com/dawsbot/eth-labels,medium,2026-07-17
0x4337054681fb21ecd8576720eee873f5358ee061,optimism,pimlico,Pimlico: ERC-4337 Bundler 54,entity,eth-labels,https://github.com/dawsbot/eth-labels,medium,2026-07-17
0x4337055bca06a9d578086e56546ca214a64ac271,optimism,pimlico,Pimlico: ERC-4337 Bundler 55,entity,eth-labels,https://github.com/dawsbot/eth-labels,medium,2026-07-17
0x4337056764a16b490176ffb8df5027964a656ef9,optimism,pimlico,Pimlico: ERC-4337 Bundler 56,entity,eth-labels,https://github.com/dawsbot/eth-labels,medium,2026-07-17
0x433705768549b21d1e681fe454a7d2ff26a22e1c,optimism,pimlico,Pimlico: ERC-4337 Bundler 57,entity,eth-labels,https://github.com/dawsbot/eth-labels,medium,2026-07-17
0x4337057f10830bbc568a0ad9365efb9b93d8b382,optimism,pimlico,Pimlico: ERC-4337 Bundler 122,entity,eth-labels,https://github.com/dawsbot/eth-labels,medium,2026-07-17
0x43370589c7500e4bf597b3e620b094dc27ce3392,optimism,pimlico,Pimlico: ERC-4337 Bundler 58,entity,eth-labels,https://github.com/dawsbot/eth-labels,medium,2026-07-17
0x43370597af41d9345b1b91391849dcdb748c2838,optimism,pimlico,Pimlico: ERC-4337 Bundler 59,entity,eth-labels,https://github.com/dawsbot/eth-labels,medium,2026-07-17
0x433705f96d64df32a425607e7b087673ad9b9bf6,optimism,pimlico,Pimlico: ERC-4337 Bundler 200,entity,eth-labels,https://github.com/dawsbot/eth-labels,medium,2026-07-17
0x43370606d17d51d3c34c2319c5f8f1411e18a4ab,optimism,pimlico,Pimlico: ERC-4337 Bundler 60,entity,eth-labels,https://github.com/dawsbot/eth-labels,medium,2026-07-17
0x4337061fe1f4765c4a51c5f2eb7ae644f2456f8b,optimism,pimlico,Pimlico: ERC-4337 Bundler 61,entity,eth-labels,https://github.com/dawsbot/eth-labels,medium,2026-07-17
0x4337062690416e632d08d14e819892d6498f9ad4,optimism,pimlico,Pimlico: ERC-4337 Bundler 62,entity,eth-labels,https://github.com/dawsbot/eth-labels,medium,2026-07-17
0x4337063e01d266b3aea4a4e91053025cbc8e3a73,optimism,pimlico,Pimlico: ERC-4337 Bundler 63,entity,eth-labels,https://github.com/dawsbot/eth-labels,medium,2026-07-17
0x43370648aa914e8d3c0cf1c10b00f2a636ab6c92,optimism,pimlico,Pimlico: ERC-4337 Bundler 64,entity,eth-labels,https://github.com/dawsbot/eth-labels,medium,2026-07-17
0x433706cbe1f22abf0bbc99c0f79ff52ea50999b3,optimism,pimlico,Pimlico: ERC-4337 Bundler 229,entity,eth-labels,https://github.com/dawsbot/eth-labels,medium,2026-07-17
0x4337070ac081475a9a04143106893d2606da2eed,optimism,pimlico,Pimlico: ERC-4337 Bundler 88,entity,eth-labels,https://github.com/dawsbot/eth-labels,medium,2026-07-17
0x433707177eec628061e37777483a7fde7c0f403c,optimism,pimlico,Pimlico: ERC-4337 Bundler 74,entity,eth-labels,https://github.com/dawsbot/eth-labels,medium,2026-07-17
0x4337081c1d0a04ff6add4f72d585b2ac90dad53a,optimism,pimlico,Pimlico: ERC-4337 Bundler 242,entity,eth-labels,https://github.com/dawsbot/eth-labels,medium,2026-07-17
0x43370b0b6aeaacd7e387c16a6afd0b7a2b1c7f7b,optimism,pimlico,Pimlico: ERC-4337 Bundler 236,entity,eth-labels,https://github.com/dawsbot/eth-labels,medium,2026-07-17
0x43370bc2181f850ccf8b50401b5ab95672826619,optimism,pimlico,Pimlico: ERC-4337 Bundler 139,entity,eth-labels,https://github.com/dawsbot/eth-labels,medium,2026-07-17
0x43370c22dcc2cd3db13df3423916a3fc1014b240,optimism,pimlico,Pimlico: ERC-4337 Bundler 169,entity,eth-labels,https://github.com/dawsbot/eth-labels,medium,2026-07-17
0x43370c6bf10e765b7fbb43b8d821f564760df250,optimism,pimlico,Pimlico: ERC-4337 Bundler 230,entity,eth-labels,https://github.com/dawsbot/eth-labels,medium,2026-07-17
0x43370d5d089978e557447ffc11671adebbf6142e,optimism,pimlico,Pimlico: ERC-4337 Bundler 186,entity,eth-labels,https://github.com/dawsbot/eth-labels,medium,2026-07-17
0x43370e4568b959e26e8fafdbb1b9603d70a534ce,optimism,pimlico,Pimlico: ERC-4337 Bundler 135,entity,eth-labels,https://github.com/dawsbot/eth-labels,medium,2026-07-17
0x43370f08bce9bd56f347536c6fe7d73aa7c8b693,optimism,pimlico,Pimlico: ERC-4337 Bundler 159,entity,eth-labels,https://github.com/dawsbot/eth-labels,medium,2026-07-17
0x43370f20dd637b1dfe7236ea5823e422b1aea731,optimism,pimlico,Pimlico: ERC-4337 Bundler 168,entity,eth-labels,https://github.com/dawsbot/eth-labels,medium,2026-07-17
0x43370fe71ff5c66fcb0f8b28184203afa66b2550,optimism,pimlico,Pimlico: ERC-4337 Bundler 136,entity,eth-labels,https://github.com/dawsbot/eth-labels,medium,2026-07-17
0x4337114ece9f6de5eee053159c0e91dd5e43a36d,optimism,pimlico,Pimlico: ERC-4337 Bundler 152,entity,eth-labels,https://github.com/dawsbot/eth-labels,medium,2026-07-17
0x433711cda558c0fa32a4b8554939ab8740b9f5ac,optimism,pimlico,Pimlico: ERC-4337 Bundler 80,entity,eth-labels,https://github.com/dawsbot/eth-labels,medium,2026-07-17
0x433713cfee1e14a185e321a714a1c4691b80c712,optimism,pimlico,Pimlico: ERC-4337 Bundler 278,entity,eth-labels,https://github.com/dawsbot/eth-labels,medium,2026-07-17
0x433713df632ac453efd07f7ae750a5db9d5aabe6,optimism,pimlico,Pimlico: ERC-4337 Bundler 201,entity,eth-labels,https://github.com/dawsbot/eth-labels,medium,2026-07-17
0x4337140edcd1119df101f41bb887cf79766281f7,optimism,pimlico,Pimlico: ERC-4337 Bundler 160,entity,eth-labels,https://github.com/dawsbot/eth-labels,medium,2026-07-17
0x433714f773e0ac0a99151bfc7626948e64adaeb7,optimism,pimlico,Pimlico: ERC-4337 Bundler 258,entity,eth-labels,https://github.com/dawsbot/eth-labels,medium,2026-07-17
0x433715b851094440a2d5f13e9a8486b295203873,optimism,pimlico,Pimlico: ERC-4337 Bundler 208,entity,eth-labels,https://github.com/dawsbot/eth-labels,medium,2026-07-17
0x433715e7e8326926dda33234c6352d61a15e8e0d,optimism,pimlico,Pimlico: ERC-4337 Bundler 102,entity,eth-labels,https://github.com/dawsbot/eth-labels,medium,2026-07-17
0x433716da249841ff388a624123e1dd3fc4ddd648,optimism,pimlico,Pimlico: ERC-4337 Bundler 132,entity,eth-labels,https://github.com/dawsbot/eth-labels,medium,2026-07-17
0x4337175cd1d7d27e93f4269cdc7cbe6a6fbcca1b,optimism,pimlico,Pimlico: ERC-4337 Bundler 81,entity,eth-labels,https://github.com/dawsbot/eth-labels,medium,2026-07-17
0x43371a892ff1315ba26204f8bb7b096d4f897071,optimism,pimlico,Pimlico: ERC-4337 Bundler 244,entity,eth-labels,https://github.com/dawsbot/eth-labels,medium,2026-07-17
0x43371bf8c9701442ad5e97ebff025fbbbad7c021,optimism,pimlico,Pimlico: ERC-4337 Bundler 98,entity,eth-labels,https://github.com/dawsbot/eth-labels,medium,2026-07-17
0x43371d5ddb5c6450cb2f2c2b92d2e378932ebf00,optimism,pimlico,Pimlico: ERC-4337 Bundler 205,entity,eth-labels,https://github.com/dawsbot/eth-labels,medium,2026-07-17
0x43371e2af1e47a064b552e22670d68304c29b72f,optimism,pimlico,Pimlico: ERC-4337 Bundler 342,entity,eth-labels,https://github.com/dawsbot/eth-labels,medium,2026-07-17
0x43371ed0d8b4155e5107266d6076c644602870fa,optimism,pimlico,Pimlico: ERC-4337 Bundler 118,entity,eth-labels,https://github.com/dawsbot/eth-labels,medium,2026-07-17
0x43371f0250f080178a2194ec05ce319aa3fea5b2,optimism,pimlico,Pimlico: ERC-4337 Bundler 228,entity,eth-labels,https://github.com/dawsbot/eth-labels,medium,2026-07-17
0x43371f4b9078b59a8f793a12e02b52718c8711aa,optimism,pimlico,Pimlico: ERC-4337 Bundler 269,entity,eth-labels,https://github.com/dawsbot/eth-labels,medium,2026-07-17
0x43372043305f26e5f75c9eac020c2a835e6e528f,optimism,pimlico,Pimlico: ERC-4337 Bundler 123,entity,eth-labels,https://github.com/dawsbot/eth-labels,medium,2026-07-17
0x433720ad7e5b517d161bf064509fe9fb9c45ca81,optimism,pimlico,Pimlico: ERC-4337 Bundler 221,entity,eth-labels,https://github.com/dawsbot/eth-labels,medium,2026-07-17
0x4337215b160b4243dae6c0aa16b0e55748155dd5,optimism,pimlico,Pimlico: ERC-4337 Bundler 206,entity,eth-labels,https://github.com/dawsbot/eth-labels,medium,2026-07-17
0x4337216bf4d3ac20774edb6f9f6d8d81f0b2f1f1,optimism,pimlico,Pimlico: ERC-4337 Bundler 311,entity,eth-labels,https://github.com/dawsbot/eth-labels,medium,2026-07-17
0x4337216e7d0687bfccf868058e10c9685ba116bf,optimism,pimlico,Pimlico: ERC-4337 Bundler 96,entity,eth-labels,https://github.com/dawsbot/eth-labels,medium,2026-07-17
0x433721b74363ca3b43a8bb977c4ae8c990d7671f,optimism,pimlico,Pimlico: ERC-4337 Bundler 240,entity,eth-labels,https://github.com/dawsbot/eth-labels,medium,2026-07-17
0x433722bad7be7eaaaf262eb80f12197b0cc25eed,optimism,pimlico,Pimlico: ERC-4337 Bundler 339,entity,eth-labels,https://github.com/dawsbot/eth-labels,medium,2026-07-17
0x433722c8b8ff3507d2266b8d1a898450eaa7c356,optimism,pimlico,Pimlico: ERC-4337 Bundler 177,entity,eth-labels,https://github.com/dawsbot/eth-labels,medium,2026-07-17
0x433723207b17d40ecbf2832bab82111ea18cb61d,optimism,pimlico,Pimlico: ERC-4337 Bundler 164,entity,eth-labels,https://github.com/dawsbot/eth-labels,medium,2026-07-17
0x43372382a81898c4f8c4ab909c263da6c6a49a8a,optimism,pimlico,Pimlico: ERC-4337 Bundler 262,entity,eth-labels,https://github.com/dawsbot/eth-labels,medium,2026-07-17
0x433724866de8075dc1471000526d3ad2db30476d,optimism,pimlico,Pimlico: ERC-4337 Bundler 192,entity,eth-labels,https://github.com/dawsbot/eth-labels,medium,2026-07-17
0x4337249ee46820c70d3b3b311c3c30a4632e6df2,optimism,pimlico,Pimlico: ERC-4337 Bundler 155,entity,eth-labels,https://github.com/dawsbot/eth-labels,medium,2026-07-17
0x433724c5b59232b57b392cf11df2965f86f2029b,optimism,pimlico,Pimlico: ERC-4337 Bundler 335,entity,eth-labels,https://github.com/dawsbot/eth-labels,medium,2026-07-17
0x4337254674457cfa39a0bcb631e57d6cc6970ed7,optimism,pimlico,Pimlico: ERC-4337 Bundler 125,entity,eth-labels,https://github.com/dawsbot/eth-labels,medium,2026-07-17
0x433725bc8c9b72eafcf881fb8e0b8ea9aa93778c,optimism,pimlico,Pimlico: ERC-4337 Bundler 297,entity,eth-labels,https://github.com/dawsbot/eth-labels,medium,2026-07-17
0x433726e8f33760cf37ad41f565288b8fe5e61922,optimism,pimlico,Pimlico: ERC-4337 Bundler 247,entity,eth-labels,https://github.com/dawsbot/eth-labels,medium,2026-07-17
0x43372988af056806b0948e4ccbb5a9f37bab10c2,optimism,pimlico,Pimlico: ERC-4337 Bundler 282,entity,eth-labels,https://github.com/dawsbot/eth-labels,medium,2026-07-17
0x43372e2742e8abf66819416759e1d5349feed1e8,optimism,pimlico,Pimlico: ERC-4337 Bundler 184,entity,eth-labels,https://github.com/dawsbot/eth-labels,medium,2026-07-17
0x43372f7d6208a2b4f5a26863d2a5a84b2b0aa2b2,optimism,pimlico,Pimlico: ERC-4337 Bundler 210,entity,eth-labels,https://github.com/dawsbot/eth-labels,medium,2026-07-17
0x43373008077485193bb7bc36ac3ce0f5f315383c,optimism,pimlico,Pimlico: ERC-4337 Bundler 214,entity,eth-labels,https://github.com/dawsbot/eth-labels,medium,2026-07-17
0x4337317eec67be372839f5a30184f26dfbedafa0,optimism,pimlico,Pimlico: ERC-4337 Bundler 306,entity,eth-labels,https://github.com/dawsbot/eth-labels,medium,2026-07-17
0x433731e408ca604e9045a9676e8acde7fd4328e3,optimism,pimlico,Pimlico: ERC-4337 Bundler 330,entity,eth-labels,https://github.com/dawsbot/eth-labels,medium,2026-07-17
0x4337333fa6a3dd019116ddd884b3b55581897320,optimism,pimlico,Pimlico: ERC-4337 Bundler 156,entity,eth-labels,https://github.com/dawsbot/eth-labels,medium,2026-07-17
0x433733eb23a33f846cb8333833efacad08f13c42,optimism,pimlico,Pimlico: ERC-4337 Bundler 111,entity,eth-labels,https://github.com/dawsbot/eth-labels,medium,2026-07-17
0x4337348031587e90f7d93f825f4ee445eb4599d2,optimism,pimlico,Pimlico: ERC-4337 Bundler 305,entity,eth-labels,https://github.com/dawsbot/eth-labels,medium,2026-07-17
0x433735f12bc7c3729bee7b2338445d38fbb81b62,optimism,pimlico,Pimlico: ERC-4337 Bundler 67,entity,eth-labels,https://github.com/dawsbot/eth-labels,medium,2026-07-17
0x4337378f0b2165ddc704a94e8a4dddeece90ff2d,optimism,pimlico,Pimlico: ERC-4337 Bundler 175,entity,eth-labels,https://github.com/dawsbot/eth-labels,medium,2026-07-17
0x4337384d4658377492eb2db00090156838cdca7f,optimism,pimlico,Pimlico: ERC-4337 Bundler 212,entity,eth-labels,https://github.com/dawsbot/eth-labels,medium,2026-07-17
0x4337393c11b841e848507bd3f86add1bc793293a,optimism,pimlico,Pimlico: ERC-4337 Bundler 129,entity,eth-labels,https://github.com/dawsbot/eth-labels,medium,2026-07-17
0x43373a2784f999543d5189cee1d5982fc1f72381,optimism,pimlico,Pimlico: ERC-4337 Bundler 344,entity,eth-labels,https://github.com/dawsbot/eth-labels,medium,2026-07-17
0x43373a6f2eef7b71dfee604a39c058c8f5216d2e,optimism,pimlico,Pimlico: ERC-4337 Bundler 327,entity,eth-labels,https://github.com/dawsbot/eth-labels,medium,2026-07-17
0x43373a807075bfab3210914dd7b455b0520e82c6,optimism,pimlico,Pimlico: ERC-4337 Bundler 120,entity,eth-labels,https://github.com/dawsbot/eth-labels,medium,2026-07-17
0x43373a9a16ff5a0fe533d5ce4005d2625ab2d5cb,optimism,pimlico,Pimlico: ERC-4337 Bundler 288,entity,eth-labels,https://github.com/dawsbot/eth-labels,medium,2026-07-17
0x43373c042e4217e29b65c408857553f8e7e84b72,optimism,pimlico,Pimlico: ERC-4337 Bundler 84,entity,eth-labels,https://github.com/dawsbot/eth-labels,medium,2026-07-17
0x4337402acfbf3d3651e3df5897db333e8055a973,optimism,pimlico,Pimlico: ERC-4337 Bundler 241,entity,eth-labels,https://github.com/dawsbot/eth-labels,medium,2026-07-17
0x43374145c6b46daf643e7ac3ea3a172c859f4cc2,optimism,pimlico,Pimlico: ERC-4337 Bundler 110,entity,eth-labels,https://github.com/dawsbot/eth-labels,medium,2026-07-17
0x433741d15cdc82195ee1d02301c5928613c1919c,optimism,pimlico,Pimlico: ERC-4337 Bundler 104,entity,eth-labels,https://github.com/dawsbot/eth-labels,medium,2026-07-17
0x4337447808ddd7bdb0d29c7c193794688938ab4d,optimism,pimlico,Pimlico: ERC-4337 Bundler 197,entity,eth-labels,https://github.com/dawsbot/eth-labels,medium,2026-07-17
0x433745a2c43102c7064fa89ec7336bc38dc70391,optimism,pimlico,Pimlico: ERC-4337 Bundler 326,entity,eth-labels,https://github.com/dawsbot/eth-labels,medium,2026-07-17
0x43374836fb8893b3845412908e9866ff5eaa1d3f,optimism,pimlico,Pimlico: ERC-4337 Bundler 189,entity,eth-labels,https://github.com/dawsbot/eth-labels,medium,2026-07-17
0x433749549e9856f4864cfdd603021aa19679e553,optimism,pimlico,Pimlico: ERC-4337 Bundler 116,entity,eth-labels,https://github.com/dawsbot/eth-labels,medium,2026-07-17
0x43374a9f10343eb26469589f3376cc24d9cd12aa,optimism,pimlico,Pimlico: ERC-4337 Bundler 313,entity,eth-labels,https://github.com/dawsbot/eth-labels,medium,2026-07-17
0x43374b28011755e80f5ed85af4e667a2645597d9,optimism,pimlico,Pimlico: ERC-4337 Bundler 341,entity,eth-labels,https://github.com/dawsbot/eth-labels,medium,2026-07-17
0x43374b81fdc7c9e590bc3c00a485c8f791443969,optimism,pimlico,Pimlico: ERC-4337 Bundler 265,entity,eth-labels,https://github.com/dawsbot/eth-labels,medium,2026-07-17
0x43374b9b68204678b0de99b5b7632de0f37ff7d9,optimism,pimlico,Pimlico: ERC-4337 Bundler 138,entity,eth-labels,https://github.com/dawsbot/eth-labels,medium,2026-07-17
0x43374c000fb3fababe9ce17e87cb4895d3816e69,optimism,pimlico,Pimlico: ERC-4337 Bundler 325,entity,eth-labels,https://github.com/dawsbot/eth-labels,medium,2026-07-17
0x43374c5c0eaab6117e1ea97011bd3b38cbdc6666,optimism,pimlico,Pimlico: ERC-4337 Bundler 255,entity,eth-labels,https://github.com/dawsbot/eth-labels,medium,2026-07-17
0x43374cfecd4c8d10fd56841db4e070b729f15735,optimism,pimlico,Pimlico: ERC-4337 Bundler 303,entity,eth-labels,https://github.com/dawsbot/eth-labels,medium,2026-07-17
0x43374d0b12987a0d0e4dd368408d3ee7f3e42978,optimism,pimlico,Pimlico: ERC-4337 Bundler 199,entity,eth-labels,https://github.com/dawsbot/eth-labels,medium,2026-07-17
0x43374d1dc91939370ac6027125e9ae39954a1747,optimism,pimlico,Pimlico: ERC-4337 Bundler 232,entity,eth-labels,https://github.com/dawsbot/eth-labels,medium,2026-07-17
0x43374e9c51cebae929fff4b2c160fc178cfb9712,optimism,pimlico,Pimlico: ERC-4337 Bundler 140,entity,eth-labels,https://github.com/dawsbot/eth-labels,medium,2026-07-17
0x43374f0fac26fcbe41097ae60c331375f2ea2bf9,optimism,pimlico,Pimlico: ERC-4337 Bundler 213,entity,eth-labels,https://github.com/dawsbot/eth-labels,medium,2026-07-17
0x43374f1e320fd5246ff99cb06e0cad2a83d8a803,optimism,pimlico,Pimlico: ERC-4337 Bundler 113,entity,eth-labels,https://github.com/dawsbot/eth-labels,medium,2026-07-17
0x433750425627bd06a8d8ac164821ba5d8da14fd2,optimism,pimlico,Pimlico: ERC-4337 Bundler 194,entity,eth-labels,https://github.com/dawsbot/eth-labels,medium,2026-07-17
0x433750d8a408cb3cf51793798f1bbd0af6bdc4e0,optimism,pimlico,Pimlico: ERC-4337 Bundler 279,entity,eth-labels,https://github.com/dawsbot/eth-labels,medium,2026-07-17
0x4337514a2e7465669769461ff085adfe24a6022d,optimism,pimlico,Pimlico: ERC-4337 Bundler 217,entity,eth-labels,https://github.com/dawsbot/eth-labels,medium,2026-07-17
0x433752866252b4469c58044f5a409c775557047d,optimism,pimlico,Pimlico: ERC-4337 Bundler 121,entity,eth-labels,https://github.com/dawsbot/eth-labels,medium,2026-07-17
0x433752c5533707bb9b8e07112bc02f2ba1d573bf,optimism,pimlico,Pimlico: ERC-4337 Bundler 320,entity,eth-labels,https://github.com/dawsbot/eth-labels,medium,2026-07-17
0x433753a4158581b97dce4dce385a7350736a2c78,optimism,pimlico,Pimlico: ERC-4337 Bundler 256,entity,eth-labels,https://github.com/dawsbot/eth-labels,medium,2026-07-17
0x433756aed5593a2390ee10ef42927d48d69b37db,optimism,pimlico,Pimlico: ERC-4337 Bundler 165,entity,eth-labels,https://github.com/dawsbot/eth-labels,medium,2026-07-17
0x43375753eba3d85c9896d4855e210a0780ed11c2,optimism,pimlico,Pimlico: ERC-4337 Bundler 97,entity,eth-labels,https://github.com/dawsbot/eth-labels,medium,2026-07-17
0x4337578975f91369b2857148bdaf754abac57140,optimism,pimlico,Pimlico: ERC-4337 Bundler 223,entity,eth-labels,https://github.com/dawsbot/eth-labels,medium,2026-07-17
0x433757a8397645f9f97a11390d4e4f7a8770e783,optimism,pimlico,Pimlico: ERC-4337 Bundler 349,entity,eth-labels,https://github.com/dawsbot/eth-labels,medium,2026-07-17
0x433759328c12b9a2c177a9a1a621babb19d5e9f3,optimism,pimlico,Pimlico: ERC-4337 Bundler 347,entity,eth-labels,https://github.com/dawsbot/eth-labels,medium,2026-07-17
0x433759352ce2e7072c369516b698cc05ced151a8,optimism,pimlico,Pimlico: ERC-4337 Bundler 350,entity,eth-labels,https://github.com/dawsbot/eth-labels,medium,2026-07-17
0x43375944b79c21aa13a6f8527db0d9a4fe43fb64,optimism,pimlico,Pimlico: ERC-4337 Bundler 131,entity,eth-labels,https://github.com/dawsbot/eth-labels,medium,2026-07-17
0x433759e6339a9ae58603288affd066631aa1773e,optimism,pimlico,Pimlico: ERC-4337 Bundler 99,entity,eth-labels,https://github.com/dawsbot/eth-labels,medium,2026-07-17
0x43375c57ba6456937b88e036ac8e7a8c5bd95e89,optimism,pimlico,Pimlico: ERC-4337 Bundler 302,entity,eth-labels,https://github.com/dawsbot/eth-labels,medium,2026-07-17
0x43375c62236bc5524b02d388baaadc5bb5f56168,optimism,pimlico,Pimlico: ERC-4337 Bundler 87,entity,eth-labels,https://github.com/dawsbot/eth-labels,medium,2026-07-17
0x43375ce21e2c538a13bd3b46dd5c6001ca7c9b7c,optimism,pimlico,Pimlico: ERC-4337 Bundler 72,entity,eth-labels,https://github.com/dawsbot/eth-labels,medium,2026-07-17
0x43375ce534ea8d3b6b8876186084044f03578826,optimism,pimlico,Pimlico: ERC-4337 Bundler 75,entity,eth-labels,https://github.com/dawsbot/eth-labels,medium,2026-07-17
0x43375deb23045e8a2049b08394dc81b61000ad0a,optimism,pimlico,Pimlico: ERC-4337 Bundler 276,entity,eth-labels,https://github.com/dawsbot/eth-labels,medium,2026-07-17
0x43375e0c7878192a77809cdc484d5f28d9a3e174,optimism,pimlico,Pimlico: ERC-4337 Bundler 114,entity,eth-labels,https://github.com/dawsbot/eth-labels,medium,2026-07-17
0x43375fe14f8f400809b520914f68105efc2b7074,optimism,pimlico,Pimlico: ERC-4337 Bundler 173,entity,eth-labels,https://github.com/dawsbot/eth-labels,medium,2026-07-17
0x433760d5fb3dfe9a07c74ca6a57b93a66d5b3573,optimism,pimlico,Pimlico: ERC-4337 Bundler 178,entity,eth-labels,https://github.com/dawsbot/eth-labels,medium,2026-07-17
0x433761938f1945d3500efdbbb3e61a7e6507f632,optimism,pimlico,Pimlico: ERC-4337 Bundler 310,entity,eth-labels,https://github.com/dawsbot/eth-labels,medium,2026-07-17
0x43376486916e28b2a051d0f7d7fae9e5942bf96c,optimism,pimlico,Pimlico: ERC-4337 Bundler 354,entity,eth-labels,https://github.com/dawsbot/eth-labels,medium,2026-07-17
0x433765755d2408efec2a8dd419a50a90215920a7,optimism,pimlico,Pimlico: ERC-4337 Bundler 266,entity,eth-labels,https://github.com/dawsbot/eth-labels,medium,2026-07-17
0x4337664ec8b167ea88c726abbd935589962ca330,optimism,pimlico,Pimlico: ERC-4337 Bundler 238,entity,eth-labels,https://github.com/dawsbot/eth-labels,medium,2026-07-17
0x43376657d6d76ce37802cf1b693b2050ff8074de,optimism,pimlico,Pimlico: ERC-4337 Bundler 271,entity,eth-labels,https://github.com/dawsbot/eth-labels,medium,2026-07-17
0x4337671f140b431b68b39f80a0d4c3805a51911c,optimism,pimlico,Pimlico: ERC-4337 Bundler 308,entity,eth-labels,https://github.com/dawsbot/eth-labels,medium,2026-07-17
0x433767ac815728f1815701a85c70ab8bab8fe978,optimism,pimlico,Pimlico: ERC-4337 Bundler 323,entity,eth-labels,https://github.com/dawsbot/eth-labels,medium,2026-07-17
0x433767b0566842e97d53214c29e4c2bb096c71f8,optimism,pimlico,Pimlico: ERC-4337 Bundler 277,entity,eth-labels,https://github.com/dawsbot/eth-labels,medium,2026-07-17
0x43376838363fd3453472653994af7beee731eeb8,optimism,pimlico,Pimlico: ERC-4337 Bundler 109,entity,eth-labels,https://github.com/dawsbot/eth-labels,medium,2026-07-17
0x433768457671718ef79bfeb17d895a5e81c5015b,optimism,pimlico,Pimlico: ERC-4337 Bundler 300,entity,eth-labels,https://github.com/dawsbot/eth-labels,medium,2026-07-17
0x433768867635038eef028526125d551b580bbc7a,optimism,pimlico,Pimlico: ERC-4337 Bundler 86,entity,eth-labels,https://github.com/dawsbot/eth-labels,medium,2026-07-17
0x4337694b7cecdb471a7b01ebc68876c1cc9ca4a1,optimism,pimlico,Pimlico: ERC-4337 Bundler 309,entity,eth-labels,https://github.com/dawsbot/eth-labels,medium,2026-07-17
0x43376a775d2b9c54c7d9998da3d2f7a5db87a406,optimism,pimlico,Pimlico: ERC-4337 Bundler 317,entity,eth-labels,https://github.com/dawsbot/eth-labels,medium,2026-07-17
0x43376ac2eb82e4c49d31d6663e20da6db6ac3dde,optimism,pimlico,Pimlico: ERC-4337 Bundler 68,entity,eth-labels,https://github.com/dawsbot/eth-labels,medium,2026-07-17
0x43376bba18cf0b93c6596408b64683ce679eeeda,optimism,pimlico,Pimlico: ERC-4337 Bundler 119,entity,eth-labels,https://github.com/dawsbot/eth-labels,medium,2026-07-17
0x43376bd6305d088c18091e0e2a0b3db335fe4c7c,optimism,pimlico,Pimlico: ERC-4337 Bundler 268,entity,eth-labels,https://github.com/dawsbot/eth-labels,medium,2026-07-17
0x43376c8ed7fbd030475f9c72f55d8a2de6e949cf,optimism,pimlico,Pimlico: ERC-4337 Bundler 166,entity,eth-labels,https://github.com/dawsbot/eth-labels,medium,2026-07-17
0x43376cfdca6aa3795f0ed0210fd7a276e6015495,optimism,pimlico,Pimlico: ERC-4337 Bundler 290,entity,eth-labels,https://github.com/dawsbot/eth-labels,medium,2026-07-17
0x43376df0d0a57c4ee8c3328aafc2b7e7a5b81790,optimism,pimlico,Pimlico: ERC-4337 Bundler 321,entity,eth-labels,https://github.com/dawsbot/eth-labels,medium,2026-07-17
0x43376e27549a933636719a35d1b7b22a6f3f8fd1,optimism,pimlico,Pimlico: ERC-4337 Bundler 94,entity,eth-labels,https://github.com/dawsbot/eth-labels,medium,2026-07-17
0x43376e661d2dbff2756ce565bbcad5fe971995d6,optimism,pimlico,Pimlico: ERC-4337 Bundler 285,entity,eth-labels,https://github.com/dawsbot/eth-labels,medium,2026-07-17
0x43376eaf0ef5285be8b378f04c86d420c8c2f5fd,optimism,pimlico,Pimlico: ERC-4337 Bundler 227,entity,eth-labels,https://github.com/dawsbot/eth-labels,medium,2026-07-17
0x43376f699af50f62e157ffad4bc47ad7c33056c7,optimism,pimlico,Pimlico: ERC-4337 Bundler 73,entity,eth-labels,https://github.com/dawsbot/eth-labels,medium,2026-07-17
0x4337702d462cf9c998ee0606e267428ec0a290b4,optimism,pimlico,Pimlico: ERC-4337 Bundler 170,entity,eth-labels,https://github.com/dawsbot/eth-labels,medium,2026-07-17
0x433773987a85b825064882134bde0cde3bc856f9,optimism,pimlico,Pimlico: ERC-4337 Bundler 315,entity,eth-labels,https://github.com/dawsbot/eth-labels,medium,2026-07-17
0x43377416ea8221154e166c1b901095e2a52bb429,optimism,pimlico,Pimlico: ERC-4337 Bundler 157,entity,eth-labels,https://github.com/dawsbot/eth-labels,medium,2026-07-17
0x4337758e6f62d976206e7efe712e764f70e783e1,optimism,pimlico,Pimlico: ERC-4337 Bundler 108,entity,eth-labels,https://github.com/dawsbot/eth-labels,medium,2026-07-17
0x433775dfe8ab373f9c3934c19554c93ff56ce410,optimism,pimlico,Pimlico: ERC-4337 Bundler 252,entity,eth-labels,https://github.com/dawsbot/eth-labels,medium,2026-07-17
0x433777ca2303bbce42cec75876533b7866dc923e,optimism,pimlico,Pimlico: ERC-4337 Bundler 195,entity,eth-labels,https://github.com/dawsbot/eth-labels,medium,2026-07-17
0x43377a7dab4ad8bf278f67c038e912b25814d2cd,optimism,pimlico,Pimlico: ERC-4337 Bundler 145,entity,eth-labels,https://github.com/dawsbot/eth-labels,medium,2026-07-17
0x43377d5d96897e2acfeacda605474d2767cf8e25,optimism,pimlico,Pimlico: ERC-4337 Bundler 151,entity,eth-labels,https://github.com/dawsbot/eth-labels,medium,2026-07-17
0x43377eb5143966f6b0319b8bf503c30e07762094,optimism,pimlico,Pimlico: ERC-4337 Bundler 346,entity,eth-labels,https://github.com/dawsbot/eth-labels,medium,2026-07-17
0x43377ee3f223f8da22fcd2760d8e951c8f54a40d,optimism,pimlico,Pimlico: ERC-4337 Bundler 130,entity,eth-labels,https://github.com/dawsbot/eth-labels,medium,2026-07-17
0x43377fda4afe913e05b9768f4a99aa776c2e3bb0,optimism,pimlico,Pimlico: ERC-4337 Bundler 128,entity,eth-labels,https://github.com/dawsbot/eth-labels,medium,2026-07-17
0x43378321f15e94aeae0dab81c7d900cb81136052,optimism,pimlico,Pimlico: ERC-4337 Bundler 127,entity,eth-labels,https://github.com/dawsbot/eth-labels,medium,2026-07-17
0x4337853e661c5fbcab56f1a3d7e916bc71c4f46d,optimism,pimlico,Pimlico: ERC-4337 Bundler 353,entity,eth-labels,https://github.com/dawsbot/eth-labels,medium,2026-07-17
0x4337859ad033c96c44cf7d884eae88534ac78282,optimism,pimlico,Pimlico: ERC-4337 Bundler 319,entity,eth-labels,https://github.com/dawsbot/eth-labels,medium,2026-07-17
0x433785af3a50bb3d281d3d44dbd0391a30c6cd3e,optimism,pimlico,Pimlico: ERC-4337 Bundler 79,entity,eth-labels,https://github.com/dawsbot/eth-labels,medium,2026-07-17
0x433785dc2ddf41687437078d04f7d71db97629e6,optimism,pimlico,Pimlico: ERC-4337 Bundler 224,entity,eth-labels,https://github.com/dawsbot/eth-labels,medium,2026-07-17
0x433786778955d08acf8bbcc8ce307b4266923f4c,optimism,pimlico,Pimlico: ERC-4337 Bundler 283,entity,eth-labels,https://github.com/dawsbot/eth-labels,medium,2026-07-17
0x433787f4e09c49e8eb187d69bc7a32b01bdf60d6,optimism,pimlico,Pimlico: ERC-4337 Bundler 248,entity,eth-labels,https://github.com/dawsbot/eth-labels,medium,2026-07-17
0x433788b96183545247741b6eadd4f9e4db27a37f,optimism,pimlico,Pimlico: ERC-4337 Bundler 274,entity,eth-labels,https://github.com/dawsbot/eth-labels,medium,2026-07-17
0x43378942bec437ed9f4602b9e720d51cc80563bf,optimism,pimlico,Pimlico: ERC-4337 Bundler 179,entity,eth-labels,https://github.com/dawsbot/eth-labels,medium,2026-07-17
0x43378949f39d17930fecfaeb823b6a7573322cdf,optimism,pimlico,Pimlico: ERC-4337 Bundler 298,entity,eth-labels,https://github.com/dawsbot/eth-labels,medium,2026-07-17
0x43378c31cafde22607a938ad5214c0a65d09593d,optimism,pimlico,Pimlico: ERC-4337 Bundler 183,entity,eth-labels,https://github.com/dawsbot/eth-labels,medium,2026-07-17
0x43378de03f621668044cfc798b712a2fc2d991f2,optimism,pimlico,Pimlico: ERC-4337 Bundler 218,entity,eth-labels,https://github.com/dawsbot/eth-labels,medium,2026-07-17
0x43378e9b88da4d4e34056c975a689a626eff13f7,optimism,pimlico,Pimlico: ERC-4337 Bundler 83,entity,eth-labels,https://github.com/dawsbot/eth-labels,medium,2026-07-17
0x43378eebc955b8a0ea621ab4d1316cd8aa9a9ef6,optimism,pimlico,Pimlico: ERC-4337 Bundler 92,entity,eth-labels,https://github.com/dawsbot/eth-labels,medium,2026-07-17
0x43378f8a6678aba1eb54458ee3f98fc03ac9cbb9,optimism,pimlico,Pimlico: ERC-4337 Bundler 314,entity,eth-labels,https://github.com/dawsbot/eth-labels,medium,2026-07-17
0x43378ffa82ff367bc861b29df69fedd0c4bbbb9a,optimism,pimlico,Pimlico: ERC-4337 Bundler 239,entity,eth-labels,https://github.com/dawsbot/eth-labels,medium,2026-07-17
0x43379101d6ec33ae30a3170c0909c725e42d162c,optimism,pimlico,Pimlico: ERC-4337 Bundler 148,entity,eth-labels,https://github.com/dawsbot/eth-labels,medium,2026-07-17
0x43379206f4bba42b231450b533dac402f17215e5,optimism,pimlico,Pimlico: ERC-4337 Bundler 91,entity,eth-labels,https://github.com/dawsbot/eth-labels,medium,2026-07-17
0x433794b241dd82ffe5e5cd2f0aff466a34f4de03,optimism,pimlico,Pimlico: ERC-4337 Bundler 234,entity,eth-labels,https://github.com/dawsbot/eth-labels,medium,2026-07-17
0x433794fee19dafd0560a5ad9cb04df6bd2bdfaa1,optimism,pimlico,Pimlico: ERC-4337 Bundler 215,entity,eth-labels,https://github.com/dawsbot/eth-labels,medium,2026-07-17
0x43379742ed26f6e786ef287d4bfd7693241754e5,optimism,pimlico,Pimlico: ERC-4337 Bundler 304,entity,eth-labels,https://github.com/dawsbot/eth-labels,medium,2026-07-17
0x433799e6f0f7f87a53797c5bf592878bb0e17d6b,optimism,pimlico,Pimlico: ERC-4337 Bundler 235,entity,eth-labels,https://github.com/dawsbot/eth-labels,medium,2026-07-17
0x433799f40ba452e6933071b81c03b2f4c733eb5e,optimism,pimlico,Pimlico: ERC-4337 Bundler 253,entity,eth-labels,https://github.com/dawsbot/eth-labels,medium,2026-07-17
0x43379a313f01f8c945b196baaa6b7a3b32f28285,optimism,pimlico,Pimlico: ERC-4337 Bundler 103,entity,eth-labels,https://github.com/dawsbot/eth-labels,medium,2026-07-17
0x43379a3503e50ff5e5521c781fe2bffa0b739a5c,optimism,pimlico,Pimlico: ERC-4337 Bundler 352,entity,eth-labels,https://github.com/dawsbot/eth-labels,medium,2026-07-17
0x43379a6664b6bf03e65987e6edfc6ede6bff8b33,optimism,pimlico,Pimlico: ERC-4337 Bundler 117,entity,eth-labels,https://github.com/dawsbot/eth-labels,medium,2026-07-17
0x43379b04eef5fbfe3f17f2058570b09e5f84a97a,optimism,pimlico,Pimlico: ERC-4337 Bundler 101,entity,eth-labels,https://github.com/dawsbot/eth-labels,medium,2026-07-17
0x43379c46a4e11bbc714644074d9ee50e8bd2694d,optimism,pimlico,Pimlico: ERC-4337 Bundler 126,entity,eth-labels,https://github.com/dawsbot/eth-labels,medium,2026-07-17
0x43379cd97159e72048adb214805e9b7787aa12ba,optimism,pimlico,Pimlico: ERC-4337 Bundler 250,entity,eth-labels,https://github.com/dawsbot/eth-labels,medium,2026-07-17
0x43379d495837d29dfc0556630744e4048e6a804e,optimism,pimlico,Pimlico: ERC-4337 Bundler 180,entity,eth-labels,https://github.com/dawsbot/eth-labels,medium,2026-07-17
0x43379d617ab4d53f6d5d07d2b950b99774a6e35a,optimism,pimlico,Pimlico: ERC-4337 Bundler 105,entity,eth-labels,https://github.com/dawsbot/eth-labels,medium,2026-07-17
0x43379da1304724c21e26be03b2db9fce96e4464a,optimism,pimlico,Pimlico: ERC-4337 Bundler 190,entity,eth-labels,https://github.com/dawsbot/eth-labels,medium,2026-07-17
0x43379f4506abbaef155651431d91fd5cadbd144f,optimism,pimlico,Pimlico: ERC-4337 Bundler 299,entity,eth-labels,https://github.com/dawsbot/eth-labels,medium,2026-07-17
0x4337a0048fde170504edc471f8e016a570ce3125,optimism,pimlico,Pimlico: ERC-4337 Bundler 198,entity,eth-labels,https://github.com/dawsbot/eth-labels,medium,2026-07-17
0x4337a10434f284b583402514d8f4539bc89983d9,optimism,pimlico,Pimlico: ERC-4337 Bundler 78,entity,eth-labels,https://github.com/dawsbot/eth-labels,medium,2026-07-17
0x4337a1680b3b3915090efc7ad63c1ac705de6ed8,optimism,pimlico,Pimlico: ERC-4337 Bundler 149,entity,eth-labels,https://github.com/dawsbot/eth-labels,medium,2026-07-17
0x4337a234b9889de3e38eaff7c4badae4b38bb6c2,optimism,pimlico,Pimlico: ERC-4337 Bundler 133,entity,eth-labels,https://github.com/dawsbot/eth-labels,medium,2026-07-17
0x4337a2c79e9200719810ec46f69a240c2e6aaf6f,optimism,pimlico,Pimlico: ERC-4337 Bundler 295,entity,eth-labels,https://github.com/dawsbot/eth-labels,medium,2026-07-17
0x4337a367ac11af0186ba857b12ab159d9ec3ad76,optimism,pimlico,Pimlico: ERC-4337 Bundler 167,entity,eth-labels,https://github.com/dawsbot/eth-labels,medium,2026-07-17
0x4337a3a14ce61646b82fc8fa56ce61c84da2f173,optimism,pimlico,Pimlico: ERC-4337 Bundler 185,entity,eth-labels,https://github.com/dawsbot/eth-labels,medium,2026-07-17
0x4337a48230c4ab3e9a021ea82dabeeb02465ec06,optimism,pimlico,Pimlico: ERC-4337 Bundler 340,entity,eth-labels,https://github.com/dawsbot/eth-labels,medium,2026-07-17
0x4337a505b30885df32f2e89b347220317f790928,optimism,pimlico,Pimlico: ERC-4337 Bundler 147,entity,eth-labels,https://github.com/dawsbot/eth-labels,medium,2026-07-17
0x4337a622b56933ea0bc04a5a40408ef747d08da4,optimism,pimlico,Pimlico: ERC-4337 Bundler 280,entity,eth-labels,https://github.com/dawsbot/eth-labels,medium,2026-07-17
0x4337a69533843a903c43b3dcb3738da154fe6a47,optimism,pimlico,Pimlico: ERC-4337 Bundler 107,entity,eth-labels,https://github.com/dawsbot/eth-labels,medium,2026-07-17
0x4337a6b5bad5fd082dcdb565ddabeda516f82c6f,optimism,pimlico,Pimlico: ERC-4337 Bundler 287,entity,eth-labels,https://github.com/dawsbot/eth-labels,medium,2026-07-17
0x4337a78286c6662c1a3c66fc548ff9bef6afb8b2,optimism,pimlico,Pimlico: ERC-4337 Bundler 162,entity,eth-labels,https://github.com/dawsbot/eth-labels,medium,2026-07-17
0x4337a8c94b580a432c768ce8d8faec687091ecdf,optimism,pimlico,Pimlico: ERC-4337 Bundler 163,entity,eth-labels,https://github.com/dawsbot/eth-labels,medium,2026-07-17
0x4337aa1db309d1ed1db8663669413176e316971b,optimism,pimlico,Pimlico: ERC-4337 Bundler 137,entity,eth-labels,https://github.com/dawsbot/eth-labels,medium,2026-07-17
0x4337aae233ab2296062905cc256b180be20504fd,optimism,pimlico,Pimlico: ERC-4337 Bundler 351,entity,eth-labels,https://github.com/dawsbot/eth-labels,medium,2026-07-17
0x4337ab4ff1ae249f0fb4bed59662f20ee1764983,optimism,pimlico,Pimlico: ERC-4337 Bundler 76,entity,eth-labels,https://github.com/dawsbot/eth-labels,medium,2026-07-17
0x4337acae1c2f00a8e7f8c403483c985e51c8f163,optimism,pimlico,Pimlico: ERC-4337 Bundler 312,entity,eth-labels,https://github.com/dawsbot/eth-labels,medium,2026-07-17
0x4337ad0e1d76611821e6b679fa29d00e4e9ff0a2,optimism,pimlico,Pimlico: ERC-4337 Bundler 134,entity,eth-labels,https://github.com/dawsbot/eth-labels,medium,2026-07-17
0x4337afa2e9d34c6de1caf6312fbd3bc856f388a4,optimism,pimlico,Pimlico: ERC-4337 Bundler 141,entity,eth-labels,https://github.com/dawsbot/eth-labels,medium,2026-07-17
0x4337b107dce29550b2b85c1bcf9787d185e28968,optimism,pimlico,Pimlico: ERC-4337 Bundler 329,entity,eth-labels,https://github.com/dawsbot/eth-labels,medium,2026-07-17
0x4337b1621d018e5bfa5725c60f323b1fd1df4b8f,optimism,pimlico,Pimlico: ERC-4337 Bundler 307,entity,eth-labels,https://github.com/dawsbot/eth-labels,medium,2026-07-17
0x4337b26ca98c42cd74672e06a033ac8cd1cd5da8,optimism,pimlico,Pimlico: ERC-4337 Bundler 95,entity,eth-labels,https://github.com/dawsbot/eth-labels,medium,2026-07-17
0x4337b2dbc64c93b43ec9fb66e563b4da62cfc344,optimism,pimlico,Pimlico: ERC-4337 Bundler 231,entity,eth-labels,https://github.com/dawsbot/eth-labels,medium,2026-07-17
0x4337b345226925746cdff0f74521f26c1bc5fade,optimism,pimlico,Pimlico: ERC-4337 Bundler 284,entity,eth-labels,https://github.com/dawsbot/eth-labels,medium,2026-07-17
0x4337b658b8002f9a8a4ad18ba486afe351870274,optimism,pimlico,Pimlico: ERC-4337 Bundler 270,entity,eth-labels,https://github.com/dawsbot/eth-labels,medium,2026-07-17
0x4337b71c61e117e3ee144a4c714db81772d02d4d,optimism,pimlico,Pimlico: ERC-4337 Bundler 93,entity,eth-labels,https://github.com/dawsbot/eth-labels,medium,2026-07-17
0x4337b836e9237c6a7ae6343eefc74f7febff62cd,optimism,pimlico,Pimlico: ERC-4337 Bundler 150,entity,eth-labels,https://github.com/dawsbot/eth-labels,medium,2026-07-17
0x4337b8b14d6f72f1f2141589c97be2b07b85365f,optimism,pimlico,Pimlico: ERC-4337 Bundler 71,entity,eth-labels,https://github.com/dawsbot/eth-labels,medium,2026-07-17
0x4337b942db6071410d3412e7f6b631e66585001d,optimism,pimlico,Pimlico: ERC-4337 Bundler 220,entity,eth-labels,https://github.com/dawsbot/eth-labels,medium,2026-07-17
0x4337b957476da020c3ffebc8fb9537db241567f2,optimism,pimlico,Pimlico: ERC-4337 Bundler 233,entity,eth-labels,https://github.com/dawsbot/eth-labels,medium,2026-07-17
0x4337b97be43ed95bef34e91f9f6ec6c7f77b8239,optimism,pimlico,Pimlico: ERC-4337 Bundler 257,entity,eth-labels,https://github.com/dawsbot/eth-labels,medium,2026-07-17
0x4337bb3f3c9645a2a76b6652c7a9f6df25bc39a8,optimism,pimlico,Pimlico: ERC-4337 Bundler 65,entity,eth-labels,https://github.com/dawsbot/eth-labels,medium,2026-07-17
0x4337bc4c5c399dda9a4fca8347b2bef8e9052fff,optimism,pimlico,Pimlico: ERC-4337 Bundler 345,entity,eth-labels,https://github.com/dawsbot/eth-labels,medium,2026-07-17
0x4337bcdfc67b55e3f1739a95663130fff0222ba7,optimism,pimlico,Pimlico: ERC-4337 Bundler 243,entity,eth-labels,https://github.com/dawsbot/eth-labels,medium,2026-07-17
0x4337bd13646b1432a84287c1d6c3cd8fce633d9f,optimism,pimlico,Pimlico: ERC-4337 Bundler 207,entity,eth-labels,https://github.com/dawsbot/eth-labels,medium,2026-07-17
0x4337bdf513a241690fab7db462bbca42b6184a44,optimism,pimlico,Pimlico: ERC-4337 Bundler 273,entity,eth-labels,https://github.com/dawsbot/eth-labels,medium,2026-07-17
0x4337be1bdc886ceffdb777664a1a6b05382b50d3,optimism,pimlico,Pimlico: ERC-4337 Bundler 316,entity,eth-labels,https://github.com/dawsbot/eth-labels,medium,2026-07-17
0x4337beb74a1d6aa7a3a1672a6e636027ea1b7f45,optimism,pimlico,Pimlico: ERC-4337 Bundler 182,entity,eth-labels,https://github.com/dawsbot/eth-labels,medium,2026-07-17
0x4337bf7afceef9788a60c4cb98830ed6d8e79fb1,optimism,pimlico,Pimlico: ERC-4337 Bundler 66,entity,eth-labels,https://github.com/dawsbot/eth-labels,medium,2026-07-17
0x4337bf8f8006aa14c1bae739f3ead9b7fec7f2e1,optimism,pimlico,Pimlico: ERC-4337 Bundler 70,entity,eth-labels,https://github.com/dawsbot/eth-labels,medium,2026-07-17
0x4337c065b2fef9d9e907d6d54b49ad0606905e08,optimism,pimlico,Pimlico: ERC-4337 Bundler 237,entity,eth-labels,https://github.com/dawsbot/eth-labels,medium,2026-07-17
0x4337c0cbe2d202561b26389732ad3e4faf3f2c08,optimism,pimlico,Pimlico: ERC-4337 Bundler 338,entity,eth-labels,https://github.com/dawsbot/eth-labels,medium,2026-07-17
0x4337c0e89b0a7a74f363eb51073551bfb643f922,optimism,pimlico,Pimlico: ERC-4337 Bundler 293,entity,eth-labels,https://github.com/dawsbot/eth-labels,medium,2026-07-17
0x4337c17af5fbe4be4927f42495092a9e04133660,optimism,pimlico,Pimlico: ERC-4337 Bundler 272,entity,eth-labels,https://github.com/dawsbot/eth-labels,medium,2026-07-17
0x4337c1cb6b8a2393ce0a2bd4037c33ce2709ecbf,optimism,pimlico,Pimlico: ERC-4337 Bundler 171,entity,eth-labels,https://github.com/dawsbot/eth-labels,medium,2026-07-17
0x4337c1e9502cecc9d10c1a46e5db5c1618b003cf,optimism,pimlico,Pimlico: ERC-4337 Bundler 142,entity,eth-labels,https://github.com/dawsbot/eth-labels,medium,2026-07-17
0x4337c3727eccefe931939db018ca210f97f4c63c,optimism,pimlico,Pimlico: ERC-4337 Bundler 261,entity,eth-labels,https://github.com/dawsbot/eth-labels,medium,2026-07-17
0x4337c37c4ecd77d7a337954dd56b15dab5dacbbf,optimism,pimlico,Pimlico: ERC-4337 Bundler 337,entity,eth-labels,https://github.com/dawsbot/eth-labels,medium,2026-07-17
0x4337c5609da47a65c718e633f12c689371120967,optimism,pimlico,Pimlico: ERC-4337 Bundler 193,entity,eth-labels,https://github.com/dawsbot/eth-labels,medium,2026-07-17
0x4337c564389df4b2f7c15fcd55aa7de6e0911fff,optimism,pimlico,Pimlico: ERC-4337 Bundler 154,entity,eth-labels,https://github.com/dawsbot/eth-labels,medium,2026-07-17
0x4337c5f041b80fa1ec4647bb80b6677e01bfb2a9,optimism,pimlico,Pimlico: ERC-4337 Bundler 161,entity,eth-labels,https://github.com/dawsbot/eth-labels,medium,2026-07-17
0x4337c620018507e70db97178800a1e81a95d13e3,optimism,pimlico,Pimlico: ERC-4337 Bundler 146,entity,eth-labels,https://github.com/dawsbot/eth-labels,medium,2026-07-17
0x4337c70d5e9daa3a51eb082348be5d9b1c43bae4,optimism,pimlico,Pimlico: ERC-4337 Bundler 158,entity,eth-labels,https://github.com/dawsbot/eth-labels,medium,2026-07-17
0x4337c77c92876bcdcea93d0903e54ed8f6967a89,optimism,pimlico,Pimlico: ERC-4337 Bundler 211,entity,eth-labels,https://github.com/dawsbot/eth-labels,medium,2026-07-17
0x4337c8229635365723ab12fa5d33c29069251901,optimism,pimlico,Pimlico: ERC-4337 Bundler 296,entity,eth-labels,https://github.com/dawsbot/eth-labels,medium,2026-07-17
0x4337c8dd3597e8ce9865400394c40ed2b53f432d,optimism,pimlico,Pimlico: ERC-4337 Bundler 172,entity,eth-labels,https://github.com/dawsbot/eth-labels,medium,2026-07-17
0x4337caa58accd757d9cf51cbdda77f6494849177,optimism,pimlico,Pimlico: ERC-4337 Bundler 328,entity,eth-labels,https://github.com/dawsbot/eth-labels,medium,2026-07-17
0x4337cac1b868f71012b5cc5b9624de40b4f9e0cc,optimism,pimlico,Pimlico: ERC-4337 Bundler 336,entity,eth-labels,https://github.com/dawsbot/eth-labels,medium,2026-07-17
0x4337cb805306faab5378b44f9d18a08fa5384536,optimism,pimlico,Pimlico: ERC-4337 Bundler 294,entity,eth-labels,https://github.com/dawsbot/eth-labels,medium,2026-07-17
0x4337cc3bfc63a89599bf9b3b7271af7dc7183c3b,optimism,pimlico,Pimlico: ERC-4337 Bundler 77,entity,eth-labels,https://github.com/dawsbot/eth-labels,medium,2026-07-17
0x4337cc8381665a40e5260193905ebe1d720d5d4a,optimism,pimlico,Pimlico: ERC-4337 Bundler 187,entity,eth-labels,https://github.com/dawsbot/eth-labels,medium,2026-07-17
0x4337ccb347bcda77d667276415f220adf2718cbc,optimism,pimlico,Pimlico: ERC-4337 Bundler 202,entity,eth-labels,https://github.com/dawsbot/eth-labels,medium,2026-07-17
0x4337ced618d12c54bb1ab5db6ea819e541993a31,optimism,pimlico,Pimlico: ERC-4337 Bundler 334,entity,eth-labels,https://github.com/dawsbot/eth-labels,medium,2026-07-17
0x4337cf285a40cb767fdc6266b3caf8578f466e38,optimism,pimlico,Pimlico: ERC-4337 Bundler 203,entity,eth-labels,https://github.com/dawsbot/eth-labels,medium,2026-07-17
0x4337d32c506c1b4fd011b3827aa95f48954b5a73,optimism,pimlico,Pimlico: ERC-4337 Bundler 324,entity,eth-labels,https://github.com/dawsbot/eth-labels,medium,2026-07-17
0x4337d5d9d2c38b86c9176b8e112e6b011e29e191,optimism,pimlico,Pimlico: ERC-4337 Bundler 246,entity,eth-labels,https://github.com/dawsbot/eth-labels,medium,2026-07-17
0x4337d6b0f8ec01c463c9bd5b0c65dbe0973415e0,optimism,pimlico,Pimlico: ERC-4337 Bundler 144,entity,eth-labels,https://github.com/dawsbot/eth-labels,medium,2026-07-17
0x4337d6b68c8ce3a866a09ee1200eca9319b07d93,optimism,pimlico,Pimlico: ERC-4337 Bundler 222,entity,eth-labels,https://github.com/dawsbot/eth-labels,medium,2026-07-17
0x4337d7a34afaf815989cc60adaa11e8fd9ff5927,optimism,pimlico,Pimlico: ERC-4337 Bundler 216,entity,eth-labels,https://github.com/dawsbot/eth-labels,medium,2026-07-17
0x4337d952b09e9c0d28704f7291a6cd7972fe2db0,optimism,pimlico,Pimlico: ERC-4337 Bundler 264,entity,eth-labels,https://github.com/dawsbot/eth-labels,medium,2026-07-17
0x4337da24bf93f81870da9deac153b6b36f6120c6,optimism,pimlico,Pimlico: ERC-4337 Bundler 196,entity,eth-labels,https://github.com/dawsbot/eth-labels,medium,2026-07-17
0x4337dae0470bb8ce0702cbe6a9ba40024644a673,optimism,pimlico,Pimlico: ERC-4337 Bundler 301,entity,eth-labels,https://github.com/dawsbot/eth-labels,medium,2026-07-17
0x4337dae0fa4245a6890f98300ce1ef4601c1e5d3,optimism,pimlico,Pimlico: ERC-4337 Bundler 260,entity,eth-labels,https://github.com/dawsbot/eth-labels,medium,2026-07-17
0x4337dc152b42137f2fe9a118fc85df7ad9f60dc2,optimism,pimlico,Pimlico: ERC-4337 Bundler 318,entity,eth-labels,https://github.com/dawsbot/eth-labels,medium,2026-07-17
0x4337ddb42fb368d9984d133a9aabfd330763fa81,optimism,pimlico,Pimlico: ERC-4337 Bundler 267,entity,eth-labels,https://github.com/dawsbot/eth-labels,medium,2026-07-17
0x4337e0353ae3f7fa20c23beaace8422ff91519be,optimism,pimlico,Pimlico: ERC-4337 Bundler 333,entity,eth-labels,https://github.com/dawsbot/eth-labels,medium,2026-07-17
0x4337e1a2689cf73ecc12d798477e1ede4f4d56c6,optimism,pimlico,Pimlico: ERC-4337 Bundler 90,entity,eth-labels,https://github.com/dawsbot/eth-labels,medium,2026-07-17
0x4337e4c7e7b70e5d857278f1cc5f255fcd76b5e9,optimism,pimlico,Pimlico: ERC-4337 Bundler 254,entity,eth-labels,https://github.com/dawsbot/eth-labels,medium,2026-07-17
0x4337e6547acf4a8fe2a1076b57b0bbc2084b0901,optimism,pimlico,Pimlico: ERC-4337 Bundler 292,entity,eth-labels,https://github.com/dawsbot/eth-labels,medium,2026-07-17
0x4337e7ecf9fcb7a6080fb8b20673909a6fb39bed,optimism,pimlico,Pimlico: ERC-4337 Bundler 181,entity,eth-labels,https://github.com/dawsbot/eth-labels,medium,2026-07-17
0x4337ea3b91e0a62397f52e681cbde6d209d47d6b,optimism,pimlico,Pimlico: ERC-4337 Bundler 143,entity,eth-labels,https://github.com/dawsbot/eth-labels,medium,2026-07-17
0x4337eafe95b0ad93d5f3c7789141600a9b2331e3,optimism,pimlico,Pimlico: ERC-4337 Bundler 115,entity,eth-labels,https://github.com/dawsbot/eth-labels,medium,2026-07-17
0x4337eb57c1ab67f7ef38f6962547b1952dba00f7,optimism,pimlico,Pimlico: ERC-4337 Bundler 209,entity,eth-labels,https://github.com/dawsbot/eth-labels,medium,2026-07-17
0x4337ece2de793d20704684df0622e2cb36ba1d48,optimism,pimlico,Pimlico: ERC-4337 Bundler 322,entity,eth-labels,https://github.com/dawsbot/eth-labels,medium,2026-07-17
0x4337ed19cd9bc824338af0c54a910e7999e63e13,optimism,pimlico,Pimlico: ERC-4337 Bundler 259,entity,eth-labels,https://github.com/dawsbot/eth-labels,medium,2026-07-17
0x4337ee0dd2bb703bb7837959cb1f97933c780962,optimism,pimlico,Pimlico: ERC-4337 Bundler 124,entity,eth-labels,https://github.com/dawsbot/eth-labels,medium,2026-07-17
0x4337ef76c747916e9cb92b53b3a49d3906b8ab70,optimism,pimlico,Pimlico: ERC-4337 Bundler 281,entity,eth-labels,https://github.com/dawsbot/eth-labels,medium,2026-07-17
0x4337ef967baf31bbea758be0778aa9d95193d941,optimism,pimlico,Pimlico: ERC-4337 Bundler 191,entity,eth-labels,https://github.com/dawsbot/eth-labels,medium,2026-07-17
0x4337f02e39fc5559e3506639b1e8f68bc28145a5,optimism,pimlico,Pimlico: ERC-4337 Bundler 174,entity,eth-labels,https://github.com/dawsbot/eth-labels,medium,2026-07-17
0x4337f055e3c2d42b6feea84ccb0c7d3b984fff72,optimism,pimlico,Pimlico: ERC-4337 Bundler 106,entity,eth-labels,https://github.com/dawsbot/eth-labels,medium,2026-07-17
0x4337f0b2487914e9f28284b2a15320dad3fcd9e9,optimism,pimlico,Pimlico: ERC-4337 Bundler 112,entity,eth-labels,https://github.com/dawsbot/eth-labels,medium,2026-07-17
0x4337f12f15543fabf05d864a6a4b659dfb123192,optimism,pimlico,Pimlico: ERC-4337 Bundler 331,entity,eth-labels,https://github.com/dawsbot/eth-labels,medium,2026-07-17
0x4337f13364a5333103ffd93b173d352576edfdb9,optimism,pimlico,Pimlico: ERC-4337 Bundler 225,entity,eth-labels,https://github.com/dawsbot/eth-labels,medium,2026-07-17
0x4337f1e57afeed45a765216fc961f3dc1afae09f,optimism,pimlico,Pimlico: ERC-4337 Bundler 85,entity,eth-labels,https://github.com/dawsbot/eth-labels,medium,2026-07-17
0x4337f344d193bc506a6cf8769a45739ae81e55ff,optimism,pimlico,Pimlico: ERC-4337 Bundler 176,entity,eth-labels,https://github.com/dawsbot/eth-labels,medium,2026-07-17
0x4337f569900c6826ae5dfb35652d93c5bfa6e1e5,optimism,pimlico,Pimlico: ERC-4337 Bundler 251,entity,eth-labels,https://github.com/dawsbot/eth-labels,medium,2026-07-17
0x4337f61013aabc7b25e3b231db1d8b285c990317,optimism,pimlico,Pimlico: ERC-4337 Bundler 291,entity,eth-labels,https://github.com/dawsbot/eth-labels,medium,2026-07-17
0x4337f6a4f786754045407d5b1653becccf8d89d7,optimism,pimlico,Pimlico: ERC-4337 Bundler 204,entity,eth-labels,https://github.com/dawsbot/eth-labels,medium,2026-07-17
0x4337f6c155e3a7d60958d219c7ba2d7464a55a9d,optimism,pimlico,Pimlico: ERC-4337 Bundler 348,entity,eth-labels,https://github.com/dawsbot/eth-labels,medium,2026-07-17
0x4337f82a4dd60189f201648b0a5c7845df5de384,optimism,pimlico,Pimlico: ERC-4337 Bundler 219,entity,eth-labels,https://github.com/dawsbot/eth-labels,medium,2026-07-17
0x4337f86c9c904a1877ddf6e7325f8e83aa99a0ae,optimism,pimlico,Pimlico: ERC-4337 Bundler 249,entity,eth-labels,https://github.com/dawsbot/eth-labels,medium,2026-07-17
0x4337fa2e7b85b7840ccb979551800d90d717beb7,optimism,pimlico,Pimlico: ERC-4337 Bundler 263,entity,eth-labels,https://github.com/dawsbot/eth-labels,medium,2026-07-17
0x4337fa4d86d4b6a2634900effb713bf6fb685835,optimism,pimlico,Pimlico: ERC-4337 Bundler 100,entity,eth-labels,https://github.com/dawsbot/eth-labels,medium,2026-07-17
0x4337fb6cffa357bca7b5fcdc01c5882db54cddf2,optimism,pimlico,Pimlico: ERC-4337 Bundler 332,entity,eth-labels,https://github.com/dawsbot/eth-labels,medium,2026-07-17
0x4337fd1777aae06804a24959c48e8493554c7650,optimism,pimlico,Pimlico: ERC-4337 Bundler 226,entity,eth-labels,https://github.com/dawsbot/eth-labels,medium,2026-07-17
0x4337fd704a87fad273b75d770a9634bd6a2ab83a,optimism,pimlico,Pimlico: ERC-4337 Bundler 153,entity,eth-labels,https://github.com/dawsbot/eth-labels,medium,2026-07-17
0x4337fffb5082dea8b2e188e8288eafaa12f12f0f,optimism,pimlico,Pimlico: ERC-4337 Bundler 89,entity,eth-labels,https://github.com/dawsbot/eth-labels,medium,2026-07-17
0x4df91e173a6cdc74efef6fc72bb5df1e8a8d7582,optimism,pimlico,Pimlico: ERC-4337 Paymaster 4,entity,eth-labels,https://github.com/dawsbot/eth-labels,medium,2026-07-17
0x984e2abb41a6684e5e213ab61ad4c6c830585df9,optimism,pimlico,Pimlico: ERC-4337 Paymaster 3,entity,eth-labels,https://github.com/dawsbot/eth-labels,medium,2026-07-17
0x0000000000000000000000000000000000000001,optimism,retropgf-recipient,null,entity,eth-labels,https://github.com/dawsbot/eth-labels,medium,2026-07-17
0x0000000000000000000000000000000000000002,optimism,retropgf-recipient,null,entity,eth-labels,https://github.com/dawsbot/eth-labels,medium,2026-07-17
0x0000000000000000000000000000000000000003,optimism,retropgf-recipient,null,entity,eth-labels,https://github.com/dawsbot/eth-labels,medium,2026-07-17
0x0000000000000000000000000000000000000004,optimism,retropgf-recipient,null,entity,eth-labels,https://github.com/dawsbot/eth-labels,medium,2026-07-17
0x0000000000000000000000000000000000000005,optimism,retropgf-recipient,null,entity,eth-labels,https://github.com/dawsbot/eth-labels,medium,2026-07-17
0x0000000000000000000000000000000000000006,optimism,retropgf-recipient,null,entity,eth-labels,https://github.com/dawsbot/eth-labels,medium,2026-07-17
0x00409fc839a2ec2e6d12305423d37cd011279c09,optimism,retropgf-recipient,null,entity,eth-labels,https://github.com/dawsbot/eth-labels,medium,2026-07-17
0x005241438caf3eacb05bb6543151f7af894c5b58,optimism,retropgf-recipient,null,entity,eth-labels,https://github.com/dawsbot/eth-labels,medium,2026-07-17
0x03143ee031aa7bd7b6846750d066a27f18d39edd,optimism,retropgf-recipient,null,entity,eth-labels,https://github.com/dawsbot/eth-labels,medium,2026-07-17
0x036c545ae4f68059b4c83f7e3814429d4c73c089,optimism,retropgf-recipient,null,entity,eth-labels,https://github.com/dawsbot/eth-labels,medium,2026-07-17
0x04cc6b487566b1c821bea04d7ac0d23cede05cc9,optimism,retropgf-recipient,null,entity,eth-labels,https://github.com/dawsbot/eth-labels,medium,2026-07-17
0x0693401df5cbae158be6bbaddd69d52283a8076e,optimism,retropgf-recipient,null,entity,eth-labels,https://github.com/dawsbot/eth-labels,medium,2026-07-17
0x07aeeb7e544a070a2553e142828fb30c214a1f86,optimism,retropgf-recipient,null,entity,eth-labels,https://github.com/dawsbot/eth-labels,medium,2026-07-17
0x07bf3cda34aa78d92949bbdce31520714ab5b228,optimism,retropgf-recipient,null,entity,eth-labels,https://github.com/dawsbot/eth-labels,medium,2026-07-17
0x08290908a251119a1c75bb9c36a7a41e9bf2f1e3,optimism,retropgf-recipient,null,entity,eth-labels,https://github.com/dawsbot/eth-labels,medium,2026-07-17
0x09a5943a6d10919571ee2c9f63380aea747eca97,optimism,retropgf-recipient,null,entity,eth-labels,https://github.com/dawsbot/eth-labels,medium,2026-07-17
0x09c41efc1c7e2c2a11bb153ef39affeaff2cedcd,optimism,retropgf-recipient,null,entity,eth-labels,https://github.com/dawsbot/eth-labels,medium,2026-07-17
0x0a09cd09b0107bb98a83f211704f036eca94b92e,optimism,retropgf-recipient,null,entity,eth-labels,https://github.com/dawsbot/eth-labels,medium,2026-07-17
0x0a6cd04ca9ce730c709276c6868d9f2c4d9ef1d6,optimism,retropgf-recipient,null,entity,eth-labels,https://github.com/dawsbot/eth-labels,medium,2026-07-17
0x0ab7c4123e84c975008fcfcb14f07152bb711f82,optimism,retropgf-recipient,null,entity,eth-labels,https://github.com/dawsbot/eth-labels,medium,2026-07-17
0x0b27bfb649919be208f62244e4a09a41b0f962d0,optimism,retropgf-recipient,null,entity,eth-labels,https://github.com/dawsbot/eth-labels,medium,2026-07-17
0x0be55326919f08af4d14a42aafb3b68f95738355,optimism,retropgf-recipient,null,entity,eth-labels,https://github.com/dawsbot/eth-labels,medium,2026-07-17
0x0f9bd2a9e0d30f121c525db5419a07b08fce8440,optimism,retropgf-recipient,null,entity,eth-labels,https://github.com/dawsbot/eth-labels,medium,2026-07-17
0x112e372bb5ec17c1ea6b1d679ea72afbd2a94404,optimism,retropgf-recipient,null,entity,eth-labels,https://github.com/dawsbot/eth-labels,medium,2026-07-17
0x1208a26faa0f4ac65b42098419eb4daa5e580ac6,optimism,retropgf-recipient,null,entity,eth-labels,https://github.com/dawsbot/eth-labels,medium,2026-07-17
0x13ebd3443fa5575f0eb173e323d8419f7452cfb1,optimism,retropgf-recipient,null,entity,eth-labels,https://github.com/dawsbot/eth-labels,medium,2026-07-17
0x151ef20a3ade1cc1161391594f8a32461389a54e,optimism,retropgf-recipient,null,entity,eth-labels,https://github.com/dawsbot/eth-labels,medium,2026-07-17
0x1d921dff757610fbdb0073479e12c0a07d382677,optimism,retropgf-recipient,null,entity,eth-labels,https://github.com/dawsbot/eth-labels,medium,2026-07-17
0x1f5d295778796a8b9f29600a585ab73d452acb1c,optimism,retropgf-recipient,null,entity,eth-labels,https://github.com/dawsbot/eth-labels,medium,2026-07-17
0x1f7b953113f4dfcbf56a1688529cc812865840e1,optimism,retropgf-recipient,null,entity,eth-labels,https://github.com/dawsbot/eth-labels,medium,2026-07-17
0x1f9e7984eddb135ab6d6f354e229970bb332dcc4,optimism,retropgf-recipient,null,entity,eth-labels,https://github.com/dawsbot/eth-labels,medium,2026-07-17
0x2117085e7e4ee35825a9c71bbe46aad8c01789f3,optimism,retropgf-recipient,null,entity,eth-labels,https://github.com/dawsbot/eth-labels,medium,2026-07-17
0x245ce6de47a5d44e5b73f923f1ada4cc1688d22b,optimism,retropgf-recipient,null,entity,eth-labels,https://github.com/dawsbot/eth-labels,medium,2026-07-17
0x24b0529c7226ae66968b9a8b521b266a2ca4a898,optimism,retropgf-recipient,null,entity,eth-labels,https://github.com/dawsbot/eth-labels,medium,2026-07-17
0x25a2df1d1310da75e8bc115cc797673e777b7e27,optimism,retropgf-recipient,null,entity,eth-labels,https://github.com/dawsbot/eth-labels,medium,2026-07-17
0x25df6da2f4e5c178ddff45038378c0b08e0bce54,optimism,retropgf-recipient,null,entity,eth-labels,https://github.com/dawsbot/eth-labels,medium,2026-07-17
0x281ba4e9b7e28982d6cb53ee3836865f1453e12f,optimism,retropgf-recipient,null,entity,eth-labels,https://github.com/dawsbot/eth-labels,medium,2026-07-17
0x283266045ab2ab0793a62cadc21d55f685636ae0,optimism,retropgf-recipient,null,entity,eth-labels,https://github.com/dawsbot/eth-labels,medium,2026-07-17
0x2ae8c972fb2e6c00dded8986e2dc672ed190da06,optimism,retropgf-recipient,null,entity,eth-labels,https://github.com/dawsbot/eth-labels,medium,2026-07-17
0x2b1bfc5dcd4e21ceaa5f512e350b00c585dae894,optimism,retropgf-recipient,null,entity,eth-labels,https://github.com/dawsbot/eth-labels,medium,2026-07-17
0x2ba1aeba3fbd69aa74944f17326bfdc229fd986e,optimism,retropgf-recipient,null,entity,eth-labels,https://github.com/dawsbot/eth-labels,medium,2026-07-17
0x2cd0ac587fc0e6fbcf8a47a449971649e7dab835,optimism,retropgf-recipient,null,entity,eth-labels,https://github.com/dawsbot/eth-labels,medium,2026-07-17
0x33d66941465ac776c38096cb1bc496c673ae7390,optimism,retropgf-recipient,null,entity,eth-labels,https://github.com/dawsbot/eth-labels,medium,2026-07-17
0x33db27c21e0f7a2f3351a4c6ddcedfb9f713410b,optimism,retropgf-recipient,null,entity,eth-labels,https://github.com/dawsbot/eth-labels,medium,2026-07-17
0x34aa3f359a9d614239015126635ce7732c18fdf3,optimism,retropgf-recipient,null,entity,eth-labels,https://github.com/dawsbot/eth-labels,medium,2026-07-17
0x358fdccde25e0aae7fba01f088da89b08abf61db,optimism,retropgf-recipient,null,entity,eth-labels,https://github.com/dawsbot/eth-labels,medium,2026-07-17
0x36f322fc85b24ab13263cfe9217b28f8e2b38381,optimism,retropgf-recipient,null,entity,eth-labels,https://github.com/dawsbot/eth-labels,medium,2026-07-17
0x3754a10c1ca723961068b2653109e6201982dd9c,optimism,retropgf-recipient,null,entity,eth-labels,https://github.com/dawsbot/eth-labels,medium,2026-07-17
0x3945d766185e2264900c84fac10958b3619c2bd4,optimism,retropgf-recipient,null,entity,eth-labels,https://github.com/dawsbot/eth-labels,medium,2026-07-17
0x3b036793ea6dd8d9b352847f32818fa253eb759d,optimism,retropgf-recipient,null,entity,eth-labels,https://github.com/dawsbot/eth-labels,medium,2026-07-17
0x3b067af83f540cb827825a6ee5480441a4237e77,optimism,retropgf-recipient,null,entity,eth-labels,https://github.com/dawsbot/eth-labels,medium,2026-07-17
0x3b1e17b3fc8b2b2c5fbb995fb3e1de95a4d7cf7d,optimism,retropgf-recipient,null,entity,eth-labels,https://github.com/dawsbot/eth-labels,medium,2026-07-17
0x3b3980936707a8299afb5424fa807c1cbac37ccb,optimism,retropgf-recipient,null,entity,eth-labels,https://github.com/dawsbot/eth-labels,medium,2026-07-17
0x400abc3dae98ec5aeef2681b40d4ced0a5aff934,optimism,retropgf-recipient,null,entity,eth-labels,https://github.com/dawsbot/eth-labels,medium,2026-07-17
0x40bbf4468495197b919591dae8cb5d3fe2f52e7e,optimism,retropgf-recipient,null,entity,eth-labels,https://github.com/dawsbot/eth-labels,medium,2026-07-17
0x4413e96f6b46e59326a7695ef871fa902ff7935d,optimism,retropgf-recipient,null,entity,eth-labels,https://github.com/dawsbot/eth-labels,medium,2026-07-17
0x45755f5e7d3b1cdb1aaf1fe786c415e47bed2f43,optimism,retropgf-recipient,null,entity,eth-labels,https://github.com/dawsbot/eth-labels,medium,2026-07-17
0x47a6a1b6492b6df811606b8294a02b4268e86dad,optimism,retropgf-recipient,null,entity,eth-labels,https://github.com/dawsbot/eth-labels,medium,2026-07-17
0x4856e043a1f2caa8acefd076328b4981aca91000,optimism,retropgf-recipient,null,entity,eth-labels,https://github.com/dawsbot/eth-labels,medium,2026-07-17
0x4879df2ba195a69c178133f44e278c0f64797ca5,optimism,retropgf-recipient,null,entity,eth-labels,https://github.com/dawsbot/eth-labels,medium,2026-07-17
0x4baa1fcae9ba8f9e1247b5cfd71e2463e85b2284,optimism,retropgf-recipient,null,entity,eth-labels,https://github.com/dawsbot/eth-labels,medium,2026-07-17
0x4c0a466df0628fe8699051b3ac6506653191cc21,optimism,retropgf-recipient,null,entity,eth-labels,https://github.com/dawsbot/eth-labels,medium,2026-07-17
0x4c6e3610a222e4518cc7ef3d8826ee8640995c5c,optimism,retropgf-recipient,null,entity,eth-labels,https://github.com/dawsbot/eth-labels,medium,2026-07-17
0x4d2f0efdb2ad1d709d8522e7b5aa9f5181563617,optimism,retropgf-recipient,null,entity,eth-labels,https://github.com/dawsbot/eth-labels,medium,2026-07-17
0x4d5dd4d81d773c05ce27aba03e2f3e346c3f8e54,optimism,retropgf-recipient,null,entity,eth-labels,https://github.com/dawsbot/eth-labels,medium,2026-07-17
0x4d85e4f760fb58e380f02657ae5aafb8bd010601,optimism,retropgf-recipient,null,entity,eth-labels,https://github.com/dawsbot/eth-labels,medium,2026-07-17
0x4e3d9399c28c724293dd545225ec843ac4c9e953,optimism,retropgf-recipient,null,entity,eth-labels,https://github.com/dawsbot/eth-labels,medium,2026-07-17
0x4f41877773e44f2275da1942fee898556821bf66,optimism,retropgf-recipient,null,entity,eth-labels,https://github.com/dawsbot/eth-labels,medium,2026-07-17
0x5265bde27f57e738be6c1f6ab3544e82cdc92a8f,optimism,retropgf-recipient,null,entity,eth-labels,https://github.com/dawsbot/eth-labels,medium,2026-07-17
0x5401745963974c22f8f8254a2a904ea5f54ddc22,optimism,retropgf-recipient,null,entity,eth-labels,https://github.com/dawsbot/eth-labels,medium,2026-07-17
0x56262562506967a08bf60a5ac5a5ceeac02becd2,optimism,retropgf-recipient,null,entity,eth-labels,https://github.com/dawsbot/eth-labels,medium,2026-07-17
0x57b02589d6e24203fc43e442ce9a4803e290293b,optimism,retropgf-recipient,null,entity,eth-labels,https://github.com/dawsbot/eth-labels,medium,2026-07-17
0x5874d5d530d1f969fd962579c445a0f3a8682d48,optimism,retropgf-recipient,null,entity,eth-labels,https://github.com/dawsbot/eth-labels,medium,2026-07-17
0x587e9cbc67af10a9d95f3e38836943667b331392,optimism,retropgf-recipient,null,entity,eth-labels,https://github.com/dawsbot/eth-labels,medium,2026-07-17
0x59cc06bf5cf5e07790432599060b7d402f9d2ca8,optimism,retropgf-recipient,null,entity,eth-labels,https://github.com/dawsbot/eth-labels,medium,2026-07-17
0x59e6ca75dfb201baff565303ca52a3113dd6f223,optimism,retropgf-recipient,null,entity,eth-labels,https://github.com/dawsbot/eth-labels,medium,2026-07-17
0x5a930b098ed8d58dd4590577af85a8e864a8f6fe,optimism,retropgf-recipient,null,entity,eth-labels,https://github.com/dawsbot/eth-labels,medium,2026-07-17
0x5c04e7808455ee0e22c2773328c151d0dd79dc62,optimism,retropgf-recipient,null,entity,eth-labels,https://github.com/dawsbot/eth-labels,medium,2026-07-17
0x5eeeb9f8a2050533bbed20f87d445dcf309a5ea7,optimism,retropgf-recipient,null,entity,eth-labels,https://github.com/dawsbot/eth-labels,medium,2026-07-17
0x5eff4b8c042aa6003cbda6e32c4aa23657d3b6af,optimism,retropgf-recipient,null,entity,eth-labels,https://github.com/dawsbot/eth-labels,medium,2026-07-17
0x5fc34d03cfdf145db5f3c5b5558e39a4164aaa30,optimism,retropgf-recipient,null,entity,eth-labels,https://github.com/dawsbot/eth-labels,medium,2026-07-17
0x6084fbe2aa96bb131d6bc7bd3be786882cfa250f,optimism,retropgf-recipient,null,entity,eth-labels,https://github.com/dawsbot/eth-labels,medium,2026-07-17
0x60a5dcb2fc804874883b797f37cbf1b0582ac2dd,optimism,retropgf-recipient,null,entity,eth-labels,https://github.com/dawsbot/eth-labels,medium,2026-07-17
0x60adc0f89a41af237ce73554ede170d733ec14e0,optimism,retropgf-recipient,null,entity,eth-labels,https://github.com/dawsbot/eth-labels,medium,2026-07-17
0x61d10bfda1aa5010795985fd9a49f21fb7570982,optimism,retropgf-recipient,null,entity,eth-labels,https://github.com/dawsbot/eth-labels,medium,2026-07-17
0x64249ed5ef7a004d268a508092851e987482a175,optimism,retropgf-recipient,null,entity,eth-labels,https://github.com/dawsbot/eth-labels,medium,2026-07-17
0x69aa21403244889832609963b0028e337a834953,optimism,retropgf-recipient,null,entity,eth-labels,https://github.com/dawsbot/eth-labels,medium,2026-07-17
0x6e4e55a49a8c8938bd8d8668e18de95962740fe1,optimism,retropgf-recipient,null,entity,eth-labels,https://github.com/dawsbot/eth-labels,medium,2026-07-17
0x6ef87e0aaadb2c3d07fd98a098af5fad0ad45811,optimism,retropgf-recipient,null,entity,eth-labels,https://github.com/dawsbot/eth-labels,medium,2026-07-17
0x6f9bb7e454f5b3eb2310343f0e99269dc2bb8a1d,optimism,retropgf-recipient,null,entity,eth-labels,https://github.com/dawsbot/eth-labels,medium,2026-07-17
0x6fa4c420e9567203aa65eb38da5dbe361fd61ff2,optimism,retropgf-recipient,null,entity,eth-labels,https://github.com/dawsbot/eth-labels,medium,2026-07-17
0x6ff5723435b7dfc2371b57fb5cb4c373e5995c78,optimism,retropgf-recipient,null,entity,eth-labels,https://github.com/dawsbot/eth-labels,medium,2026-07-17
0x701e37643dada13de79e66a74e7d6187fc48fad2,optimism,retropgf-recipient,null,entity,eth-labels,https://github.com/dawsbot/eth-labels,medium,2026-07-17
0x761d584f1c2d43cbc3f42ecd739701a36dffaa31,optimism,retropgf-recipient,null,entity,eth-labels,https://github.com/dawsbot/eth-labels,medium,2026-07-17
0x7a48a728d9fd2d5a55c545c4378e5ba909349e90,optimism,retropgf-recipient,null,entity,eth-labels,https://github.com/dawsbot/eth-labels,medium,2026-07-17
0x7b4c5f852aa6b44bd01f9252c3f93ae1aa1c63e9,optimism,retropgf-recipient,null,entity,eth-labels,https://github.com/dawsbot/eth-labels,medium,2026-07-17
0x7c929efa9a8a2a1524ba90abc2b70801413ffd4c,optimism,retropgf-recipient,null,entity,eth-labels,https://github.com/dawsbot/eth-labels,medium,2026-07-17
0x7f9d4208d404d86396f856c4f3db0195bb677f17,optimism,retropgf-recipient,null,entity,eth-labels,https://github.com/dawsbot/eth-labels,medium,2026-07-17
0x816a684f40b8b4b060a4df7a10cad589ef64e95e,optimism,retropgf-recipient,null,entity,eth-labels,https://github.com/dawsbot/eth-labels,medium,2026-07-17
0x81b7e9d8409b857d70ad14073e785c486945caf4,optimism,retropgf-recipient,null,entity,eth-labels,https://github.com/dawsbot/eth-labels,medium,2026-07-17
0x82d54397b88ce80ea2df9ad049213acb47dc2523,optimism,retropgf-recipient,null,entity,eth-labels,https://github.com/dawsbot/eth-labels,medium,2026-07-17
0x892ff98a46e5bd141e2d12618f4b2fe6284debac,optimism,retropgf-recipient,null,entity,eth-labels,https://github.com/dawsbot/eth-labels,medium,2026-07-17
0x8b93910594e2a09c30d7e97883f6d35d8772801d,optimism,retropgf-recipient,null,entity,eth-labels,https://github.com/dawsbot/eth-labels,medium,2026-07-17
0x8ba1f109551bd432803012645ac136ddd64dba72,optimism,retropgf-recipient,null,entity,eth-labels,https://github.com/dawsbot/eth-labels,medium,2026-07-17
0x8dc640a257de18857f8d24e1ae2645f8bba1e034,optimism,retropgf-recipient,null,entity,eth-labels,https://github.com/dawsbot/eth-labels,medium,2026-07-17
0x8e72a24221517e51502f20f387415a06b27a5b51,optimism,retropgf-recipient,null,entity,eth-labels,https://github.com/dawsbot/eth-labels,medium,2026-07-17
0x8f5906963ae276e1631efa8ff1a9cae6499ec5e3,optimism,retropgf-recipient,null,entity,eth-labels,https://github.com/dawsbot/eth-labels,medium,2026-07-17
0x90b005a9c7b19e1e962178dea63c1becc409b90f,optimism,retropgf-recipient,null,entity,eth-labels,https://github.com/dawsbot/eth-labels,medium,2026-07-17
0x9531c059098e3d194ff87febb587ab07b30b1306,optimism,retropgf-recipient,null,entity,eth-labels,https://github.com/dawsbot/eth-labels,medium,2026-07-17
0x958c20a43f5206f186b0195ccb61acb724b2ee1e,optimism,retropgf-recipient,null,entity,eth-labels,https://github.com/dawsbot/eth-labels,medium,2026-07-17
0x96cd3ac1e5c2e4fb021b97da3a6d57e8e665edc3,optimism,retropgf-recipient,null,entity,eth-labels,https://github.com/dawsbot/eth-labels,medium,2026-07-17
0x9cce47e9cf12c6147c9844adbb81fe85880c4df4,optimism,retropgf-recipient,null,entity,eth-labels,https://github.com/dawsbot/eth-labels,medium,2026-07-17
0x9d20893054afc4a74b856089c44f9a09d1c38db0,optimism,retropgf-recipient,null,entity,eth-labels,https://github.com/dawsbot/eth-labels,medium,2026-07-17
0x9d31e30003f253563ff108bc60b16fdf2c93abb5,optimism,retropgf-recipient,null,entity,eth-labels,https://github.com/dawsbot/eth-labels,medium,2026-07-17
0x9d6d3b09f8ac8615805bd82e53b80d956f451cfa,optimism,retropgf-recipient,null,entity,eth-labels,https://github.com/dawsbot/eth-labels,medium,2026-07-17
0x9d727911b54c455b0071a7b682fcf4bc444b5596,optimism,retropgf-recipient,null,entity,eth-labels,https://github.com/dawsbot/eth-labels,medium,2026-07-17
0x9ebc8e61f87a301ff25a606d7c06150f856f24e2,optimism,retropgf-recipient,null,entity,eth-labels,https://github.com/dawsbot/eth-labels,medium,2026-07-17
0x9f87c1acaf3afc6a5557c58284d9f8609470b571,optimism,retropgf-recipient,null,entity,eth-labels,https://github.com/dawsbot/eth-labels,medium,2026-07-17
0x9fd0c742d81b6f08817f3ef11d09cb4a9f54ee5f,optimism,retropgf-recipient,null,entity,eth-labels,https://github.com/dawsbot/eth-labels,medium,2026-07-17
0xa142ab9eab9264807a41f0e5cbdab877d204e233,optimism,retropgf-recipient,null,entity,eth-labels,https://github.com/dawsbot/eth-labels,medium,2026-07-17
0xa30189949cd8f662582b10eb6e353374419edf67,optimism,retropgf-recipient,null,entity,eth-labels,https://github.com/dawsbot/eth-labels,medium,2026-07-17
0xa47669cbc53985333423e4d3d00188f4049fb695,optimism,retropgf-recipient,null,entity,eth-labels,https://github.com/dawsbot/eth-labels,medium,2026-07-17
0xa5b4f91fde4e35be891ea97c47d1052d8a4d75f7,optimism,retropgf-recipient,null,entity,eth-labels,https://github.com/dawsbot/eth-labels,medium,2026-07-17
0xaa6042aa65eb93c6439cdaebc27b3bd09c5dfe94,optimism,retropgf-recipient,null,entity,eth-labels,https://github.com/dawsbot/eth-labels,medium,2026-07-17
0xaa857ac645733fbf3105b0406417d35ba1576ff8,optimism,retropgf-recipient,null,entity,eth-labels,https://github.com/dawsbot/eth-labels,medium,2026-07-17
0xab12931a2c0c519a62794c24105e2f66ee35cfe7,optimism,retropgf-recipient,null,entity,eth-labels,https://github.com/dawsbot/eth-labels,medium,2026-07-17
0xab4f5a7fcd1bb66c8c5f01bb77f6142759f46107,optimism,retropgf-recipient,null,entity,eth-labels,https://github.com/dawsbot/eth-labels,medium,2026-07-17
0xabfa48bcc0f96fc70be7a4156b0a74ea350167fd,optimism,retropgf-recipient,null,entity,eth-labels,https://github.com/dawsbot/eth-labels,medium,2026-07-17
0xac4ddaf8fbffba0f1e8c7619720335fd4f03eacd,optimism,retropgf-recipient,null,entity,eth-labels,https://github.com/dawsbot/eth-labels,medium,2026-07-17
0xb30dd1198feed1e22ec969f61eed04cb75937adf,optimism,retropgf-recipient,null,entity,eth-labels,https://github.com/dawsbot/eth-labels,medium,2026-07-17
0xb352bb4e2a4f27683435f153a259f1b207218b1b,optimism,retropgf-recipient,null,entity,eth-labels,https://github.com/dawsbot/eth-labels,medium,2026-07-17
0xb6f5414bab8d5ad8f33e37591c02f7284e974fcb,optimism,retropgf-recipient,null,entity,eth-labels,https://github.com/dawsbot/eth-labels,medium,2026-07-17
0xb7d6937f3aa9e09817c045b7d5b5fb5064370671,optimism,retropgf-recipient,null,entity,eth-labels,https://github.com/dawsbot/eth-labels,medium,2026-07-17
0xb89e800719a96c609db746397b7d2c3b917694e0,optimism,retropgf-recipient,null,entity,eth-labels,https://github.com/dawsbot/eth-labels,medium,2026-07-17
0xbb105e3c6d6406a3f0aab98cd8d0e3a127bd6436,optimism,retropgf-recipient,null,entity,eth-labels,https://github.com/dawsbot/eth-labels,medium,2026-07-17
0xbe0fc34488caa2766c3225b56ade0c1e409c0de7,optimism,retropgf-recipient,null,entity,eth-labels,https://github.com/dawsbot/eth-labels,medium,2026-07-17
0xbec643bd5b7f5e9190617ca4187ef0455950c51c,optimism,retropgf-recipient,null,entity,eth-labels,https://github.com/dawsbot/eth-labels,medium,2026-07-17
0xbf430a49c4d85aeed3908619d5387a1fbf8e74a9,optimism,retropgf-recipient,null,entity,eth-labels,https://github.com/dawsbot/eth-labels,medium,2026-07-17
0xc0017405e287476443ab1b342b86f2ea92ef9f73,optimism,retropgf-recipient,null,entity,eth-labels,https://github.com/dawsbot/eth-labels,medium,2026-07-17
0xc0ac93abb5539769edac951d9ebd5bcbfb854b0f,optimism,retropgf-recipient,null,entity,eth-labels,https://github.com/dawsbot/eth-labels,medium,2026-07-17
0xc152cc22488f1383e675f5738df9a4244fb113a5,optimism,retropgf-recipient,null,entity,eth-labels,https://github.com/dawsbot/eth-labels,medium,2026-07-17
0xc1a69f906ce4366c0c77e0219b3132fea0969231,optimism,retropgf-recipient,null,entity,eth-labels,https://github.com/dawsbot/eth-labels,medium,2026-07-17
0xc1fdb60cfb2fbbd6edc9b445d9b508da2dbf2c9b,optimism,retropgf-recipient,null,entity,eth-labels,https://github.com/dawsbot/eth-labels,medium,2026-07-17
0xc2842a7653b9c2272f424a18dff468c32d1f874d,optimism,retropgf-recipient,null,entity,eth-labels,https://github.com/dawsbot/eth-labels,medium,2026-07-17
0xc4fc57dedd2463314a3fd2dbadb86b4404c257e5,optimism,retropgf-recipient,null,entity,eth-labels,https://github.com/dawsbot/eth-labels,medium,2026-07-17
0xc5a756d63c5fe67b438acbe468aa62a52093fdef,optimism,retropgf-recipient,null,entity,eth-labels,https://github.com/dawsbot/eth-labels,medium,2026-07-17
0xc728dea8b2972e6e07493be8dc2f0314f7dc3e98,optimism,retropgf-recipient,null,entity,eth-labels,https://github.com/dawsbot/eth-labels,medium,2026-07-17
0xc967dedcf086b7fe1eab492f2eb2b74f1e5947b8,optimism,retropgf-recipient,null,entity,eth-labels,https://github.com/dawsbot/eth-labels,medium,2026-07-17
0xce36608441f24e2d5642932f2a511d98bbbc06a9,optimism,retropgf-recipient,null,entity,eth-labels,https://github.com/dawsbot/eth-labels,medium,2026-07-17
0xd06cac3a900dd34fe9ccd32f15dcc75e2423b816,optimism,retropgf-recipient,null,entity,eth-labels,https://github.com/dawsbot/eth-labels,medium,2026-07-17
0xd131f1bcdd547e067af447dd3c36c99d6be9fdeb,optimism,retropgf-recipient,null,entity,eth-labels,https://github.com/dawsbot/eth-labels,medium,2026-07-17
0xd2135cfb216b74109775236e36d4b433f1df507b,optimism,retropgf-recipient,null,entity,eth-labels,https://github.com/dawsbot/eth-labels,medium,2026-07-17
0xd31b671f1a398b519222fdaba5ab5464b9f2a3fa,optimism,retropgf-recipient,null,entity,eth-labels,https://github.com/dawsbot/eth-labels,medium,2026-07-17
0xd35e119782059a27fead4edda8b555f393650bc8,optimism,retropgf-recipient,null,entity,eth-labels,https://github.com/dawsbot/eth-labels,medium,2026-07-17
0xd5abb5086e5d18b6bdb8f0943b7786f2a0af7df2,optimism,retropgf-recipient,null,entity,eth-labels,https://github.com/dawsbot/eth-labels,medium,2026-07-17
0xd7bde01888b8a2a97924444009e31c8d8c2391f3,optimism,retropgf-recipient,null,entity,eth-labels,https://github.com/dawsbot/eth-labels,medium,2026-07-17
0xd8ce5ae15e2a9c8528fdce195ad43015782c5079,optimism,retropgf-recipient,null,entity,eth-labels,https://github.com/dawsbot/eth-labels,medium,2026-07-17
0xd923ca098dbbfb0d24677a3150fa3aa97be461b5,optimism,retropgf-recipient,null,entity,eth-labels,https://github.com/dawsbot/eth-labels,medium,2026-07-17
0xd9ed89a0f4cfbc1be4b7b1aa744b5bd25aca9979,optimism,retropgf-recipient,null,entity,eth-labels,https://github.com/dawsbot/eth-labels,medium,2026-07-17
0xdbe38d1d3631a04875d3fad945d0dfcb2c20f91c,optimism,retropgf-recipient,null,entity,eth-labels,https://github.com/dawsbot/eth-labels,medium,2026-07-17
0xdc0090f8add5db06de0897a54e753af143668668,optimism,retropgf-recipient,null,entity,eth-labels,https://github.com/dawsbot/eth-labels,medium,2026-07-17
0xdcfe20e6c1d14c26930a28b1f92fb981cda26884,optimism,retropgf-recipient,null,entity,eth-labels,https://github.com/dawsbot/eth-labels,medium,2026-07-17
0xe0d76bdf0dcf83685dc41570dd4536649119d304,optimism,retropgf-recipient,null,entity,eth-labels,https://github.com/dawsbot/eth-labels,medium,2026-07-17
0xe126b3e5d052f1f575828f61feba4f4f2603652a,optimism,retropgf-recipient,null,entity,eth-labels,https://github.com/dawsbot/eth-labels,medium,2026-07-17
0xe2d2ac26cb9de9a8bbc6d2698cc40b154fac920d,optimism,retropgf-recipient,null,entity,eth-labels,https://github.com/dawsbot/eth-labels,medium,2026-07-17
0xe4eb51d709d22fe02c42f68a0483fa70a772e984,optimism,retropgf-recipient,null,entity,eth-labels,https://github.com/dawsbot/eth-labels,medium,2026-07-17
0xe8a17e2f1bd4bfcbfbecb8a90be08780949a0cac,optimism,retropgf-recipient,null,entity,eth-labels,https://github.com/dawsbot/eth-labels,medium,2026-07-17
0xe993486b257cd1481aef74b3b909a2627fc8d305,optimism,retropgf-recipient,null,entity,eth-labels,https://github.com/dawsbot/eth-labels,medium,2026-07-17
0xeb67e286faf667a047e435ec90107122b0bc2c01,optimism,retropgf-recipient,null,entity,eth-labels,https://github.com/dawsbot/eth-labels,medium,2026-07-17
0xec087478b0bc2f1a18ff01717e381f44b791114a,optimism,retropgf-recipient,null,entity,eth-labels,https://github.com/dawsbot/eth-labels,medium,2026-07-17
0xefedaf9c07e6eb56bb8f82f30018e4461b1c5f4c,optimism,retropgf-recipient,null,entity,eth-labels,https://github.com/dawsbot/eth-labels,medium,2026-07-17
0xf21b24e6d87c7e5dec3e419551829f6b39dbb807,optimism,retropgf-recipient,null,entity,eth-labels,https://github.com/dawsbot/eth-labels,medium,2026-07-17
0xf23f9c10d1559885dabee67c59c4554e6152697b,optimism,retropgf-recipient,null,entity,eth-labels,https://github.com/dawsbot/eth-labels,medium,2026-07-17
0xf503017d7baf7fbc0fff7492b751025c6a78179b,optimism,retropgf-recipient,null,entity,eth-labels,https://github.com/dawsbot/eth-labels,medium,2026-07-17
0xf78cd306b23031de9e739a5bcde61764e82ad5ef,optimism,retropgf-recipient,null,entity,eth-labels,https://github.com/dawsbot/eth-labels,medium,2026-07-17
0xf86bad4e03d731de4d67b4f3943743f0b4c2084c,optimism,retropgf-recipient,null,entity,eth-labels,https://github.com/dawsbot/eth-labels,medium,2026-07-17
0xf96aa4a25fde246d9dd498b145f52fab0ead29f3,optimism,retropgf-recipient,null,entity,eth-labels,https://github.com/dawsbot/eth-labels,medium,2026-07-17
0xfc10a71b1e7974401d840fd15cebf08ed7e115cc,optimism,retropgf-recipient,null,entity,eth-labels,https://github.com/dawsbot/eth-labels,medium,2026-07-17
0xfc756d8632a19cebd76560ce0a6967279e32131b,optimism,retropgf-recipient,null,entity,eth-labels,https://github.com/dawsbot/eth-labels,medium,2026-07-17
0xfdfc6e1bbec01288447222fc8f1aee55a7c72b7b,optimism,retropgf-recipient,null,entity,eth-labels,https://github.com/dawsbot/eth-labels,medium,2026-07-17
0xfed0e586cb372fd0b17ead9f8cb1347bf8a5937f,optimism,retropgf-recipient,null,entity,eth-labels,https://github.com/dawsbot/eth-labels,medium,2026-07-17
0xff7b65ddc2ffb7f6ac527b4c2f048946b3a5eaf3,optimism,retropgf-recipient,null,entity,eth-labels,https://github.com/dawsbot/eth-labels,medium,2026-07-17
0xff95a2f9bf8fe8019d1f705b5b1e3cb8a8f223c0,optimism,retropgf-recipient,null,entity,eth-labels,https://github.com/dawsbot/eth-labels,medium,2026-07-17
0xa408394465116895ed9ab99076e34b761d0ff253,optimism,router,BitKeep: Swap Router,entity,eth-labels,https://github.com/dawsbot/eth-labels,medium,2026-07-17
0x203328c161d23dceee3e439deeb25ca19e2c4984,optimism,rubicon,Rubicon: Bath House,entity,eth-labels,https://github.com/dawsbot/eth-labels,medium,2026-07-17
0x60daec2fc9d2e0de0577a5c708bcadba1458a833,optimism,rubicon,Rubicon: bathDAI Token,entity,eth-labels,https://github.com/dawsbot/eth-labels,medium,2026-07-17
0x7571cc9895d8e997853b1e0a1521ebd8481aa186,optimism,rubicon,Rubicon: bathWBTC Token,entity,eth-labels,https://github.com/dawsbot/eth-labels,medium,2026-07-17
0x7a512d3609211e719737e82c7bb7271ec05da70d,optimism,rubicon,Rubicon: Rubicon Market,entity,eth-labels,https://github.com/dawsbot/eth-labels,medium,2026-07-17
0x7af14adc8aea70f063c7ea3b2c1ad0d7a59c4bff,optimism,rubicon,Rubicon: Rubicon Router,entity,eth-labels,https://github.com/dawsbot/eth-labels,medium,2026-07-17
0xb0be5d911e3bd4ee2a8706cf1fac8d767a550497,optimism,rubicon,null,entity,eth-labels,https://github.com/dawsbot/eth-labels,medium,2026-07-17
0xe0e112e8f33d3f437d1f895cbb1a456836125952,optimism,rubicon,Rubicon: bathUSDC Token,entity,eth-labels,https://github.com/dawsbot/eth-labels,medium,2026-07-17
0xeb5f29afaaa3f44eca8559c3e8173003060e919f,optimism,rubicon,Rubicon: bathSNX Token,entity,eth-labels,https://github.com/dawsbot/eth-labels,medium,2026-07-17
0xf8780e00ce8ed2e79aec10908a169900ed1d4afe,optimism,rubicon,Rubicon: Bath Pair,entity,eth-labels,https://github.com/dawsbot/eth-labels,medium,2026-07-17
0xffbd695bf246c514110f5dae3fa88b8c2f42c411,optimism,rubicon,Rubicon: bathUSDT Token,entity,eth-labels,https://github.com/dawsbot/eth-labels,medium,2026-07-17
0x07660c06338b78eaa9e529fcef5e11ac56b25cdb,optimism,stackup,null,entity,eth-labels,https://github.com/dawsbot/eth-labels,medium,2026-07-17
0x20e9695f25413f14e5807b530d0698bd4f155074,optimism,stackup,null,entity,eth-labels,https://github.com/dawsbot/eth-labels,medium,2026-07-17
0x226a22889b7f842fb1426b3e81130b461abda8a5,optimism,stackup,null,entity,eth-labels,https://github.com/dawsbot/eth-labels,medium,2026-07-17
0x25df024637d4e56c1ae9563987bf3e92c9f534c0,optimism,stackup,Stackup: ERC-4337 Bundler 1,entity,eth-labels,https://github.com/dawsbot/eth-labels,medium,2026-07-17
0x474ea64bedde53aad1084210bd60eef2989bf80f,optimism,stackup,Stackup: ERC-4337 Paymaster 1,entity,eth-labels,https://github.com/dawsbot/eth-labels,medium,2026-07-17
0x4a28e5ec811a13a11f0a0e3f535472fbed0d4fea,optimism,stackup,null,entity,eth-labels,https://github.com/dawsbot/eth-labels,medium,2026-07-17
0x4a5f132a89f32cda81f3e8faac3c2d0f993effe2,optimism,stackup,null,entity,eth-labels,https://github.com/dawsbot/eth-labels,medium,2026-07-17
0x65c51459258464020e850fba27b427bd708da638,optimism,stackup,null,entity,eth-labels,https://github.com/dawsbot/eth-labels,medium,2026-07-17
0x6892bef4ae1b5cb33f9a175ab822518c9025fc3c,optimism,stackup,Stackup: ERC-4337 Bundler 2,entity,eth-labels,https://github.com/dawsbot/eth-labels,medium,2026-07-17
0x758ac3dc8fb6f939adf42bb83e717f94619052f5,optimism,stackup,null,entity,eth-labels,https://github.com/dawsbot/eth-labels,medium,2026-07-17
0x791b1689526b5560145f99cb9d3b7f24eca2591a,optimism,stackup,null,entity,eth-labels,https://github.com/dawsbot/eth-labels,medium,2026-07-17
0x81c99a7eb142f4e2d8f0681b777d14f65d7a7e53,optimism,stackup,Stackup: ERC-4337 Bundler 4,entity,eth-labels,https://github.com/dawsbot/eth-labels,medium,2026-07-17
0x8f508cef7c94883655751408b9ba80c94937288b,optimism,stackup,null,entity,eth-labels,https://github.com/dawsbot/eth-labels,medium,2026-07-17
0x9831d6f598729bf41055a0af96396cea91eab18b,optimism,stackup,null,entity,eth-labels,https://github.com/dawsbot/eth-labels,medium,2026-07-17
0x9c98b1528c26cf36e78527308c1b21d89baed700,optimism,stackup,Stackup: ERC-4337 Bundler 5,entity,eth-labels,https://github.com/dawsbot/eth-labels,medium,2026-07-17
0xa5fdfcbceeceb5741ef73f86cf3ed6e80e5e920d,optimism,stackup,null,entity,eth-labels,https://github.com/dawsbot/eth-labels,medium,2026-07-17
0xab97d6a3174b8bf60d0f017c8453f543ea835d36,optimism,stackup,null,entity,eth-labels,https://github.com/dawsbot/eth-labels,medium,2026-07-17
0xe93eca6595fe94091dc1af46aac2a8b5d7990770,optimism,stackup,Stackup: ERC-4337 Paymaster 2,entity,eth-labels,https://github.com/dawsbot/eth-labels,medium,2026-07-17
0xfd72ae8ff5cc18849d83f13a252a0d8fd99eb0ac,optimism,stackup,Stackup: ERC-4337 Bundler 3,entity,eth-labels,https://github.com/dawsbot/eth-labels,medium,2026-07-17
0x0060b9f4eaa97b310bf74947edcdfe2967e54d7d,optimism,synthetix,Synthetix: Perps V2 Market Views STETH PERP,entity,eth-labels,https://github.com/dawsbot/eth-labels,medium,2026-07-17
0x00fc152c7dc2df709161dcc8ba541eb77e612d4e,optimism,synthetix,Synthetix: Perps V2 Market SOLPERP,entity,eth-labels,https://github.com/dawsbot/eth-labels,medium,2026-07-17
0x010a2f40b3b09fdbc60cb06f1b7f1a2a757d0ef2,optimism,synthetix,Synthetix: Perps V2 Delayed Intent AUDPERP,entity,eth-labels,https://github.com/dawsbot/eth-labels,medium,2026-07-17
0x0142f40c25ce1f1177ed131101fa19217396cb88,optimism,synthetix,Synthetix: Safe Decimal Math,entity,eth-labels,https://github.com/dawsbot/eth-labels,medium,2026-07-17
0x0194e4bbd724633546d543a28125c579dfec057c,optimism,synthetix,Synthetix: Perps V2 Market Liquidate ZILPERP,entity,eth-labels,https://github.com/dawsbot/eth-labels,medium,2026-07-17
0x01a43786c2279dc417e7901d45b917afa51ceb9a,optimism,synthetix,Synthetix: Perps V2 Proxy ZILPERP,entity,eth-labels,https://github.com/dawsbot/eth-labels,medium,2026-07-17
0x02a26df328e08c12ce3a5ed428b83dc5e4c2ee67,optimism,synthetix,Synthetix: Perps V2 Delayed Intent EOSPERP,entity,eth-labels,https://github.com/dawsbot/eth-labels,medium,2026-07-17
0x02e85b8dd638a5fabd9d67802a92721d2e18fc6d,optimism,synthetix,Synthetix: Perps V2 Delayed Execution STETHPERP,entity,eth-labels,https://github.com/dawsbot/eth-labels,medium,2026-07-17
0x02f7fb66b55e6ca476d126d96f14c5732eeb4363,optimism,synthetix,Synthetix: Delegate Approvals Eternal Storage,entity,eth-labels,https://github.com/dawsbot/eth-labels,medium,2026-07-17
0x031a448f59111000b96f016c37e9c71e57845096,optimism,synthetix,Synthetix: Perps V2 Proxy USDTPERP,entity,eth-labels,https://github.com/dawsbot/eth-labels,medium,2026-07-17
0x03c0544195a86028abdd8e69239a03b7ca0bc283,optimism,synthetix,Synthetix: Perps V2 Market Liquidate ENJPERP,entity,eth-labels,https://github.com/dawsbot/eth-labels,medium,2026-07-17
0x04412b2ae241c602be87bc1114238d50d08398fb,optimism,synthetix,Synthetix: Perps V2 Market State ETCPERP,entity,eth-labels,https://github.com/dawsbot/eth-labels,medium,2026-07-17
0x04631b9297919e98334c5abaa762c48af071b4ef,optimism,synthetix,Synthetix: Perps V2 Market Views ENJ PERP,entity,eth-labels,https://github.com/dawsbot/eth-labels,medium,2026-07-17
0x047b3714f3b3adfc1aa1f31c710ca3ca967aeaa3,optimism,synthetix,Synthetix: Perps V2 Market Views XRP PERP,entity,eth-labels,https://github.com/dawsbot/eth-labels,medium,2026-07-17
0x04915c122eba1cd7629a2a00d9ae2a4c145ab21b,optimism,synthetix,Synthetix: Perps V2 Market Views MAV PERP,entity,eth-labels,https://github.com/dawsbot/eth-labels,medium,2026-07-17
0x04b50a5992ea2281e14d43494d656698ea9c24dd,optimism,synthetix,Synthetix: SynthsSOL Tokrn,entity,eth-labels,https://github.com/dawsbot/eth-labels,medium,2026-07-17
0x059681217e9186e007864aa16893b65a0589718b,optimism,synthetix,Synthetix: Old Exchanger,entity,eth-labels,https://github.com/dawsbot/eth-labels,medium,2026-07-17
0x0679e0fa9ecd77e2bd900555cbe10a5dd519a5fd,optimism,synthetix,Synthetix: Perps V2 Market Liquidate BTCPERP,entity,eth-labels,https://github.com/dawsbot/eth-labels,medium,2026-07-17
0x0681883084b5de1564fe2706c87affd77f1677d5,optimism,synthetix,Synthetix: Synth sETH,entity,eth-labels,https://github.com/dawsbot/eth-labels,medium,2026-07-17
0x06c6d063896ac733673c4474e44d9268f2402a55,optimism,synthetix,Synthetix: Synthetix Escrow,entity,eth-labels,https://github.com/dawsbot/eth-labels,medium,2026-07-17
0x074b8f19fc91d6b2eb51143e1f186ca0ddb88042,optimism,synthetix,Synthetix: Perps V2 Proxy NEARPERP,entity,eth-labels,https://github.com/dawsbot/eth-labels,medium,2026-07-17
0x089af032687993426a628184cb3d0610d2cda6f2,optimism,synthetix,Synthetix: Perps V2 Market State APEPERP,entity,eth-labels,https://github.com/dawsbot/eth-labels,medium,2026-07-17
0x08a008eea07d3cc7ca1913eec3468c10f8f79e6a,optimism,synthetix,Synthetix: Token State sLINK,entity,eth-labels,https://github.com/dawsbot/eth-labels,medium,2026-07-17
0x08bcea94194a1d63379123073cb254b77f7721a5,optimism,synthetix,Synthetix: Perps V2 Delayed Execution ZRXPERP,entity,eth-labels,https://github.com/dawsbot/eth-labels,medium,2026-07-17
0x093583d2135af25ab49a4e148698ee0125bcf2f8,optimism,synthetix,Synthetix: Perps V2 Market TRXPERP,entity,eth-labels,https://github.com/dawsbot/eth-labels,medium,2026-07-17
0x0940b0a96c5e1ba33aee331a9f950bb2a6f2fb25,optimism,synthetix,Synthetix: Perps V2 Proxy COMPPERP,entity,eth-labels,https://github.com/dawsbot/eth-labels,medium,2026-07-17
0x097b1ec678f135fa31c7d4c0d92b34940db06251,optimism,synthetix,Synthetix: Perps V2 Delayed Execution RNDRPERP,entity,eth-labels,https://github.com/dawsbot/eth-labels,medium,2026-07-17
0x09f9d7aaa6bef9598c3b676c0e19c9786aa566a8,optimism,synthetix,Synthetix: Perps V2 Proxy UMAPERP,entity,eth-labels,https://github.com/dawsbot/eth-labels,medium,2026-07-17
0x0a0a22189c8732ca089d6fb6709e65140a446a41,optimism,synthetix,Synthetix: Perps V2 Market State DOGEPERP,entity,eth-labels,https://github.com/dawsbot/eth-labels,medium,2026-07-17
0x0aaf300e148378489a8a471dd3e9e53e30cb42e3,optimism,synthetix,Synthetix: Oracle Manager,entity,eth-labels,https://github.com/dawsbot/eth-labels,medium,2026-07-17
0x0b08d567d1893d9e0b48e61d1f9ecd9d7c6b11ee,optimism,synthetix,Synthetix: Perps V2 Market MKRPERP,entity,eth-labels,https://github.com/dawsbot/eth-labels,medium,2026-07-17
0x0b1e9543c3cda15d431dcdc94724f3ff3cadac1f,optimism,synthetix,Synthetix: Perps V2 Market Liquidate APEPERP,entity,eth-labels,https://github.com/dawsbot/eth-labels,medium,2026-07-17
0x0b3a73ee0740b3130e40b2a6b5aaf59e7e3ef74c,optimism,synthetix,Synthetix: Math,entity,eth-labels,https://github.com/dawsbot/eth-labels,medium,2026-07-17
0x0bb16a341eda6b5e0768b55eb091cd914be96bc1,optimism,synthetix,Synthetix: Perps V2 Market Views BCH PERP,entity,eth-labels,https://github.com/dawsbot/eth-labels,medium,2026-07-17
0x0c2ed9b23baf9c5f486e175d406728d3be46d2a6,optimism,synthetix,Synthetix: Reward Escrow V2 Storage,entity,eth-labels,https://github.com/dawsbot/eth-labels,medium,2026-07-17
0x0c35263a2c4ed7bb812d3b4f4a5da1a623fb2b7b,optimism,synthetix,Synthetix: Perps V2 Market Views XLM PERP,entity,eth-labels,https://github.com/dawsbot/eth-labels,medium,2026-07-17
0x0cdfdbf84ac56d54657d3895602bb2982fd1efe4,optimism,synthetix,Synthetix: Perps V2 Delayed Intent INJPERP,entity,eth-labels,https://github.com/dawsbot/eth-labels,medium,2026-07-17
0x0d8121e17b74e537286304c7804a5bc592a7964f,optimism,synthetix,Synthetix: Perps V2 Delayed Execution AUDPERP,entity,eth-labels,https://github.com/dawsbot/eth-labels,medium,2026-07-17
0x0daea0367d7b82644c4db4d992cf4ba39c8a359c,optimism,synthetix,Synthetix: Perps V2 Market Liquidate ETH BTCPERP,entity,eth-labels,https://github.com/dawsbot/eth-labels,medium,2026-07-17
0x0db1b224c5203fa22cfdfa3f92519d150ad86612,optimism,synthetix,Synthetix: Perps V2 Market State UNIPERP,entity,eth-labels,https://github.com/dawsbot/eth-labels,medium,2026-07-17
0x0e1a5c48f3ae7c629155afabbbcd5442627c7ef6,optimism,synthetix,Synthetix: Perps V2 Delayed Intent ZILPERP,entity,eth-labels,https://github.com/dawsbot/eth-labels,medium,2026-07-17
0x0e429603d3cb1dfae4e6f52add5fe82d96d77dac,optimism,synthetix,Synthetix: SACCT Token,entity,eth-labels,https://github.com/dawsbot/eth-labels,medium,2026-07-17
0x0e4695edb83fb23e6b12afa3660bef09610791de,optimism,synthetix,Synthetix: Perps V2 Market State ZRXPERP,entity,eth-labels,https://github.com/dawsbot/eth-labels,medium,2026-07-17
0x0ea09d97b4084d859328ec4bf8ebcf9ecca26f1d,optimism,synthetix,Synthetix: Perps V2 Proxy SUIPERP,entity,eth-labels,https://github.com/dawsbot/eth-labels,medium,2026-07-17
0x0ea666319f4f0eaa7f16711f2fe7f4b159957f48,optimism,synthetix,Synthetix: Perps V2 Market State XRPPERP,entity,eth-labels,https://github.com/dawsbot/eth-labels,medium,2026-07-17
0x0ed899bde78b8f647d8bb1a44cd2dedfc087188c,optimism,synthetix,Synthetix: Perps V2 Market Views ZRX PERP,entity,eth-labels,https://github.com/dawsbot/eth-labels,medium,2026-07-17
0x0f6877e0bb54a0739c6173a814b39d5127804123,optimism,synthetix,Synthetix: SynthsLINK Token,entity,eth-labels,https://github.com/dawsbot/eth-labels,medium,2026-07-17
0x102aff35c746b44a639a1ce344a1461306835e86,optimism,synthetix,Synthetix: Perps V2 Market OPPERP,entity,eth-labels,https://github.com/dawsbot/eth-labels,medium,2026-07-17
0x105f7f2986a2414b4007958b836904100a53d1ad,optimism,synthetix,Synthetix: Perps V2 Proxy LDOPERP,entity,eth-labels,https://github.com/dawsbot/eth-labels,medium,2026-07-17
0x1228c7d8bbc5bc53db181bd7b1fce765aa83bf8a,optimism,synthetix,Synthetix: Futures Market LINK,entity,eth-labels,https://github.com/dawsbot/eth-labels,medium,2026-07-17
0x128d0eb5e26cf95128aa9ac395f88dce705aedac,optimism,synthetix,Synthetix: Perps V2 Delayed Intent DOGEPERP,entity,eth-labels,https://github.com/dawsbot/eth-labels,medium,2026-07-17
0x139f94e4f0e1101c1464a321cba815c34d58b5d9,optimism,synthetix,Synthetix: Perps V2 Proxy ETCPERP,entity,eth-labels,https://github.com/dawsbot/eth-labels,medium,2026-07-17
0x1454ba0f1c5fcb401cfe72e028114fee022990ee,optimism,synthetix,Synthetix: Perps V2 Market FTMPERP,entity,eth-labels,https://github.com/dawsbot/eth-labels,medium,2026-07-17
0x14a3f810db4e4ec74906d2538de00a4c995f229e,optimism,synthetix,Synthetix: Perps V2 Market Liquidate UMAPERP,entity,eth-labels,https://github.com/dawsbot/eth-labels,medium,2026-07-17
0x14e6f8e6da00a32c069b11b64e48ea1fef2361d4,optimism,synthetix,Synthetix: Liquidations,entity,eth-labels,https://github.com/dawsbot/eth-labels,medium,2026-07-17
0x152da6a8f32f25b56a32ef5559d4a2a96d09148b,optimism,synthetix,Synthetix: Perps V2 Proxy LTCPERP,entity,eth-labels,https://github.com/dawsbot/eth-labels,medium,2026-07-17
0x15df53aecf14f4525be5f7ac8240968cbf5bcaaf,optimism,synthetix,Synthetix: Perps V2 Market Liquidate RPLPERP,entity,eth-labels,https://github.com/dawsbot/eth-labels,medium,2026-07-17
0x15e7d4972a3e477878a5867a47617122be2d1ff0,optimism,synthetix,Synthetix: Collateral Manager,entity,eth-labels,https://github.com/dawsbot/eth-labels,medium,2026-07-17
0x15f71cb39f39a3b30ef610a15ce1cbe766cb069c,optimism,synthetix,Synthetix: Perps V2 Delayed Execution EOSPERP,entity,eth-labels,https://github.com/dawsbot/eth-labels,medium,2026-07-17
0x1681212a0edaf314496b489ab57cb3a5ad7a833f,optimism,synthetix,Synthetix: Perps V2 Proxy XAUPERP,entity,eth-labels,https://github.com/dawsbot/eth-labels,medium,2026-07-17
0x17628a557d1fc88d1c35989dcbac3f3e275e2d2b,optimism,synthetix,Synthetix: Debt Cache,entity,eth-labels,https://github.com/dawsbot/eth-labels,medium,2026-07-17
0x17ccefad2ae2784af7012af04c76bdafaa4e7b37,optimism,synthetix,Synthetix: Perps V2 Market Views PEPE PERP,entity,eth-labels,https://github.com/dawsbot/eth-labels,medium,2026-07-17
0x184d5a9f37d0ca2151102958d174e21db6605069,optimism,synthetix,Synthetix: Perps V2 Market Views LTC PERP,entity,eth-labels,https://github.com/dawsbot/eth-labels,medium,2026-07-17
0x186c50515e6ee95cec381d7f6fe72c67085dbcb4,optimism,synthetix,Synthetix: Direct Integration Manager,entity,eth-labels,https://github.com/dawsbot/eth-labels,medium,2026-07-17
0x18970122d688b97023edc44da27a51230dc6799c,optimism,synthetix,Synthetix: Perps V2 Delayed Execution ADA PERP,entity,eth-labels,https://github.com/dawsbot/eth-labels,medium,2026-07-17
0x18f763fd61efd3d9884981cc2cbd6845351e4b70,optimism,synthetix,Synthetix: Perps V2 Market RUNEPERP,entity,eth-labels,https://github.com/dawsbot/eth-labels,medium,2026-07-17
0x1951c6b2d9dd9a3cf10aac5e79a7eca0a5300bb5,optimism,synthetix,Synthetix: Perps V2 Market State FTMPERP,entity,eth-labels,https://github.com/dawsbot/eth-labels,medium,2026-07-17
0x19ba5013824a45ee0f9e4738c8618d40ba11234a,optimism,synthetix,Synthetix: Perps V2 Delayed Execution FLOWPERP,entity,eth-labels,https://github.com/dawsbot/eth-labels,medium,2026-07-17
0x19bd719105008c82da4b4fd8112c9d2a97c0930c,optimism,synthetix,Synthetix: Perps V2 Market Views CELO PERP,entity,eth-labels,https://github.com/dawsbot/eth-labels,medium,2026-07-17
0x1a83bbccfab68a8bf901c298c5db5acb8a2c7b05,optimism,synthetix,Synthetix: Perps V2 Delayed Execution XAUPERP,entity,eth-labels,https://github.com/dawsbot/eth-labels,medium,2026-07-17
0x1b9d6cd65ddc981410cb93af91b097667e0bc7ee,optimism,synthetix,Synthetix: Old Exchange Rates,entity,eth-labels,https://github.com/dawsbot/eth-labels,medium,2026-07-17
0x1cb059b7e74fd21665968c908806143e744d5f30,optimism,synthetix,Synthetix: Read Proxy Address Resolver,entity,eth-labels,https://github.com/dawsbot/eth-labels,medium,2026-07-17
0x1d46c117e7e9a5dd242724a1952911ece78e0831,optimism,synthetix,Synthetix: Perps V2 Market State LDOPERP,entity,eth-labels,https://github.com/dawsbot/eth-labels,medium,2026-07-17
0x1dad8808d8ac58a0df912adc4b215ca3b93d6c49,optimism,synthetix,Synthetix: Perps V2 Proxy INJPERP,entity,eth-labels,https://github.com/dawsbot/eth-labels,medium,2026-07-17
0x1f53699b435326b6e264727b5504cc28006bed8b,optimism,synthetix,Synthetix: Perps V2 Market State EOSPERP,entity,eth-labels,https://github.com/dawsbot/eth-labels,medium,2026-07-17
0x2107a107d1043b2c442b8de40d6696c29bd2c5b8,optimism,synthetix,Synthetix: Perps V2 Market State YFIPERP,entity,eth-labels,https://github.com/dawsbot/eth-labels,medium,2026-07-17
0x210ba565130f2af399fd8435a279b22894e8d096,optimism,synthetix,Synthetix: Perps V2 Delayed Execution BNBPERP,entity,eth-labels,https://github.com/dawsbot/eth-labels,medium,2026-07-17
0x2114d1c571cb541f3416a65f8bccff9bb9e55dc5,optimism,synthetix,Synthetix: Token State sAVAX,entity,eth-labels,https://github.com/dawsbot/eth-labels,medium,2026-07-17
0x2214cd24c13d7b36432c66e73984bc44d479cd51,optimism,synthetix,Synthetix: Perps V2 Delayed Execution BLURPERP,entity,eth-labels,https://github.com/dawsbot/eth-labels,medium,2026-07-17
0x2227af48ec971e3c786f3e06064cba455724d6ba,optimism,synthetix,Synthetix: Perps V2 Delayed Execution ETHPERP,entity,eth-labels,https://github.com/dawsbot/eth-labels,medium,2026-07-17
0x2292865b2b6c837b7406e819200ce61c1c4f8d43,optimism,synthetix,Synthetix: Perps V2 Proxy DOGEPERP,entity,eth-labels,https://github.com/dawsbot/eth-labels,medium,2026-07-17
0x2302d7f7783e2712c48aa684451b9d706e74f299,optimism,synthetix,Synthetix: Synth sLINK,entity,eth-labels,https://github.com/dawsbot/eth-labels,medium,2026-07-17
0x2365d3e91e585c974c28a5b82d6aa266f68a44ad,optimism,synthetix,Synthetix: Perps V2 Market State PEPEPERP,entity,eth-labels,https://github.com/dawsbot/eth-labels,medium,2026-07-17
0x239847700d9134ceeaec306daa40b569cee1d5a0,optimism,synthetix,Synthetix: Perps V2 Delayed Intent XMRPERP,entity,eth-labels,https://github.com/dawsbot/eth-labels,medium,2026-07-17
0x23b2558318e4955dfc3402567e22b1ff102db3dd,optimism,synthetix,Synthetix: Perps V2 Market Views ARB PERP,entity,eth-labels,https://github.com/dawsbot/eth-labels,medium,2026-07-17
0x244c689bfa19f046124e75339887f9918317b919,optimism,synthetix,Synthetix: Perps V2 Delayed Execution USDTPERP,entity,eth-labels,https://github.com/dawsbot/eth-labels,medium,2026-07-17
0x2493291196f02794465b89ef50f80c60fa8d0e89,optimism,synthetix,Synthetix: Perps V2 Market Liquidate XAUPERP,entity,eth-labels,https://github.com/dawsbot/eth-labels,medium,2026-07-17
0x24b4b6703a2ee7ba75a4fc859b606f0bbaeef4ea,optimism,synthetix,Synthetix: Exchanger,entity,eth-labels,https://github.com/dawsbot/eth-labels,medium,2026-07-17
0x24d29234e34793476000fa068e858de4380646e6,optimism,synthetix,Synthetix: Perps V2 Market Views PERP PERP,entity,eth-labels,https://github.com/dawsbot/eth-labels,medium,2026-07-17
0x253914cf059f4c3e277c28060c404acfc38fb6e2,optimism,synthetix,Synthetix: Signed Safe Decimal Math,entity,eth-labels,https://github.com/dawsbot/eth-labels,medium,2026-07-17
0x27665271210acff4fab08ad9bb657e91866471f0,optimism,synthetix,Synthetix: Perps V2 Proxy GBPPERP,entity,eth-labels,https://github.com/dawsbot/eth-labels,medium,2026-07-17
0x277efafccb3683fd0dd5facca8f37e3130d359fb,optimism,synthetix,Synthetix: Perps V2 Market Liquidate DOGEPERP,entity,eth-labels,https://github.com/dawsbot/eth-labels,medium,2026-07-17
0x27b9c4af1bacd39fb216a3a27c9f1e3cd8570b19,optimism,synthetix,Synthetix: Perps V2 Market BALPERP,entity,eth-labels,https://github.com/dawsbot/eth-labels,medium,2026-07-17
0x27be2efad45debd732c1ebf5c9f7b49d498d4a93,optimism,synthetix,Synthetix: Wrapper Factory,entity,eth-labels,https://github.com/dawsbot/eth-labels,medium,2026-07-17
0x28224ef515d01709916f5ac4d8a72664a7b56e98,optimism,synthetix,Synthetix: Old System Settings,entity,eth-labels,https://github.com/dawsbot/eth-labels,medium,2026-07-17
0x2891452e2068ac9471e3610e956510c46b4effe5,optimism,synthetix,Synthetix: Perps V2 Market Views APE PERP,entity,eth-labels,https://github.com/dawsbot/eth-labels,medium,2026-07-17
0x28bde5c67624b2ef7fa27c9c9b0678fe3009913e,optimism,synthetix,Synthetix: Perps V2 Delayed Execution XRPPERP,entity,eth-labels,https://github.com/dawsbot/eth-labels,medium,2026-07-17
0x28e1ce29acdfe1e74e6fa18591e1d5481d2085a1,optimism,synthetix,Synthetix: Perps V2 Market State XAGPERP,entity,eth-labels,https://github.com/dawsbot/eth-labels,medium,2026-07-17
0x2903c913bbbac9fbb6c4a080210ced9eec1f66a6,optimism,synthetix,Synthetix: Perps V2 Market Views LINK PERP,entity,eth-labels,https://github.com/dawsbot/eth-labels,medium,2026-07-17
0x29533e33226e5383a36eb4bf515ff067379ed841,optimism,synthetix,Synthetix: Perps V2 Market Views DOT PERP,entity,eth-labels,https://github.com/dawsbot/eth-labels,medium,2026-07-17
0x29601bafee838f75679e0024e9b8e44d6f1b6f2c,optimism,synthetix,Synthetix: Perps V2 Market FXSPERP,entity,eth-labels,https://github.com/dawsbot/eth-labels,medium,2026-07-17
0x298b9b95708152ff6968aafd889c6586e9169f1d,optimism,synthetix,Synthetix: sBTC Token,entity,eth-labels,https://github.com/dawsbot/eth-labels,medium,2026-07-17
0x2a1fa1fbf771c353ebfe63472ebbb16444a9b0ef,optimism,synthetix,Synthetix: Perps V2 Market Views YFI PERP,entity,eth-labels,https://github.com/dawsbot/eth-labels,medium,2026-07-17
0x2a23bc0ea97a89abd91214e8e4d20f02fe14743f,optimism,synthetix,Synthetix: Delegate Approvals,entity,eth-labels,https://github.com/dawsbot/eth-labels,medium,2026-07-17
0x2a77e3382e205d586ca6e4c9f8d7dc6e6bb2054d,optimism,synthetix,Synthetix: Perps V2 Market Liquidate EURPERP,entity,eth-labels,https://github.com/dawsbot/eth-labels,medium,2026-07-17
0x2ae5608ab3fb3863a713715f3f59216bcabc5150,optimism,synthetix,Synthetix: Perps V2 Delayed Intent BNBPERP,entity,eth-labels,https://github.com/dawsbot/eth-labels,medium,2026-07-17
0x2aef3f9e57e2695c32beac56d79bfe4efb55bf63,optimism,synthetix,Synthetix: Perps V2 Delayed Execution XLMPERP,entity,eth-labels,https://github.com/dawsbot/eth-labels,medium,2026-07-17
0x2b3bb4c683bfc5239b029131eef3b1d214478d93,optimism,synthetix,Synthetix: Perps V2 Proxy FLOKIPERP,entity,eth-labels,https://github.com/dawsbot/eth-labels,medium,2026-07-17
0x2b8ce8a8abf039db01b2ad7f512b9157467eb264,optimism,synthetix,Synthetix: Perps V2 Delayed Execution AXSPERP,entity,eth-labels,https://github.com/dawsbot/eth-labels,medium,2026-07-17
0x2c15259d4886e2c0946f9ab7a5e389c86b3c3b04,optimism,synthetix,Synthetix: Perps V2 Exchange Rate,entity,eth-labels,https://github.com/dawsbot/eth-labels,medium,2026-07-17
0x2c5e2148bf3409659967fe3684fd999a76171235,optimism,synthetix,Synthetix: Perps V2 Proxy FTMPERP,entity,eth-labels,https://github.com/dawsbot/eth-labels,medium,2026-07-17
0x2c5fc227af9100f8d6fc963549de3e3bada8c3a9,optimism,synthetix,Synthetix: Perps V2 Delayed Intent ATOMPERP,entity,eth-labels,https://github.com/dawsbot/eth-labels,medium,2026-07-17
0x2cc4707f6aef86cdba05f45da98d365a66dfd5d7,optimism,synthetix,Synthetix: Perps V2 Market State RUNEPERP,entity,eth-labels,https://github.com/dawsbot/eth-labels,medium,2026-07-17
0x2ccaf0500142f8e563ff361c3b34abee16b6205d,optimism,synthetix,Synthetix: Perps V2 Market State SUIPERP,entity,eth-labels,https://github.com/dawsbot/eth-labels,medium,2026-07-17
0x2dc99068ad1d5b437b63c2afa5c3d30a23084764,optimism,synthetix,Synthetix: Perps V2 Market FILPERP,entity,eth-labels,https://github.com/dawsbot/eth-labels,medium,2026-07-17
0x2dcad1a019fba8301b77810ae14007cc88ed004b,optimism,synthetix,Synthetix: Trading Rewards,entity,eth-labels,https://github.com/dawsbot/eth-labels,medium,2026-07-17
0x2ea06e73083f1b3314fa090eae4a5f70eb058f2e,optimism,synthetix,Synthetix: Old Perps V2 Proxy YFIPERP,entity,eth-labels,https://github.com/dawsbot/eth-labels,medium,2026-07-17
0x2ec454957c0e66266398076f066faac77c48d88d,optimism,synthetix,Synthetix: Perps V2 Market State STETHETHPERP,entity,eth-labels,https://github.com/dawsbot/eth-labels,medium,2026-07-17
0x2f94942764c997e777f7ded68679a5ecc6b7514c,optimism,synthetix,Synthetix: Perps V2 Market Views MATIC PERP,entity,eth-labels,https://github.com/dawsbot/eth-labels,medium,2026-07-17
0x2fd9a39acf071aa61f92f3d7a98332c68d6b6602,optimism,synthetix,Synthetix: Perps V2 Proxy ICPERP,entity,eth-labels,https://github.com/dawsbot/eth-labels,medium,2026-07-17
0x2fffebed35931abd9014a39ae41fa26d511e31f4,optimism,synthetix,Synthetix: Perps V2 Market Views OPP PERP,entity,eth-labels,https://github.com/dawsbot/eth-labels,medium,2026-07-17
0x308ad16ef90fe7cacb85b784a603cb6e71b1a41a,optimism,synthetix,Synthetix: Collateral ETH,entity,eth-labels,https://github.com/dawsbot/eth-labels,medium,2026-07-17
0x3091acaeaf27985f33a8a4b0eefea49dc60c8506,optimism,synthetix,Synthetix: Perps V2 Market ETHBTCPERP,entity,eth-labels,https://github.com/dawsbot/eth-labels,medium,2026-07-17
0x31a1659ca00f617e86dc765b6494afe70a5a9c1a,optimism,synthetix,Synthetix: Perps V2 Proxy MAVPERP,entity,eth-labels,https://github.com/dawsbot/eth-labels,medium,2026-07-17
0x31ec26de77aa4c859b7a15a37d2fc9eb61289c14,optimism,synthetix,Synthetix: Perps V2 Delayed Execution ARBPERP,entity,eth-labels,https://github.com/dawsbot/eth-labels,medium,2026-07-17
0x325a0fa8e3a0a40fa82bc6d222b1af765ab77b36,optimism,synthetix,Synthetix: Perps V2 Market Liquidate BLURPERP,entity,eth-labels,https://github.com/dawsbot/eth-labels,medium,2026-07-17
0x325af017a497953734cb7b1f51580ff9ad1122b1,optimism,synthetix,Synthetix: Perps V2 Market State KNCPERP,entity,eth-labels,https://github.com/dawsbot/eth-labels,medium,2026-07-17
0x32a357ade8497ea57446b4bf5099fa9f0918592f,optimism,synthetix,Synthetix: Perps V2 Delayed Intent CELOPERP,entity,eth-labels,https://github.com/dawsbot/eth-labels,medium,2026-07-17
0x33c3c4d49dee4232498b3efa5336c627801e998d,optimism,synthetix,Synthetix: Perps V2 Market Views WLD PERP,entity,eth-labels,https://github.com/dawsbot/eth-labels,medium,2026-07-17
0x33c8daf48c691c54897070c3621fdecc249c7202,optimism,synthetix,Synthetix: Perps V2 Delayed Execution BTCPERP,entity,eth-labels,https://github.com/dawsbot/eth-labels,medium,2026-07-17
0x33d4613639603c845e61a02cd3d2a78be7d513dc,optimism,synthetix,Synthetix: Perps V2 Proxy KNCPERP,entity,eth-labels,https://github.com/dawsbot/eth-labels,medium,2026-07-17
0x3403a3430e4a62577e70fb48e070268d84a8f910,optimism,synthetix,Synthetix: Perps V2 Delayed Execution NEARPERP,entity,eth-labels,https://github.com/dawsbot/eth-labels,medium,2026-07-17
0x340b5d664834113735730ad4afb3760219ad9112,optimism,synthetix,Synthetix: Perps V2 Market Data,entity,eth-labels,https://github.com/dawsbot/eth-labels,medium,2026-07-17
0x34c2360ffe5d21542f76e991ffd104f281d4b3fb,optimism,synthetix,Synthetix: SynthsINR Token,entity,eth-labels,https://github.com/dawsbot/eth-labels,medium,2026-07-17
0x352b138d7f6500fc71a014f3c7ed48b6d99fbe4d,optimism,synthetix,Synthetix: Perps V2 Market BTCPERP,entity,eth-labels,https://github.com/dawsbot/eth-labels,medium,2026-07-17
0x35b9d048d4cb99bb34d59fbf962e86b8ee44760f,optimism,synthetix,Synthetix: Perps V2 Market Liquidate XAGPERP,entity,eth-labels,https://github.com/dawsbot/eth-labels,medium,2026-07-17
0x368a5126ff8e659004b6f9c9f723e15632e2b428,optimism,synthetix,Synthetix: SynthsAVAX Token,entity,eth-labels,https://github.com/dawsbot/eth-labels,medium,2026-07-17
0x3713bc72567a6c797ac69678f72a5a0d80c56dc9,optimism,synthetix,Synthetix: Perps V2 Market Views INJ PERP,entity,eth-labels,https://github.com/dawsbot/eth-labels,medium,2026-07-17
0x374f2d3353bd664a2b25508df4a3b58939999e1b,optimism,synthetix,Synthetix: Old Perps V2 Delayed Execution DOGEPERP,entity,eth-labels,https://github.com/dawsbot/eth-labels,medium,2026-07-17
0x38908ee087d7db73a1bd1ecab9aab8e8c9c74595,optimism,synthetix,Synthetix: Spot Market,entity,eth-labels,https://github.com/dawsbot/eth-labels,medium,2026-07-17
0x3942722d61d784347f38caa493b1e073ab321b22,optimism,synthetix,Synthetix: Perps V2 Market RNDRPERP,entity,eth-labels,https://github.com/dawsbot/eth-labels,medium,2026-07-17
0x3a52b21816168dfe35be99b7c5fc209f17a0adb1,optimism,synthetix,Synthetix: Perps V2 Proxy BLURPERP,entity,eth-labels,https://github.com/dawsbot/eth-labels,medium,2026-07-17
0x3ada6d040314676b1e8a4bc1a0a16060b42a00ef,optimism,synthetix,Synthetix: Perps V2 Delayed Intent ETHPERP,entity,eth-labels,https://github.com/dawsbot/eth-labels,medium,2026-07-17
0x3cf1be829c5ee73630482d2e92bf9461adf1b213,optimism,synthetix,Synthetix: Perps V2 Delayed Intent APEPERP,entity,eth-labels,https://github.com/dawsbot/eth-labels,medium,2026-07-17
0x3d3f34416f60f77a0a6cc8e32abe45d32a7497cb,optimism,synthetix,Synthetix: Perps V2 Proxy RPLPERP,entity,eth-labels,https://github.com/dawsbot/eth-labels,medium,2026-07-17
0x3d869950817920eda9fc9a633ab7f06b97444dd7,optimism,synthetix,Synthetix: Perps V2 Market State XMRPERP,entity,eth-labels,https://github.com/dawsbot/eth-labels,medium,2026-07-17
0x3dfbb7d0770e6eb77fbec89c0840e9a0f29c76ff,optimism,synthetix,Synthetix: Perps V2 Market State BNBPERP,entity,eth-labels,https://github.com/dawsbot/eth-labels,medium,2026-07-17
0x3ed04ceff4c91872f19b1da35740c0be9ca21558,optimism,synthetix,Synthetix: Futures Market XMR,entity,eth-labels,https://github.com/dawsbot/eth-labels,medium,2026-07-17
0x3f30190416ebde7f50749cf3579af1beef2e7fa8,optimism,synthetix,Synthetix: Perps V2 Market Views GBP PERP,entity,eth-labels,https://github.com/dawsbot/eth-labels,medium,2026-07-17
0x3f9917995e1a55060b984dbee9d7358d9eb7ac8c,optimism,synthetix,Synthetix: Perps V2 Delayed Execution ZECPERP,entity,eth-labels,https://github.com/dawsbot/eth-labels,medium,2026-07-17
0x3fcc706dd9ab9ac3daf6f205abe26712ddcbbd3e,optimism,synthetix,Synthetix: Perps V2 Delayed Intent FLOKIPERP,entity,eth-labels,https://github.com/dawsbot/eth-labels,medium,2026-07-17
0x3ffbc2f1029ccb193d011757e2bbd57538711d86,optimism,synthetix,Synthetix: Perps V2 Market Views BAL PERP,entity,eth-labels,https://github.com/dawsbot/eth-labels,medium,2026-07-17
0x4022ab250b5c32c286a3953bc740368d6b68b067,optimism,synthetix,Synthetix: Perps V2 Delayed Intent FXSPERP,entity,eth-labels,https://github.com/dawsbot/eth-labels,medium,2026-07-17
0x41140bf6498a36f2e44efd49f21dae3bbb7367c8,optimism,synthetix,Synthetix: Fee Pool Eternal Storage,entity,eth-labels,https://github.com/dawsbot/eth-labels,medium,2026-07-17
0x418d195155058abc4a26d59c8a6ce83a7d52288a,optimism,synthetix,Synthetix: Perps V2 Delayed Execution UNIPERP,entity,eth-labels,https://github.com/dawsbot/eth-labels,medium,2026-07-17
0x41ae759b8e75f4ee544cd08b4369e5f4719561fe,optimism,synthetix,Synthetix: Perps V2 Delayed Intent PEPEPERP,entity,eth-labels,https://github.com/dawsbot/eth-labels,medium,2026-07-17
0x421def861d623f7123dfe0878d86e9576cbb3975,optimism,synthetix,Synthetix: SynthsBTC Token,entity,eth-labels,https://github.com/dawsbot/eth-labels,medium,2026-07-17
0x4308427c463caeaab50fff98a9dec569c31e4e87,optimism,synthetix,Synthetix: Perps V2 Proxy XAGPERP,entity,eth-labels,https://github.com/dawsbot/eth-labels,medium,2026-07-17
0x4334dfcb85eab5da80b162f930b56f47ebb156f1,optimism,synthetix,Synthetix: Perps V2 Market CELOPERP,entity,eth-labels,https://github.com/dawsbot/eth-labels,medium,2026-07-17
0x435e6e499610b6de3510f0cb047d3575c7bca6e1,optimism,synthetix,Synthetix: Perps V2 Market State SOLPERP,entity,eth-labels,https://github.com/dawsbot/eth-labels,medium,2026-07-17
0x442b69937a0daf9d46439a71567fabe6cb69fbaf,optimism,synthetix,Synthetix: Perps V2 Proxy RNDRPERP,entity,eth-labels,https://github.com/dawsbot/eth-labels,medium,2026-07-17
0x4434f56ddbde28fab08c4ae71970a06b300f8881,optimism,synthetix,Synthetix: Futures Market XAU,entity,eth-labels,https://github.com/dawsbot/eth-labels,medium,2026-07-17
0x45c55bf488d3cb8640f12f63cbedc027e8261e79,optimism,synthetix,Synthetix: Synthetix Debt Share,entity,eth-labels,https://github.com/dawsbot/eth-labels,medium,2026-07-17
0x47649022380d182da8010ae5d257fea4227b21ff,optimism,synthetix,Synthetix: Flexible Storage,entity,eth-labels,https://github.com/dawsbot/eth-labels,medium,2026-07-17
0x478d479bac034f89fa28d8d2ab430ec973a3a0ac,optimism,synthetix,Synthetix: Old System Settings Lib,entity,eth-labels,https://github.com/dawsbot/eth-labels,medium,2026-07-17
0x47ee58801c1ac44e54ff2651ae50525c5cfc66d0,optimism,synthetix,Synthetix: Reward Escrow V2,entity,eth-labels,https://github.com/dawsbot/eth-labels,medium,2026-07-17
0x47f99a380cc020b5db4b000af445a232081ceee7,optimism,synthetix,Synthetix: Perps V2 Market FLOKIPERP,entity,eth-labels,https://github.com/dawsbot/eth-labels,medium,2026-07-17
0x496b1c5eef77e6ea7ff98bb22b5ec01dd4cfdeda,optimism,synthetix,Synthetix: Perps V2 Market MATICPERP,entity,eth-labels,https://github.com/dawsbot/eth-labels,medium,2026-07-17
0x4a16a42407aa491564643e1dfc1fd50af29794ef,optimism,synthetix,Synthetix: Proxy Fee Pool,entity,eth-labels,https://github.com/dawsbot/eth-labels,medium,2026-07-17
0x4a74fc79618b018b0db1dfeea225b38666d32871,optimism,synthetix,Synthetix: Perps V2 Market Liquidate ADAPERP,entity,eth-labels,https://github.com/dawsbot/eth-labels,medium,2026-07-17
0x4aa0dabd22bc0894975324bec293443c8538bd08,optimism,synthetix,Synthetix: Futures Market BNB,entity,eth-labels,https://github.com/dawsbot/eth-labels,medium,2026-07-17
0x4ba1bdbc15281775a8437eacdbaf8fbfd3a6a224,optimism,synthetix,Synthetix: Perps V2 Delayed Intent EURPERP,entity,eth-labels,https://github.com/dawsbot/eth-labels,medium,2026-07-17
0x4bd5674a720c212ff515dd51d4e5d304ff16b3d0,optimism,synthetix,Synthetix: Perps V2 Market State ICPPERP,entity,eth-labels,https://github.com/dawsbot/eth-labels,medium,2026-07-17
0x4bf3c1af0faa689e3a808e6ad7a8d89d07bb9ec7,optimism,synthetix,Synthetix: Perps V2 Proxy EURPERP,entity,eth-labels,https://github.com/dawsbot/eth-labels,medium,2026-07-17
0x4c0f7b167e7d280d97471f5a17f4eb214e15a440,optimism,synthetix,Synthetix: Perps V2 Delayed Execution STETHETHPERP,entity,eth-labels,https://github.com/dawsbot/eth-labels,medium,2026-07-17
0x4c2a2390c2908e0e489f8a487ce332f7cd6c1357,optimism,synthetix,Synthetix: Perps V2 Market Liquidate DOTPERP,entity,eth-labels,https://github.com/dawsbot/eth-labels,medium,2026-07-17
0x4c35c27ff8f0dd039b4c4f0d670f2d58f6215c9c,optimism,synthetix,Synthetix: Perps V2 Market State INJPERP,entity,eth-labels,https://github.com/dawsbot/eth-labels,medium,2026-07-17
0x4d178b91a3b16a124d2a90d944db8c70a334fbda,optimism,synthetix,Synthetix: Perps V2 Delayed Intent DOTPERP,entity,eth-labels,https://github.com/dawsbot/eth-labels,medium,2026-07-17
0x4ddd30fff71bd03affd9a6e27c7c8c0cc9731b22,optimism,synthetix,Synthetix: Perps V2 Proxy ADAPERP,entity,eth-labels,https://github.com/dawsbot/eth-labels,medium,2026-07-17
0x4df6e29c07c51e5e7f7a98ab90547861aba42b56,optimism,synthetix,Synthetix: Perps V2 Market NEARPERP,entity,eth-labels,https://github.com/dawsbot/eth-labels,medium,2026-07-17
0x4dfb42753f735fbbbb2b1312f72eb05d905365ad,optimism,synthetix,Synthetix: Perps V2 Market Liquidate PEPEPERP,entity,eth-labels,https://github.com/dawsbot/eth-labels,medium,2026-07-17
0x4e8f55f1948d3e61a1fd3cd38ce05efc77bffeb5,optimism,synthetix,Synthetix: Perps V2 Market Views ETC PERP,entity,eth-labels,https://github.com/dawsbot/eth-labels,medium,2026-07-17
0x4eb7ce307de597f854124d018ec9ede0a8d57931,optimism,synthetix,Synthetix: Perps V2 Market AXSPERP,entity,eth-labels,https://github.com/dawsbot/eth-labels,medium,2026-07-17
0x4ed08210706f5b74584cc7f03b38d800dc27936b,optimism,synthetix,Synthetix: Perps V2 Market State EURPERP,entity,eth-labels,https://github.com/dawsbot/eth-labels,medium,2026-07-17
0x4f7d521a7cf8fa3b6ebf5d960907ae83e2888fc7,optimism,synthetix,Synthetix: Perps V2 Market Liquidate ICPPERP,entity,eth-labels,https://github.com/dawsbot/eth-labels,medium,2026-07-17
0x4f9c7ce72255cc04ca2159793a59efe3e6f40aa5,optimism,synthetix,Synthetix: Perps V2 Market EOSPERP,entity,eth-labels,https://github.com/dawsbot/eth-labels,medium,2026-07-17
0x4fb59e8dafcd398b2ca7fe2af5a7405cd0d22278,optimism,synthetix,Synthetix: Perps V2 Delayed Execution XTZPERP,entity,eth-labels,https://github.com/dawsbot/eth-labels,medium,2026-07-17
0x4fc5bed961d41ba5f198de7484637800dac78eb1,optimism,synthetix,Synthetix: Perps V2 Market BLURPERP,entity,eth-labels,https://github.com/dawsbot/eth-labels,medium,2026-07-17
0x4ff54624d5fb61c34c634c3314ed3bfe4dbb665a,optimism,synthetix,Synthetix: Futures Market AVAX,entity,eth-labels,https://github.com/dawsbot/eth-labels,medium,2026-07-17
0x50197701bd09f8dbdd6716b1b9080574819a3776,optimism,synthetix,Synthetix: Perps V2 Delayed Execution FTMPERP,entity,eth-labels,https://github.com/dawsbot/eth-labels,medium,2026-07-17
0x5076c4fa56fb78b28ef4a542c7ef2b0f95186e58,optimism,synthetix,Synthetix: Perps V2 Market Liquidate TRXPERP,entity,eth-labels,https://github.com/dawsbot/eth-labels,medium,2026-07-17
0x509072a5ae4a87ac89fc8d64d94adcb44bd4b88e,optimism,synthetix,Synthetix: Perps V2 Proxy AVAXPERP,entity,eth-labels,https://github.com/dawsbot/eth-labels,medium,2026-07-17
0x50a40d947726ac1373dc438e7aadede9b237564d,optimism,synthetix,Synthetix: Perps V2 Proxy ETHPERP,entity,eth-labels,https://github.com/dawsbot/eth-labels,medium,2026-07-17
0x51a8e343841eed0439de080cdc5d96c4a8568860,optimism,synthetix,Synthetix: Perps V2 Market XMRPERP,entity,eth-labels,https://github.com/dawsbot/eth-labels,medium,2026-07-17
0x527b99e3d31f71d2414cc2dbabe0d527f9160926,optimism,synthetix,Synthetix: Perps V2 Delayed Intent BTCPERP,entity,eth-labels,https://github.com/dawsbot/eth-labels,medium,2026-07-17
0x52cca59bfa0228f41ab69558f5f2ee3739323c02,optimism,synthetix,Synthetix: Perps V2 Market State TRXPERP,entity,eth-labels,https://github.com/dawsbot/eth-labels,medium,2026-07-17
0x530f4a84e99ef78a5c2a4e64cd5d126b40c99242,optimism,synthetix,Synthetix: Perps V2 Delayed Execution FILPERP,entity,eth-labels,https://github.com/dawsbot/eth-labels,medium,2026-07-17
0x5374761526175b59f1e583246e20639909e189ce,optimism,synthetix,Synthetix: Old Perps V2 Proxy AXSPERP,entity,eth-labels,https://github.com/dawsbot/eth-labels,medium,2026-07-17
0x53bad7c8ce47fa070e5bb25adea796409e0e8058,optimism,synthetix,Synthetix: Perps V2 Delayed Execution INJPERP,entity,eth-labels,https://github.com/dawsbot/eth-labels,medium,2026-07-17
0x53bd23eed35c00ef09d4ebd8f71005b0dcc97e1a,optimism,synthetix,Synthetix: Perps V2 Delayed Execution CRVPERP,entity,eth-labels,https://github.com/dawsbot/eth-labels,medium,2026-07-17
0x54581a23f62d147ac76d454f0b3ef77f9d766058,optimism,synthetix,Synthetix: Dapp Maintenance,entity,eth-labels,https://github.com/dawsbot/eth-labels,medium,2026-07-17
0x546ee4a4299dc3d3b64d6a889759e04acef6b92d,optimism,synthetix,Synthetix: Perps V2 Delayed Execution XAGPERP,entity,eth-labels,https://github.com/dawsbot/eth-labels,medium,2026-07-17
0x549dbdffbd47bd5639f9348ebe82e63e2f9f777a,optimism,synthetix,Synthetix: Perps V2 Proxy XRPPERP,entity,eth-labels,https://github.com/dawsbot/eth-labels,medium,2026-07-17
0x555a66ae81b447f3e4533a8159e2462d17a7e7c3,optimism,synthetix,Synthetix: Perps V2 Market YFIPERP,entity,eth-labels,https://github.com/dawsbot/eth-labels,medium,2026-07-17
0x556f920a83faba9be8019a33cba4898fdb38d130,optimism,synthetix,Synthetix: Perps V2 Market Liquidate LTCPERP,entity,eth-labels,https://github.com/dawsbot/eth-labels,medium,2026-07-17
0x560f562be696baefa0029c954cc69352bfb33e41,optimism,synthetix,Synthetix: Perps V2 Delayed Intent LINKPERP,entity,eth-labels,https://github.com/dawsbot/eth-labels,medium,2026-07-17
0x572f816f21f56d47e4c4fa577837bd3f58088676,optimism,synthetix,Synthetix: Perps V2 Proxy ONEPERP,entity,eth-labels,https://github.com/dawsbot/eth-labels,medium,2026-07-17
0x577b7dadf6052d8dfa3c394143a4021b433a809c,optimism,synthetix,Synthetix: Perps V2 Market XTZPERP,entity,eth-labels,https://github.com/dawsbot/eth-labels,medium,2026-07-17
0x579e622b355ac69a3a772d29a98379044cbf7722,optimism,synthetix,Synthetix: Perps V2 Market Liquidate YFIPERP,entity,eth-labels,https://github.com/dawsbot/eth-labels,medium,2026-07-17
0x581fa71eb5b5d704d0c268eed58e48f801338f7b,optimism,synthetix,Synthetix: Perps V2 Delayed Execution UMAPERP,entity,eth-labels,https://github.com/dawsbot/eth-labels,medium,2026-07-17
0x58e178b0cacd1bc56a2cc408030a1f69edc315f7,optimism,synthetix,Synthetix: Perps V2 Delayed Intent ZRXPERP,entity,eth-labels,https://github.com/dawsbot/eth-labels,medium,2026-07-17
0x595f37e1b21870571ee99fbe815d6790d817c0ba,optimism,synthetix,Synthetix: Perps V2 Market State UMAPERP,entity,eth-labels,https://github.com/dawsbot/eth-labels,medium,2026-07-17
0x59798c3ec713213c274bd8827642daf2a798181e,optimism,synthetix,Synthetix: Perps V2 Delayed Intent ADAPERP,entity,eth-labels,https://github.com/dawsbot/eth-labels,medium,2026-07-17
0x59b007e9ea8f89b069c43f8f45834d30853e3699,optimism,synthetix,Synthetix: Perps V2 Proxy CRVPERP,entity,eth-labels,https://github.com/dawsbot/eth-labels,medium,2026-07-17
0x5a155c378d66d8eba2262e744738a76d913e5945,optimism,synthetix,Synthetix: Perps V2 Market State CRVPERP,entity,eth-labels,https://github.com/dawsbot/eth-labels,medium,2026-07-17
0x5acd4abf5ddfb7f27b5940d1aef640d6b67a2cba,optimism,synthetix,Synthetix: Perps V2 Market State ZILPERP,entity,eth-labels,https://github.com/dawsbot/eth-labels,medium,2026-07-17
0x5ade35cedded082bdb27a94e2a20ac327a67172e,optimism,synthetix,Synthetix: Perps V2 Market Views EUR PERP,entity,eth-labels,https://github.com/dawsbot/eth-labels,medium,2026-07-17
0x5af0072617f7f2aeb0e314e2fad1de0231ba97cd,optimism,synthetix,Synthetix: Futures Market UNI,entity,eth-labels,https://github.com/dawsbot/eth-labels,medium,2026-07-17
0x5b37d50f3b7f03884d7cd005cdc7120f5060808c,optimism,synthetix,Synthetix: Perps V2 Market ARBPERP,entity,eth-labels,https://github.com/dawsbot/eth-labels,medium,2026-07-17
0x5b6beb79e959aac2659bee60fe0d0885468bf886,optimism,synthetix,Synthetix: Perps V2 Proxy ATOMPERP,entity,eth-labels,https://github.com/dawsbot/eth-labels,medium,2026-07-17
0x5be1c70475422255684e4f312e57fe782a5102f4,optimism,synthetix,Synthetix: Perps V2 Market PEPEPERP,entity,eth-labels,https://github.com/dawsbot/eth-labels,medium,2026-07-17
0x5c4fd006f3dc9c6a2259b2fb82cfd500056978ec,optimism,synthetix,Synthetix: Perps V2 Delayed Execution DOTPERP,entity,eth-labels,https://github.com/dawsbot/eth-labels,medium,2026-07-17
0x5d7569cd81dc7c8e7fa201e66266c9d0c8a3712d,optimism,synthetix,Synthetix: Synth sAVAX,entity,eth-labels,https://github.com/dawsbot/eth-labels,medium,2026-07-17
0x5d79eeb57a35ec8b6b9ef55052c5c9f919c3c3ee,optimism,synthetix,Synthetix: Perps V2 Market Liquidate XMRPERP,entity,eth-labels,https://github.com/dawsbot/eth-labels,medium,2026-07-17
0x5d9187630e99dbce4bcab8733b76757f7f44aa2e,optimism,synthetix,Synthetix: Rewards Distribution,entity,eth-labels,https://github.com/dawsbot/eth-labels,medium,2026-07-17
0x5dca1c6c75f6410cb4020a4ab5657fef716fcfc3,optimism,synthetix,Synthetix: Perps V2 Delayed Execution CELOPERP,entity,eth-labels,https://github.com/dawsbot/eth-labels,medium,2026-07-17
0x5e51817910c53a01e7ee90b8640a66768075bf2e,optimism,synthetix,Synthetix: Perps V2 Delayed Intent PERPPERP,entity,eth-labels,https://github.com/dawsbot/eth-labels,medium,2026-07-17
0x5ed8d0946b59d015f5a60039922b870537d43689,optimism,synthetix,Synthetix: Perps V2 Proxy FXSPERP,entity,eth-labels,https://github.com/dawsbot/eth-labels,medium,2026-07-17
0x6110df298b411a46d6edce72f5caca9ad826c1de,optimism,synthetix,Synthetix: Old Perps V2 Proxy ZECPERP,entity,eth-labels,https://github.com/dawsbot/eth-labels,medium,2026-07-17
0x6172289961007908442a0437891dcd966f368563,optimism,synthetix,Synthetix: Perps V2 Delayed Intent COMPPERP,entity,eth-labels,https://github.com/dawsbot/eth-labels,medium,2026-07-17
0x61a7ae08b9061f96934a2093cbe59f839355fff5,optimism,synthetix,Synthetix: Perps V2 Market LTCPERP,entity,eth-labels,https://github.com/dawsbot/eth-labels,medium,2026-07-17
0x62137897f2b09c588327d80cbbfb9c6018c352ef,optimism,synthetix,Synthetix: Perps V2 Delayed Execution SHIBPERP,entity,eth-labels,https://github.com/dawsbot/eth-labels,medium,2026-07-17
0x6330d5f08f51057f36f46d6751ecdc0c65ef7e9e,optimism,synthetix,Synthetix: OP Reward Escrow V2,entity,eth-labels,https://github.com/dawsbot/eth-labels,medium,2026-07-17
0x6393113a43a4a88b9f3d53b4b21e7feeb5d3d821,optimism,synthetix,Synthetix: Perps V2 Market State ARBPERP,entity,eth-labels,https://github.com/dawsbot/eth-labels,medium,2026-07-17
0x640cca1164154b7f5e7b5c2eef6d757246cd3e2b,optimism,synthetix,Synthetix: Perps V2 Market Liquidate SHIBPERP,entity,eth-labels,https://github.com/dawsbot/eth-labels,medium,2026-07-17
0x649f44cac3276557d03223dbf6395af65b11c11c,optimism,synthetix,Synthetix: Perps V2 Market Settings,entity,eth-labels,https://github.com/dawsbot/eth-labels,medium,2026-07-17
0x661c2479bffe01eb99eec9169149baa5dabeb883,optimism,synthetix,Synthetix: Perps V2 Market FLOWPERP,entity,eth-labels,https://github.com/dawsbot/eth-labels,medium,2026-07-17
0x6680180094df2421a9c5140b207f95759c9080dc,optimism,synthetix,Synthetix: Perps V2 Market Liquidate FTMPERP,entity,eth-labels,https://github.com/dawsbot/eth-labels,medium,2026-07-17
0x66f541d5f16f2451de9de5098d241774a33093f4,optimism,synthetix,Synthetix: Perps V2 Market ONEPERP,entity,eth-labels,https://github.com/dawsbot/eth-labels,medium,2026-07-17
0x66f916cc0b0b26c1783974a60cef9b0afc382825,optimism,synthetix,Synthetix: Perps V2 Delayed Intent ONEPERP,entity,eth-labels,https://github.com/dawsbot/eth-labels,medium,2026-07-17
0x66fc48720f09ac386608fb65ede53bb220d0d5bc,optimism,synthetix,Synthetix: Perps V2 Proxy STETHETHPERP,entity,eth-labels,https://github.com/dawsbot/eth-labels,medium,2026-07-17
0x67e010545133038292d124e49d1db6459fff82af,optimism,synthetix,Synthetix: Perps V2 Market Liquidate ZRXPERP,entity,eth-labels,https://github.com/dawsbot/eth-labels,medium,2026-07-17
0x6825dd6b5b83fbbff1049a44dc808a10fe9a6719,optimism,synthetix,Synthetix: Token State sSOL,entity,eth-labels,https://github.com/dawsbot/eth-labels,medium,2026-07-17
0x68287419fcfa1c186515e99a35ff3c970b3b3c66,optimism,synthetix,Synthetix: Perps V2 Market State BTCPERP,entity,eth-labels,https://github.com/dawsbot/eth-labels,medium,2026-07-17
0x69125856cfbadba925ce8345d0a5de98f375920e,optimism,synthetix,Synthetix: Perps V2 Market STETHPERP,entity,eth-labels,https://github.com/dawsbot/eth-labels,medium,2026-07-17
0x692c746f443031559e9816b50c99165fd452982d,optimism,synthetix,Synthetix: Perps V2 Delayed Execution PERPPERP,entity,eth-labels,https://github.com/dawsbot/eth-labels,medium,2026-07-17
0x6940e7c6125a177b052c662189bb27692e88e9cb,optimism,synthetix,Synthetix: Perps V2 Proxy YFIPERP,entity,eth-labels,https://github.com/dawsbot/eth-labels,medium,2026-07-17
0x6941ad5ac604d2329f96bea75c7b25d19cc06701,optimism,synthetix,Synthetix: Perps V2 Market State PERPPERP,entity,eth-labels,https://github.com/dawsbot/eth-labels,medium,2026-07-17
0x695fdda0e1546ca369df3cabe8ed33407cf62341,optimism,synthetix,Synthetix: Perps V2 Delayed Execution WLDPERP,entity,eth-labels,https://github.com/dawsbot/eth-labels,medium,2026-07-17
0x699c039c9e21d49b8c38768619942dfab6e8e38d,optimism,synthetix,Synthetix: Perps V2 Delayed Intent NEARPERP,entity,eth-labels,https://github.com/dawsbot/eth-labels,medium,2026-07-17
0x69f5f465a46f324fb7bf3fd7c0d5c00f7165c7ea,optimism,synthetix,Synthetix: Perps V2 Proxy STETHPERP,entity,eth-labels,https://github.com/dawsbot/eth-labels,medium,2026-07-17
0x6a071d06b9e317a5bc0780dd5e7ee8c41c5c3cb8,optimism,synthetix,Synthetix: Perps V2 Market ADAPERP,entity,eth-labels,https://github.com/dawsbot/eth-labels,medium,2026-07-17
0x6a15ee080c2fde246b674918bff3b52d414525cb,optimism,synthetix,Synthetix: Perps V2 Market Views FXS PERP,entity,eth-labels,https://github.com/dawsbot/eth-labels,medium,2026-07-17
0x6a5a1e32216377fc03bffdc9b33fe29c2f14ec84,optimism,synthetix,Synthetix: Perps V2 Delayed Intent MAVPERP,entity,eth-labels,https://github.com/dawsbot/eth-labels,medium,2026-07-17
0x6abc19f21d5ce23abf392329ef7b118c7b5f2aa8,optimism,synthetix,Synthetix: Perps V2 Market State ETHPERP,entity,eth-labels,https://github.com/dawsbot/eth-labels,medium,2026-07-17
0x6acc3519d10e46e5a228615c9d4b57cc0113a212,optimism,synthetix,Synthetix: Perps V2 Market State BLURPERP,entity,eth-labels,https://github.com/dawsbot/eth-labels,medium,2026-07-17
0x6bad3be3a7b3853739729833425a8b22737d0dac,optimism,synthetix,Synthetix: Perps V2 Delayed Intent LDOPERP,entity,eth-labels,https://github.com/dawsbot/eth-labels,medium,2026-07-17
0x6cb4eece70ef0eb8e7f81f4a0de0fb1521e77f74,optimism,synthetix,Synthetix: Perps V2 Market Liquidate GBPPERP,entity,eth-labels,https://github.com/dawsbot/eth-labels,medium,2026-07-17
0x6d4a64c57612841c2c6745db2a4e4db34f002d20,optimism,synthetix,Synthetix: Owner Relay On Optimism,entity,eth-labels,https://github.com/dawsbot/eth-labels,medium,2026-07-17
0x6d62aa1535c7c33d7f6592562f091d193e180c57,optimism,synthetix,Synthetix: Perps V2 Market State AUDPERP,entity,eth-labels,https://github.com/dawsbot/eth-labels,medium,2026-07-17
0x6d9bde78d5562b6be4b6a70f4f2511fb1a8f9e10,optimism,synthetix,Synthetix: Perps V2 Market PERPPERP,entity,eth-labels,https://github.com/dawsbot/eth-labels,medium,2026-07-17
0x6e0d26cffc3a63d763f1546f749bf62ebc7d72d8,optimism,synthetix,Synthetix: Fee Pool State,entity,eth-labels,https://github.com/dawsbot/eth-labels,medium,2026-07-17
0x6e7209c0db7110fc5606baac492ce4dea2efed8e,optimism,synthetix,Synthetix: Perps V2 Market Liquidate COMPPERP,entity,eth-labels,https://github.com/dawsbot/eth-labels,medium,2026-07-17
0x6f910a87565c581e101fbba25fe5b2570181794c,optimism,synthetix,Synthetix: Perps V2 Delayed Intent FILPERP,entity,eth-labels,https://github.com/dawsbot/eth-labels,medium,2026-07-17
0x6fbcabaa42ce1818f23a0b909dbd9bc7691fc1e6,optimism,synthetix,Synthetix: Perps V2 Delayed Intent AXSPERP,entity,eth-labels,https://github.com/dawsbot/eth-labels,medium,2026-07-17
0x6fed9c8de9886557aa7f4bf7784cb579d38f833c,optimism,synthetix,Synthetix: System Settings Lib,entity,eth-labels,https://github.com/dawsbot/eth-labels,medium,2026-07-17
0x700edd66fb75516427c793f5fe376f6fe1acc932,optimism,synthetix,Synthetix: Perps V2 Delayed Intent SUIPERP,entity,eth-labels,https://github.com/dawsbot/eth-labels,medium,2026-07-17
0x703f070bc98f835edc5de183a537d837a7c65c9f,optimism,synthetix,Synthetix: Perps V2 Market Views ADA PERP,entity,eth-labels,https://github.com/dawsbot/eth-labels,medium,2026-07-17
0x70ee22558a577c9c3c7be0a5f9fb494c20e0545b,optimism,synthetix,Synthetix: Perps V2 Market Liquidate RNDRPERP,entity,eth-labels,https://github.com/dawsbot/eth-labels,medium,2026-07-17
0x71f42ca320b3e9a8e4816e26de70c9b69eaf9d24,optimism,synthetix,Synthetix: Perps V2 Proxy BNBPERP,entity,eth-labels,https://github.com/dawsbot/eth-labels,medium,2026-07-17
0x71fd2f49f289d75d0c1e108c97fcb2a4c54ab424,optimism,synthetix,Synthetix: Perps V2 Market State FILPERP,entity,eth-labels,https://github.com/dawsbot/eth-labels,medium,2026-07-17
0x7221d65b8e46a380102ebe986c01a9481e75bd9e,optimism,synthetix,Synthetix: Perps V2 Market ICPPERP,entity,eth-labels,https://github.com/dawsbot/eth-labels,medium,2026-07-17
0x7322e8f6cb6c6a7b4e6620c486777fcb9ea052a4,optimism,synthetix,Synthetix: Exchange Circuit Breaker,entity,eth-labels,https://github.com/dawsbot/eth-labels,medium,2026-07-17
0x733a69d080b10bc897452ef783020cdfe012974a,optimism,synthetix,Synthetix: Perps V2 Market State GBPPERP,entity,eth-labels,https://github.com/dawsbot/eth-labels,medium,2026-07-17
0x73575b75c222bb2d6c2240e725caa654b8ec6bad,optimism,synthetix,Synthetix: Perps V2 Market Liquidate SEIPERP,entity,eth-labels,https://github.com/dawsbot/eth-labels,medium,2026-07-17
0x73d3c278be973624aea70ef89c61113e55317ab6,optimism,synthetix,Synthetix: Perps V2 Market Liquidate AXSPERP,entity,eth-labels,https://github.com/dawsbot/eth-labels,medium,2026-07-17
0x73d8fd1dc5e38cef6754fc5009015caaee218461,optimism,synthetix,Synthetix: Perps V2 Market Views FLOW PERP,entity,eth-labels,https://github.com/dawsbot/eth-labels,medium,2026-07-17
0x740444afa4f5a7cd569a7714d5252a35dc1fe299,optimism,synthetix,Synthetix: Perps V2 Market Liquidate MKRPERP,entity,eth-labels,https://github.com/dawsbot/eth-labels,medium,2026-07-17
0x748f78a5dc4a4325bcdf251dee85e481a2dc6929,optimism,synthetix,Synthetix: Perps V2 Market Views SUI PERP,entity,eth-labels,https://github.com/dawsbot/eth-labels,medium,2026-07-17
0x74eb1e2efaddde923f92f31c209a788475a20a1c,optimism,synthetix,Synthetix: Perps V2 Market APEPERP,entity,eth-labels,https://github.com/dawsbot/eth-labels,medium,2026-07-17
0x767f446fbd3f2e5c91292d9fa51a44102a89117d,optimism,synthetix,Synthetix: Perps V2 Market Liquidate NEARPERP,entity,eth-labels,https://github.com/dawsbot/eth-labels,medium,2026-07-17
0x7690af487c06674785daef91ef6576464b46d249,optimism,synthetix,Synthetix: Perps V2 Market GBPPERP,entity,eth-labels,https://github.com/dawsbot/eth-labels,medium,2026-07-17
0x76bb1edf0c55ec68f4c8c7fb3c076b811b1a9b9f,optimism,synthetix,Synthetix: PerpsV2 Proxy ZRXPERP,entity,eth-labels,https://github.com/dawsbot/eth-labels,medium,2026-07-17
0x76c6c768ac45f0a3d266ff3e73257937fc962fe6,optimism,synthetix,Synthetix: Perps V2 Delayed Intent XAUPERP,entity,eth-labels,https://github.com/dawsbot/eth-labels,medium,2026-07-17
0x76d2de36936005a0182a1bb61da501a8a044d477,optimism,synthetix,Synthetix: Eternal Storage Liquidations,entity,eth-labels,https://github.com/dawsbot/eth-labels,medium,2026-07-17
0x76fb9f147d40480b6e030c09cd53fdf912c6178f,optimism,synthetix,Synthetix: Perps V2 Delayed Execution ATOMPERP,entity,eth-labels,https://github.com/dawsbot/eth-labels,medium,2026-07-17
0x7733b88bf971b9c77cc3c1b64a2ef4fc06b08017,optimism,synthetix,Synthetix: Perps V2 Delayed Intent LTCPERP,entity,eth-labels,https://github.com/dawsbot/eth-labels,medium,2026-07-17
0x777a913412d576532120ac1d266d4c908e584db2,optimism,synthetix,Synthetix: Perps V2 Market State STETHPERP,entity,eth-labels,https://github.com/dawsbot/eth-labels,medium,2026-07-17
0x7784b850922d995965846d8a89b0c90bef470f15,optimism,synthetix,Synthetix: Perps V2 Market Liquidate LDOPERP,entity,eth-labels,https://github.com/dawsbot/eth-labels,medium,2026-07-17
0x779f424d3b3a617beb4a0db1c21d5505de297a8a,optimism,synthetix,Synthetix: Perps V2 Market State NEARPERP,entity,eth-labels,https://github.com/dawsbot/eth-labels,medium,2026-07-17
0x77da808032dcdd48077fa7c57afbf088713e09ad,optimism,synthetix,Synthetix: Perps V2 Proxy XLMPERP,entity,eth-labels,https://github.com/dawsbot/eth-labels,medium,2026-07-17
0x77fb9d52099d4207108c26ab22f9d8bbf691a37a,optimism,synthetix,Synthetix: Perps V2 Market Views ZEC PERP,entity,eth-labels,https://github.com/dawsbot/eth-labels,medium,2026-07-17
0x797c42ff20162b806b813b78e5ced6d69e06a09a,optimism,synthetix,Synthetix: Perps V2 Market Liquidate BALPERP,entity,eth-labels,https://github.com/dawsbot/eth-labels,medium,2026-07-17
0x799654ecaf87e769c56f722c82fbc7bbcc4f621c,optimism,synthetix,Synthetix: Perps V2 Delayed Execution AL GOPERP,entity,eth-labels,https://github.com/dawsbot/eth-labels,medium,2026-07-17
0x79ae4aac073c6f153644647af14f202ca8cc39c5,optimism,synthetix,Synthetix: Perps V2 Market ETCPERP,entity,eth-labels,https://github.com/dawsbot/eth-labels,medium,2026-07-17
0x7af6be46f83d25902cfa49c9e16bec54893f25cb,optimism,synthetix,Synthetix: Perps V2 Delayed Execution YFIPERP,entity,eth-labels,https://github.com/dawsbot/eth-labels,medium,2026-07-17
0x7aff10fc89b162c7abf77974d190e7959cb456f5,optimism,synthetix,Synthetix: Token State sEUR,entity,eth-labels,https://github.com/dawsbot/eth-labels,medium,2026-07-17
0x7c1560f20907ed41ac740873facf9e3dce4f18dd,optimism,synthetix,Synthetix: Perps V2 Market ETHPERP,entity,eth-labels,https://github.com/dawsbot/eth-labels,medium,2026-07-17
0x7d0256e0936103b32aad59e80257b59e988e75e2,optimism,synthetix,Synthetix: Perps V2 Market Views AUD PERP,entity,eth-labels,https://github.com/dawsbot/eth-labels,medium,2026-07-17
0x7d5bf858398dea0186988a2bfdcf86ae22dd8612,optimism,synthetix,Synthetix: Perps V2 Market Liquidate LINKPERP,entity,eth-labels,https://github.com/dawsbot/eth-labels,medium,2026-07-17
0x7e11c004d20b502729918687e6e6777b28499085,optimism,synthetix,Synthetix: Staking Rewards sUSD DAI,entity,eth-labels,https://github.com/dawsbot/eth-labels,medium,2026-07-17
0x7e62c949f55305c0679b4e883198f93ac4d8e2e9,optimism,synthetix,Synthetix: Perps V2 Market Liquidate MAVPERP,entity,eth-labels,https://github.com/dawsbot/eth-labels,medium,2026-07-17
0x7ef87c14f50cffe2e73d2c87916c3128c56593a8,optimism,synthetix,Synthetix: Exchange State,entity,eth-labels,https://github.com/dawsbot/eth-labels,medium,2026-07-17
0x7f059e5faa4972b098c7539a6721c596bdc942de,optimism,synthetix,Synthetix: Perps V2 Delayed Intent MATICPERP,entity,eth-labels,https://github.com/dawsbot/eth-labels,medium,2026-07-17
0x7f4b56a8fe268666d95e64f16a96bbdcfb89df54,optimism,synthetix,Synthetix: Perps V2 Delayed Intent XRPPERP,entity,eth-labels,https://github.com/dawsbot/eth-labels,medium,2026-07-17
0x803fd1d99c3a6cbcbabab79c44e108dc2fb67102,optimism,synthetix,Synthetix: Circuit Breaker,entity,eth-labels,https://github.com/dawsbot/eth-labels,medium,2026-07-17
0x80cbc948c5dba55dc829472373e9f20203e13eb2,optimism,synthetix,Synthetix: Perps V2 Market Liquidate SOLPERP,entity,eth-labels,https://github.com/dawsbot/eth-labels,medium,2026-07-17
0x81891ebc7cf265b87d8658ec2e703fb703392845,optimism,synthetix,Synthetix: Perps V2 Delayed Intent WLDPERP,entity,eth-labels,https://github.com/dawsbot/eth-labels,medium,2026-07-17
0x81b5c28e3905233bc4b96b182160593779d2cb83,optimism,synthetix,Synthetix: Perps V2 Delayed Intent FLOWPERP,entity,eth-labels,https://github.com/dawsbot/eth-labels,medium,2026-07-17
0x81ddfac111913d3d5218dea999216323b7cd6356,optimism,synthetix,Synthetix: sMATIC Token,entity,eth-labels,https://github.com/dawsbot/eth-labels,medium,2026-07-17
0x82dcd3e7224dda8df6a746d70f1cce80df4384c2,optimism,synthetix,Synthetix: Perps V2 Market State RNDRPERP,entity,eth-labels,https://github.com/dawsbot/eth-labels,medium,2026-07-17
0x82f962af60e6627d3ea5db5fd7e1a57f7e1ef2b8,optimism,synthetix,Synthetix: Perps V2 Market State MATICPERP,entity,eth-labels,https://github.com/dawsbot/eth-labels,medium,2026-07-17
0x8327aa139bd7eee62730a2cb9b9a86821810d4db,optimism,synthetix,Synthetix: Perps V2 Market State ENJPERP,entity,eth-labels,https://github.com/dawsbot/eth-labels,medium,2026-07-17
0x836804b2c489704068185d190c1763b9a5adda93,optimism,synthetix,Synthetix: Perps V2 Market Views FIL PERP,entity,eth-labels,https://github.com/dawsbot/eth-labels,medium,2026-07-17
0x84e12ccea1311da4090002279c2f46ec828199f3,optimism,synthetix,Synthetix: Perps V2 Market INJPERP,entity,eth-labels,https://github.com/dawsbot/eth-labels,medium,2026-07-17
0x8518f879a2b8138405e947a48326f55ff9d5f3ad,optimism,synthetix,Synthetix: Mintable Synthetix,entity,eth-labels,https://github.com/dawsbot/eth-labels,medium,2026-07-17
0x852210f0616ac226a486ad3387dbf990e690116a,optimism,synthetix,Synthetix: Perps V2 Proxy LINKPERP,entity,eth-labels,https://github.com/dawsbot/eth-labels,medium,2026-07-17
0x8649fdb91a47281ea1ee67b83967b0d00f79a560,optimism,synthetix,Synthetix: Perps V2 Market Liquidate ZECPERP,entity,eth-labels,https://github.com/dawsbot/eth-labels,medium,2026-07-17
0x86508410fd82c863920f194da49a0835717c3673,optimism,synthetix,Synthetix: Perps V2 Market Views EOS PERP,entity,eth-labels,https://github.com/dawsbot/eth-labels,medium,2026-07-17
0x86770a2940eff6a778768592b42a6668ffb162a4,optimism,synthetix,Synthetix: Perps V2 Market Liquidate ETCPERP,entity,eth-labels,https://github.com/dawsbot/eth-labels,medium,2026-07-17
0x869d17fd46f76f0e439bec2992f2d45b40253f88,optimism,synthetix,Synthetix: Perps V2 Delayed Execution LTCPERP,entity,eth-labels,https://github.com/dawsbot/eth-labels,medium,2026-07-17
0x86bbb4e38ffa64f263e84a0820138c5d938ba86e,optimism,synthetix,Synthetix: Perps V2 Proxy PERPPERP,entity,eth-labels,https://github.com/dawsbot/eth-labels,medium,2026-07-17
0x8700daec35af8ff88c16bdf0418774cb3d7599b4,optimism,synthetix,Synthetix: SNX Token,entity,eth-labels,https://github.com/dawsbot/eth-labels,medium,2026-07-17
0x875bbc7285d52ca957024999315717d45ba99276,optimism,synthetix,Synthetix: Perps V2 Market Views STETHETH PERP,entity,eth-labels,https://github.com/dawsbot/eth-labels,medium,2026-07-17
0x87ae62c5720dab812bdacba66cc24839440048d1,optimism,synthetix,Synthetix: Perps V2 Proxy FLOWPERP,entity,eth-labels,https://github.com/dawsbot/eth-labels,medium,2026-07-17
0x87b1481c82913301fc6c884ac266a7c430f92cfa,optimism,synthetix,Synthetix: Synth Util,entity,eth-labels,https://github.com/dawsbot/eth-labels,medium,2026-07-17
0x882e4a84cbd9b55052c85e1ff05289aa577659b9,optimism,synthetix,Synthetix: Perps V2 Market Views RPL PERP,entity,eth-labels,https://github.com/dawsbot/eth-labels,medium,2026-07-17
0x885b3ff84a0fe82eb97a23093421504e42cc8f74,optimism,synthetix,Synthetix: Perps V2 Market LINKPERP,entity,eth-labels,https://github.com/dawsbot/eth-labels,medium,2026-07-17
0x88b7bd7a245f2fb597de88a6eda0caee047f607a,optimism,synthetix,Synthetix: Perps V2 Delayed Intent FTMPERP,entity,eth-labels,https://github.com/dawsbot/eth-labels,medium,2026-07-17
0x88c8316e5cccce2e27e5bfcdac99f1251246196a,optimism,synthetix,Synthetix: Perps V2 Proxy ETHBTCPERP,entity,eth-labels,https://github.com/dawsbot/eth-labels,medium,2026-07-17
0x89698dc9ecd95337ad64fda7df773da5007926a8,optimism,synthetix,Synthetix: Perps V2 Delayed Execution ZILPERP,entity,eth-labels,https://github.com/dawsbot/eth-labels,medium,2026-07-17
0x89f16bffd72166807a18faba307cd21ec6143563,optimism,synthetix,Synthetix: Perps V2 Market Liquidate STETHETHPERP,entity,eth-labels,https://github.com/dawsbot/eth-labels,medium,2026-07-17
0x89fe4828bf24cafbe96f804885506a7111065541,optimism,synthetix,Synthetix: Perps V2 Market RPLPERP,entity,eth-labels,https://github.com/dawsbot/eth-labels,medium,2026-07-17
0x8a6ef192d45e8ea930bc7f4f0ed457f213731bbb,optimism,synthetix,Synthetix: Perps V2 Market Views SEI PERP,entity,eth-labels,https://github.com/dawsbot/eth-labels,medium,2026-07-17
0x8b2f7ae8ca8ee8428b6d76de88326bb413db2766,optimism,synthetix,Synthetix: sSOL Token,entity,eth-labels,https://github.com/dawsbot/eth-labels,medium,2026-07-17
0x8b9b5f94aac2316f048025b3cbe442386e85984b,optimism,synthetix,Synthetix: Perps V2 Proxy EOSPERP,entity,eth-labels,https://github.com/dawsbot/eth-labels,medium,2026-07-17
0x8c6f28f2f1a3c87f0f938b96d27520d9751ec8d9,optimism,synthetix,Synthetix: sUSD Token,entity,eth-labels,https://github.com/dawsbot/eth-labels,medium,2026-07-17
0x8cc84e2c8be0b7999b65a6b2bcef4dff1f433ce1,optimism,synthetix,Synthetix: Perps V2 Market ZECPERP,entity,eth-labels,https://github.com/dawsbot/eth-labels,medium,2026-07-17
0x8d08a8a066e9606f854a3c68fcc730e406319996,optimism,synthetix,Synthetix: Perps V2 Delayed Execution LDOPERP,entity,eth-labels,https://github.com/dawsbot/eth-labels,medium,2026-07-17
0x8d51bf0759e1a01c15f91940baaad08b6b45a637,optimism,synthetix,Synthetix: Perps V2 Delayed Execution BALPERP,entity,eth-labels,https://github.com/dawsbot/eth-labels,medium,2026-07-17
0x8e1b638ef5e796504be87fb81943e613875ecabe,optimism,synthetix,Synthetix: Perps V2 Delayed Execution MATICPERP,entity,eth-labels,https://github.com/dawsbot/eth-labels,medium,2026-07-17
0x90241392dba7faa1d1d96c6927f0fbfe93fdf226,optimism,synthetix,Synthetix: Perps V2 Market Views XMR PERP,entity,eth-labels,https://github.com/dawsbot/eth-labels,medium,2026-07-17
0x90efaafec5b183d09bc5b2ce81e8a12e4c2a6002,optimism,synthetix,Synthetix: Perps V2 Market Views UNI PERP,entity,eth-labels,https://github.com/dawsbot/eth-labels,medium,2026-07-17
0x913bd76f7e1572cc8278cef2d6b06e2140ca9ce2,optimism,synthetix,Synthetix: Exchange Rates,entity,eth-labels,https://github.com/dawsbot/eth-labels,medium,2026-07-17
0x91a4f7125a6f7ec14c41d39f0ac681e8e387da1c,optimism,synthetix,Synthetix: Perps V2 Market State APTPERP,entity,eth-labels,https://github.com/dawsbot/eth-labels,medium,2026-07-17
0x91cc4a83d026e5171525afcaed020123a653c2c9,optimism,synthetix,Synthetix: Perps V2 Proxy SEIPERP,entity,eth-labels,https://github.com/dawsbot/eth-labels,medium,2026-07-17
0x91dbc6f587d043fefbaad050ab48696b30f13d89,optimism,synthetix,Synthetix: Synth sSOL,entity,eth-labels,https://github.com/dawsbot/eth-labels,medium,2026-07-17
0x926b1148dafe298ff7fdc2d01ae1bc3fa3b4fae4,optimism,synthetix,Synthetix: Perps V2 Delayed Execution XMRPERP,entity,eth-labels,https://github.com/dawsbot/eth-labels,medium,2026-07-17
0x92bac115d89ca17fd02ed9357ceca32842acb4c2,optimism,synthetix,Synthetix: Token State sUSD,entity,eth-labels,https://github.com/dawsbot/eth-labels,medium,2026-07-17
0x937c9e1d18beb4f8e1bcb0dd7a612ca6012517a3,optimism,synthetix,Synthetix: Token State sMATIC,entity,eth-labels,https://github.com/dawsbot/eth-labels,medium,2026-07-17
0x949404d0ac66430842145204fb83c1ab9c21f35b,optimism,synthetix,Synthetix: Perps V2 Market ALGOPERP,entity,eth-labels,https://github.com/dawsbot/eth-labels,medium,2026-07-17
0x94a1d572bae06a31c029d4c26e1fa705f54286ef,optimism,synthetix,Synthetix: Perps V2 Market State FLOKIPERP,entity,eth-labels,https://github.com/dawsbot/eth-labels,medium,2026-07-17
0x94cf2bb95bdc525f90311ddb2edcd1c481e81a9d,optimism,synthetix,Synthetix: Perps V2 Market Views CRV PERP,entity,eth-labels,https://github.com/dawsbot/eth-labels,medium,2026-07-17
0x95366ac32995d4c31f72c2d0029211e19bf6eb7d,optimism,synthetix,Synthetix: Perps V2 Market Liquidate XRPPERP,entity,eth-labels,https://github.com/dawsbot/eth-labels,medium,2026-07-17
0x9576b1104c0fa29f76b3559b77e0fd0a6b450213,optimism,synthetix,Synthetix: Perps V2 Delayed Intent XLMPERP,entity,eth-labels,https://github.com/dawsbot/eth-labels,medium,2026-07-17
0x9597494f1675f1d62edb03dee40d84828ef5b295,optimism,synthetix,Synthetix: Perps V2 Market ATOMPERP,entity,eth-labels,https://github.com/dawsbot/eth-labels,medium,2026-07-17
0x959a4309f7d82e3d34c353a405200d8277032115,optimism,synthetix,Synthetix: Perps V2 Market Liquidate KNCPERP,entity,eth-labels,https://github.com/dawsbot/eth-labels,medium,2026-07-17
0x95a6a3f44a70172e7d50a9e28c85dfd712756b8c,optimism,synthetix,Synthetix: Address Resolver,entity,eth-labels,https://github.com/dawsbot/eth-labels,medium,2026-07-17
0x95cab224896972e69ad626bc75d29116ce7d4521,optimism,synthetix,Synthetix: Perps V2 Market Views XTZ PERP,entity,eth-labels,https://github.com/dawsbot/eth-labels,medium,2026-07-17
0x9615b6bfff240c44d3e33d0cd9a11f563a2e8d8b,optimism,synthetix,Synthetix: Perps V2 Proxy AUDPERP,entity,eth-labels,https://github.com/dawsbot/eth-labels,medium,2026-07-17
0x9651de67fd8c3003a56b25dc24c73c317f00251d,optimism,synthetix,Synthetix: Perps V2 Market ENJPERP,entity,eth-labels,https://github.com/dawsbot/eth-labels,medium,2026-07-17
0x96690aae7cb7c4a9b5be5695e94d72827decc33f,optimism,synthetix,Synthetix: Perps V2 Proxy BTCPERP,entity,eth-labels,https://github.com/dawsbot/eth-labels,medium,2026-07-17
0x96f2842007021a4c5f06bcc72961701d66ff8465,optimism,synthetix,Synthetix: Perps V2 Proxy ARBPERP,entity,eth-labels,https://github.com/dawsbot/eth-labels,medium,2026-07-17
0x9770239d49db97e77fc5adcb5413654c9e45a510,optimism,synthetix,Synthetix: Synthetix State,entity,eth-labels,https://github.com/dawsbot/eth-labels,medium,2026-07-17
0x978d4b5438d3e4edf4f03682e5a53b48e56604c5,optimism,synthetix,Synthetix: Perps V2 Delayed Intent ETHBTCPERP,entity,eth-labels,https://github.com/dawsbot/eth-labels,medium,2026-07-17
0x982bb9880295ecbc34a56772fef81e964aee4a9f,optimism,synthetix,Synthetix: Perps V2 Market State BALPERP,entity,eth-labels,https://github.com/dawsbot/eth-labels,medium,2026-07-17
0x989d359dbf9c531ae6c305c37ac37220b8dd99eb,optimism,synthetix,Synthetix: Perps V2 Market Views ETH PERP,entity,eth-labels,https://github.com/dawsbot/eth-labels,medium,2026-07-17
0x98ccbc721cc05e28a125943d69039b39be6a21e9,optimism,synthetix,Synthetix: Perps V2 Proxy ENJPERP,entity,eth-labels,https://github.com/dawsbot/eth-labels,medium,2026-07-17
0x98d601e04527a0acbb603bad845d9b7b8840de1c,optimism,synthetix,Synthetix: Perps V2 Delayed Execution ETCPERP,entity,eth-labels,https://github.com/dawsbot/eth-labels,medium,2026-07-17
0x995f710838a070d43d94d4420194bb09cfc332e6,optimism,synthetix,Synthetix: Perps V2 Market XRPPERP,entity,eth-labels,https://github.com/dawsbot/eth-labels,medium,2026-07-17
0x99ae21feb485a89252b9bfb394e6eb8c736436bd,optimism,synthetix,Synthetix: Perps V2 Delayed Intent ARBPERP,entity,eth-labels,https://github.com/dawsbot/eth-labels,medium,2026-07-17
0x99b2b4f1c6222d97e70cf7d0c7cc314465ca9dc0,optimism,synthetix,Synthetix: Perps V2 Market Views UMA PERP,entity,eth-labels,https://github.com/dawsbot/eth-labels,medium,2026-07-17
0x9a3ecffd8cb317685ef0df7b4af5c4c9d1af53ec,optimism,synthetix,Synthetix: Perps V2 Market Views XAU PERP,entity,eth-labels,https://github.com/dawsbot/eth-labels,medium,2026-07-17
0x9a90c6fa8828bacd5b9edd513f77ba7e4528c7e8,optimism,synthetix,Synthetix: Perps V2 Delayed Execution SOLPERP,entity,eth-labels,https://github.com/dawsbot/eth-labels,medium,2026-07-17
0x9b0071d4ee4a078dbdd5100799d8ea700a6da709,optimism,synthetix,Synthetix: Perps V2 Delayed Intent STETHPERP,entity,eth-labels,https://github.com/dawsbot/eth-labels,medium,2026-07-17
0x9b1c2055465e1f1aaea14d68fc688175cf46cdfe,optimism,synthetix,Synthetix: Perps V2 Market APTPERP,entity,eth-labels,https://github.com/dawsbot/eth-labels,medium,2026-07-17
0x9baedd40fae33ce9022d39a9bd71f325e626a06e,optimism,synthetix,Synthetix: Perps V2 Delayed Intent ALGOPERP,entity,eth-labels,https://github.com/dawsbot/eth-labels,medium,2026-07-17
0x9bdc86302479112e61f3ba7761dc704f7044d304,optimism,synthetix,Synthetix: Perps V2 Market Views XAG PERP,entity,eth-labels,https://github.com/dawsbot/eth-labels,medium,2026-07-17
0x9c3a582cb712c8cdb067456b993f0234edb185bd,optimism,synthetix,Synthetix: Perps V2 Market Liquidate ONEPERP,entity,eth-labels,https://github.com/dawsbot/eth-labels,medium,2026-07-17
0x9c79c19ff4d1a6531d9a4f91e96534f5d002df8b,optimism,synthetix,Synthetix: Perps V2 Market Views DOGE PERP,entity,eth-labels,https://github.com/dawsbot/eth-labels,medium,2026-07-17
0x9cd7ccac32231ccb842f14368b3da3b33f20d3be,optimism,synthetix,Synthetix: Perps V2 Market DOTPERP,entity,eth-labels,https://github.com/dawsbot/eth-labels,medium,2026-07-17
0x9d6db4d562d670a987b5d9e07db71bab33eb1428,optimism,synthetix,Synthetix: Perps V2 Delayed Intent AVAXPERP,entity,eth-labels,https://github.com/dawsbot/eth-labels,medium,2026-07-17
0x9d81f2898127f812751dc09c210d839a7db651aa,optimism,synthetix,Synthetix: Perps V2 Delayed Intent SEIPERP,entity,eth-labels,https://github.com/dawsbot/eth-labels,medium,2026-07-17
0x9de146b5663b82f44e5052dede2aa3fd4cbcdc99,optimism,synthetix,Synthetix: Perps V2 Proxy BALPERP,entity,eth-labels,https://github.com/dawsbot/eth-labels,medium,2026-07-17
0x9e3c1f1f5868701a4d8caa58d61df2f74aefe926,optimism,synthetix,Synthetix: Perps V2 Delayed Intent CRVPERP,entity,eth-labels,https://github.com/dawsbot/eth-labels,medium,2026-07-17
0x9f1c2f0071bc3b31447aeda9fa3a68d651eb4632,optimism,synthetix,Synthetix: Futures Market OP,entity,eth-labels,https://github.com/dawsbot/eth-labels,medium,2026-07-17
0x9f231dbe53d460f359b2b8cc47574493caa5b7bf,optimism,synthetix,Synthetix: Futures Market DOGE,entity,eth-labels,https://github.com/dawsbot/eth-labels,medium,2026-07-17
0x9f3be6be18e8d0613f87c86a0b1875b74f404a11,optimism,synthetix,Synthetix: Perps V2 Delayed Execution COMPPERP,entity,eth-labels,https://github.com/dawsbot/eth-labels,medium,2026-07-17
0x9f6aa1c141838df56ef82be286cabd2616c8b309,optimism,synthetix,Synthetix: Perps V2 Market State SEIPERP,entity,eth-labels,https://github.com/dawsbot/eth-labels,medium,2026-07-17
0x9f77af45f13738be8d3bb772a86310f4e452afd4,optimism,synthetix,Synthetix: Perps V2 Delayed Intent BCHPERP,entity,eth-labels,https://github.com/dawsbot/eth-labels,medium,2026-07-17
0xa14849ad93999d8b184a1d61fba7b4ffbd24f96c,optimism,synthetix,Synthetix: Perps V2 Delayed Execution BCHPERP,entity,eth-labels,https://github.com/dawsbot/eth-labels,medium,2026-07-17
0xa154ecfffb46380991751de890956b245142e10c,optimism,synthetix,Synthetix: Perps V2 Market COMPPERP,entity,eth-labels,https://github.com/dawsbot/eth-labels,medium,2026-07-17
0xa198d00dc35f8367beb48f27de9032c8209dc22c,optimism,synthetix,Synthetix: Perps V2 Market SHIBPERP,entity,eth-labels,https://github.com/dawsbot/eth-labels,medium,2026-07-17
0xa1ace9ce6862e865937939005b1a6c5ac938a11f,optimism,synthetix,Synthetix: Perps V2 Proxy CELOPERP,entity,eth-labels,https://github.com/dawsbot/eth-labels,medium,2026-07-17
0xa227c833786e46d53cf9e9a14cff906477335d91,optimism,synthetix,Synthetix: Perps V2 Market Views BNB PERP,entity,eth-labels,https://github.com/dawsbot/eth-labels,medium,2026-07-17
0xa26677434188db65e42dd5606ee297366361cc2d,optimism,synthetix,Synthetix: Perps V2 Market Liquidate RUNEPERP,entity,eth-labels,https://github.com/dawsbot/eth-labels,medium,2026-07-17
0xa2c0843c8cb9f29fa40fc0ffd2b4995a0f05c15c,optimism,synthetix,Synthetix: Perps V2 Delayed Execution SUIPERP,entity,eth-labels,https://github.com/dawsbot/eth-labels,medium,2026-07-17
0xa3a538ea5d5838dc32dde15946ccd74bdd5652ff,optimism,synthetix,Synthetix: Proxys INR,entity,eth-labels,https://github.com/dawsbot/eth-labels,medium,2026-07-17
0xa408d8e01c8e084b67559226c5b55d6f0b7074e2,optimism,synthetix,Synthetix: One Net Aggregator Debt Ratio,entity,eth-labels,https://github.com/dawsbot/eth-labels,medium,2026-07-17
0xa4d53f6cbcf314f318f316ae61cdd400c974085d,optimism,synthetix,Synthetix: Perps V2 Market Views ONE PERP,entity,eth-labels,https://github.com/dawsbot/eth-labels,medium,2026-07-17
0xa552049a9f320b6a8622a003fe1108595061e223,optimism,synthetix,Synthetix: Perps V2 Market Liquidate USDTPERP,entity,eth-labels,https://github.com/dawsbot/eth-labels,medium,2026-07-17
0xa5baff7d9928ae32c5e1ff441e4575951cb01111,optimism,synthetix,Synthetix: Perps V2 Delayed Intent SOLPERP,entity,eth-labels,https://github.com/dawsbot/eth-labels,medium,2026-07-17
0xa664fca1879c9ca2e6cfed49c3c855352016e4c5,optimism,synthetix,Synthetix: Perps V2 Market State BCHPERP,entity,eth-labels,https://github.com/dawsbot/eth-labels,medium,2026-07-17
0xa6bc30d854c2647574921c4af442008db7d32ad5,optimism,synthetix,Synthetix: Debt Migrator On Optimism,entity,eth-labels,https://github.com/dawsbot/eth-labels,medium,2026-07-17
0xa7912822c220cda3596cabfe9077769576e2b46e,optimism,synthetix,Synthetix: Perps V2 Delayed Intent XTZPERP,entity,eth-labels,https://github.com/dawsbot/eth-labels,medium,2026-07-17
0xa92c0142c3239e8e07cbb9f33e4c0dd4fc19089b,optimism,synthetix,Synthetix: Perps V2 Market Views ATOM PERP,entity,eth-labels,https://github.com/dawsbot/eth-labels,medium,2026-07-17
0xa997bd647aee62ef03b41e6fbfadab43d8e57535,optimism,synthetix,Synthetix: Synth Redeemer,entity,eth-labels,https://github.com/dawsbot/eth-labels,medium,2026-07-17
0xa9bb96d03a6ed56c14cd47a2ce75fa6a7633aec2,optimism,synthetix,Synthetix: Perps V2 Market Views RUNE PERP,entity,eth-labels,https://github.com/dawsbot/eth-labels,medium,2026-07-17
0xa9e630952522e3f110322711f424528af894e307,optimism,synthetix,Synthetix: Token State sBTC,entity,eth-labels,https://github.com/dawsbot/eth-labels,medium,2026-07-17
0xaa94c874b91ef16c8b56a1c5b2f34e39366bd484,optimism,synthetix,Synthetix: Perps V2 Proxy MATICPERP,entity,eth-labels,https://github.com/dawsbot/eth-labels,medium,2026-07-17
0xab0d9e3ff817faa88f4bbc783cfa6d55e5f10f3e,optimism,synthetix,Synthetix: Perps V2 Market Views FTM PERP,entity,eth-labels,https://github.com/dawsbot/eth-labels,medium,2026-07-17
0xab5745e6cd602742636491409e18a73e223c8aff,optimism,synthetix,Synthetix: Perps V2 Market Views FLOKI PERP,entity,eth-labels,https://github.com/dawsbot/eth-labels,medium,2026-07-17
0xad35498d97f3b1a0b99de42da7ad81c91156ba77,optimism,synthetix,Synthetix: Perps V2 Delayed Intent ETCPERP,entity,eth-labels,https://github.com/dawsbot/eth-labels,medium,2026-07-17
0xad44873632840144ffc97b2d1de716f6e2cf0366,optimism,synthetix,Synthetix: Futures Market EUR,entity,eth-labels,https://github.com/dawsbot/eth-labels,medium,2026-07-17
0xadad43be81e2206f6d1af4299ca2a029e16af7ab,optimism,synthetix,Synthetix: Old Issuer,entity,eth-labels,https://github.com/dawsbot/eth-labels,medium,2026-07-17
0xae3d1b55cbffc11693257fb5dc41de32f1e9ec7a,optimism,synthetix,Synthetix: Perps V2 Market State ADAPERP,entity,eth-labels,https://github.com/dawsbot/eth-labels,medium,2026-07-17
0xae55f163337a2a46733aa66da9f35299f9a46e9e,optimism,synthetix,Synthetix: Futures Market Settings,entity,eth-labels,https://github.com/dawsbot/eth-labels,medium,2026-07-17
0xaeb7205c613c1e1ad34e077ebe86fdb9da16cecf,optimism,synthetix,Synthetix: Perps V2 Market Views RNDR PERP,entity,eth-labels,https://github.com/dawsbot/eth-labels,medium,2026-07-17
0xaf2e4c337b038eafa1de23b44c163d0008e49ead,optimism,synthetix,Synthetix: Perps V2 Proxy RUNEPERP,entity,eth-labels,https://github.com/dawsbot/eth-labels,medium,2026-07-17
0xaf621161755c601c1469e3487ce971f39ae507bc,optimism,synthetix,Synthetix: Perps V2 Market State XTZPERP,entity,eth-labels,https://github.com/dawsbot/eth-labels,medium,2026-07-17
0xaf89069dc03d65c1b3091d770a8d3b4d02126849,optimism,synthetix,Synthetix: Perps V2 Market AUDPERP,entity,eth-labels,https://github.com/dawsbot/eth-labels,medium,2026-07-17
0xb0b6b79fbb09290b0663d6d767ffcee7ea742428,optimism,synthetix,Synthetix: Perps V2 Delayed Intent UNIPERP,entity,eth-labels,https://github.com/dawsbot/eth-labels,medium,2026-07-17
0xb1204d3fffeaea354f2f04779bedcd0d8f3598fa,optimism,synthetix,Synthetix: Perps V2 Market Views MKR PERP,entity,eth-labels,https://github.com/dawsbot/eth-labels,medium,2026-07-17
0xb147c69bee211f57290a6cde9d1babfd0dcf3ea3,optimism,synthetix,Synthetix: Futures Market XAG,entity,eth-labels,https://github.com/dawsbot/eth-labels,medium,2026-07-17
0xb16a8b06318c78c274f3bbc5cc5c9191b0d0c1a3,optimism,synthetix,Synthetix: Perps V2 Delayed Execution ETHBTCPERP,entity,eth-labels,https://github.com/dawsbot/eth-labels,medium,2026-07-17
0xb16ef128b11e457afa07b09fce52a01f5b05a937,optimism,synthetix,Synthetix: Synth sEUR,entity,eth-labels,https://github.com/dawsbot/eth-labels,medium,2026-07-17
0xb1ad6dd82d086f31d2143080b0064abc44cf2b5b,optimism,synthetix,Synthetix: Perps V2 Market Liquidate AVAXPERP,entity,eth-labels,https://github.com/dawsbot/eth-labels,medium,2026-07-17
0xb241af12256998a0051b93e02027e73ca7e5388d,optimism,synthetix,Synthetix: Perps V2 Market State MAVPERP,entity,eth-labels,https://github.com/dawsbot/eth-labels,medium,2026-07-17
0xb25529266d9677e9171beaf333a0dea506c5f99a,optimism,synthetix,Synthetix: Perps V2 Proxy MKRPERP,entity,eth-labels,https://github.com/dawsbot/eth-labels,medium,2026-07-17
0xb2b42b231c68cbb0b4bf2ffebf57782fd97d3da4,optimism,synthetix,Synthetix: sAVAX Token,entity,eth-labels,https://github.com/dawsbot/eth-labels,medium,2026-07-17
0xb2e26d988a5557b571bf9833a8a60d25799293e1,optimism,synthetix,Synthetix: Perps V2 Market Liquidate CRVPERP,entity,eth-labels,https://github.com/dawsbot/eth-labels,medium,2026-07-17
0xb2e9642f96a1b576ab0232ec35cb0d7d07d1172f,optimism,synthetix,Synthetix: Perps V2 Delayed Execution SEIPERP,entity,eth-labels,https://github.com/dawsbot/eth-labels,medium,2026-07-17
0xb2f30a7c980f052f02563fb518dcc39e6bf38175,optimism,synthetix,Synthetix: snxUSD Token,entity,eth-labels,https://github.com/dawsbot/eth-labels,medium,2026-07-17
0xb474425297945da2f38423cdab98f63860412f14,optimism,synthetix,Synthetix: Perps V2 Market Liquidate ETHPERP,entity,eth-labels,https://github.com/dawsbot/eth-labels,medium,2026-07-17
0xb4d55ae3a6b3b73633f622ef89e94e4bad05c08f,optimism,synthetix,Synthetix: Perps V2 Delayed Execution RUNEPERP,entity,eth-labels,https://github.com/dawsbot/eth-labels,medium,2026-07-17
0xb589af3f2e3377a9a57da74be1b6598926479505,optimism,synthetix,Synthetix: Liquidator,entity,eth-labels,https://github.com/dawsbot/eth-labels,medium,2026-07-17
0xb63bef5ccc5e9316961cdcd54129743ae8455bc4,optimism,synthetix,Synthetix: Perps V2 Market Liquidate UNIPERP,entity,eth-labels,https://github.com/dawsbot/eth-labels,medium,2026-07-17
0xb7059ed9950f2d9fdc0155fc0d79e63d4441e806,optimism,synthetix,Synthetix: Perps V2 Proxy DOTPERP,entity,eth-labels,https://github.com/dawsbot/eth-labels,medium,2026-07-17
0xb7c04aa1e49bbef0a5d7a0e7885b54c9e9309704,optimism,synthetix,Synthetix: Perps V2 Market SUIPERP,entity,eth-labels,https://github.com/dawsbot/eth-labels,medium,2026-07-17
0xb7d7605f814da681cc299a9ac9abbfc1ea65e40a,optimism,synthetix,Synthetix: Perps V2 Market USDTPERP,entity,eth-labels,https://github.com/dawsbot/eth-labels,medium,2026-07-17
0xb815eb8d3a9da3eddd926225c0fbd3a566e8c749,optimism,synthetix,Synthetix: Perps V2 Proxy WLDPERP,entity,eth-labels,https://github.com/dawsbot/eth-labels,medium,2026-07-17
0xb8bc48ed3d08a3ac02d62174652369d3279705de,optimism,synthetix,Synthetix: Perps V2 Market State CELOPERP,entity,eth-labels,https://github.com/dawsbot/eth-labels,medium,2026-07-17
0xb997edbe18f7e8a9904ec7e6a945f2940de5193d,optimism,synthetix,Synthetix: Perps V2 Market Liquidate EOSPERP,entity,eth-labels,https://github.com/dawsbot/eth-labels,medium,2026-07-17
0xb9c6ca25452e7f6d0d3340ce1e9b573421afc2ee,optimism,synthetix,Synthetix: Token State Synthetix,entity,eth-labels,https://github.com/dawsbot/eth-labels,medium,2026-07-17
0xba10526cd8742acc73aedef5f7dbb2477bf86922,optimism,synthetix,Synthetix: Collateral Manager State,entity,eth-labels,https://github.com/dawsbot/eth-labels,medium,2026-07-17
0xbaacf0f9dea6b17d8667a34b7f69f60591c8d68d,optimism,synthetix,Synthetix: Perps V2 Market Views COMP PERP,entity,eth-labels,https://github.com/dawsbot/eth-labels,medium,2026-07-17
0xbb1250d0d96a22cf62ee12aecc2fa684f3ca04e8,optimism,synthetix,Synthetix: Perps V2 Market Views AVAX PERP,entity,eth-labels,https://github.com/dawsbot/eth-labels,medium,2026-07-17
0xbb16c7b3244dfa1a6bf83fcce3ee4560837763cd,optimism,synthetix,Synthetix: Perps V2 Proxy AXSPERP,entity,eth-labels,https://github.com/dawsbot/eth-labels,medium,2026-07-17
0xbc5b0a6dcadd4fc27665601401d6f03d97375b24,optimism,synthetix,Synthetix: Perps V2 Delayed Intent BALPERP,entity,eth-labels,https://github.com/dawsbot/eth-labels,medium,2026-07-17
0xbcb2d435045e16b059b2130b28be70b5ca47bfe5,optimism,synthetix,Synthetix: Futures Market MATIC,entity,eth-labels,https://github.com/dawsbot/eth-labels,medium,2026-07-17
0xbdd0d09f73ac6f8ef59a71baab283c12dcab06fa,optimism,synthetix,Synthetix: Perps V2 Market State OPPERP,entity,eth-labels,https://github.com/dawsbot/eth-labels,medium,2026-07-17
0xbe0f35e3d0ffe514969333b4d07a279d3d66a494,optimism,synthetix,Synthetix: Perps V2 Delayed Execution ONEPERP,entity,eth-labels,https://github.com/dawsbot/eth-labels,medium,2026-07-17
0xbf1e06facb51b8a9223f266f303a88d3dfc46226,optimism,synthetix,Synthetix: Perps V2 Delayed Execution OPPERP,entity,eth-labels,https://github.com/dawsbot/eth-labels,medium,2026-07-17
0xc02af29944301c8fba606a7df8ef446dc103238c,optimism,synthetix,Synthetix: Perps V2 Market State AVAXPERP,entity,eth-labels,https://github.com/dawsbot/eth-labels,medium,2026-07-17
0xc0929a879906af158b63230bc7a60144f2e26839,optimism,synthetix,Synthetix: Perps V2 Market Liquidate ALGOPERP,entity,eth-labels,https://github.com/dawsbot/eth-labels,medium,2026-07-17
0xc0c66470e766ae2026e6695966c56c90741811aa,optimism,synthetix,Synthetix: Ether Collateral sUSD,entity,eth-labels,https://github.com/dawsbot/eth-labels,medium,2026-07-17
0xc19d27d1da572d582723c1745650e51ac4fc877f,optimism,synthetix,Synthetix: Synth sUNI,entity,eth-labels,https://github.com/dawsbot/eth-labels,medium,2026-07-17
0xc203a12f298ce73e44f7d45a4f59a43dbffe204d,optimism,synthetix,Synthetix: Perps V2 Proxy BCHPERP,entity,eth-labels,https://github.com/dawsbot/eth-labels,medium,2026-07-17
0xc20e63ab2f1303079a6cc31013534e3989cfc8dc,optimism,synthetix,Synthetix: Perps V2 Delayed Execution TRXPERP,entity,eth-labels,https://github.com/dawsbot/eth-labels,medium,2026-07-17
0xc2231d2caddbee015aedddd3f0ee3874e3bd1d59,optimism,synthetix,Synthetix: Perps V2 Market State USDTPERP,entity,eth-labels,https://github.com/dawsbot/eth-labels,medium,2026-07-17
0xc254f4a4bc16218ed30a3d674d8fae3f25b6af5d,optimism,synthetix,Synthetix: Perps V2 Delayed Intent TRXPERP,entity,eth-labels,https://github.com/dawsbot/eth-labels,medium,2026-07-17
0xc2aa78b6d0d2a72557edd79845b43bee4ea4dd10,optimism,synthetix,Synthetix: Perps V2 Market Liquidate INJPERP,entity,eth-labels,https://github.com/dawsbot/eth-labels,medium,2026-07-17
0xc2c71156d9dde42f412e83a3e169283cd70f3e9d,optimism,synthetix,Synthetix: Perps V2 Market State SHIBPERP,entity,eth-labels,https://github.com/dawsbot/eth-labels,medium,2026-07-17
0xc314cfb9c5706f316f3916543ad2f3e4c3aa2d02,optimism,synthetix,Synthetix: Perps V2 Market Views NEAR PERP,entity,eth-labels,https://github.com/dawsbot/eth-labels,medium,2026-07-17
0xc3ee42cabd773a608fa9ec951982c94bd6f33d59,optimism,synthetix,Synthetix: Ether Wrapper,entity,eth-labels,https://github.com/dawsbot/eth-labels,medium,2026-07-17
0xc4be4583bc0307c56cf301975b2b2b1e5f95fcb2,optimism,synthetix,Synthetix: Synth sBTC,entity,eth-labels,https://github.com/dawsbot/eth-labels,medium,2026-07-17
0xc51aedbec3acd26650a7e85b6909e8aec4d0f19e,optimism,synthetix,Synthetix: Futures Market Data,entity,eth-labels,https://github.com/dawsbot/eth-labels,medium,2026-07-17
0xc564040630d6929070d85df237fdf60f6bfe4b5f,optimism,synthetix,Synthetix: Perps V2 Market State XAUPERP,entity,eth-labels,https://github.com/dawsbot/eth-labels,medium,2026-07-17
0xc56a0198c08c3610980340660c39f6d6c7ea765a,optimism,synthetix,Synthetix: Perps V2 Delayed Execution AVAX PERP,entity,eth-labels,https://github.com/dawsbot/eth-labels,medium,2026-07-17
0xc5db22719a06418028a40a9b5e9a7c02959d0d08,optimism,synthetix,Synthetix: sLINK Token,entity,eth-labels,https://github.com/dawsbot/eth-labels,medium,2026-07-17
0xc645a757dd81c69641e010add2da894b4b7bc921,optimism,synthetix,Synthetix: Perps V2 Proxy XTZPERP,entity,eth-labels,https://github.com/dawsbot/eth-labels,medium,2026-07-17
0xc704c9aa89d1ca60f67b3075d05fbb92b3b00b3b,optimism,synthetix,Synthetix: Future Market Manager,entity,eth-labels,https://github.com/dawsbot/eth-labels,medium,2026-07-17
0xc765dca9d0e77b01b2bb74febae2cf89e038092b,optimism,synthetix,Synthetix: Perps V2 Market Liquidate PERPPERP,entity,eth-labels,https://github.com/dawsbot/eth-labels,medium,2026-07-17
0xc81e43b6fb257760cb655c5b3ea0b87d93cf01b5,optimism,synthetix,Synthetix: Perps V2 Delayed Intent RNDRPERP,entity,eth-labels,https://github.com/dawsbot/eth-labels,medium,2026-07-17
0xc8590aeb1484e642f7321bd0586b6db3165a862c,optimism,synthetix,Synthetix: Perps V2 Delayed Intent GBPPERP,entity,eth-labels,https://github.com/dawsbot/eth-labels,medium,2026-07-17
0xc8e91c926e04be1cb94e51c5379d14774d51ae6c,optimism,synthetix,Synthetix: Ether Collateral,entity,eth-labels,https://github.com/dawsbot/eth-labels,medium,2026-07-17
0xc8fcd6fb4d15dd7c455373297def375a08942ece,optimism,synthetix,Synthetix: Perps V2 Proxy PEPEPERP,entity,eth-labels,https://github.com/dawsbot/eth-labels,medium,2026-07-17
0xc9c64cf6d1ce4b41d087f08edaa9de23262f1eda,optimism,synthetix,Synthetix: Perps V2 Delayed Intent RPLPERP,entity,eth-labels,https://github.com/dawsbot/eth-labels,medium,2026-07-17
0xca3af1757f1ce97956c289ccc6b171a14acd85ca,optimism,synthetix,Synthetix: Perps V2 Market CRVPERP,entity,eth-labels,https://github.com/dawsbot/eth-labels,medium,2026-07-17
0xcad243fa79de8acb3b0336dd9793a16d8e6a3aa5,optimism,synthetix,Synthetix: Perps V2 Delayed Intent ICPERP,entity,eth-labels,https://github.com/dawsbot/eth-labels,medium,2026-07-17
0xcadd53c5faae5111c7a0429ee1f99a695433fb17,optimism,synthetix,Synthetix: Perps V2 Market Views AXS PERP,entity,eth-labels,https://github.com/dawsbot/eth-labels,medium,2026-07-17
0xcb9208c6091df778bf405f3938b6a6bef427e37e,optimism,synthetix,Synthetix: Perps V2 Market BCHPERP,entity,eth-labels,https://github.com/dawsbot/eth-labels,medium,2026-07-17
0xcc60342649c58a9d5a5293030ccbc230b1231127,optimism,synthetix,Synthetix: Perps V2 Market Liquidate ATOMPERP,entity,eth-labels,https://github.com/dawsbot/eth-labels,medium,2026-07-17
0xcce2c84c91e6c4de7e87704b3d5c4fba10626234,optimism,synthetix,Synthetix: Perps V2 Delayed Execution FXSPERP,entity,eth-labels,https://github.com/dawsbot/eth-labels,medium,2026-07-17
0xccff378f3aa9e4abb36fdcb03371a59008c28708,optimism,synthetix,Synthetix: Perps V2 Market Views KNC PERP,entity,eth-labels,https://github.com/dawsbot/eth-labels,medium,2026-07-17
0xcdb7d0a946223255d39a6e29b54f08f3291cc118,optimism,synthetix,Synthetix: Escrow Checker,entity,eth-labels,https://github.com/dawsbot/eth-labels,medium,2026-07-17
0xce8bcb110101d6cde21d6c76bd799261385aa950,optimism,synthetix,Synthetix: Perps V2 Market EURPERP,entity,eth-labels,https://github.com/dawsbot/eth-labels,medium,2026-07-17
0xcee08cc3bb744dec69f6eecf5b7b62ccd9143e99,optimism,synthetix,Synthetix: Perps V2 Market Views USDT PERP,entity,eth-labels,https://github.com/dawsbot/eth-labels,medium,2026-07-17
0xceec52eae64958a7f469d2cf919102bd198092dc,optimism,synthetix,Synthetix: Perps V2 Market Liquidate FILPERP,entity,eth-labels,https://github.com/dawsbot/eth-labels,medium,2026-07-17
0xcf2e165d2359e3c4dff1e10ec40dbb5a745223a9,optimism,synthetix,Synthetix: SynthsUNI Token,entity,eth-labels,https://github.com/dawsbot/eth-labels,medium,2026-07-17
0xcf33a35f0f2095abdd0c81dbde3a1cd37be0c5cc,optimism,synthetix,Synthetix: Perps V2 Market State DOTPERP,entity,eth-labels,https://github.com/dawsbot/eth-labels,medium,2026-07-17
0xcf853f7f8f78b2b801095b66f8ba9c5f04db1640,optimism,synthetix,Synthetix: Futures Market SOL,entity,eth-labels,https://github.com/dawsbot/eth-labels,medium,2026-07-17
0xcfdc039bdb8e4b578857b759f27d6baa2617edd3,optimism,synthetix,Synthetix: Perps V2 Market State AXSPERP,entity,eth-labels,https://github.com/dawsbot/eth-labels,medium,2026-07-17
0xcfe154521ab1fc995a6bc68880af9888221fd27c,optimism,synthetix,Synthetix: Perps V2 Market Liquidate SUIPERP,entity,eth-labels,https://github.com/dawsbot/eth-labels,medium,2026-07-17
0xd0de1cc5849e07c03d1d7a2589a8d56d092dfeaf,optimism,synthetix,Synthetix: Perps V2 Market SEIPERP,entity,eth-labels,https://github.com/dawsbot/eth-labels,medium,2026-07-17
0xd10cd91683301c8c15eda40f59e73d1b0bcfecdd,optimism,synthetix,Synthetix: Perps V2 Market State ETHBTCPERP,entity,eth-labels,https://github.com/dawsbot/eth-labels,medium,2026-07-17
0xd1599e478cc818afa42a4839a6c665d9279c3e50,optimism,synthetix,Synthetix: Synth sUSD,entity,eth-labels,https://github.com/dawsbot/eth-labels,medium,2026-07-17
0xd1b73c8251acf068ea03a42177bd1e3f610f9fb4,optimism,synthetix,Synthetix: Perps V2 Market Liquidate AUDPERP,entity,eth-labels,https://github.com/dawsbot/eth-labels,medium,2026-07-17
0xd1c8e9b404053560bc6a0302c4395ffb0ffd1c79,optimism,synthetix,Synthetix: Perps V2 Market Views TRX PERP,entity,eth-labels,https://github.com/dawsbot/eth-labels,medium,2026-07-17
0xd21257d00e06621b1946532a2410db1aba75c638,optimism,synthetix,Synthetix: Perps V2 Delayed Intent ZECPERP,entity,eth-labels,https://github.com/dawsbot/eth-labels,medium,2026-07-17
0xd21969a86ce5c41aab2d492a0f802aa3e015cd9a,optimism,synthetix,Synthetix: Collateral Util,entity,eth-labels,https://github.com/dawsbot/eth-labels,medium,2026-07-17
0xd21f7cc02f3a9b6d059cdad6e0c0f4db18420189,optimism,synthetix,Synthetix: Perps V2 Market Views ZIL PERP,entity,eth-labels,https://github.com/dawsbot/eth-labels,medium,2026-07-17
0xd30bdfd7e7a65fe109d5de1d4e95f3b800fb7463,optimism,synthetix,Synthetix: Futures Market Manager,entity,eth-labels,https://github.com/dawsbot/eth-labels,medium,2026-07-17
0xd325b17d5c9c3f2b6853a760afcf81945b0184d3,optimism,synthetix,Synthetix: Futures Market Debt Ratio,entity,eth-labels,https://github.com/dawsbot/eth-labels,medium,2026-07-17
0xd3739a5f06747e148e716dcb7147b9ba15b70fcc,optimism,synthetix,Synthetix: Old Fee Pool,entity,eth-labels,https://github.com/dawsbot/eth-labels,medium,2026-07-17
0xd3d59d4b8b504ea6e49c5788fe1bc7505c6f61ea,optimism,synthetix,Synthetix: Perps V2 Delayed Execution GBPPERP,entity,eth-labels,https://github.com/dawsbot/eth-labels,medium,2026-07-17
0xd3f1bddc7f25eafdb939d6b4f62cb9d5b19d346f,optimism,synthetix,Synthetix: Perps V2 Delayed Execution LINKPERP,entity,eth-labels,https://github.com/dawsbot/eth-labels,medium,2026-07-17
0xd4b10c896d82b3158a9a9fcb8f6fbc5a8d833c04,optimism,synthetix,Synthetix: Perps V2 Market State WLDPERP,entity,eth-labels,https://github.com/dawsbot/eth-labels,medium,2026-07-17
0xd53c50b644aa4e29fe2b633e97187e2aa3cbd6fc,optimism,synthetix,Synthetix: Perps V2 Delayed Intent USDTPERP,entity,eth-labels,https://github.com/dawsbot/eth-labels,medium,2026-07-17
0xd5ea02e6324693bacbde3e63a3c72e5a227a4ddb,optimism,synthetix,Synthetix: Perps V2 Market UNIPERP,entity,eth-labels,https://github.com/dawsbot/eth-labels,medium,2026-07-17
0xd5faaa459e5b3c118fd85fc0fd67f56310b1618d,optimism,synthetix,Synthetix: Perps V2 Proxy ALGOPERP,entity,eth-labels,https://github.com/dawsbot/eth-labels,medium,2026-07-17
0xd5fccd43205cef11fbaf9b38df15adbe1b186869,optimism,synthetix,Synthetix: Perps V2 Proxy FILPERP,entity,eth-labels,https://github.com/dawsbot/eth-labels,medium,2026-07-17
0xd60e490fbf42a43e67f1e8d74debd7bcb5240f80,optimism,synthetix,Synthetix: Perps V2 Delayed Intent UMAPERP,entity,eth-labels,https://github.com/dawsbot/eth-labels,medium,2026-07-17
0xd681cf2419bb3f85732412164b6542843e9a64a5,optimism,synthetix,Synthetix: Perps V2 Delayed Intent APTPERP,entity,eth-labels,https://github.com/dawsbot/eth-labels,medium,2026-07-17
0xd6a06a8c73265e471639bd953d24832bbcd548fd,optimism,synthetix,Synthetix: Perps V2 Market XAUPERP,entity,eth-labels,https://github.com/dawsbot/eth-labels,medium,2026-07-17
0xd856b45d4d9671482e53e705058af3ff09000a28,optimism,synthetix,Synthetix: Perps V2 Market State ALGOPERP,entity,eth-labels,https://github.com/dawsbot/eth-labels,medium,2026-07-17
0xd8ad261b4dea3ce25642d909d2f3cbf9d4632caf,optimism,synthetix,Synthetix: Perps V2 Market Liquidate WLDPERP,entity,eth-labels,https://github.com/dawsbot/eth-labels,medium,2026-07-17
0xd91db82733987513286b81e7115091d96730b62a,optimism,synthetix,Synthetix: Perps V2 Proxy TRXPERP,entity,eth-labels,https://github.com/dawsbot/eth-labels,medium,2026-07-17
0xd9ac5ecbb704f0bdb0a96bebfa3b79be829d2bc1,optimism,synthetix,Synthetix: Perps V2 Market State FXSPERP,entity,eth-labels,https://github.com/dawsbot/eth-labels,medium,2026-07-17
0xdacbfd99bb915739b58ac9312c78a23acbacb6db,optimism,synthetix,Synthetix: Perps V2 Market Liquidate FLOWPERP,entity,eth-labels,https://github.com/dawsbot/eth-labels,medium,2026-07-17
0xdaf440cdea843762c6d4ecfa7c2f64aed832319e,optimism,synthetix,Synthetix: Perps V2 Delayed Intent RUNEPERP,entity,eth-labels,https://github.com/dawsbot/eth-labels,medium,2026-07-17
0xdcb4ec61fee47955462fd1f3fa89a6f32cc6a800,optimism,synthetix,Synthetix: Perps V2 Market LDOPERP,entity,eth-labels,https://github.com/dawsbot/eth-labels,medium,2026-07-17
0xdcb8438c979fa030581314e5a5df42bbfed744a0,optimism,synthetix,Synthetix: Perps V2 Proxy XMRPERP,entity,eth-labels,https://github.com/dawsbot/eth-labels,medium,2026-07-17
0xdccda0cfbee25b33ff4ccca64467e89512511bf6,optimism,synthetix,Synthetix: Perps V2 Proxy UNIPERP,entity,eth-labels,https://github.com/dawsbot/eth-labels,medium,2026-07-17
0xdcf2d2c4949d6358bf05cfd88dae83276cf7552b,optimism,synthetix,Synthetix: Perps V2 Market DOGEPERP,entity,eth-labels,https://github.com/dawsbot/eth-labels,medium,2026-07-17
0xdd1122620688c25df27dd405cf467cc9e5c0cc82,optimism,synthetix,Synthetix: Perps V2 Market Views ICP PERP,entity,eth-labels,https://github.com/dawsbot/eth-labels,medium,2026-07-17
0xddeb6cb0d6050c9221d037aa099a2d11c443548a,optimism,synthetix,Synthetix: Perps V2 Delayed Execution APEPERP,entity,eth-labels,https://github.com/dawsbot/eth-labels,medium,2026-07-17
0xdebc936c5adfd1331e5fa4ae76db7197283342d0,optimism,synthetix,Synthetix: Perps V2 Delayed Intent MKRPERP,entity,eth-labels,https://github.com/dawsbot/eth-labels,medium,2026-07-17
0xdedb0b04aff1525bb4b6167f00e61601690c1ff2,optimism,synthetix,Synthetix: SynthsEUR Token,entity,eth-labels,https://github.com/dawsbot/eth-labels,medium,2026-07-17
0xdfa2d3a0d32f870d87f8a0d7aa6b9cdeb7bc5adb,optimism,synthetix,Synthetix: SynthsUSD Token,entity,eth-labels,https://github.com/dawsbot/eth-labels,medium,2026-07-17
0xe082bd0ac75c78196f312150a298ade27aebecb0,optimism,synthetix,Synthetix: Perps V2 Market Views ETHBTC PERP,entity,eth-labels,https://github.com/dawsbot/eth-labels,medium,2026-07-17
0xe0c39e7b896e7fd1f9fd221079502bda23e81115,optimism,synthetix,Synthetix: Perps V2 Market Liquidate BCHPERP,entity,eth-labels,https://github.com/dawsbot/eth-labels,medium,2026-07-17
0xe0d10647d92749da9bd5c250df2eef2e4110a8c3,optimism,synthetix,Synthetix: Perps V2 Market XAGPERP,entity,eth-labels,https://github.com/dawsbot/eth-labels,medium,2026-07-17
0xe0d1a14ebc3bc4460feeb67a45c8198063ccc7c7,optimism,synthetix,Synthetix: Perps V2 Delayed Execution MKRPERP,entity,eth-labels,https://github.com/dawsbot/eth-labels,medium,2026-07-17
0xe1264b2b97be89755fbce7a280fd276c55f661d1,optimism,synthetix,Synthetix: Perps V2 Delayed Execution KNCPERP,entity,eth-labels,https://github.com/dawsbot/eth-labels,medium,2026-07-17
0xe152a2dbce62e6c0bd387ffd1bb8086f44c5fd04,optimism,synthetix,Synthetix: One Net Aggregator Issued Synths,entity,eth-labels,https://github.com/dawsbot/eth-labels,medium,2026-07-17
0xe28b785ecc2cb5fe949f5f31a5aec3989f764838,optimism,synthetix,Synthetix: System Settings,entity,eth-labels,https://github.com/dawsbot/eth-labels,medium,2026-07-17
0xe37858391bc66b1b8838a7459e59a802642284fa,optimism,synthetix,Synthetix: Perps V2 Market Liquidate MATICPERP,entity,eth-labels,https://github.com/dawsbot/eth-labels,medium,2026-07-17
0xe405de8f52ba7559f9df3c368500b6e6ae6cee49,optimism,synthetix,Synthetix: sETH Token,entity,eth-labels,https://github.com/dawsbot/eth-labels,medium,2026-07-17
0xe44179cb9623c3bb7a9bcf54b4b1dd5ad8c672e3,optimism,synthetix,Synthetix: Perps V2 Market Views APT PERP,entity,eth-labels,https://github.com/dawsbot/eth-labels,medium,2026-07-17
0xe46ef097d2cf6ff95ad172d5da0e65a0de9e2468,optimism,synthetix,Synthetix: Perps V2 Market State ATOMPERP,entity,eth-labels,https://github.com/dawsbot/eth-labels,medium,2026-07-17
0xe4bc6fce51de6198ac13edb55e60b5ca67a4d7c9,optimism,synthetix,Synthetix: Perps V2 Market AVAXPERP,entity,eth-labels,https://github.com/dawsbot/eth-labels,medium,2026-07-17
0xe4d25c54759ecd13c10e6c64ab9127c6408f9cff,optimism,synthetix,Synthetix: Perps V2 Market Views SHIB PERP,entity,eth-labels,https://github.com/dawsbot/eth-labels,medium,2026-07-17
0xe662e0af5fcabe78aaaf4cff0a13ca69512fc481,optimism,synthetix,Synthetix: Perps V2 Market Views BTC PERP,entity,eth-labels,https://github.com/dawsbot/eth-labels,medium,2026-07-17
0xe6ac817cfdd83073aec079cd9ebb9c35479b7665,optimism,synthetix,Synthetix: Perps V2 Delayed Execution DOGEPERP,entity,eth-labels,https://github.com/dawsbot/eth-labels,medium,2026-07-17
0xe6bf793b3ed4b42f8c3fb883a60e49f976a1791e,optimism,synthetix,Synthetix: Perps V2 Delayed Intent KNCPERP,entity,eth-labels,https://github.com/dawsbot/eth-labels,medium,2026-07-17
0xe72f5c2b7c8e8697affe886497d22ad47d832085,optimism,synthetix,Synthetix: Perps V2 Delayed Execution ICPERP,entity,eth-labels,https://github.com/dawsbot/eth-labels,medium,2026-07-17
0xe7b44e0411307b637a1b3b75af8c37d752857ae1,optimism,synthetix,Synthetix: Perps V2 Delayed Execution ENJPERP,entity,eth-labels,https://github.com/dawsbot/eth-labels,medium,2026-07-17
0xe7c25f3e803c7eb5a08d0332d0c28417241d5462,optimism,synthetix,Synthetix: Perps V2 Market Liquidate BNBPERP,entity,eth-labels,https://github.com/dawsbot/eth-labels,medium,2026-07-17
0xe8c41be1a167314abaf2423b72bf8da826943ffd,optimism,synthetix,Synthetix: System Status,entity,eth-labels,https://github.com/dawsbot/eth-labels,medium,2026-07-17
0xe94afded9cb9ab143e8ccc8c7439794e8c41f1a6,optimism,synthetix,Synthetix: Perps V2 Market State ZECPERP,entity,eth-labels,https://github.com/dawsbot/eth-labels,medium,2026-07-17
0xe96097de5d8d168fc46b52874df0a474e4a293d6,optimism,synthetix,Synthetix: Perps V2 Market Liquidate XTZPERP,entity,eth-labels,https://github.com/dawsbot/eth-labels,medium,2026-07-17
0xe9dc2c1008b1322c21c1fb45cd101f1b7a0c9f73,optimism,synthetix,Synthetix: Perps V2 Market Liquidate OPPERP,entity,eth-labels,https://github.com/dawsbot/eth-labels,medium,2026-07-17
0xe9dcea0136fefc76c4e639ec60cce70482e2acf7,optimism,synthetix,Synthetix: SynthsETH Token,entity,eth-labels,https://github.com/dawsbot/eth-labels,medium,2026-07-17
0xe9e46a7323d54af1550b931c8bd6f8615f079379,optimism,synthetix,Synthetix: Perps V2 Delayed Execution PEPEPERP,entity,eth-labels,https://github.com/dawsbot/eth-labels,medium,2026-07-17
0xea0324cc8d9fd70b8000bafbac7e3ff7c15275ed,optimism,synthetix,Synthetix: Perps V2 Market STETHETHPERP,entity,eth-labels,https://github.com/dawsbot/eth-labels,medium,2026-07-17
0xeaacada91015c11d43bd788f09b2d54decfdc2e8,optimism,synthetix,Synthetix: Perps V2 Delayed Execution EURPERP,entity,eth-labels,https://github.com/dawsbot/eth-labels,medium,2026-07-17
0xeaf0191bca9dd417202cef2b18b7515abff1e196,optimism,synthetix,Synthetix: Perps V2 Proxy SOLPERP,entity,eth-labels,https://github.com/dawsbot/eth-labels,medium,2026-07-17
0xeafa65b829b37277a14fe43de9fada0d9e897e4d,optimism,synthetix,Synthetix: Perps V2 Market State XLMPERP,entity,eth-labels,https://github.com/dawsbot/eth-labels,medium,2026-07-17
0xeb4b5abce7310855319440d936cd3add77dfa193,optimism,synthetix,Synthetix: Collateral Short,entity,eth-labels,https://github.com/dawsbot/eth-labels,medium,2026-07-17
0xeb66fc1bfdf3284cb0ca1de57149dcf3cefa5453,optimism,synthetix,Synthetix: Issuer,entity,eth-labels,https://github.com/dawsbot/eth-labels,medium,2026-07-17
0xebbeb518d4b4e488f45913a9ef72ea57be676f1a,optimism,synthetix,Synthetix: Perps V2 Market Liquidate FXSPERP,entity,eth-labels,https://github.com/dawsbot/eth-labels,medium,2026-07-17
0xebce9728e2fddc26c9f4b00df5180bdc5e184953,optimism,synthetix,Synthetix: Old Collateral Short,entity,eth-labels,https://github.com/dawsbot/eth-labels,medium,2026-07-17
0xebf81425e81e2a879c139db3b3891b0a635dcf7f,optimism,synthetix,Synthetix: Perps V2 Market Views LDO PERP,entity,eth-labels,https://github.com/dawsbot/eth-labels,medium,2026-07-17
0xec3665f7e696b0ad0d04ae5161b18782d48cd1fd,optimism,synthetix,Synthetix: Token State sETH,entity,eth-labels,https://github.com/dawsbot/eth-labels,medium,2026-07-17
0xecafbac3221160337a3a8dcb25a955f50618feeb,optimism,synthetix,Synthetix: Perps V2 Market UMAPERP,entity,eth-labels,https://github.com/dawsbot/eth-labels,medium,2026-07-17
0xecc8a6af92d825acc5b871993fc83d86cced5a19,optimism,synthetix,Synthetix: Perps V2 Market State FLOWPERP,entity,eth-labels,https://github.com/dawsbot/eth-labels,medium,2026-07-17
0xece9613025f970f1d56b2ba749e1170976465088,optimism,synthetix,Synthetix: Perps V2 Market Liquidate XLMPERP,entity,eth-labels,https://github.com/dawsbot/eth-labels,medium,2026-07-17
0xed20040b21fdf6d68336f6e61ad05f235e3ea9f3,optimism,synthetix,Synthetix: Perps V2 Market Views BLUR PERP,entity,eth-labels,https://github.com/dawsbot/eth-labels,medium,2026-07-17
0xedb8f5e51e5b11e73bea72600aa2de7a4a2eafa4,optimism,synthetix,Synthetix: Perps V2 Market State ONEPERP,entity,eth-labels,https://github.com/dawsbot/eth-labels,medium,2026-07-17
0xee8804d8ad10b0c3ad1bd57ac3737242ad24bb95,optimism,synthetix,Synthetix: Futures Market BTC,entity,eth-labels,https://github.com/dawsbot/eth-labels,medium,2026-07-17
0xeed3618dd59163cc6849758f07fa9369823aa710,optimism,synthetix,Synthetix: Perps V2 Market State LINKPERP,entity,eth-labels,https://github.com/dawsbot/eth-labels,medium,2026-07-17
0xeef768df33e01bcd395612601569f4ac5daf2363,optimism,synthetix,Synthetix: Perps V2 Market MAVPERP,entity,eth-labels,https://github.com/dawsbot/eth-labels,medium,2026-07-17
0xef7f0bc2d93caeaa824ee56592e3c2e9d5bf0c34,optimism,synthetix,Synthetix: Perps V2 Market Liquidate ARBPERP,entity,eth-labels,https://github.com/dawsbot/eth-labels,medium,2026-07-17
0xf037641c69c1156530c182b970045eba6289553b,optimism,synthetix,Synthetix: Perps V2 Delayed Intent SHIBPERP,entity,eth-labels,https://github.com/dawsbot/eth-labels,medium,2026-07-17
0xf0671cf8a1a0b3308e84852308f9624b9ec2e28f,optimism,synthetix,Synthetix: Perps V2 Delayed Execution RPLPERP,entity,eth-labels,https://github.com/dawsbot/eth-labels,medium,2026-07-17
0xf23df6328a8edcfb34b9905715a32181e72964c3,optimism,synthetix,Synthetix: Perps V2 Delayed Intent ENJPERP,entity,eth-labels,https://github.com/dawsbot/eth-labels,medium,2026-07-17
0xf2bb38e5fe4e244ef3ab82f218383ba4d358f895,optimism,synthetix,Synthetix: Perps V2 Market WLDPERP,entity,eth-labels,https://github.com/dawsbot/eth-labels,medium,2026-07-17
0xf32b995fe4ddf540c848236db9638d137aa9b6ff,optimism,synthetix,Synthetix: Token State sUNI,entity,eth-labels,https://github.com/dawsbot/eth-labels,medium,2026-07-17
0xf40e46c74ca3e72d8dc490493fa9499999c6256e,optimism,synthetix,Synthetix: Perps V2 Delayed Intent XAGPERP,entity,eth-labels,https://github.com/dawsbot/eth-labels,medium,2026-07-17
0xf49c194954b6b91855ac06d6c88be316da60ed96,optimism,synthetix,Synthetix: SynthsMATIC Token,entity,eth-labels,https://github.com/dawsbot/eth-labels,medium,2026-07-17
0xf4aa6bf149873cb965061f845407091ef9f50722,optimism,synthetix,Synthetix: Perps V2 Market BNBPERP,entity,eth-labels,https://github.com/dawsbot/eth-labels,medium,2026-07-17
0xf4edc15ccf3be5833db3753aa91782a601f9aeda,optimism,synthetix,Synthetix: Perps V2 Market Liquidate CELOPERP,entity,eth-labels,https://github.com/dawsbot/eth-labels,medium,2026-07-17
0xf4eebdd0704021ef2a6bbe993fdf93030cd784b4,optimism,synthetix,Synthetix: Liquidator Rewards,entity,eth-labels,https://github.com/dawsbot/eth-labels,medium,2026-07-17
0xf52df12dd62731a11180403212ee67cb5f4d6345,optimism,synthetix,Synthetix: Perps V2 Delayed Execution FLOKIPERP,entity,eth-labels,https://github.com/dawsbot/eth-labels,medium,2026-07-17
0xf5826f24805c162c696b79ba31ebc6fb8003d475,optimism,synthetix,Synthetix: Perps V2 Market State LTCPERP,entity,eth-labels,https://github.com/dawsbot/eth-labels,medium,2026-07-17
0xf5a6115aa582fd1beea22bc93b7dc7a785f60d03,optimism,synthetix,Synthetix: sUNI Token,entity,eth-labels,https://github.com/dawsbot/eth-labels,medium,2026-07-17
0xf5d0bfbc617d3969c1ace93490a76ce80db1ed0e,optimism,synthetix,Synthetix: Synth sMATIC,entity,eth-labels,https://github.com/dawsbot/eth-labels,medium,2026-07-17
0xf606e99d6f6a003623ea5764da119baecb2e8c99,optimism,synthetix,Synthetix: Perps V2 Market State RPLPERP,entity,eth-labels,https://github.com/dawsbot/eth-labels,medium,2026-07-17
0xf6af0f6e69a24bc753382a9c53d568d83515f167,optimism,synthetix,Synthetix: Perps V2 Market Liquidate APTPERP,entity,eth-labels,https://github.com/dawsbot/eth-labels,medium,2026-07-17
0xf7af14838789093ccd01c67cf9bc5f602501ced0,optimism,synthetix,Synthetix: Perps V2 Delayed Intent YFIPERP,entity,eth-labels,https://github.com/dawsbot/eth-labels,medium,2026-07-17
0xf7d9bd13f877171f6c7f93f71bdf8e380335dc12,optimism,synthetix,Synthetix: Perps V2 Proxy OPPERP,entity,eth-labels,https://github.com/dawsbot/eth-labels,medium,2026-07-17
0xf86048dff23cf130107dfb4e6386f574231a5c65,optimism,synthetix,Synthetix: Futures Market ETH,entity,eth-labels,https://github.com/dawsbot/eth-labels,medium,2026-07-17
0xf8ab6b9008f2290965426d3076bc9d2ea835575e,optimism,synthetix,Synthetix: Perps V2 Proxy ZECPERP,entity,eth-labels,https://github.com/dawsbot/eth-labels,medium,2026-07-17
0xf8dbef33111a37879f35ee15507769ca927cf9c0,optimism,synthetix,Synthetix: Perps V2 Market State COMPPERP,entity,eth-labels,https://github.com/dawsbot/eth-labels,medium,2026-07-17
0xf963a0fc0bfc38fefe08c6062f2ad9a11affdeeb,optimism,synthetix,Synthetix: Perps V2 Market State MKRPERP,entity,eth-labels,https://github.com/dawsbot/eth-labels,medium,2026-07-17
0xf9c0122a38c6b85fdaff3065f3d0822d9802e03e,optimism,synthetix,Synthetix: Perps V2 Market KNCPERP,entity,eth-labels,https://github.com/dawsbot/eth-labels,medium,2026-07-17
0xf9dd29d2fd9b38cd90e390c797f1b7e0523f43a9,optimism,synthetix,Synthetix: Perps V2 Proxy APTPERP,entity,eth-labels,https://github.com/dawsbot/eth-labels,medium,2026-07-17
0xf9f70f783be3ee6ebde9504ba0ac0730151b0a22,optimism,synthetix,Synthetix: Perps V2 Delayed Intent OPPERP,entity,eth-labels,https://github.com/dawsbot/eth-labels,medium,2026-07-17
0xf9fe3607e6d19d8dc690dd976061a91d4a0db30b,optimism,synthetix,Synthetix: Fee Pool,entity,eth-labels,https://github.com/dawsbot/eth-labels,medium,2026-07-17
0xfad0835dad2985b25ddab17eace356237589e5c7,optimism,synthetix,Synthetix: Perps V2 Proxy SHIBPERP,entity,eth-labels,https://github.com/dawsbot/eth-labels,medium,2026-07-17
0xfaf84737dae0da0c093bc172e32fb845016df642,optimism,synthetix,Synthetix: Perps V2 Market Views SOL PERP,entity,eth-labels,https://github.com/dawsbot/eth-labels,medium,2026-07-17
0xfbbbfa96af2980ae4014d5d5a2ef14bd79b2a299,optimism,synthetix,Synthetix: Old Perps V2 Proxy XTZPERP,entity,eth-labels,https://github.com/dawsbot/eth-labels,medium,2026-07-17
0xfbc4198702e81ae77c06d58f81b629bdf36f0a71,optimism,synthetix,Synthetix: sEUR Token,entity,eth-labels,https://github.com/dawsbot/eth-labels,medium,2026-07-17
0xfc328bb84082aae68cc47d7f032b177b8da348bc,optimism,synthetix,Synthetix: Perps V2 Market Liquidate FLOKIPERP,entity,eth-labels,https://github.com/dawsbot/eth-labels,medium,2026-07-17
0xfc6895ff4756985bca9df2aabb5f31651c591bef,optimism,synthetix,Synthetix: Perps V2 Delayed Execution MAVPERP,entity,eth-labels,https://github.com/dawsbot/eth-labels,medium,2026-07-17
0xfd306a2b2e78e35f573f8593aeed50d07ceab6bd,optimism,synthetix,Synthetix: Perps V2 Market Liquidate STETHPERP,entity,eth-labels,https://github.com/dawsbot/eth-labels,medium,2026-07-17
0xfd49c7ee330fe060ca66fee33d49206eb96f146d,optimism,synthetix,Synthetix: Staking Rewards SNX WETH,entity,eth-labels,https://github.com/dawsbot/eth-labels,medium,2026-07-17
0xfd9e252cd1fa456aad9fc592608e86fabcf40f77,optimism,synthetix,Synthetix: Perps V2 Delayed Execution APTPERP,entity,eth-labels,https://github.com/dawsbot/eth-labels,medium,2026-07-17
0xfd9f2393634fae33099503b45719d8ebf1da7744,optimism,synthetix,Synthetix: Perps V2 Market Views ALGO PERP,entity,eth-labels,https://github.com/dawsbot/eth-labels,medium,2026-07-17
0xfe00395ec846240dc693e92ab2dd720f94765aa3,optimism,synthetix,Synthetix: Futures Market APE,entity,eth-labels,https://github.com/dawsbot/eth-labels,medium,2026-07-17
0xfe33ae95a9f0da8a845af33516edc240dcd711d6,optimism,synthetix,Synthetix: Token State sINR,entity,eth-labels,https://github.com/dawsbot/eth-labels,medium,2026-07-17
0xff5cfdb5b9640eaea8d23c1d72014346ae8174fd,optimism,synthetix,Synthetix: Perps V2 Delayed Intent STETHETHPERP,entity,eth-labels,https://github.com/dawsbot/eth-labels,medium,2026-07-17
0xff82e4012816cc01093565c6d2ee2af83f3cb3ae,optimism,synthetix,Synthetix: Perps V2 Delayed Intent BLURPERP,entity,eth-labels,https://github.com/dawsbot/eth-labels,medium,2026-07-17
0xff8bf0f6f9494b44aed91bb7868ab94b76dceaad,optimism,synthetix,Synthetix: Perps V2 Market XLMPERP,entity,eth-labels,https://github.com/dawsbot/eth-labels,medium,2026-07-17
0xffa3635f5844ea0f2fccb03cb936828f508f558b,optimism,synthetix,Synthetix: Exchange Settlement Lib,entity,eth-labels,https://github.com/dawsbot/eth-labels,medium,2026-07-17
0xffffffaeff0b96ea8e4f94b2253f31abdd875847,optimism,synthetix,Synthetix: Synthetix Core,entity,eth-labels,https://github.com/dawsbot/eth-labels,medium,2026-07-17
0x00a35fd824c717879bf370e70ac6868b95870dfb,optimism,token-contract,Iron Bank: IB Token,entity,eth-labels,https://github.com/dawsbot/eth-labels,medium,2026-07-17
0x00f932f0fe257456b32deda4758922e56a4f4b42,optimism,token-contract,Dope Wars Paper: PAPER Token,entity,eth-labels,https://github.com/dawsbot/eth-labels,medium,2026-07-17
0x03943c3ef00d92e130185cebc0bcc435def2cc94,optimism,token-contract,Follow Me: FM Token,entity,eth-labels,https://github.com/dawsbot/eth-labels,medium,2026-07-17
0x048c6bad48c51436764ed1fdb3c9d1c25d2c0ada,optimism,token-contract,Bolide: BLID Token,entity,eth-labels,https://github.com/dawsbot/eth-labels,medium,2026-07-17
0x049e04bee77cffb055f733a138a2f204d3750283,optimism,token-contract,null,entity,eth-labels,https://github.com/dawsbot/eth-labels,medium,2026-07-17
0x04f0fd3cd03b17a3e5921c0170ca6dd3952841ca,optimism,token-contract,Iron Bank: iSUSD Token,entity,eth-labels,https://github.com/dawsbot/eth-labels,medium,2026-07-17
0x05c87b79844227a4d95171e9969da3dd7d65914e,optimism,token-contract,DRODEC: DRODEC Token,entity,eth-labels,https://github.com/dawsbot/eth-labels,medium,2026-07-17
0x05e7732bf9ae5592e6aa05afe8cd80f7ab0a7bea,optimism,token-contract,null,entity,eth-labels,https://github.com/dawsbot/eth-labels,medium,2026-07-17
0x086bb1bccc2b4b0d2ea48d392f27d2c7b94ca9cd,optimism,token-contract,st0ked: st0ked Token,entity,eth-labels,https://github.com/dawsbot/eth-labels,medium,2026-07-17
0x098f32d98d0d64dba199fc1923d3bf4192e78719,optimism,token-contract,null,entity,eth-labels,https://github.com/dawsbot/eth-labels,medium,2026-07-17
0x0a9aaa1c7542b42233ac7ffda364e97ade21f160,optimism,token-contract,Validator: VALX Token,entity,eth-labels,https://github.com/dawsbot/eth-labels,medium,2026-07-17
0x0b322577569418b166cd98ea8ae7c681e4a820eb,optimism,token-contract,Multichain: anyOPX Token,entity,eth-labels,https://github.com/dawsbot/eth-labels,medium,2026-07-17
0x0b91b07beb67333225a5ba0259d55aee10e3a578,optimism,token-contract,Minereum: MNEO Token,entity,eth-labels,https://github.com/dawsbot/eth-labels,medium,2026-07-17
0x0be27c140f9bdad3474beaff0a413ec7e19e9b93,optimism,token-contract,Index Coop: MNYe Token,entity,eth-labels,https://github.com/dawsbot/eth-labels,medium,2026-07-17
0x0c485feb9e6fee816652ea8f3bed2a8f59296e40,optimism,token-contract,Pendle: PT-rETH-27JUN24/SY-rETH Market Token,entity,eth-labels,https://github.com/dawsbot/eth-labels,medium,2026-07-17
0x0c5b4c92c948691eebf185c17eeb9c230dc019e9,optimism,token-contract,Pickle Finance: PICKLE Token,entity,eth-labels,https://github.com/dawsbot/eth-labels,medium,2026-07-17
0x0cbd6fadcf8096cc9a43d90b45f65826102e3ece,optimism,token-contract,CheckDot: CDT Token,entity,eth-labels,https://github.com/dawsbot/eth-labels,medium,2026-07-17
0x0f5d45a7023612e9e244fe84fac5fcf3740d1492,optimism,token-contract,Lyra Finance: stkLYRA Token,entity,eth-labels,https://github.com/dawsbot/eth-labels,medium,2026-07-17
0x10010078a54396f62c96df8532dc2b4847d47ed3,optimism,token-contract,Hundred Finance: HND Token,entity,eth-labels,https://github.com/dawsbot/eth-labels,medium,2026-07-17
0x117cfd9060525452db4a34d51c0b3b7599087f05,optimism,token-contract,GYSR: GYSR Token,entity,eth-labels,https://github.com/dawsbot/eth-labels,medium,2026-07-17
0x119685fe98f37524e59a3e91f7108d6a693818f3,optimism,token-contract,deathOS: DEATHOS Token,entity,eth-labels,https://github.com/dawsbot/eth-labels,medium,2026-07-17
0x130966628846bfd36ff31a822705796e8cb8c18d,optimism,token-contract,Multichain: anyPREMIA Token,entity,eth-labels,https://github.com/dawsbot/eth-labels,medium,2026-07-17
0x139283255069ea5deef6170699aaef7139526f1f,optimism,token-contract,OptiDoge: OptiDoge Token,entity,eth-labels,https://github.com/dawsbot/eth-labels,medium,2026-07-17
0x14778860e937f509e651192a90589de711fb88a9,optimism,token-contract,CyberConnect: CYBER Token,entity,eth-labels,https://github.com/dawsbot/eth-labels,medium,2026-07-17
0x173fd7434b8b50df08e3298f173487ebdb35fd14,optimism,token-contract,Multichain: anyRAI Token,entity,eth-labels,https://github.com/dawsbot/eth-labels,medium,2026-07-17
0x17533a1bde957979e3977ebbfbc31e6deeb25c7d,optimism,token-contract,Iron Bank: iWETH Token,entity,eth-labels,https://github.com/dawsbot/eth-labels,medium,2026-07-17
0x17aabf6838a6303fc6e9c5a227dc1eb6d95c829a,optimism,token-contract,Magicaltux: TUX Token,entity,eth-labels,https://github.com/dawsbot/eth-labels,medium,2026-07-17
0x181d739a0c016bd0b32bd6e47cbca70d3a0e69d7,optimism,token-contract,WaweSwaps Global: GBL Token,entity,eth-labels,https://github.com/dawsbot/eth-labels,medium,2026-07-17
0x18607adc70d68e196d12019d49b0607b99312853,optimism,token-contract,Pegasus: PEGA Token,entity,eth-labels,https://github.com/dawsbot/eth-labels,medium,2026-07-17
0x1930ea485e6062da07e002c29089fa9c60f01599,optimism,token-contract,Aevo: AEVOFARMINGPROGRAMTGE Token,entity,eth-labels,https://github.com/dawsbot/eth-labels,medium,2026-07-17
0x19f0622903a977a24bb47521732e6291002a4ede,optimism,token-contract,null,entity,eth-labels,https://github.com/dawsbot/eth-labels,medium,2026-07-17
0x19f8f57fc4d3fb9201d4ea93ea598b8c5c9958f2,optimism,token-contract,Lyra Finance: LyOPpt Token,entity,eth-labels,https://github.com/dawsbot/eth-labels,medium,2026-07-17
0x1a0987db9031395c702908157d34022d0ef1a728,optimism,token-contract,null,entity,eth-labels,https://github.com/dawsbot/eth-labels,medium,2026-07-17
0x1ccca1ce62c62f7be95d4a67722a8fdbed6eecb4,optimism,token-contract,Multichain: alETH Token,entity,eth-labels,https://github.com/dawsbot/eth-labels,medium,2026-07-17
0x1cef2d62af4cd26673c7416957cc4ec619a696a7,optimism,token-contract,DexToro: DTORO Token,entity,eth-labels,https://github.com/dawsbot/eth-labels,medium,2026-07-17
0x1d073cf59ae0c169cbc58b6fdd518822ae89173a,optimism,token-contract,Iron Bank: iUSDC Token,entity,eth-labels,https://github.com/dawsbot/eth-labels,medium,2026-07-17
0x1da650c3b2daa8aa9ff6f661d4156ce24d08a062,optimism,token-contract,Dentacoin: DCN Token,entity,eth-labels,https://github.com/dawsbot/eth-labels,medium,2026-07-17
0x1db2466d9f5e10d7090e7152b68d62703a2245f0,optimism,token-contract,Sonne Finance: SONNE Token,entity,eth-labels,https://github.com/dawsbot/eth-labels,medium,2026-07-17
0x1dfe41cc7f7860ba7f1076ca6d0fedd707c87a00,optimism,token-contract,Pendle: YT-wstETH-26SEP2024 Token,entity,eth-labels,https://github.com/dawsbot/eth-labels,medium,2026-07-17
0x1e3c6c53f9f60bf8aae0d7774c21fa6b1afddc57,optimism,token-contract,xShrap: xSHRAP Token,entity,eth-labels,https://github.com/dawsbot/eth-labels,medium,2026-07-17
0x1e925de1c68ef83bd98ee3e130ef14a50309c01b,optimism,token-contract,Exactly: EXA Token,entity,eth-labels,https://github.com/dawsbot/eth-labels,medium,2026-07-17
0x1f3e84f850ed618e2b79932f533f74187d55a860,optimism,token-contract,TokenFunder: CPI BRW-B Token,entity,eth-labels,https://github.com/dawsbot/eth-labels,medium,2026-07-17
0x217d47011b23bb961eb6d93ca9945b7501a5bb11,optimism,token-contract,Thales: THALES Token,entity,eth-labels,https://github.com/dawsbot/eth-labels,medium,2026-07-17
0x22cd0e2680f4b9ae140e3b9abfa3463532e290ff,optimism,token-contract,Merge Bears: ELB Token,entity,eth-labels,https://github.com/dawsbot/eth-labels,medium,2026-07-17
0x2335022c740d17c2837f9c884bfe4ffdbf0a95d5,optimism,token-contract,null,entity,eth-labels,https://github.com/dawsbot/eth-labels,medium,2026-07-17
0x23ca0306b21ea71552b148cf3c4db4fc85ae1929,optimism,token-contract,null,entity,eth-labels,https://github.com/dawsbot/eth-labels,medium,2026-07-17
0x24fb77c8c776c75f869bc65e6856af56f57d919f,optimism,token-contract,Pendle: PT-wstETH-26SEP24/SY-wstETH Market Token,entity,eth-labels,https://github.com/dawsbot/eth-labels,medium,2026-07-17
0x2513486f18eee1498d7b6281f668b955181dd0d9,optimism,token-contract,The Open X Project: xOpenX Token,entity,eth-labels,https://github.com/dawsbot/eth-labels,medium,2026-07-17
0x252ea7e68a27390ce0d53851192839a39ab8b38c,optimism,token-contract,Lemma Finance: xUSDL Token,entity,eth-labels,https://github.com/dawsbot/eth-labels,medium,2026-07-17
0x2598c30330d5771ae9f983979209486ae26de875,optimism,token-contract,Any Inu: AI Token,entity,eth-labels,https://github.com/dawsbot/eth-labels,medium,2026-07-17
0x29cb69d4780b53c1e5cd4d2b817142d2e9890715,optimism,token-contract,PoolTogether: pWETH Token,entity,eth-labels,https://github.com/dawsbot/eth-labels,medium,2026-07-17
0x29faf5905bff9cfcc7cf56a5ed91e0f091f8664b,optimism,token-contract,Bankless DAO: BANK Token,entity,eth-labels,https://github.com/dawsbot/eth-labels,medium,2026-07-17
0x2aa5d15eb36e5960d056e8fea6e7bb3e2a06a351,optimism,token-contract,Hedgey Finance:: HDGY Token,entity,eth-labels,https://github.com/dawsbot/eth-labels,medium,2026-07-17
0x2dad3a13ef0c6366220f989157009e501e7938f8,optimism,token-contract,Extra Finance: EXTRA Token,entity,eth-labels,https://github.com/dawsbot/eth-labels,medium,2026-07-17
0x30e5f112e21f5f020df32728641b55e559d32ca7,optimism,token-contract,Crypto Toffe: CTP Token,entity,eth-labels,https://github.com/dawsbot/eth-labels,medium,2026-07-17
0x323665443cef804a3b5206103304bd4872ea4253,optimism,token-contract,USDV.Money: USDV Token,entity,eth-labels,https://github.com/dawsbot/eth-labels,medium,2026-07-17
0x338726dd694db9e2230ec2bb8624a2d7f566c96d,optimism,token-contract,Multichain: anyWBTC Token,entity,eth-labels,https://github.com/dawsbot/eth-labels,medium,2026-07-17
0x340fe1d898eccaad394e2ba0fc1f93d27c7b717a,optimism,token-contract,Wrapped USDR: wUSDR Token,entity,eth-labels,https://github.com/dawsbot/eth-labels,medium,2026-07-17
0x346e03f8cce9fe01dcb3d0da3e9d00dc2c0e08f0,optimism,token-contract,Ether.fi: weETH Token,entity,eth-labels,https://github.com/dawsbot/eth-labels,medium,2026-07-17
0x350a791bfc2c21f9ed5d10980dad2e2638ffa7f6,optimism,token-contract,Chainlink: LINK Token,entity,eth-labels,https://github.com/dawsbot/eth-labels,medium,2026-07-17
0x374ad0f47f4ca39c78e5cc54f1c9e426ff8f231a,optimism,token-contract,Premia: PREMIA Token,entity,eth-labels,https://github.com/dawsbot/eth-labels,medium,2026-07-17
0x375488f097176507e39b9653b88fdc52cde736bf,optimism,token-contract,Multichain: TAROT Token,entity,eth-labels,https://github.com/dawsbot/eth-labels,medium,2026-07-17
0x395ae52bb17aef68c2888d941736a71dc6d4e125,optimism,token-contract,PoolTogether: POOL Token,entity,eth-labels,https://github.com/dawsbot/eth-labels,medium,2026-07-17
0x39fde572a18448f8139b7788099f0a0740f51205,optimism,token-contract,OATH: OATH Token,entity,eth-labels,https://github.com/dawsbot/eth-labels,medium,2026-07-17
0x3b6564b5da73a41d3a66e6558a98fd0e9e1e77ad,optimism,token-contract,Unitus: UTS Token,entity,eth-labels,https://github.com/dawsbot/eth-labels,medium,2026-07-17
0x3bc1a0ad72417f2d411118085256fc53cbddd137,optimism,token-contract,Hats Protocol: Token,entity,eth-labels,https://github.com/dawsbot/eth-labels,medium,2026-07-17
0x3bc414fa971189783acee4dee281067c322e3412,optimism,token-contract,Lemma Finance: lETH Token,entity,eth-labels,https://github.com/dawsbot/eth-labels,medium,2026-07-17
0x3c74c4ed512050eb843d89fb9dcd5ebb4668eb6d,optimism,token-contract,null,entity,eth-labels,https://github.com/dawsbot/eth-labels,medium,2026-07-17
0x3c8b650257cfb5f272f799f5e2b4e65093a11a05,optimism,token-contract,Velodrome Finance: VELO Token,entity,eth-labels,https://github.com/dawsbot/eth-labels,medium,2026-07-17
0x3d2bb989b5ad16248f38b50657a1ca4cbbcd6541,optimism,token-contract,GTPS: GFI Token,entity,eth-labels,https://github.com/dawsbot/eth-labels,medium,2026-07-17
0x3d4e1981f822e87a1a4c05f2e4b3bcade5406ae3,optimism,token-contract,Multichain: anyBUILD Token,entity,eth-labels,https://github.com/dawsbot/eth-labels,medium,2026-07-17
0x3e29d3a9316dab217754d13b28646b76607c5f04,optimism,token-contract,Alchemix Finance: alETH Token,entity,eth-labels,https://github.com/dawsbot/eth-labels,medium,2026-07-17
0x3e5d9d8a63cc8a88748f229999cf59487e90721e,optimism,token-contract,MetalSwap: XMT Token,entity,eth-labels,https://github.com/dawsbot/eth-labels,medium,2026-07-17
0x3eb398fec5f7327c6b15099a9681d9568ded2e82,optimism,token-contract,Token Name Service: TKN Token,entity,eth-labels,https://github.com/dawsbot/eth-labels,medium,2026-07-17
0x3f56e0c36d275367b8c502090edf38289b3dea0d,optimism,token-contract,Qi Dao: QI Token,entity,eth-labels,https://github.com/dawsbot/eth-labels,medium,2026-07-17
0x4186eb285b1efdf372ac5896a08c346c7e373cc4,optimism,token-contract,Alchemix Finance: Static A Token USDC,entity,eth-labels,https://github.com/dawsbot/eth-labels,medium,2026-07-17
0x4200000000000000000000000000000000000006,optimism,token-contract,Wrapped Ether,entity,eth-labels,https://github.com/dawsbot/eth-labels,medium,2026-07-17
0x4200000000000000000000000000000000000042,optimism,token-contract,Optimism: OP Token,entity,eth-labels,https://github.com/dawsbot/eth-labels,medium,2026-07-17
0x43a502d7e947c8a2ebbaf7627e104ddcc253abc6,optimism,token-contract,Alchemix Finance: StaticA Token DAI,entity,eth-labels,https://github.com/dawsbot/eth-labels,medium,2026-07-17
0x43da214fab3315aa6c02e0b8f2bfb7ef2e3c60a5,optimism,token-contract,null,entity,eth-labels,https://github.com/dawsbot/eth-labels,medium,2026-07-17
0x448e87779345cc2a4b3772dfd0f63200837b2615,optimism,token-contract,Overnight: OVN Token,entity,eth-labels,https://github.com/dawsbot/eth-labels,medium,2026-07-17
0x461d52769884ca6235b685ef2040f47d30c94eb5,optimism,token-contract,Multichain: anyHND Token,entity,eth-labels,https://github.com/dawsbot/eth-labels,medium,2026-07-17
0x4645e0952678e9566fb529d9313f5730e4e1c412,optimism,token-contract,Iron Bank: iOP Token,entity,eth-labels,https://github.com/dawsbot/eth-labels,medium,2026-07-17
0x469c6f4c1ada45eb2e251685ac2bf05aed591e70,optimism,token-contract,PoolTogether: TWAB Delegator,entity,eth-labels,https://github.com/dawsbot/eth-labels,medium,2026-07-17
0x46f21fda29f1339e0ab543763ff683d399e393ec,optimism,token-contract,OpenX Locked Velo: opxveVELO Token,entity,eth-labels,https://github.com/dawsbot/eth-labels,medium,2026-07-17
0x47536f17f4ff30e64a96a7555826b8f9e66ec468,optimism,token-contract,Mummy Finance: MMY Token,entity,eth-labels,https://github.com/dawsbot/eth-labels,medium,2026-07-17
0x47c337bd5b9344a6f3d6f58c474d9d8cd419d8ca,optimism,token-contract,DackieSwap: DACKIE Token,entity,eth-labels,https://github.com/dawsbot/eth-labels,medium,2026-07-17
0x48a5322c3021d5ed5ce4293112141045d12c7efc,optimism,token-contract,WePiggy: pWBTC Token,entity,eth-labels,https://github.com/dawsbot/eth-labels,medium,2026-07-17
0x4b03afc91295ed778320c2824bad5eb5a1d852dd,optimism,token-contract,Nebula Revelation: NBL Token,entity,eth-labels,https://github.com/dawsbot/eth-labels,medium,2026-07-17
0x4b3488123649e8a671097071a02da8537fe09a16,optimism,token-contract,dForce: iwstETH Token,entity,eth-labels,https://github.com/dawsbot/eth-labels,medium,2026-07-17
0x4df435855f1ed08a83f5a86ddc3d3ff249e82381,optimism,token-contract,Lyra Finance: ARB Option Token,entity,eth-labels,https://github.com/dawsbot/eth-labels,medium,2026-07-17
0x4f3aff3a747fcade12598081e80c6605a8be192f,optimism,token-contract,Multichain: anyDAI Token,entity,eth-labels,https://github.com/dawsbot/eth-labels,medium,2026-07-17
0x4f604735c1cf31399c6e711d5962b2b3e0225ad3,optimism,token-contract,Glo Dollar: USDGLO Token,entity,eth-labels,https://github.com/dawsbot/eth-labels,medium,2026-07-17
0x5029c236320b8f15ef0a657054b84d90bfbeded3,optimism,token-contract,BitBTC : BitANT Token,entity,eth-labels,https://github.com/dawsbot/eth-labels,medium,2026-07-17
0x50bce64397c75488465253c0a034b8097fea6578,optimism,token-contract,HanChain: HAN Token,entity,eth-labels,https://github.com/dawsbot/eth-labels,medium,2026-07-17
0x51e5426ede4e2d4c2586371372313b5782387222,optimism,token-contract,Apetimism: APETIMISM Token,entity,eth-labels,https://github.com/dawsbot/eth-labels,medium,2026-07-17
0x522439fb1da6db24f18baab1782486b55fe3a7b6,optimism,token-contract,Beverage Finance: AVAX1X Token,entity,eth-labels,https://github.com/dawsbot/eth-labels,medium,2026-07-17
0x528cdc92eab044e1e39fe43b9514bfdab4412b98,optimism,token-contract,Giveth: GIV Token,entity,eth-labels,https://github.com/dawsbot/eth-labels,medium,2026-07-17
0x54e401dc9fc6e496062cb3a1c882f10109d9e66a,optimism,token-contract,Lyra Finance: BTC Option Token,entity,eth-labels,https://github.com/dawsbot/eth-labels,medium,2026-07-17
0x58441e37255b09f9f545e9dc957f1c41658ff665,optimism,token-contract,Angle Protocol: ANGLE Token,entity,eth-labels,https://github.com/dawsbot/eth-labels,medium,2026-07-17
0x589d35656641d6ab57a545f08cf473ecd9b6d5f7,optimism,token-contract,GMO Trust: GYEN Token,entity,eth-labels,https://github.com/dawsbot/eth-labels,medium,2026-07-17
0x59d9356e565ab3a36dd77763fc0d87feaf85508c,optimism,token-contract,Mountain Protocol: USDM Token,entity,eth-labels,https://github.com/dawsbot/eth-labels,medium,2026-07-17
0x59debed8d46a0cb823d8be8b957add987ead39aa,optimism,token-contract,DackieSwap: QUACK Token,entity,eth-labels,https://github.com/dawsbot/eth-labels,medium,2026-07-17
0x5c9d55b78febcc2061715ba4f57ecf8ea2711f2c,optimism,token-contract,motorheadz: FLAMEBOY Token,entity,eth-labels,https://github.com/dawsbot/eth-labels,medium,2026-07-17
0x5d47baba0d66083c52009271faf3f50dcc01023c,optimism,token-contract,UniDex: UNIDX Token,entity,eth-labels,https://github.com/dawsbot/eth-labels,medium,2026-07-17
0x5fc53f707c7aacd460a1cd564c06e0f07610fcb7,optimism,token-contract,Kyber Network: wstETH/USDC Pool,entity,eth-labels,https://github.com/dawsbot/eth-labels,medium,2026-07-17
0x61baadcf22d2565b0f471b291c475db5555e0b76,optimism,token-contract,Aelin: AELIN Token,entity,eth-labels,https://github.com/dawsbot/eth-labels,medium,2026-07-17
0x6222ae1d2a9f6894da50aa25cb7b303497f9bebd,optimism,token-contract,null,entity,eth-labels,https://github.com/dawsbot/eth-labels,medium,2026-07-17
0x62bb4fc73094c83b5e952c2180b23fa7054954c4,optimism,token-contract,PoolTogether: Ticket,entity,eth-labels,https://github.com/dawsbot/eth-labels,medium,2026-07-17
0x62cf35db540152e94936de63efc90d880d4e241b,optimism,token-contract,null,entity,eth-labels,https://github.com/dawsbot/eth-labels,medium,2026-07-17
0x63d29f9c28ce781dacb284a99b1239a25e3e2159,optimism,token-contract,Merge Bears: MB Token,entity,eth-labels,https://github.com/dawsbot/eth-labels,medium,2026-07-17
0x649a14c7f873d75819e8a45c79c86a04f7079637,optimism,token-contract,Medisync: MDSC Token,entity,eth-labels,https://github.com/dawsbot/eth-labels,medium,2026-07-17
0x65e66a61d0a8f1e686c2d6083ad611a10d84d97a,optimism,token-contract,Multichain: anyMAI Token,entity,eth-labels,https://github.com/dawsbot/eth-labels,medium,2026-07-17
0x6633c083f54bb65f702f9f276319bb24b65fec18,optimism,token-contract,Multichain: anyDHT Token,entity,eth-labels,https://github.com/dawsbot/eth-labels,medium,2026-07-17
0x66e8617d1df7ab523a316a6c01d16aa5bed93681,optimism,token-contract,Shack: SHACK Token,entity,eth-labels,https://github.com/dawsbot/eth-labels,medium,2026-07-17
0x67e51f46e8e14d4e4cab9df48c59ad8f512486dd,optimism,token-contract,Connext: nextUSDC Token,entity,eth-labels,https://github.com/dawsbot/eth-labels,medium,2026-07-17
0x68f180fcce6836688e9084f035309e29bf0a2095,optimism,token-contract,Wrapped BTC: WBTC Token,entity,eth-labels,https://github.com/dawsbot/eth-labels,medium,2026-07-17
0x6c84a8f1c29108f47a79964b5fe888d4f4d0de40,optimism,token-contract,Threshold Network: tBTC Token,entity,eth-labels,https://github.com/dawsbot/eth-labels,medium,2026-07-17
0x6e4cc0ab2b4d2edafa6723cfa1582229f1dd1be1,optimism,token-contract,GMO Trust: ZUSD Token,entity,eth-labels,https://github.com/dawsbot/eth-labels,medium,2026-07-17
0x6f0fecbc276de8fc69257065fe47c5a03d986394,optimism,token-contract,Popcorn: POP Token,entity,eth-labels,https://github.com/dawsbot/eth-labels,medium,2026-07-17
0x6f620ec89b8479e97a6985792d0c64f237566746,optimism,token-contract,WePiggy: WPC Token,entity,eth-labels,https://github.com/dawsbot/eth-labels,medium,2026-07-17
0x6f68516c21e248cddfaf4898e66b2b0adee0e0d6,optimism,token-contract,Sablier: SAB-V2-LOCKUP-DYN Token,entity,eth-labels,https://github.com/dawsbot/eth-labels,medium,2026-07-17
0x7113370218f31764c1b6353bdf6004d86ff6b9cc,optimism,token-contract,Decentralized USD: USDD Token,entity,eth-labels,https://github.com/dawsbot/eth-labels,medium,2026-07-17
0x7235a7c6b640bdd94aecff4240d791928e0a2bad,optimism,token-contract,Lyra Finance: LyBTCpt Token,entity,eth-labels,https://github.com/dawsbot/eth-labels,medium,2026-07-17
0x739ca6d71365a08f584c8fc4e1029045fa8abc4b,optimism,token-contract,Multichain: anyDOLA Token,entity,eth-labels,https://github.com/dawsbot/eth-labels,medium,2026-07-17
0x73cb180bf0521828d8849bc8cf2b920918e23032,optimism,token-contract,Overnight: USD+ Token,entity,eth-labels,https://github.com/dawsbot/eth-labels,medium,2026-07-17
0x74ccbe53f77b08632ce0cb91d3a545bf6b8e0979,optimism,token-contract,Fantom Bomb: fBOMB Token,entity,eth-labels,https://github.com/dawsbot/eth-labels,medium,2026-07-17
0x75c5f6d32d8ef3a4f0f43f7792aa08e8678972f9,optimism,token-contract,BitcoinBR: BTCBR Token,entity,eth-labels,https://github.com/dawsbot/eth-labels,medium,2026-07-17
0x764ad60e1b81f6cacfec1a2926393d688d4493e6,optimism,token-contract,AladdinCRV: aCRV Token,entity,eth-labels,https://github.com/dawsbot/eth-labels,medium,2026-07-17
0x791eebf83cacbb971cbb6f4e4a12c970af12f709,optimism,token-contract,Doodles Dick: DOODICK Token,entity,eth-labels,https://github.com/dawsbot/eth-labels,medium,2026-07-17
0x7b0bcc23851bbf7601efc9e9fe532bf5284f65d3,optimism,token-contract,Ericaverse: EST Token,entity,eth-labels,https://github.com/dawsbot/eth-labels,medium,2026-07-17
0x7d39583e262cbe75a1d698a6d79cd5a2958cb61d,optimism,token-contract,Lemma Finance: XLemma WBTC,entity,eth-labels,https://github.com/dawsbot/eth-labels,medium,2026-07-17
0x7f9279b24d1c36fa3e517041fdb4e8788dc63d25,optimism,token-contract,Otterspace: BADGES Token,entity,eth-labels,https://github.com/dawsbot/eth-labels,medium,2026-07-17
0x7fb688ccf682d58f86d7e38e03f9d22e7705448b,optimism,token-contract,Reflexer: RAI Token,entity,eth-labels,https://github.com/dawsbot/eth-labels,medium,2026-07-17
0x811cd5cb4cc43f44600cfa5ee3f37a402c82aec2,optimism,token-contract,WePiggy: pUSDC Token,entity,eth-labels,https://github.com/dawsbot/eth-labels,medium,2026-07-17
0x8158b34ff8a36dd9e4519d62c52913c24ad5554b,optimism,token-contract,WePiggy: pUSDT Token,entity,eth-labels,https://github.com/dawsbot/eth-labels,medium,2026-07-17
0x81ab7e0d570b01411fcc4afd3d50ec8c241cb74b,optimism,token-contract,Equalizer Finance: EQZ Token,entity,eth-labels,https://github.com/dawsbot/eth-labels,medium,2026-07-17
0x8637725ada78db0674a679cea2a5e0a0869ef4a1,optimism,token-contract,NFTEarth: NFTE Token,entity,eth-labels,https://github.com/dawsbot/eth-labels,medium,2026-07-17
0x86b3f23b6e90f5bbfac59b5b2661134ef8ffd255,optimism,token-contract,Multichain: anyUSDT Token,entity,eth-labels,https://github.com/dawsbot/eth-labels,medium,2026-07-17
0x86bea60374f220de9769b2fef2db725bc1cdd335,optimism,token-contract,Flashstake: FLASH Token,entity,eth-labels,https://github.com/dawsbot/eth-labels,medium,2026-07-17
0x871f2f2ff935fd1ed867842ff2a7bfd051a5e527,optimism,token-contract,WOO: WOO Token,entity,eth-labels,https://github.com/dawsbot/eth-labels,medium,2026-07-17
0x874c01c2d1767efa01fa54b2ac16be96fad5a742,optimism,token-contract,Iron Bank: iUSDT Token,entity,eth-labels,https://github.com/dawsbot/eth-labels,medium,2026-07-17
0x8964e71578e6e6a7552692d3e1d0a576711298e6,optimism,token-contract,Draconic Egg: DCNE Token,entity,eth-labels,https://github.com/dawsbot/eth-labels,medium,2026-07-17
0x89718f712da063bac92cac3468f109db852b05ff,optimism,token-contract,Ax Protocol: USX Token,entity,eth-labels,https://github.com/dawsbot/eth-labels,medium,2026-07-17
0x89c4e9a23db43641e1b3c5e0691b100e64b50e32,optimism,token-contract,Lemma Finance: xlETH Token,entity,eth-labels,https://github.com/dawsbot/eth-labels,medium,2026-07-17
0x8a641696caf0f59bb7a53cf8d2dc943ed95229a6,optimism,token-contract,Lemma Finance: lWBTC Token,entity,eth-labels,https://github.com/dawsbot/eth-labels,medium,2026-07-17
0x8ae125e8653821e851f12a49f7765db9a9ce7384,optimism,token-contract,InverseFinance: DOLA Token,entity,eth-labels,https://github.com/dawsbot/eth-labels,medium,2026-07-17
0x8b21e9b7daf2c4325bf3d18c1beb79a347fe902a,optimism,token-contract,Collab.Land: COLLAB Token,entity,eth-labels,https://github.com/dawsbot/eth-labels,medium,2026-07-17
0x8dfb2aab408bc6140c65e1af0d4be94dd767d9da,optimism,token-contract,Open Contracts: OPN Token,entity,eth-labels,https://github.com/dawsbot/eth-labels,medium,2026-07-17
0x8e1e582879cb8bac6283368e8ede458b63f499a5,optimism,token-contract,WePiggy: pETH Token,entity,eth-labels,https://github.com/dawsbot/eth-labels,medium,2026-07-17
0x8f00a5e13b3f2aaaddc9708ad5c77fbcc300b0ee,optimism,token-contract,WePiggy: pLINK Token,entity,eth-labels,https://github.com/dawsbot/eth-labels,medium,2026-07-17
0x8fc7c1109c08904160d6ae36482b79814d45eb78,optimism,token-contract,Token Engineering Commons: TEC Token,entity,eth-labels,https://github.com/dawsbot/eth-labels,medium,2026-07-17
0x915d0d9e68cca951b3a0aed95f236fff912431da,optimism,token-contract,Gladiators of the Galaxy: Gladiaxy Token,entity,eth-labels,https://github.com/dawsbot/eth-labels,medium,2026-07-17
0x920cf626a271321c151d027030d5d08af699456b,optimism,token-contract,Kwenta: KWENTA Token,entity,eth-labels,https://github.com/dawsbot/eth-labels,medium,2026-07-17
0x922d641a426dcffaef11680e5358f34d97d112e1,optimism,token-contract,Multichain: anyFXS Token,entity,eth-labels,https://github.com/dawsbot/eth-labels,medium,2026-07-17
0x927eb0dbc5c3fd172fdfa72d563f71612ecb6122,optimism,token-contract,Galleon: BYE Token,entity,eth-labels,https://github.com/dawsbot/eth-labels,medium,2026-07-17
0x929b939f8524c3be977af57a4a0ad3fb1e374b50,optimism,token-contract,mStable Governance Meta: MTA Token,entity,eth-labels,https://github.com/dawsbot/eth-labels,medium,2026-07-17
0x92f1950d8c80a2d844b321e65e226a694801cc13,optimism,token-contract,Cloudbit Classic: CDBC Token,entity,eth-labels,https://github.com/dawsbot/eth-labels,medium,2026-07-17
0x94025780a1ab58868d9b2dbbb775f44b32e8e6e5,optimism,token-contract,BetSwirl: BETS Token,entity,eth-labels,https://github.com/dawsbot/eth-labels,medium,2026-07-17
0x9427a2a738affbc5880f0646b5251069c022e525,optimism,token-contract,GTPS: GTPS Token,entity,eth-labels,https://github.com/dawsbot/eth-labels,medium,2026-07-17
0x9485aca5bbbe1667ad97c7fe7c4531a624c8b1ed,optimism,token-contract,Angle Protocol: agEUR Token,entity,eth-labels,https://github.com/dawsbot/eth-labels,medium,2026-07-17
0x94b008aa00579c1307b0ef2c499ad98a8ce58e58,optimism,token-contract,null,entity,eth-labels,https://github.com/dawsbot/eth-labels,medium,2026-07-17
0x9560e827af36c94d2ac33a39bce1fe78631088db,optimism,token-contract,Velodrome Finance: VELO Token V2,entity,eth-labels,https://github.com/dawsbot/eth-labels,medium,2026-07-17
0x95fffb13856d2be739a862f9b645573e5c838bdd,optimism,token-contract,null,entity,eth-labels,https://github.com/dawsbot/eth-labels,medium,2026-07-17
0x9631be8566fc71d91970b10acfdee29f21da6c27,optimism,token-contract,Intelligent Monsters: IMON Token,entity,eth-labels,https://github.com/dawsbot/eth-labels,medium,2026-07-17
0x965f84d915a9efa2dd81b653e3ae736555d945f4,optimism,token-contract,Multichain: anyWETH Token,entity,eth-labels,https://github.com/dawsbot/eth-labels,medium,2026-07-17
0x96a528f4414ac3ccd21342996c93f2ecdec24286,optimism,token-contract,Pendle: SY-wstETH Token,entity,eth-labels,https://github.com/dawsbot/eth-labels,medium,2026-07-17
0x96d17e1301b31556e5e263389583a9331e6749e9,optimism,token-contract,RillaFi: RILLA Token,entity,eth-labels,https://github.com/dawsbot/eth-labels,medium,2026-07-17
0x96f2539d3684dbde8b3242a51a73b66360a5b541,optimism,token-contract,Lemma Finance: USDL Token,entity,eth-labels,https://github.com/dawsbot/eth-labels,medium,2026-07-17
0x981fb05b738e981ac532a99e77170ecb4bc27aef,optimism,token-contract,null,entity,eth-labels,https://github.com/dawsbot/eth-labels,medium,2026-07-17
0x99c409e5f62e4bd2ac142f17cafb6810b8f0baae,optimism,token-contract,Multichain: anyBAL Token,entity,eth-labels,https://github.com/dawsbot/eth-labels,medium,2026-07-17
0x99c59acebfef3bbfb7129dc90d1a11db0e91187f,optimism,token-contract,Pyth Network: PYTH Token,entity,eth-labels,https://github.com/dawsbot/eth-labels,medium,2026-07-17
0x9a601c5bb360811d96a23689066af316a30c3027,optimism,token-contract,Pika Protocol: PIKA Token,entity,eth-labels,https://github.com/dawsbot/eth-labels,medium,2026-07-17
0x9b9f542456ad12796ccb8eb6644f29e3314e68e1,optimism,token-contract,OptiChads: CHAD Token,entity,eth-labels,https://github.com/dawsbot/eth-labels,medium,2026-07-17
0x9bcef72be871e61ed4fbbc7630889bee758eb81d,optimism,token-contract,Rocket Pool ETH: rETH Token,entity,eth-labels,https://github.com/dawsbot/eth-labels,medium,2026-07-17
0x9c7305eb78a432ced5c4d14cac27e8ed569a2e26,optimism,token-contract,Velodrome Finance: veNFT Token,entity,eth-labels,https://github.com/dawsbot/eth-labels,medium,2026-07-17
0x9d6d509c0354aca187aac6bea7d063d3ef68e2a0,optimism,token-contract,Pendle: SY-rETH Token,entity,eth-labels,https://github.com/dawsbot/eth-labels,medium,2026-07-17
0x9e1028f5f1d5ede59748ffcee5532509976840e0,optimism,token-contract,Perpetual Protocol: PERP Token,entity,eth-labels,https://github.com/dawsbot/eth-labels,medium,2026-07-17
0x9e5aac1ba1a2e6aed6b32689dfcf62a509ca96f3,optimism,token-contract,dForce: DF Token,entity,eth-labels,https://github.com/dawsbot/eth-labels,medium,2026-07-17
0x9ea7a3f50044eebfcea7acb08069e4fd238ba1fd,optimism,token-contract,YieldTopia: wYIELD Token,entity,eth-labels,https://github.com/dawsbot/eth-labels,medium,2026-07-17
0x9ed7e4b1bff939ad473da5e7a218c771d1569456,optimism,token-contract,Reunit Wallet: REUNI Token,entity,eth-labels,https://github.com/dawsbot/eth-labels,medium,2026-07-17
0x9fd22a17b4a96da3f83797d122172c450381fb88,optimism,token-contract,JEFE: JEFE Token,entity,eth-labels,https://github.com/dawsbot/eth-labels,medium,2026-07-17
0x9fda7ceec4c18008096c2fe2b85f05dc300f94d0,optimism,token-contract,Multichain: anymooVelodromeMAI-USDC Token,entity,eth-labels,https://github.com/dawsbot/eth-labels,medium,2026-07-17
0xa00e3a3511aac35ca78530c85007afcd31753819,optimism,token-contract,Kyber Network: KNC Token,entity,eth-labels,https://github.com/dawsbot/eth-labels,medium,2026-07-17
0xa3b615667cbd33cfc69843bf11fbb2a1d926bd46,optimism,token-contract,Penpie: mPendle Token,entity,eth-labels,https://github.com/dawsbot/eth-labels,medium,2026-07-17
0xa649325aa7c5093d12d6f98eb4378deae68ce23f,optimism,token-contract,Multichain: anyQI Token,entity,eth-labels,https://github.com/dawsbot/eth-labels,medium,2026-07-17
0xa6a477011366c7149c351fbd705795ff1936ddd7,optimism,token-contract,0Fx Protocol: 0FX Token,entity,eth-labels,https://github.com/dawsbot/eth-labels,medium,2026-07-17
0xaa92ea52612fa5ee5aba5510682485c19750cb82,optimism,token-contract,Pendle: PT-rETH-27JUN2024 Token,entity,eth-labels,https://github.com/dawsbot/eth-labels,medium,2026-07-17
0xabd380327fe66724ffda91a87c772fb8d00be488,optimism,token-contract,Multichain: CRE8R Token,entity,eth-labels,https://github.com/dawsbot/eth-labels,medium,2026-07-17
0xaddb6a0412de1ba0f936dcaeb8aaa24578dcf3b2,optimism,token-contract,Coinbase Wrapped Staked ETH: cbETH Token,entity,eth-labels,https://github.com/dawsbot/eth-labels,medium,2026-07-17
0xaf20f5f19698f1d19351028cd7103b63d30de7d7,optimism,token-contract,Wagmi: WAGMI Token,entity,eth-labels,https://github.com/dawsbot/eth-labels,medium,2026-07-17
0xaf8ca653fa2772d58f4368b0a71980e9e3ceb888,optimism,token-contract,Tellor Tributes: TRB Token,entity,eth-labels,https://github.com/dawsbot/eth-labels,medium,2026-07-17
0xaf9fe3b5ccdae78188b1f8b9a49da7ae9510f151,optimism,token-contract,dHEDGE: DHT Token,entity,eth-labels,https://github.com/dawsbot/eth-labels,medium,2026-07-17
0xb0ae108669ceb86e9e98e8fe9e40d98b867855fd,optimism,token-contract,OneRing: RING Token,entity,eth-labels,https://github.com/dawsbot/eth-labels,medium,2026-07-17
0xb0b195aefa3650a6908f15cdac7d92f8a5791b0b,optimism,token-contract,BOB: BOB Token,entity,eth-labels,https://github.com/dawsbot/eth-labels,medium,2026-07-17
0xb12c13e66ade1f72f71834f2fc5082db8c091358,optimism,token-contract,Roobee: ROOBEE Token,entity,eth-labels,https://github.com/dawsbot/eth-labels,medium,2026-07-17
0xb153fb3d196a8eb25522705560ac152eeec57901,optimism,token-contract,Abracadabra Money: MIM Token,entity,eth-labels,https://github.com/dawsbot/eth-labels,medium,2026-07-17
0xb1c9ac57594e9b1ec0f3787d9f6744ef4cb0a024,optimism,token-contract,null,entity,eth-labels,https://github.com/dawsbot/eth-labels,medium,2026-07-17
0xb25ea095997f5bbaa6cea962c4fbf3bfc3c09776,optimism,token-contract,Promethios: FIRE Token,entity,eth-labels,https://github.com/dawsbot/eth-labels,medium,2026-07-17
0xb2c22a9fb4fc02eb9d1d337655ce079a04a526c7,optimism,token-contract,Multichain: alUSD Token,entity,eth-labels,https://github.com/dawsbot/eth-labels,medium,2026-07-17
0xb32b3bb699634c7f5ed0b39ce7f2290b0e8cd601,optimism,token-contract,Royal Crows: RC Token,entity,eth-labels,https://github.com/dawsbot/eth-labels,medium,2026-07-17
0xb344795f0e7cf65a55cb0dde1e866d46041a2cc2,optimism,token-contract,dForce: iUSDC Token,entity,eth-labels,https://github.com/dawsbot/eth-labels,medium,2026-07-17
0xb396b31599333739a97951b74652c117be86ee1d,optimism,token-contract,Davos: DUSD Token,entity,eth-labels,https://github.com/dawsbot/eth-labels,medium,2026-07-17
0xb4edfb45446c6a207643ea846bfa42021ce5ae11,optimism,token-contract,Mean Finance: DCA Token,entity,eth-labels,https://github.com/dawsbot/eth-labels,medium,2026-07-17
0xb72842d6f5fedf91d22d56202802bb9a79c6322e,optimism,token-contract,Multichain: anymooVelodromesUSD-USDC Token,entity,eth-labels,https://github.com/dawsbot/eth-labels,medium,2026-07-17
0xb7d74f66c1254ea1c925b6183920660eae75c4ca,optimism,token-contract,Minereum32: M32 Token,entity,eth-labels,https://github.com/dawsbot/eth-labels,medium,2026-07-17
0xb923abdca17aed90eb5ec5e407bd37164f632bfd,optimism,token-contract,Sablier: SAB-V2-LOCKUP-LIN Token,entity,eth-labels,https://github.com/dawsbot/eth-labels,medium,2026-07-17
0xb94944669f7967e16588e55ac41be0d5ef399dcd,optimism,token-contract,Sipher: SIPHER Token,entity,eth-labels,https://github.com/dawsbot/eth-labels,medium,2026-07-17
0xb962150760f9a3bb00e3e9cf48297ee20ada4a33,optimism,token-contract,Zoomer: xZOOMER Token,entity,eth-labels,https://github.com/dawsbot/eth-labels,medium,2026-07-17
0xba6a2fa321bb06d668c5192be77428106c5c01e5,optimism,token-contract,Galleon: SOLUNAVAX Token,entity,eth-labels,https://github.com/dawsbot/eth-labels,medium,2026-07-17
0xbad5b3c68f855eaece68203312fd88ad3d365e50,optimism,token-contract,Connext: nextWETH Token,entity,eth-labels,https://github.com/dawsbot/eth-labels,medium,2026-07-17
0xbc7b1ff1c6989f006a1185318ed4e7b5796e66e1,optimism,token-contract,Pendle: PENDLE Token,entity,eth-labels,https://github.com/dawsbot/eth-labels,medium,2026-07-17
0xbd5c2675acb26c74c984310ba5dda1e483eef5da,optimism,token-contract,Lyra Finance: OP Option Token,entity,eth-labels,https://github.com/dawsbot/eth-labels,medium,2026-07-17
0xbe4a5438ad89311d8c67882175d0ffcc65dc9c03,optimism,token-contract,BoringDAO: BORING Token,entity,eth-labels,https://github.com/dawsbot/eth-labels,medium,2026-07-17
0xbfc044a234e45412ecfec2cd6aae2dd0c083a7cd,optimism,token-contract,Multichain: anyCRV Token,entity,eth-labels,https://github.com/dawsbot/eth-labels,medium,2026-07-17
0xbfd291da8a403daaf7e5e9dc1ec0aceacd4848b9,optimism,token-contract,dForce USD: USX Token,entity,eth-labels,https://github.com/dawsbot/eth-labels,medium,2026-07-17
0xc04fb38f10ad352c5f16bd4546f7456e7f1a2d9e,optimism,token-contract,Minato DAO: MNTO Token,entity,eth-labels,https://github.com/dawsbot/eth-labels,medium,2026-07-17
0xc12b9d620bfcb48be3e0ccbf0ea80c717333b46f,optimism,token-contract,WePiggy: pDAI Token,entity,eth-labels,https://github.com/dawsbot/eth-labels,medium,2026-07-17
0xc27d9bc194a648fe3069955a5126699c4e49351c,optimism,token-contract,Alongside Crypto Market Index: AMKT Token,entity,eth-labels,https://github.com/dawsbot/eth-labels,medium,2026-07-17
0xc3248a1bd9d72fa3da6e6ba701e58cbf818354eb,optimism,token-contract,HANePlatform: HANeP Token,entity,eth-labels,https://github.com/dawsbot/eth-labels,medium,2026-07-17
0xc3864f98f2a61a7caeb95b039d031b4e2f55e0e9,optimism,token-contract,OpenXSwap: OpenX Token,entity,eth-labels,https://github.com/dawsbot/eth-labels,medium,2026-07-17
0xc40f949f8a4e094d1b49a23ea9241d289b7b2819,optimism,token-contract,Liquity LUSD: LUSD Token,entity,eth-labels,https://github.com/dawsbot/eth-labels,medium,2026-07-17
0xc4a65a93dd6cd9717551ebe827e8baee025d1d7e,optimism,token-contract,Penpie: PNP Token,entity,eth-labels,https://github.com/dawsbot/eth-labels,medium,2026-07-17
0xc5b001dc33727f8f26880b184090d3e252470d45,optimism,token-contract,Ethos Reserve Note: ERN Token,entity,eth-labels,https://github.com/dawsbot/eth-labels,medium,2026-07-17
0xc5d8ed0acc60b08fb8735a6b7f74bff51e926237,optimism,token-contract,Lyra Finance: LyETHpt Token,entity,eth-labels,https://github.com/dawsbot/eth-labels,medium,2026-07-17
0xc81d1f0eb955b0c020e5d5b264e1ff72c14d1401,optimism,token-contract,Rocket Pool: RPL Token,entity,eth-labels,https://github.com/dawsbot/eth-labels,medium,2026-07-17
0xc98b98d17435aa00830c87ea02474c5007e1f272,optimism,token-contract,BitBTC: BitBTC Token,entity,eth-labels,https://github.com/dawsbot/eth-labels,medium,2026-07-17
0xca0e54b636db823847b29f506bffee743f57729d,optimism,token-contract,Essence Finance: CHI Token,entity,eth-labels,https://github.com/dawsbot/eth-labels,medium,2026-07-17
0xcb8fa9a76b8e203d8c3797bf438d8fb81ea3326a,optimism,token-contract,Alchemix Finance: alUSD Token,entity,eth-labels,https://github.com/dawsbot/eth-labels,medium,2026-07-17
0xcdb4bb51801a1f399d4402c61bc098a72c382e65,optimism,token-contract,OPX Finance: OPX Token,entity,eth-labels,https://github.com/dawsbot/eth-labels,medium,2026-07-17
0xcdb9b4db65c913ab000b40204248c8a53185d14d,optimism,token-contract,Iron Bank: iWBTC Token,entity,eth-labels,https://github.com/dawsbot/eth-labels,medium,2026-07-17
0xce2a13c2b6ab6f15b7aeec272f65d4d8b11e4619,optimism,token-contract,Open intelligent Chain: OC Token,entity,eth-labels,https://github.com/dawsbot/eth-labels,medium,2026-07-17
0xd1a891e6eccb7471ebd6bc352f57150d4365db21,optimism,token-contract,SafeBLAST: BLAST Token,entity,eth-labels,https://github.com/dawsbot/eth-labels,medium,2026-07-17
0xd3594e879b358f430e20f82bea61e83562d49d48,optimism,token-contract,Paraswap: PSP Token,entity,eth-labels,https://github.com/dawsbot/eth-labels,medium,2026-07-17
0xd3ac016b1b8c80eeadde4d186a9138c9324e4189,optimism,token-contract,Okcash: OK Token,entity,eth-labels,https://github.com/dawsbot/eth-labels,medium,2026-07-17
0xd52f94df742a6f4b4c8b033369fe13a41782bf44,optimism,token-contract,Layer2DAO: L2DAO Token,entity,eth-labels,https://github.com/dawsbot/eth-labels,medium,2026-07-17
0xd652776de7ad802be5ec7bebfafda37600222b48,optimism,token-contract,Solimax: SLM Token,entity,eth-labels,https://github.com/dawsbot/eth-labels,medium,2026-07-17
0xd6909e9e702024eb93312b989ee46794c0fb1c9d,optimism,token-contract,Biconomy: BICO Token,entity,eth-labels,https://github.com/dawsbot/eth-labels,medium,2026-07-17
0xd6a78766514cdfc1a1fa188a7782b52313133705,optimism,token-contract,WePiggy: pOP Token,entity,eth-labels,https://github.com/dawsbot/eth-labels,medium,2026-07-17
0xda74db17023750d02b83be2559a4eaa013b65c54,optimism,token-contract,Kyber Network: wstETH/ETH Pool,entity,eth-labels,https://github.com/dawsbot/eth-labels,medium,2026-07-17
0xdb4ea87ff83eb1c80b8976fc47731da6a31d35e5,optimism,token-contract,wTBT: wTBT Token,entity,eth-labels,https://github.com/dawsbot/eth-labels,medium,2026-07-17
0xdb9888b842408b0b8efa1f5477bd9f351754999e,optimism,token-contract,BAXagent Coin: BAXA Token,entity,eth-labels,https://github.com/dawsbot/eth-labels,medium,2026-07-17
0xdc6ff44d5d932cbd77b52e5612ba0529dc6226f1,optimism,token-contract,Worldcoin: WLD Token,entity,eth-labels,https://github.com/dawsbot/eth-labels,medium,2026-07-17
0xde45f101250f2ca1c0f8adfc172576d10c12072d,optimism,token-contract,null,entity,eth-labels,https://github.com/dawsbot/eth-labels,medium,2026-07-17
0xe0bb0d3de8c10976511e5030ca403dbf4c25165b,optimism,token-contract,0xBitcoin: 0xBTC Token,entity,eth-labels,https://github.com/dawsbot/eth-labels,medium,2026-07-17
0xe0cca86b254005889ac3a81e737f56a14f4a38f5,optimism,token-contract,Alta Finance: ALTA Token,entity,eth-labels,https://github.com/dawsbot/eth-labels,medium,2026-07-17
0xe0ce60af0850bf54072635e66e79df17082a1109,optimism,token-contract,OxAI: OXAI Token,entity,eth-labels,https://github.com/dawsbot/eth-labels,medium,2026-07-17
0xe3b3a464ee575e8e25d2508918383b89c832f275,optimism,token-contract,PoolTogether: pUSDC.e Token,entity,eth-labels,https://github.com/dawsbot/eth-labels,medium,2026-07-17
0xe3c332a5dce0e1d9bc2cc72a68437790570c28a4,optimism,token-contract,Blockv: VEE Token,entity,eth-labels,https://github.com/dawsbot/eth-labels,medium,2026-07-17
0xe453d6649643f1f460c371dc3d1da98f7922fe51,optimism,token-contract,Fuse: FUSE Token,entity,eth-labels,https://github.com/dawsbot/eth-labels,medium,2026-07-17
0xe4d8701c69b3b94a620ff048e4226c895b67b2c0,optimism,token-contract,Minerva Money: MINE Token,entity,eth-labels,https://github.com/dawsbot/eth-labels,medium,2026-07-17
0xe4de4b87345815c71aa843ea4841bcdc682637bb,optimism,token-contract,BUILD: BUILD Token,entity,eth-labels,https://github.com/dawsbot/eth-labels,medium,2026-07-17
0xe668fefdb351d44c0e2e97ec1293624e92b2fd8c,optimism,token-contract,null,entity,eth-labels,https://github.com/dawsbot/eth-labels,medium,2026-07-17
0xe6bf0e14e33a469f2b0640b53949a9f90e675135,optimism,token-contract,Multichain: anyRADIO Token,entity,eth-labels,https://github.com/dawsbot/eth-labels,medium,2026-07-17
0xe724ffa5d30782499086682c8362cb3673bf69ae,optimism,token-contract,null,entity,eth-labels,https://github.com/dawsbot/eth-labels,medium,2026-07-17
0xe79ce4f047d4ddeb8f7026400a71a20ef7159a1d,optimism,token-contract,TokenFunder: CPI BRW-A Token,entity,eth-labels,https://github.com/dawsbot/eth-labels,medium,2026-07-17
0xe7bc9b3a936f122f08aac3b1fac3c3ec29a78874,optimism,token-contract,Eco: ECO Token,entity,eth-labels,https://github.com/dawsbot/eth-labels,medium,2026-07-17
0xe8f0cf61598e0d7d20f99b978bdeff4d4222feb8,optimism,token-contract,Pendle: YT-rETH-27JUN2024 Token,entity,eth-labels,https://github.com/dawsbot/eth-labels,medium,2026-07-17
0xeb466342c4d449bc9f53a865d5cb90586f405215,optimism,token-contract,Axelar: axlUSDC Token,entity,eth-labels,https://github.com/dawsbot/eth-labels,medium,2026-07-17
0xeb5a14a0a5a9e36ad20cffffa4a8797015f25eae,optimism,token-contract,Deggkies: DEGGKIES Token,entity,eth-labels,https://github.com/dawsbot/eth-labels,medium,2026-07-17
0xec6adef5e1006bb305bb1975333e8fc4071295bf,optimism,token-contract,Cartesi: CTSI Token,entity,eth-labels,https://github.com/dawsbot/eth-labels,medium,2026-07-17
0xecf46257ed31c329f204eb43e254c609dee143b3,optimism,token-contract,Rigo Block: GRG Token,entity,eth-labels,https://github.com/dawsbot/eth-labels,medium,2026-07-17
0xee7c3d2ff9ef8dbf3e66704a156d3ee9700cf72e,optimism,token-contract,Polyhedra 2024: Polyhedra 2024 Token,entity,eth-labels,https://github.com/dawsbot/eth-labels,medium,2026-07-17
0xee9801669c6138e84bd50deb500827b776777d28,optimism,token-contract,O3 Swap: O3 Token,entity,eth-labels,https://github.com/dawsbot/eth-labels,medium,2026-07-17
0xf0d0f56f01a3634f8e27aa0db7fe8be668926dcf,optimism,token-contract,Lyra Finance: LyARBpt Token,entity,eth-labels,https://github.com/dawsbot/eth-labels,medium,2026-07-17
0xf1a0da3367bc7aa04f8d94ba57b862ff37ced174,optimism,token-contract,ShapeShift: FOX Token,entity,eth-labels,https://github.com/dawsbot/eth-labels,medium,2026-07-17
0xf2b3e3fa33232c639d4ca5a26e4e95c490417c84,optimism,token-contract,Multichain: anySHACK Token,entity,eth-labels,https://github.com/dawsbot/eth-labels,medium,2026-07-17
0xf390830df829cf22c53c8840554b98eafc5dcbc2,optimism,token-contract,Multichain: anyUSDC Token,entity,eth-labels,https://github.com/dawsbot/eth-labels,medium,2026-07-17
0xf4225f061e5e01aa59de5e615729a9180301eb07,optimism,token-contract,Pendle: PT-wstETH-26SEP2024 Token,entity,eth-labels,https://github.com/dawsbot/eth-labels,medium,2026-07-17
0xf899e3909b4492859d44260e1de41a9e663e70f5,optimism,token-contract,RadioShack: RADIO Token,entity,eth-labels,https://github.com/dawsbot/eth-labels,medium,2026-07-17
0xf98dcd95217e15e05d8638da4c91125e59590b07,optimism,token-contract,Kromatika: KROM Token,entity,eth-labels,https://github.com/dawsbot/eth-labels,medium,2026-07-17
0xf9fb20b8e097904f0ab7d12e9dbee88f2dcd0f16,optimism,token-contract,Stable Coin: SBC Token,entity,eth-labels,https://github.com/dawsbot/eth-labels,medium,2026-07-17
0xfa3e7994c2bd7abb3664dd7bee24edc4714cc6ff,optimism,token-contract,Nonagon Finance: ONA Token,entity,eth-labels,https://github.com/dawsbot/eth-labels,medium,2026-07-17
0xfa436399d0458dbe8ab890c3441256e3e09022a8,optimism,token-contract,ZipSwap: ZIP Token,entity,eth-labels,https://github.com/dawsbot/eth-labels,medium,2026-07-17
0xfb21b70922b9f6e3c6274bcd6cb1aa8a0fe20b80,optimism,token-contract,Terra: UST Token,entity,eth-labels,https://github.com/dawsbot/eth-labels,medium,2026-07-17
0xfb3999711d4f309f6b71504268f79b3fd578da6f,optimism,token-contract,Merge Bears: CLB Token,entity,eth-labels,https://github.com/dawsbot/eth-labels,medium,2026-07-17
0xfd389dc9533717239856190f42475d3f263a270d,optimism,token-contract,Granary: GRAIN Token,entity,eth-labels,https://github.com/dawsbot/eth-labels,medium,2026-07-17
0xfa19fb4d871af87cc737499bceee041453f2fb6b,optimism,unipass,Unipass: ERC-4337 Bundler 1,entity,eth-labels,https://github.com/dawsbot/eth-labels,medium,2026-07-17
0x3cfeb8b4b35bd5093990798b30a8610c80809bd8,optimism,zerodev,ZeroDev: ERC-4337 Bundler 1,entity,eth-labels,https://github.com/dawsbot/eth-labels,medium,2026-07-17
0x4e4946298614fc299b50c947289f4ad0572cb9ce,optimism,zerodev,null,entity,eth-labels,https://github.com/dawsbot/eth-labels,medium,2026-07-17
0xaee9762ce625e0a8f7b184670fb57c37bfe1d0f1,optimism,zerodev,null,entity,eth-labels,https://github.com/dawsbot/eth-labels,medium,2026-07-17
0x0639556F03714A74a5fEEaF5736a4A64fF70D206,optimism,Bitget,Bitget (proof-of-reserves),exchange,defillama-cex,https://github.com/DefiLlama/DefiLlama-Adapters,high,2026-07-17
0x14b5f559c27bc00c39f668a88471498d68d18768,optimism,Bitget,Bitget (proof-of-reserves),exchange,defillama-cex,https://github.com/DefiLlama/DefiLlama-Adapters,high,2026-07-17
0x1ab4973a48dc892cd9971ece8e01dcc7688f8f23,optimism,Bitget,Bitget (proof-of-reserves),exchange,defillama-cex,https://github.com/DefiLlama/DefiLlama-Adapters,high,2026-07-17
0x5bdf85216ec1e38d6458c870992a69e38e03f7ef,optimism,Bitget,Bitget (proof-of-reserves),exchange,defillama-cex,https://github.com/DefiLlama/DefiLlama-Adapters,high,2026-07-17
0x97b9d2102a9a65a26e1ee82d59e42d1b73b68689,optimism,Bitget,Bitget (proof-of-reserves),exchange,defillama-cex,https://github.com/DefiLlama/DefiLlama-Adapters,high,2026-07-17
0xe7b3b0a59b026ec1fef16561daf93672a61bafec,optimism,Bitget,Bitget (proof-of-reserves),exchange,defillama-cex,https://github.com/DefiLlama/DefiLlama-Adapters,high,2026-07-17
0x0d0707963952f2fba59dd06f2b425ace40b492fe,optimism,Gate.io,Gate.io (proof-of-reserves),exchange,defillama-cex+eth-labels,https://github.com/DefiLlama/DefiLlama-Adapters,high,2026-07-17
0x1c4b70a3968436b9a0a9cf5205c787eb81bb558c,optimism,Gate.io,Gate.io (proof-of-reserves),exchange,defillama-cex,https://github.com/DefiLlama/DefiLlama-Adapters,high,2026-07-17
0x6596da8b65995d5feacff8c2936f0b7a2051b0d0,optimism,Gate.io,Gate.io (proof-of-reserves),exchange,defillama-cex,https://github.com/DefiLlama/DefiLlama-Adapters,high,2026-07-17
0x85faa6c1f2450b9caea300838981c2e6e120c35c,optimism,Gate.io,Gate.io (proof-of-reserves),exchange,defillama-cex,https://github.com/DefiLlama/DefiLlama-Adapters,high,2026-07-17
0xD793281182A0e3E023116004778F45c29fc14F19,optimism,Gate.io,Gate.io (proof-of-reserves),exchange,defillama-cex,https://github.com/DefiLlama/DefiLlama-Adapters,high,2026-07-17
0xc882b111a75c0c657fc507c04fbfcd2cc984f071,optimism,Gate.io,Gate.io (proof-of-reserves),exchange,defillama-cex,https://github.com/DefiLlama/DefiLlama-Adapters,high,2026-07-17
0xffeb0f61871acdb4838dfc6d5082f063e738e421,optimism,Gate.io,Gate.io (proof-of-reserves),exchange,defillama-cex,https://github.com/DefiLlama/DefiLlama-Adapters,high,2026-07-17
0x18709e89bd403f470088abdacebe86cc60dda12e,optimism,HTX (Huobi),HTX (Huobi) (proof-of-reserves),exchange,defillama-cex,https://github.com/DefiLlama/DefiLlama-Adapters,high,2026-07-17
0x9ef21be1c270aa1c3c3d750f458442397fbffcb6,optimism,HTX (Huobi),HTX (Huobi) (proof-of-reserves),exchange,defillama-cex,https://github.com/DefiLlama/DefiLlama-Adapters,high,2026-07-17
0xd3cc0c7d40366a061397274eae7c387d840e6ff8,optimism,HTX (Huobi),HTX (Huobi) (proof-of-reserves),exchange,defillama-cex,https://github.com/DefiLlama/DefiLlama-Adapters,high,2026-07-17
0xe0b7a39fef902c21bad124b144c62e7f85f5f5fa,optimism,HTX (Huobi),HTX (Huobi) (proof-of-reserves),exchange,defillama-cex,https://github.com/DefiLlama/DefiLlama-Adapters,high,2026-07-17
0x2677c4c8757da1857cc7cc4071e0e0dd32ccb975,optimism,KuCoin,KuCoin (proof-of-reserves),exchange,defillama-cex,https://github.com/DefiLlama/DefiLlama-Adapters,high,2026-07-17
0x2d2cc0eb095e43204e0c087e07dbf95909650939,optimism,OKX (OKEx),OKX (OKEx) (proof-of-reserves),exchange,defillama-cex,https://github.com/DefiLlama/DefiLlama-Adapters,high,2026-07-17
0x42cf18596ee08e877d532df1b7cf763059a7ea57,optimism,OKX (OKEx),OKX (OKEx) (proof-of-reserves),exchange,defillama-cex,https://github.com/DefiLlama/DefiLlama-Adapters,high,2026-07-17
0x5ff13e9a3eed7a2dbcb1dfa21dfb1c07f3419277,optimism,OKX (OKEx),OKX (OKEx) (proof-of-reserves),exchange,defillama-cex,https://github.com/DefiLlama/DefiLlama-Adapters,high,2026-07-17
0x63a34366eff680c1a01a0146feccbcedf72d95ff,optimism,OKX (OKEx),OKX (OKEx) (proof-of-reserves),exchange,defillama-cex,https://github.com/DefiLlama/DefiLlama-Adapters,high,2026-07-17
0x7332cd352a84673f1413416ef2e321e17df59844,optimism,OKX (OKEx),OKX (OKEx) (proof-of-reserves),exchange,defillama-cex,https://github.com/DefiLlama/DefiLlama-Adapters,high,2026-07-17
0x88956282d52eee0ae1bf8eaf98bc6eac2250b681,optimism,OKX (OKEx),OKX (OKEx) (proof-of-reserves),exchange,defillama-cex,https://github.com/DefiLlama/DefiLlama-Adapters,high,2026-07-17
0x8d371bc560246dc632c4e707707d85d2e568a832,optimism,OKX (OKEx),OKX (OKEx) (proof-of-reserves),exchange,defillama-cex,https://github.com/DefiLlama/DefiLlama-Adapters,high,2026-07-17
0xb5216cb558cb018583bed009ee25ca73eb27bb1d,optimism,OKX (OKEx),OKX (OKEx) (proof-of-reserves),exchange,defillama-cex,https://github.com/DefiLlama/DefiLlama-Adapters,high,2026-07-17
0xc66c72b175b1a26ef4107c68aef9740b244955c4,optimism,OKX (OKEx),OKX (OKEx) (proof-of-reserves),exchange,defillama-cex,https://github.com/DefiLlama/DefiLlama-Adapters,high,2026-07-17
0xcba6a2397b322cf1389f6d1adc05f75f36b20116,optimism,OKX (OKEx),OKX (OKEx) (proof-of-reserves),exchange,defillama-cex,https://github.com/DefiLlama/DefiLlama-Adapters,high,2026-07-17
0xebe80f029b1c02862b9e8a70a7e5317c06f62cae,optimism,OKX (OKEx),OKX (OKEx) (proof-of-reserves),exchange,defillama-cex,https://github.com/DefiLlama/DefiLlama-Adapters,high,2026-07-17
0xacd03d601e5bb1b275bb94076ff46ed9d753435a,optimism,binance,Binance 1,exchange,eth-labels,https://github.com/dawsbot/eth-labels,medium,2026-07-17
0xa3f45e619ce3aae2fa5f8244439a66b203b78bcc,optimism,kucoin,KuCoin,exchange,eth-labels,https://github.com/dawsbot/eth-labels,medium,2026-07-17
0xd6216fc19db775df9774a6e33526131da7d19a2c,optimism,kucoin,KuCoin 3,exchange,eth-labels,https://github.com/dawsbot/eth-labels,medium,2026-07-17
0xebb8ea128bbdff9a1780a4902a9380022371d466,optimism,kucoin,KuCoin 2,exchange,eth-labels,https://github.com/dawsbot/eth-labels,medium,2026-07-17
